id,exam_year_roc,exam_session,exam_code,paper_code,question_no,subject_group_coarse,subject_group_keyword,anatomy_region,stem,option_A,option_B,option_C,option_D,option_E,answer,correct_answers,answer_credit_type,answer_note,needs_image_review,source_question_pdf,source_answer_pdf
MOEX-100140-1101-Q001,100,第二次,100140,1101,1,解剖學,下肢,下肢,當懷疑病人有下肢周邊血管阻塞疾病時，可觸摸檢查以下血管脈搏，何者例外？,膕動脈（popliteal artery）,脛後動脈（posterior tibial artery）,腓動脈（fibular artery）,足背動脈（pedis dorsalis artery）,,C,C,standard,,False,100140_1101.pdf,100140_MOD1101.pdf
MOEX-100140-1101-Q002,100,第二次,100140,1101,2,解剖學,下肢,下肢,32 歲男性，左小腿前側被他人以刀子刺入，他感覺到左足背側第一趾與第二趾之間有麻麻的感覺， 這可能是那一條神經受到損傷？,腓深神經（deep fibular nerve）,腓淺神經（superficial fibular nerve）,脛神經（tibial nerve）,隱神經（saphenous nerve）,,A,A,standard,,False,100140_1101.pdf,100140_MOD1101.pdf
MOEX-100140-1101-Q003,100,第二次,100140,1101,3,解剖學,下肢,下肢,承上題，此病人是在小腿前側遭到刀子刺入，可能是前區隔（anterior compartment）受到傷害，但不 包括下列何肌？,脛前肌（tibialis anterior）,伸長肌（extensor hallucis longus）,伸趾長肌（extensor digitorum longus）,脛後肌（tibialis posterior）,,D,D,standard,,False,100140_1101.pdf,100140_MOD1101.pdf
MOEX-100140-1101-Q004,100,第二次,100140,1101,4,解剖學,下肢,下肢,承上題，此病人被送到醫院，傷口經沖洗、止血，神經、肌肉縫合之後，傷口縫起來，前區隔（anterior compartment）內的肌肉很重要，它主要的功能是什麼？,足蹠屈（plantarflex the foot）,膝屈（knee flexion）,足背屈（dorsiflex the foot）,屈（flex the great toe）,,C,C,standard,,False,100140_1101.pdf,100140_MOD1101.pdf
MOEX-100140-1101-Q005,100,第二次,100140,1101,5,解剖學,下肢,下肢,下列何者受坐骨神經（sciatic nerve）支配？,內收長肌（adductor longus）,恥骨肌（pectineus）,股薄肌（gracilis）,內收大肌（adductor magnus）,,D,D,standard,,False,100140_1101.pdf,100140_MOD1101.pdf
MOEX-100140-1101-Q006,100,第二次,100140,1101,6,解剖學,下肢,下肢,下列何者沒有發出分支構成膝關節動脈吻合網（genicular anastomosis）？,股動脈（femoral artery）,膕動脈（popliteal artery）,腓動脈（fibular artery）,脛前動脈（anterior tibial artery）,,C,C,standard,,False,100140_1101.pdf,100140_MOD1101.pdf
MOEX-100140-1101-Q007,100,第二次,100140,1101,7,解剖學,上肢,上肢,盂肱關節（glenohumeral joint）中連接肱骨大、小結節同時固定肱二頭肌長頭之肌腱的韌帶為何？,上盂肱韌帶（superior glenohumeral ligament）,下盂肱韌帶（inferior glenohumeral ligament）,喙肱韌帶（coracohumeral ligament）,肱骨橫韌帶（transverse humeral ligament）,,D,D,standard,,False,100140_1101.pdf,100140_MOD1101.pdf
MOEX-100140-1101-Q008,100,第二次,100140,1101,8,解剖學,胸腔,胸腔,肩胛棘（scapular spine）的內側相當於下列何者的高度？,第一胸椎,第三胸椎,第五胸椎,第七胸椎,,B,B,standard,,False,100140_1101.pdf,100140_MOD1101.pdf
MOEX-100140-1101-Q009,100,第二次,100140,1101,9,未分類,,,如何辨識位於頸部的頸內動脈與頸外動脈？,頸內動脈有分支，頸外動脈無分支,頸內動脈與頸外動脈皆有分支，但分支數目不同,頸內動脈無分支，頸外動脈有分支,由兩者之口徑不同判別,,C,C,standard,,False,100140_1101.pdf,100140_MOD1101.pdf
MOEX-100140-1101-Q010,100,第二次,100140,1101,10,解剖學,神經解剖,神經解剖,顏面神經若受傷不會產生下列何項症狀？,嘴角下垂,食物堆積在口腔前庭,微笑表情障礙,提上眼瞼肌無力,,D,D,standard,,False,100140_1101.pdf,100140_MOD1101.pdf
MOEX-100140-1101-Q011,100,第二次,100140,1101,11,解剖學,頭頸部,頭頸部,下列何者不構成手臂四角形空間（quadrangular space）的邊緣？,小菱形肌（rhomboid minor）,肱骨（humerus）,大圓肌（teres major）,肱三頭肌的長頭（long head of triceps brachii）,,A,A,standard,,False,100140_1101.pdf,100140_MOD1101.pdf
MOEX-100140-1101-Q012,100,第二次,100140,1101,12,解剖學,骨盆與會陰,骨盆與會陰,肛門外括約肌由下列何者直接支配？,腹下神經,陰部神經,肛門下神經,骨盆內臟神經,,C,C,standard,,False,100140_1101.pdf,100140_MOD1101.pdf
MOEX-100140-1101-Q013,100,第二次,100140,1101,13,解剖學,神經解剖,神經解剖,下列何者不是黑質網狀部（pars reticulata of the substantia nigra）GABAergic 神經元之直接投射區域？,蒼白核（globus pallidus）,上丘（superior colliculus）,橋腦大腦腳核（pedunculopontine nucleus）,丘腦（thalamus）,,A,A,standard,,False,100140_1101.pdf,100140_MOD1101.pdf
MOEX-100140-1101-Q014,100,第二次,100140,1101,14,解剖學,胸腔,胸腔,下列何者為骨盆橫膈的一部分？,梨狀肌,提肛肌,閉孔內肌,會陰淺橫肌,,B,B,standard,,False,100140_1101.pdf,100140_MOD1101.pdf
MOEX-100140-1101-Q015,100,第二次,100140,1101,15,解剖學,骨盆與會陰,骨盆與會陰,下列何者為連接卵巢與子宮的構造？,懸韌帶,卵巢繫膜,卵巢韌帶,子宮圓韌帶,,C,C,standard,,False,100140_1101.pdf,100140_MOD1101.pdf
MOEX-100140-1101-Q016,100,第二次,100140,1101,16,組織學,組織學,,下列何者位於儲精囊內側？,膀胱,直腸,前列腺,輸精管,,D,D,standard,,False,100140_1101.pdf,100140_MOD1101.pdf
MOEX-100140-1101-Q017,100,第二次,100140,1101,17,解剖學,胸腔,胸腔,橫膈（diaphragm）上相對於第十胸椎的裂口是下列何結構？,主動脈裂口（aortic hiatus）,食道裂口（esophageal hiatus）,腔靜脈裂口（caval opening）,奇靜脈裂口（azygal opening）,,B,B,standard,,False,100140_1101.pdf,100140_MOD1101.pdf
MOEX-100140-1101-Q018,100,第二次,100140,1101,18,解剖學,胸腔,胸腔,下列何者與右冠狀動脈的邊緣枝（marginal branch）併走？,心前靜脈（anterior cardiac vein）,心大靜脈（great cardiac vein）,心中靜脈（middle cardiac vein）,心小靜脈（small cardiac vein）,,D,D,standard,,False,100140_1101.pdf,100140_MOD1101.pdf
MOEX-100140-1101-Q019,100,第二次,100140,1101,19,未分類,,,下列何肌在呼吸時有穩固肋骨的作用？,腰大肌（psoas major）,腰小肌（psoas minor）,腰方肌（quadratus lumborum）,髂肌（iliacus）,,C,C,standard,,False,100140_1101.pdf,100140_MOD1101.pdf
MOEX-100140-1101-Q020,100,第二次,100140,1101,20,組織學,組織學,,下列有關顳下頜關節（temporomandibular joint）之敘述，何者錯誤？,翼內肌（medial pterygoid muscle）協助張口,翼內肌與翼外肌皆協助將下頜骨（mandible）移向對側邊（contralateral side）,部分翼外肌附著於顳下頜關節之關節盤（articular disc）,顳下頜關節位於下頜窩（mandibular fossa）及下頜骨之髁突（condylar process）之間,,A,A,standard,,False,100140_1101.pdf,100140_MOD1101.pdf
MOEX-100140-1101-Q021,100,第二次,100140,1101,21,解剖學,胸腔,胸腔,右肺門的肺動脈位在支氣管的：,上方,下方,前方,後方,,#,B|C,multiple_accepted,第21題答B或C或BC者均給分，,False,100140_1101.pdf,100140_MOD1101.pdf
MOEX-100140-1101-Q022,100,第二次,100140,1101,22,組織學,組織學,,鼻樑（bridge of nose）上皮膚之感覺由下列何神經傳導？,眼神經（ophthalmic nerve）,上頜神經（maxillary nerve）,面神經（facial nerve）,視神經（optic nerve）,,A,A,standard,,False,100140_1101.pdf,100140_MOD1101.pdf
MOEX-100140-1101-Q023,100,第二次,100140,1101,23,微生物免疫學/寄生蟲學,微生物免疫/寄生蟲,,下列關於面部危險三角區域（danger triangle of the face）之面靜脈（facial vein）敘述何者錯誤？,面靜脈與翼突靜脈叢（pterygoid venous plexus）可相交通,面靜脈有良好的瓣膜系統可阻止血液回流,面靜脈發炎可能引發海綿竇血栓靜脈炎（thrombophlebitis of cavernous sinus）,危險三角區域的感染或發炎可沿著面靜脈蔓延到大腦靜脈系統,,B,B,standard,,False,100140_1101.pdf,100140_MOD1101.pdf
MOEX-100140-1101-Q024,100,第二次,100140,1101,24,解剖學,胸腔,胸腔,下列關於胸腔穿刺（thoracentesis）敘述何者錯誤？,"需避開肋骨下緣之肋間神經、血管（intercostal nerve, vessel）",穿刺時需在吐氣（expiration）時進行,一般在第九肋間穿刺最適當,常在鎖骨中線（midclavicular line）位置進行穿刺,,D,D,standard,,False,100140_1101.pdf,100140_MOD1101.pdf
MOEX-100140-1101-Q025,100,第二次,100140,1101,25,解剖學,神經解剖,神經解剖,若病人出現縮瞳（miosis），一側面部出汗減少（anhydrosis），上眼瞼下垂（ptosis）等 Horner 徵候 群，其三種典型臨床症狀皆出現時，最不可能為下列何種疾病所引發？,頸總動脈剝離（common carotid artery dissection）,頸外動脈（external carotid artery）損傷,腦幹栓塞性中風（brainstem infarction）,頸上神經節（superior cervical ganglion）損傷,,B,B,standard,,False,100140_1101.pdf,100140_MOD1101.pdf
MOEX-100140-1101-Q026,100,第二次,100140,1101,26,組織學,組織學,,下列何者並非脈絡叢（choroid plexus）的結構形成物？,平滑肌肉層（smooth muscle layer）,基底膜層（basement membrane）,腦室管膜細胞層（ependymal cells of ventricle）,微血管內皮細胞層（endothelium of capillary）,,A,A,standard,,False,100140_1101.pdf,100140_MOD1101.pdf
MOEX-100140-1101-Q027,100,第二次,100140,1101,27,組織學,組織學,,下列有關脊髓後外側溝（posterolateral sulcus）的敘述，何者正確？,僅存在於上胸段（upper thoracic level）以上,為後根神經纖維（posterior root fibers）進入脊髓處,將後側脊髓（dorsal spinal cord）分成左、右兩半,為脊髓後角（posterior horn）與前角（anterior horn）分界處,,B,B,standard,,False,100140_1101.pdf,100140_MOD1101.pdf
MOEX-100140-1101-Q028,100,第二次,100140,1101,28,解剖學,下肢,下肢,下列何者參與下肢本體覺的傳遞？,外側頸核（lateral cervical nucleus）,薄核（gracile nucleus）,楔狀核（cuneate nucleus）,弓狀核（arcuate nucleus）,,B,B,standard,,False,100140_1101.pdf,100140_MOD1101.pdf
MOEX-100140-1101-Q029,100,第二次,100140,1101,29,胚胎學,胚胎學,,下列肺發育期間，呼吸細支氣管（respiratory bronchiole）何時出現？,偽腺期（Pseudoglandular stage）,小管期（Canalicular stage）,末囊期（Terminal sac stage）,肺泡期（Alveolar stage）,,#,B|C|D,multiple_accepted,第29題答B或C或D或BC或BD或CD或BCD者 均給分，,False,100140_1101.pdf,100140_MOD1101.pdf
MOEX-100140-1101-Q030,100,第二次,100140,1101,30,胚胎學,胚胎學,,下列由遺傳因素造成的畸形中，何者是因染色體數目的異常所致？,亨丁頓氏舞蹈症（Huntington chorea）,軟骨發育不全（achondroplasia）,克萊恩費爾特氏徵候群（Klinefelter syndrome）,血友病（hemophilia）,,C,C,standard,,False,100140_1101.pdf,100140_MOD1101.pdf
MOEX-100140-1101-Q031,100,第二次,100140,1101,31,胚胎學,胚胎學,,誘發胚胎先天畸形的敏感時期是在受精後：,第 1-2 週,第 3-8 週,第 9-12 週,第 13-16 週,,B,B,standard,,False,100140_1101.pdf,100140_MOD1101.pdf
MOEX-100140-1101-Q032,100,第二次,100140,1101,32,胚胎學,胚胎學,,在脊柱形成時，胚胎初期出現的脊索（notochord）最後的發育結果是：,骨化並成為椎骨的一部分,轉變為滑液關節（synovial joint）,構成軟骨關節,退化並侷限在椎間盤內,,D,D,standard,,False,100140_1101.pdf,100140_MOD1101.pdf
MOEX-100140-1101-Q033,100,第二次,100140,1101,33,組織學,組織學,,具有緊密接合（tight junction）並形成血－睪障壁（blood-testis barrier）的細胞是：,萊迪氏細胞（Leydig cell）,塞托利氏細胞（Sertoli cell）,管周邊細胞（peritubular cell）,產精細胞（spermatogenic cell）,,B,B,standard,,False,100140_1101.pdf,100140_MOD1101.pdf
MOEX-100140-1101-Q034,100,第二次,100140,1101,34,組織學,組織學,,下列何者不具有過渡型上皮細胞（transitional epithelium）？,輸尿管（ureter）,膀胱（urinary bladder）,前列腺段尿道（prostatic urethra）,陰莖段尿道（penile urethra）,,D,D,standard,,False,100140_1101.pdf,100140_MOD1101.pdf
MOEX-100140-1101-Q035,100,第二次,100140,1101,35,組織學,組織學,,有關眼球之角膜（cornea），下列敘述何項錯誤？,角膜不具有神經末梢（nerve ending）,角膜的所有代謝交換（metabolic exchange）主要發生於角膜內皮（corneal endothelium）,角膜包括五層結構，其中 Descemet’s membrane 與 Bowman’s membrane 屬於非細胞層,角膜上皮（corneal epithelium）細胞具有很高之再生能力（regenerative capacity）,,A,A,standard,,False,100140_1101.pdf,100140_MOD1101.pdf
MOEX-100140-1101-Q036,100,第二次,100140,1101,36,組織學,組織學,,腎素（renin）主要由下列那一細胞產生與釋放？,緻密斑細胞（macula densa cells）,絲球體外環間細胞（extraglomerular mesangial cells）,足細胞（podocytes）,絲球體旁細胞（juxtaglomerular cells）,,D,D,standard,,False,100140_1101.pdf,100140_MOD1101.pdf
MOEX-100140-1101-Q037,100,第二次,100140,1101,37,組織學,組織學,,下列各消化管道當中，何者之上皮含最多杯狀細胞？,胃,結腸,食道,十二指腸,,B,B,standard,,False,100140_1101.pdf,100140_MOD1101.pdf
MOEX-100140-1101-Q038,100,第二次,100140,1101,38,組織學,組織學,,下列有關破骨細胞（osteoclasts）的敘述何者正確？,是多核細胞,位於骨膜內（periosteum）,分泌骨基質,細胞質為強嗜鹼性,,A,A,standard,,False,100140_1101.pdf,100140_MOD1101.pdf
MOEX-100140-1101-Q039,100,第二次,100140,1101,39,組織學,組織學,,對中型靜脈的敘述，下列何者錯誤？,其瓣膜為半月狀,瓣膜由平滑肌構成,瓣膜主要由結締組織形成軸心，外覆蓋內皮細胞,腿部的中型靜脈常具瓣膜,,B,B,standard,,False,100140_1101.pdf,100140_MOD1101.pdf
MOEX-100140-1101-Q040,100,第二次,100140,1101,40,組織學,組織學,,黏著小帶（zonula adherens）的細胞膜內側，有何種主要細胞骨架附著？,微絲（microfilaments）,中間絲（intermediate filaments）,微小管（microtubule）,膠原纖維（collagen fibers）,,A,A,standard,,False,100140_1101.pdf,100140_MOD1101.pdf
MOEX-100140-1101-Q041,100,第二次,100140,1101,41,微生物免疫學/寄生蟲學,微生物免疫/寄生蟲,,林先生 32 歲，剛剛在國內完成博士學位，因為他是念地質學，所以需要到處採集地質標本。兩個月前 他有機會到美國加州接近墨西哥邊界沙漠地區整整一個月時間在該地區進行調查，甚至包括一些洞 穴。回國以後林先生開始發燒、畏寒、夜間盜汗、乾咳，持續 4 個星期，這段期間林先生開始以為是 感冒，醫師也開過抗生素治療，但病情持續無法改善。全身檢查結果除了右胸有約 3 cm 較硬腫塊外， 在鼠蹊及腋下也有較小約 1 cm 淋巴腫，血液樣本在 25℃培養，找到具有分節孢子（Arthrospores） 之絲狀真菌，分節孢子斷裂呈現桶狀（Barrel-shaped）。組織學則呈現寄生性 spherules，內含內孢 子（endospores）。林先生最可能感染那一種病原菌？,Histoplasma capsulatum,Blastomyces dermatitidis,Paracoccidioides brasiliensis,Coccidioides immitis,,D,D,standard,,False,100140_1101.pdf,100140_MOD1101.pdf
MOEX-100140-1101-Q042,100,第二次,100140,1101,42,組織學,組織學,,有關神經元細胞體的位置，下列敘述何者正確？①灰質 ②白質 ③神經節 ④周邊神經纖維,①④,①③,②③,②④,,B,B,standard,,False,100140_1101.pdf,100140_MOD1101.pdf
MOEX-100140-1101-Q043,100,第二次,100140,1101,43,微生物免疫學/寄生蟲學,微生物免疫/寄生蟲,,Amphotericin B 屬於一種 Polyenes 抗真菌藥物，直接與麥角固醇（Ergosterol）結合破壞真菌細胞膜， 但在治療新型隱球菌已出現抗藥性，抗藥菌株最可能改變產生何種固醇，取代敏感性的麥角固醇？,Cholesterol,Sitosterol,Lanosterol,Fecosterol,,D,D,standard,,False,100140_1101.pdf,100140_MOD1101.pdf
MOEX-100140-1101-Q044,100,第二次,100140,1101,44,微生物免疫學/寄生蟲學,微生物免疫/寄生蟲,,王醫師為婦科疾病的權威醫師，他的門診病患中感染何型人類乳突病毒（HPV），會導致罹患子宮 頸癌風險大幅提高？,Type 9,Type 6,Type 18,Type 11,,C,C,standard,,False,100140_1101.pdf,100140_MOD1101.pdf
MOEX-100140-1101-Q045,100,第二次,100140,1101,45,微生物免疫學/寄生蟲學,微生物免疫/寄生蟲,,器官移植後的病人出現肺炎併發症，應首先懷疑下列何種病毒感染是導致肺炎併發症的原因？,單純疹病毒（herpes simplex virus）,EB 病毒（Epstein-Barr virus）,腺病毒（adenovirus）,巨細胞病毒（cytomegalovirus）,,D,D,standard,,False,100140_1101.pdf,100140_MOD1101.pdf
MOEX-100140-1101-Q046,100,第二次,100140,1101,46,微生物免疫學/寄生蟲學,微生物免疫/寄生蟲,,下列有關呼吸道細胞融合病毒（Respiratory syncytial virus）之敘述，何者正確？,屬於正黏液病毒（Orthomyxovirus）,侵入呼吸道後會引起支氣管上皮細胞壞死、黏液分泌、發炎細胞浸潤、黏膜下層水腫,感染後可終身免疫,核酸為正股 RNA,,B,B,standard,,False,100140_1101.pdf,100140_MOD1101.pdf
MOEX-100140-1101-Q047,100,第二次,100140,1101,47,微生物免疫學/寄生蟲學,微生物免疫/寄生蟲,,在 B 型肝炎病毒造成急性感染之患者身上，下列何種抗體最早出現？,Anti-HBc,Anti-PreS,Anti-HBs,Anti-HBe,,A,A,standard,,False,100140_1101.pdf,100140_MOD1101.pdf
MOEX-100140-1101-Q048,100,第二次,100140,1101,48,微生物免疫學/寄生蟲學,微生物免疫/寄生蟲,,下列那一種症狀不是由克沙奇 A 型病毒（Coxsackie A virus）所引起的？,疹性咽峽炎（herpangina）,心臟炎（carditis）,胸膜痛（pleurodynia）,腦膜炎（meningitis）,,#,A|B|C|D,all_credit,第48題一律給分，,False,100140_1101.pdf,100140_MOD1101.pdf
MOEX-100140-1101-Q049,100,第二次,100140,1101,49,微生物免疫學/寄生蟲學,微生物免疫/寄生蟲,,Amantadine 及 Rimantadine 藥物常被用來治療流行性感冒病毒 A 型，其抑制病毒入侵之機轉為何？,阻止病毒之入侵及解體（uncoating）,阻止病毒在宿主內合成 DNA,阻止病毒在宿主內合成 RNA,阻止病毒在宿主內合成蛋白質,,A,A,standard,,False,100140_1101.pdf,100140_MOD1101.pdf
MOEX-100140-1101-Q050,100,第二次,100140,1101,50,微生物免疫學/寄生蟲學,微生物免疫/寄生蟲,,下列何者是常見於發生在後期愛滋病患者，尤其是該患者CD4+的T lymphocyte數目少於 10 cells/mm3 時的分枝桿菌（Mycobacterium）感染？,M. leprae,M. avium complex,M. bovis,M. kansasii,,B,B,standard,,False,100140_1101.pdf,100140_MOD1101.pdf
MOEX-100140-1101-Q051,100,第二次,100140,1101,51,解剖學,骨盆與會陰,骨盆與會陰,一位男性因其陰莖出現潰瘍而就醫，經醫師診察後發現其潰瘍處界限分明，表面呈肉紅色糜爛，觸 摸時可感覺皮下似埋有一鈕扣，是為硬性下疳的症狀，且患者無壓痛感，但壓時有清澈之滲出液溢 出，經 VDRL 試驗呈陽性反應，表示該病人可能患有何種疾病？,梅毒（syphilis）,疹（herpes）,淋病（gonorrhea）,生殖器濕疣（anogenital warts）,,A,A,standard,,False,100140_1101.pdf,100140_MOD1101.pdf
MOEX-100140-1101-Q052,100,第二次,100140,1101,52,微生物免疫學/寄生蟲學,微生物免疫/寄生蟲,,下列真菌疾病中，那些是兩型性真菌（Dimorphic fungi）？,Aspergillus niger and Rhizopus stolonifer,Candida albicans and Rhizopus stolonifer,Sporothrix schenckii and Candida albicans,Sporothrix schenckii and Penicillium marneffei,,#,C|D,multiple_accepted,第52題答C或D或CD者均給分，,False,100140_1101.pdf,100140_MOD1101.pdf
MOEX-100140-1101-Q053,100,第二次,100140,1101,53,組織學,組織學,,一位 70 歲的老婦人在整理自家花園時不慎被埋在土裡樹枝上的細刺扎到，當時不以為意，但一週後 出現說話、吞嚥、呼吸困難等情形，且有胸痛，兩天後並發生頸部僵硬和呼吸衰竭，急送某醫學中 心，醫師立即將她送入加護病房進行氣管切開並接上人工呼吸器。病人被診斷為破傷風（tetanus）， 下列何者是診斷此病最主要的依據？,臨床症狀,由血液中分離出破傷風菌,在血液中偵測到破傷風毒素,在由傷口取得的檢體中以顯微鏡觀察到破傷風菌,,A,A,standard,,False,100140_1101.pdf,100140_MOD1101.pdf
MOEX-100140-1101-Q054,100,第二次,100140,1101,54,微生物免疫學/寄生蟲學,微生物免疫/寄生蟲,,承上題，下列何者不宜用來處理破傷風病人？,給予破傷風抗毒素,擴創術（debridement）,給予青黴素（penicillin）,給予破傷風疫苗,,C,C,standard,,False,100140_1101.pdf,100140_MOD1101.pdf
MOEX-100140-1101-Q055,100,第二次,100140,1101,55,微生物免疫學/寄生蟲學,微生物免疫/寄生蟲,,黴漿菌（Mycoplasma）與 L form 細菌同樣都缺乏細胞壁結構，其二者最大的差異為何？,黴漿菌細胞膜上含有固醇，而 L form 細菌則無,L form 細菌細胞膜上含有固醇，而黴漿菌則無,在適當的生長條件下，黴漿菌可形成細胞壁結構，而 L form 細菌則否,黴漿菌對 β-lactam 類藥物敏感，而 L form 細菌則有抗性,,A,A,standard,,False,100140_1101.pdf,100140_MOD1101.pdf
MOEX-100140-1101-Q056,100,第二次,100140,1101,56,微生物免疫學/寄生蟲學,微生物免疫/寄生蟲,,有一些細菌對 trimethoprim 產生抗性，其主要原因為何？,此菌株的核糖體與 trimethoprim 的結合力降低,此菌株的 dihydrofolate reductase 與 trimethoprim 的結合力降低,Trimethoprim 與此類菌之 rRNA 的結合力下降,Trimethoprim 與此類菌之 transpeptidase 的結合力下降,,B,B,standard,,False,100140_1101.pdf,100140_MOD1101.pdf
MOEX-100140-1101-Q057,100,第二次,100140,1101,57,微生物免疫學/寄生蟲學,微生物免疫/寄生蟲,,腸內菌屬（Enterobacteriaceae）的 Lipopolysaccharide（LPS）分子中那一個部分的變異最大，可以用 來區別同一種（species）菌種不同的血清型分類（serotype）？,Lipid A,Core polysaccharide,O antigen,整體結構,,C,C,standard,,False,100140_1101.pdf,100140_MOD1101.pdf
MOEX-100140-1101-Q058,100,第二次,100140,1101,58,微生物免疫學/寄生蟲學,微生物免疫/寄生蟲,,下列那種細菌以家禽、家畜為其貯存宿主（reservoir）？,空腸彎曲菌（Campylobacter jejuni）,霍亂弧菌（Vibrio cholerae）,百日咳桿菌（Bordetella pertussis）,腦膜炎奈瑟氏菌（Neisseria meningitidis）,,A,A,standard,,False,100140_1101.pdf,100140_MOD1101.pdf
MOEX-100140-1101-Q059,100,第二次,100140,1101,59,微生物免疫學/寄生蟲學,微生物免疫/寄生蟲,,不產芽孢厭氧菌（non-sporeforming anaerobes）感染人體，最常造成下列那種形式的病變？,食物中毒（food poisoning）,溶血性貧血（hemolytic anemia）,組織壞死和膿瘍（abscess）,自體免疫病（autoimmune diseases）,,C,C,standard,,False,100140_1101.pdf,100140_MOD1101.pdf
MOEX-100140-1101-Q060,100,第二次,100140,1101,60,微生物免疫學/寄生蟲學,微生物免疫/寄生蟲,,艱難梭菌（Clostridium difficile）感染所造成的疾病之確診係根據下列那一項？,由病人糞便中分離到此菌,在病人糞便中偵測到此菌所分泌的細胞毒素或腸毒素,由病人血液中分離到此菌,在病人血清中偵測到此菌所分泌的細胞毒素或腸毒素,,B,B,standard,,False,100140_1101.pdf,100140_MOD1101.pdf
MOEX-100140-1101-Q061,100,第二次,100140,1101,61,微生物免疫學/寄生蟲學,微生物免疫/寄生蟲,,有關細菌 DNA 複製的敘述，那一項錯誤？,可從不特定的 DNA 序列開始,可從多個起始點開始,有不同的機轉並可雙向進行,是由多種 DNA polymerases 來負責,,A,A,standard,,False,100140_1101.pdf,100140_MOD1101.pdf
MOEX-100140-1101-Q062,100,第二次,100140,1101,62,公共衛生學,公共衛生,,葉教授的實驗室進行結核菌研究，所以實驗室的學生都需進行結核菌素測驗。一位暑期研究同學在 測驗後 50 小時產生陽性反應。如果對這位同學進行皮膚切片觀察其中的反應，最可能會看到的結果 為何？,皮膚水腫，無白血球聚集,T 細胞及巨噬細胞聚集,B 細胞及漿細胞聚集,嗜伊紅性白血球及肥大細胞聚集,,B,B,standard,,False,100140_1101.pdf,100140_MOD1101.pdf
MOEX-100140-1101-Q063,100,第二次,100140,1101,63,微生物免疫學/寄生蟲學,微生物免疫/寄生蟲,,化膿性鏈球菌（Streptococcus pyogenes）感染之後，有時會引起關節炎、心肌炎、心臟瓣膜破壞，其 原因為何？,由於化膿性鏈球菌抗原與上述的組織抗原有分子類似性（molecular mimicry），而導致自體免疫反應,治療化膿性鏈球菌感染所用的抗生素引起的藥物危害,化膿性鏈球菌感染後，引起 FoxP3 基因活化，調節型 T 細胞（Treg 細胞）增加所致,化膿性鏈球菌過度增長，直接破壞組織所致,,A,A,standard,,False,100140_1101.pdf,100140_MOD1101.pdf
MOEX-100140-1101-Q064,100,第二次,100140,1101,64,微生物免疫學/寄生蟲學,微生物免疫/寄生蟲,,在評估病患的免疫能力時，發現病患的免疫球蛋白濃度只有同年齡人平均值的五分之一。為了瞭解 病患血液白血球中 B 細胞的百分比是否正常，應該採用何種方法來檢查？,將羊紅血球與病患紅血球混和後檢查血球凝集,用帶螢光的抗人類免疫球蛋白抗體處理病患白血球後以流式細胞儀偵測,將白血球以抗 CD3 刺激後觀察細胞分裂,用 Epstein-Barr 病毒刺激白血球後觀察細胞分裂,,B,B,standard,,False,100140_1101.pdf,100140_MOD1101.pdf
MOEX-100140-1101-Q065,100,第二次,100140,1101,65,微生物免疫學/寄生蟲學,微生物免疫/寄生蟲,,為了預防流行性感冒病毒感染，建議老人及兒童每年施打流感疫苗。需要每年施打的正確理由為何？,疫苗依據前一年流行的病毒株設計，無法涵蓋新出現的突變病毒,疫苗為單一病毒株，無法涵蓋引起感染的病毒,疫苗無多醣成分，引起長期免疫記憶的能力差,疫苗為活病毒，在身上存活的時間短,,A,A,standard,,False,100140_1101.pdf,100140_MOD1101.pdf
MOEX-100140-1101-Q066,100,第二次,100140,1101,66,微生物免疫學/寄生蟲學,微生物免疫/寄生蟲,,關於過敏病患抽血進行特異性過敏原測試，下列敘述何者正確？,目的是測試血液中的吞噬細胞數目是否正常,目的是測試血液中的嗜伊紅性白血球細胞數目是否正常,測試方法是定量白血球對過敏原刺激的分裂反應,測試方法為偵測對特定抗原的抗體是否存在,,D,D,standard,,False,100140_1101.pdf,100140_MOD1101.pdf
MOEX-100140-1101-Q067,100,第二次,100140,1101,67,微生物免疫學/寄生蟲學,微生物免疫/寄生蟲,,相較於引發產生抗體的初次反應（primary response） ，同一個蛋白質抗原所引起的二次反應（secondary response）的特性為何？,通常需要較長的時間才能開始有大量的抗體生成,有記憶性淋巴細胞的參與,主要是製造並分泌大量 IgM,所產生的抗體力價（titer）與初次反應相當,,B,B,standard,,False,100140_1101.pdf,100140_MOD1101.pdf
MOEX-100140-1101-Q068,100,第二次,100140,1101,68,微生物免疫學/寄生蟲學,微生物免疫/寄生蟲,,下列那一種細胞表面通常不會表現免疫球蛋白 IgE 受器？,活化的嗜鹼性球（basophil）,活化的嗜酸性球（eosinophil）,活化的巨噬細胞（macrophage）,肥大細胞（mast cell）,,#,A|B|C|D,all_credit,第68題一律給 分，,False,100140_1101.pdf,100140_MOD1101.pdf
MOEX-100140-1101-Q069,100,第二次,100140,1101,69,微生物免疫學/寄生蟲學,微生物免疫/寄生蟲,,有關細胞激素的功能，下列敘述何者錯誤？,TNF-α、IL-1、IL-6 與發燒及急性期蛋白（acute phase protein）的升高有關,第二型輔助性T細胞（TH2）之所以能造成第一型過敏反應，是因為能分泌IFN-γ，而IFN-γ可以活 化macrophage及CD8+ T細胞,IFN-α/β 會增加細胞的 MHC class I 及 class II 表現量，可以幫助對抗病毒,GM-CSF 可以幫助樹突細胞的分化與生長,,#,B|C,multiple_accepted,第69題答B或C或BC者均給分，,False,100140_1101.pdf,100140_MOD1101.pdf
MOEX-100140-1101-Q070,100,第二次,100140,1101,70,微生物免疫學/寄生蟲學,微生物免疫/寄生蟲,,一位患有尋常天瘡（Pemphigus vulgaris）的孕婦，剛剛平安產下 3000 公克的小男嬰，但是隨即發 現小男嬰身上及四肢分布有紅斑，有些紅斑上有小水，因此迅速被送入新生兒加護病房治療。他 的病因為何？,母親的自體免疫疾病之抗體，抗 desmoglein 3 抗體（anti-desmoglein 3 antibody）通過胎盤，暫時引 起之病徵,母親的自體免疫疾病之抗體，抗 dsDNA 抗體（anti-dsDNA antibody）通過胎盤，引起之胎兒皮膚 系統之自體免疫病,母親治療自體免疫疾病的用藥，在他身上引起不良反應,母親的自體免疫疾病之遺傳，而且他一出生即發病,,A,A,standard,,False,100140_1101.pdf,100140_MOD1101.pdf
MOEX-100140-1101-Q071,100,第二次,100140,1101,71,微生物免疫學/寄生蟲學,微生物免疫/寄生蟲,,"免疫球蛋白（Immunoglobulin, Ig）的分子結構中，那一個區域不會與抗原接觸？",CDR,Fc,VL,VH,,B,B,standard,,False,100140_1101.pdf,100140_MOD1101.pdf
MOEX-100140-1101-Q072,100,第二次,100140,1101,72,微生物免疫學/寄生蟲學,微生物免疫/寄生蟲,,能引起體內產生較強抗體反應的蛋白質抗原，一般具有何特性？,分子量很小（MW < 2500）,結構簡單、複雜度不高,與反應個體的體內分子差異大,進入體內可以很快完全釋放,,C,C,standard,,False,100140_1101.pdf,100140_MOD1101.pdf
MOEX-100140-1101-Q073,100,第二次,100140,1101,73,微生物免疫學/寄生蟲學,微生物免疫/寄生蟲,,淋巴結的發生中心（germinal center）是 B 細胞發育場所，但不包含下列那一項作用？,抗原受器基因重組（antigen receptor gene rearrangement）,抗體類型轉變（immunoglobulin class switching）,體細胞超突變（somatic hypermutation）,形成記憶細胞（memory cells）,,A,A,standard,,False,100140_1101.pdf,100140_MOD1101.pdf
MOEX-100140-1101-Q074,100,第二次,100140,1101,74,組織學,組織學,,共同髓原先驅細胞（common myeloid progenitor cell）可以分化成不同種類之血球成員，但不包含下 列那一種？,血小板（platelets）,自然殺手細胞（natural killer cells）,單核細胞（monocytes）,多核狀顆粒細胞（polymorphonuclear granulocytes）,,B,B,standard,,False,100140_1101.pdf,100140_MOD1101.pdf
MOEX-100140-1101-Q075,100,第二次,100140,1101,75,微生物免疫學/寄生蟲學,微生物免疫/寄生蟲,,生活史中皆沒有囊體期（cyst stage）的寄生蟲是：,梨形鞭毛蟲（Giardia lamblia）及陰道滴蟲（Trichomonas vaginalis）,大腸纖毛蟲（Balantidium coli）及齒齦阿米巴（Entamoeba gingivalis）,雙核阿米巴（Dientamoeba fragilis）及陰道滴蟲（Trichomonas vaginalis）,嗜碘阿米巴（Iodamoeba bütschlii）及口腔滴蟲（Trichomonas tenax）,,C,C,standard,,False,100140_1101.pdf,100140_MOD1101.pdf
MOEX-100140-1101-Q076,100,第二次,100140,1101,76,解剖學,胸腔,胸腔,下列有關隱翅蟲之敘述，何者錯誤？,臺灣地區最常見的是褐毒隱翅蟲（Paederus fusca）,隱翅蟲的毒害是由蟲體螫咬人體所致,隱翅蟲素（pederin）附著皮膚後會產生緩慢痊癒的壞死性紅斑,待病灶痊癒後，若未再接觸隱翅蟲素，一般不用擔心復發的問題,,B,B,standard,,False,100140_1101.pdf,100140_MOD1101.pdf
MOEX-100140-1101-Q077,100,第二次,100140,1101,77,胚胎學,胚胎學,,下列有關奎寧（quinine）的敘述，何者錯誤？,以奎寧治療時，病人會產生低血糖的現象，因此必須監測血糖,現今已有對奎寧產生抗藥性的瘧原蟲出現,若使用奎寧後，病人有黑水熱（blackwater fever）的現象，應立即停用奎寧,奎寧對孕婦雖有致使流產的副作用，但是在嚴重的惡性瘧疾時，為顧及媽媽及胎兒的安全，仍應 使用奎寧治療,,#,C|D,multiple_accepted,第77題答C或D或CD者均給分，,False,100140_1101.pdf,100140_MOD1101.pdf
MOEX-100140-1101-Q078,100,第二次,100140,1101,78,微生物免疫學/寄生蟲學,微生物免疫/寄生蟲,,地癢疹（ground itch）是由下列何種人類寄生蟲感染所引起？,日本血吸蟲（Schistosoma japonicum）,美洲鉤蟲（Necator americanus）,班氏絲狀蟲（Wuchereria bancrofti）,廣東住血線蟲（Angiostrongylus cantonensis）,,B,B,standard,,False,100140_1101.pdf,100140_MOD1101.pdf
MOEX-100140-1101-Q079,100,第二次,100140,1101,79,微生物免疫學/寄生蟲學,微生物免疫/寄生蟲,,有一絲蟲病（filariasis）患者住院診療，全天每隔 2 小時採血檢查，每mm3血液微絲蟲（microfilariae）數 量，記錄如右下之圖形，該病患最可能感染何種絲蟲？,羅阿絲蟲（Loa loa） 5,蟠尾絲蟲（Onchocerca volvulus） 4,班氏絲蟲（Wuchereria bancrofti） 3 x103,犬心絲蟲（Dirofilaria immitis） 2,,C,C,standard,,True,100140_1101.pdf,100140_MOD1101.pdf
MOEX-100140-1101-Q080,100,第二次,100140,1101,80,微生物免疫學/寄生蟲學,微生物免疫/寄生蟲,,牛羊肝吸蟲是草食性動物常見寄生蟲，請問下列敘述何者正確？,“halzoun＂是因生食感染牛羊肝吸蟲成蟲的動物肝臟而造成,幼蟲經由膽管逆流而進入總膽管寄生，所以不會破壞肝組織,牛羊肝吸蟲病以口服 praziquantel 為最佳治療,人類係因食入動物肝臟中之囊狀幼蟲而感染,,#,A|B|C|D,all_credit,第 80題一律給分，,False,100140_1101.pdf,100140_MOD1101.pdf
MOEX-100140-1101-Q081,100,第二次,100140,1101,81,未分類,,,下列何種阿米巴原蟲對人體不具致病性？,痢疾阿米巴（Entamoeba histolytica）,棘阿米巴（Acanthamoeba spp.）,迪斯帕阿米巴（Entamoeba dispar）,福氏耐格利阿米巴（Naegleria fowleri）,,C,C,standard,,False,100140_1101.pdf,100140_MOD1101.pdf
MOEX-100140-1101-Q082,100,第二次,100140,1101,82,微生物免疫學/寄生蟲學,微生物免疫/寄生蟲,,在高度蛔蟲感染流行區，下列何種年齡層是蛔蟲（Ascaris lumbricoides）感染的高危險族群？,1～4 歲,5～9 歲,10～15 歲,15 歲以上,,B,B,standard,,False,100140_1101.pdf,100140_MOD1101.pdf
MOEX-100140-1101-Q083,100,第二次,100140,1101,83,解剖學,下肢,下肢,下列何者不是臺灣全民健康保險籌措保費之原則？,使用者付費,公平性,充足性,效率性,,#,A|B|C|D,all_credit,第83題一律給分，,False,100140_1101.pdf,100140_MOD1101.pdf
MOEX-100140-1101-Q084,100,第二次,100140,1101,84,未分類,,,下列何者是醫學過度專科化最可能產生之現象？,專科醫師的培訓過程自然而然會考量病人的所有問題,病人與專科醫師間的溝通會更順暢無礙,大型教學醫院的專科醫師常須從事一般性門診服務,診所的開業醫師必須提供尖端醫療科技服務,,C,C,standard,,False,100140_1101.pdf,100140_MOD1101.pdf
MOEX-100140-1101-Q085,100,第二次,100140,1101,85,未分類,,,下列有關醫療需求價格彈性之敘述，何者正確？,住院服務價格彈性較門診為高,牙醫服務價格彈性較西醫為高,護理之家價格彈性較急性住院服務為低,醫療服務價格彈性較一般服務為高,,B,B,standard,,False,100140_1101.pdf,100140_MOD1101.pdf
MOEX-100140-1101-Q086,100,第二次,100140,1101,86,解剖學,上肢,上肢,下列那一項是最能證明愛滋病預防教育執行成功的指標？,民眾從事安全性行為（使用保險套）的比率提高,愛滋病患的病情在臨床上獲得有效控制,醫院發出愛滋病預防教育單張的數量增加,參加愛滋病衛生教育活動的人數增多,,A,A,standard,,False,100140_1101.pdf,100140_MOD1101.pdf
MOEX-100140-1101-Q087,100,第二次,100140,1101,87,解剖學,上肢,上肢,衛生教育的「衝擊評價（impact evaluation）」是指下列那一種做法？,檢視民眾是否出席衛教活動,檢視教學者有無衛教企劃書,檢視民眾的知識和態度是否改變,檢視民眾的疾病死亡率是否下降,,C,C,standard,,False,100140_1101.pdf,100140_MOD1101.pdf
MOEX-100140-1101-Q088,100,第二次,100140,1101,88,胚胎學,胚胎學,,接觸或暴露於重金屬之危害已陸續被發現與許多健康效應有關。下列各項組合中那一組之因果相關 性最低？,錳－巴金森氏徵候群,汞－水俁病,砷－烏腳病,鉻－致畸胎,,D,D,standard,,False,100140_1101.pdf,100140_MOD1101.pdf
MOEX-100140-1101-Q089,100,第二次,100140,1101,89,未分類,,,食物中黴菌毒素之特性為何？,通常穩定且耐熱,極易在酸性下破壞,經加溫 70℃即可破壞,高溫至 100℃即可破壞,,A,A,standard,,False,100140_1101.pdf,100140_MOD1101.pdf
MOEX-100140-1101-Q090,100,第二次,100140,1101,90,未分類,,,戴奧辛在各項環境介質中的污染及其對國人健康造成的影響深受關注。下列何者為國內戴奧辛排放 量最高之污染來源？,廢棄物焚化爐,金屬冶煉業,農田露天燃燒,有機氯農藥製造,,B,B,standard,,False,100140_1101.pdf,100140_MOD1101.pdf
MOEX-100140-1101-Q091,100,第二次,100140,1101,91,解剖學,胸腔,胸腔,下列何者屬於正向心理健康的表現？,尊重接納他人,忽視身體傷病,壓抑負面情緒,刻板社會角色,,A,A,standard,,False,100140_1101.pdf,100140_MOD1101.pdf
MOEX-100140-1101-Q092,100,第二次,100140,1101,92,未分類,,,工作場所中的物理性危害多來自於下列那一項？,產品材料,勞工長工時,特殊機具使用,工廠佈置,,C,C,standard,,False,100140_1101.pdf,100140_MOD1101.pdf
MOEX-100140-1101-Q093,100,第二次,100140,1101,93,未分類,,,信賴區間的寬度（the width of a confidence interval）不受下列那一項因素所影響？,樣本數大小,信賴水準的大小,母群體受試者間的變異,樣本平均值和母群體平均值間的差異,,D,D,standard,,False,100140_1101.pdf,100140_MOD1101.pdf
MOEX-100140-1101-Q094,100,第二次,100140,1101,94,公共衛生學,公共衛生,,假設 10 年前 25%的心肌梗塞病人在發病 24 小時內死亡，這個比例稱為個案致死率（case fatality）， 有位研究者想了解 10 年來心肌梗塞病人的個案致死率是否有顯著的改變，在他收集的 15 位新的心 肌梗塞病人，5 位 24 小時內死亡，此研究者應該使用何種統計方法來回答他的研究問題？,單一樣本 z 檢定,單一樣本 t 檢定,單一樣本二項比例檢定,兩個樣本二項比例檢定,,C,C,standard,,False,100140_1101.pdf,100140_MOD1101.pdf
MOEX-100140-1101-Q095,100,第二次,100140,1101,95,公共衛生學,公共衛生,,疾病篩檢以系列檢定（Sequential Testing）為之，對篩檢效度有何影響？,淨敏感度（Net sensitivity）增加,淨特異度（Net specificity）增加,淨特異度（Net specificity）減少,偽陽性率（False positive rate）增加,,B,B,standard,,False,100140_1101.pdf,100140_MOD1101.pdf
MOEX-100140-1101-Q096,100,第二次,100140,1101,96,公共衛生學,公共衛生,,"某學者探討甲族群環境暴露危害所造成的癌症死亡是否比一般未暴露族群高，計算得標準化死亡比 （Standardized mortality ratio, SMR）為 4。另外一個學者對乙族群所做的類似研究則計算得 SMR 為 2。下列何者錯誤？",甲族群該環境暴露的癌症死亡風險比一般未暴露族群高,乙族群該環境暴露的癌症死亡風險比一般未暴露族群高,甲族群該環境暴露的癌症死亡風險是乙族群的 2 倍,SMR 可以使用第三個族群丙當參考族群,,C,C,standard,,False,100140_1101.pdf,100140_MOD1101.pdf
MOEX-100140-1101-Q097,100,第二次,100140,1101,97,公共衛生學,公共衛生,,有一位研究者想了解抽菸和肥胖間的相關，肥胖程度用身體質量指數測量，身體質量指數（BMI） ＝體重（公斤）÷身高2（公尺），此研究者想描述抽菸者和非抽菸者的BMI集中趨勢，下列何者統計 量最適合？,平均值,全距,百分比,眾數,,A,A,standard,,False,100140_1101.pdf,100140_MOD1101.pdf
MOEX-100140-1101-Q098,100,第二次,100140,1101,98,公共衛生學,公共衛生,,下列有關個案對照研究（case-control study）「配對（matching）」的敘述，何者錯誤？,在個案對照法可增加效率,以密度取樣法是以時間配對取對照組,配對可增加各受測者資料量,配對之目的在增加研究設計之效度,,#,C|D,multiple_accepted,第98題答C或D或CD者均給分。,False,100140_1101.pdf,100140_MOD1101.pdf
MOEX-100140-1101-Q099,100,第二次,100140,1101,99,未分類,,,若某工廠外洩毒性物質引起呼吸道傷害個案數呈現陡升陡降，此現象較符合何種流行曲線？,混合流行（mixed epidemic）,連鎖流行（propagated epidemic）,共同病源流行（common source epidemic）,週期循環流行（cyclic epidemic）,,C,C,standard,,False,100140_1101.pdf,100140_MOD1101.pdf
MOEX-100140-1101-Q100,100,第二次,100140,1101,100,公共衛生學,公共衛生,,有關公共衛生、基層醫療、尖端醫療科技三者之關係密切，相互影響，從國民健康投資報酬率的觀 點，下列三者之關係，何者最正確？,公共衛生＞基層醫療＞尖端醫療科技,基層醫療＞公共衛生＝尖端醫療科技,尖端醫療科技＞基層醫療＞公共衛生,基層醫療＝公共衛生＝尖端醫療科技,,A,A,standard,,False,100140_1101.pdf,100140_MOD1101.pdf
MOEX-101030-1101-Q001,101,第一次,101030,1101,1,組織學,組織學,,乳腺內側的淋巴主要匯入：,肩胛下淋巴結（Subscapular lymph nodes）,前胸淋巴結（Anterior pectoral nodes）,鎖骨下淋巴結（Infraclavicular nodes）,旁胸淋巴結（Parasternal nodes）,,D,D,standard,,False,101030_1101.pdf,101030_MOD1101.pdf
MOEX-101030-1101-Q002,101,第一次,101030,1101,2,解剖學,胸腔,胸腔,沿腋中線在第 9 肋間作胸腔穿刺，針尖所在的位置是：,肺門（hilum of the lung）,心切痕（cardiac notch）,肋橫膈隱窩（costodiaphragmatic recess）,肋縱膈隱窩（costomediastinal recess）,,C,C,standard,,False,101030_1101.pdf,101030_MOD1101.pdf
MOEX-101030-1101-Q003,101,第一次,101030,1101,3,未分類,,,下列何者不是脊柱的運動方式？,曲（flexion）,伸（extension）,旋轉（rotation）,迴轉（circumduction）,,D,D,standard,,False,101030_1101.pdf,101030_MOD1101.pdf
MOEX-101030-1101-Q004,101,第一次,101030,1101,4,解剖學,腹部,腹部,下列何者是迷走神經所支配的器官？,卵巢,直腸,子宮,陰道,,A,A,standard,,False,101030_1101.pdf,101030_MOD1101.pdf
MOEX-101030-1101-Q005,101,第一次,101030,1101,5,解剖學,骨盆與會陰,骨盆與會陰,下列何者直接連結膀胱的頂端（apex）？,懸韌帶,臍外韌帶,臍內韌帶,臍正中韌帶,,D,D,standard,,False,101030_1101.pdf,101030_MOD1101.pdf
MOEX-101030-1101-Q006,101,第一次,101030,1101,6,解剖學,下肢,下肢,闊筋膜張肌（tensor fasciae latae）退化萎縮，可能因下列何者受損而造成？,臀上神經,臀下神經,閉孔神經,坐骨神經,,A,A,standard,,False,101030_1101.pdf,101030_MOD1101.pdf
MOEX-101030-1101-Q007,101,第一次,101030,1101,7,解剖學,上肢,上肢,下列何者不屬於屈戌關節（hinge joint）？,肩關節（Shoulder joint）,踝關節（Ankle joint）,肘關節（Elbow joint）,指間關節（Interphalangeal joint）,,A,A,standard,,False,101030_1101.pdf,101030_MOD1101.pdf
MOEX-101030-1101-Q008,101,第一次,101030,1101,8,解剖學,上肢,上肢,肱骨內上髁（medial epicondyle）骨折最可能傷害下列何者？,肌皮神經,正中神經,橈神經,尺神經,,D,D,standard,,False,101030_1101.pdf,101030_MOD1101.pdf
MOEX-101030-1101-Q009,101,第一次,101030,1101,9,解剖學,下肢,下肢,小腿骨折造成足踝無法背屈（dorsiflexion），下列何者最可能受傷？,股神經,腓神經,脛神經,坐骨神經,,B,B,standard,,False,101030_1101.pdf,101030_MOD1101.pdf
MOEX-101030-1101-Q010,101,第一次,101030,1101,10,解剖學,上肢,上肢,下列有關手部神經支配的敘述，何者錯誤？,正中神經是負責手掌大拇指側感覺的主要神經,尺神經負責手掌內側的感覺,橈神經負責整個手背的感覺,尺神經受傷，會造成第四及第五指的遠端指間關節不能屈曲,,C,C,standard,,False,101030_1101.pdf,101030_MOD1101.pdf
MOEX-101030-1101-Q011,101,第一次,101030,1101,11,解剖學,胸腔,胸腔,下列何者屬於肩旋轉肌群？,小圓肌,胸大肌,提肩胛肌,大菱形肌,,A,A,standard,,False,101030_1101.pdf,101030_MOD1101.pdf
MOEX-101030-1101-Q012,101,第一次,101030,1101,12,解剖學,神經解剖,神經解剖,雙眼外側視野二分之一缺損（bilateral temporal hemianopia），最可能的損傷部位是：,視神經（optic nerve）,外側膝狀體（lateral geniculate body）,視徑（optic tract）,視交叉（optic chiasm）,,D,D,standard,,False,101030_1101.pdf,101030_MOD1101.pdf
MOEX-101030-1101-Q013,101,第一次,101030,1101,13,解剖學,胸腔,胸腔,胸骨旁，第五肋間深約 1 公分的穿刺傷，造成大量出血，最可能受傷的動脈是：,最上肋間動脈（supreme intercostal artery）,內胸動脈（internal thoracic artery）,肌膈動脈（musculophrenic artery）,肋下動脈（subcostal artery）,,B,B,standard,,False,101030_1101.pdf,101030_MOD1101.pdf
MOEX-101030-1101-Q014,101,第一次,101030,1101,14,解剖學,上肢,上肢,腕關節（wrist joint）屬於下列何種關節？,髁狀關節（condyloid joint）,球窩關節（ball and socket joint）,鞍型關節（saddle joint）,屈戌關節（hinge joint）,,A,A,standard,,False,101030_1101.pdf,101030_MOD1101.pdf
MOEX-101030-1101-Q015,101,第一次,101030,1101,15,解剖學,上肢,上肢,30 歲男性工人，工作時被玻璃割傷，前臂腹面，離腕關節 3 公分的小指側有一 2 公分傷口，檢查時， 有血液湧出，請問最可能是下列何構造受損？,橈動脈,尺動脈,臂動脈,指動脈,,B,B,standard,,False,101030_1101.pdf,101030_MOD1101.pdf
MOEX-101030-1101-Q016,101,第一次,101030,1101,16,解剖學,上肢,上肢,病人上臂骨折後，手腕無法伸展，最可能是下列何者受傷所造成？,正中神經,腋神經,尺神經,橈神經,,D,D,standard,,False,101030_1101.pdf,101030_MOD1101.pdf
MOEX-101030-1101-Q017,101,第一次,101030,1101,17,組織學,組織學,,肝癌的治療可以經由血管打入藥物造成栓塞以殺死腫瘤細胞，臨床上最適合的路徑是把藥物打入：,肝靜脈,主動脈,門靜脈,肝動脈,,D,D,standard,,False,101030_1101.pdf,101030_MOD1101.pdf
MOEX-101030-1101-Q018,101,第一次,101030,1101,18,解剖學,腹部,腹部,肝門靜脈高壓（portal hypertension）最不可能造成下列何種現象？,痔瘡,食道靜脈曲張,下肢靜脈曲張,脾靜脈壓力升高,,C,C,standard,,False,101030_1101.pdf,101030_MOD1101.pdf
MOEX-101030-1101-Q019,101,第一次,101030,1101,19,解剖學,胸腔,胸腔,縱膈手術後，聲音沙啞且聲帶不動，下列何者的分支最可能損傷？,膈神經,副神經,迷走神經,交感神經叢,,C,C,standard,,False,101030_1101.pdf,101030_MOD1101.pdf
MOEX-101030-1101-Q020,101,第一次,101030,1101,20,解剖學,神經解剖,神經解剖,下列何者阻塞時，最可能造成右側肢體無力及運動型失語症（Broca’s aphasia）？,前大腦動脈,中大腦動脈,後大腦動脈,椎動脈,,B,B,standard,,False,101030_1101.pdf,101030_MOD1101.pdf
MOEX-101030-1101-Q021,101,第一次,101030,1101,21,解剖學,頭頸部,頭頸部,第三顱神經受損，最可能影響下列何種動作？,咀嚼,臉龐流汗,緊閉眼睛,上眼瞼上抬,,D,D,standard,,False,101030_1101.pdf,101030_MOD1101.pdf
MOEX-101030-1101-Q022,101,第一次,101030,1101,22,解剖學,頭頸部,頭頸部,以手電筒照射病患左眼時，其左瞳孔收縮，右瞳孔無反應，其可能的原因為？,病患兩眼完全正常,右視神經失能,左視神經失能,右動眼神經受損,,D,D,standard,,False,101030_1101.pdf,101030_MOD1101.pdf
MOEX-101030-1101-Q023,101,第一次,101030,1101,23,未分類,,,神經傳遞物質的釋放過程與下列何離子有關？,鎂,鈣,鈉,鉀,,#,A|B|C|D,multiple_accepted,第23題答A或B或C或D者給分，,False,101030_1101.pdf,101030_MOD1101.pdf
MOEX-101030-1101-Q024,101,第一次,101030,1101,24,未分類,,,有關顱內靜脈竇（venous sinuses）之敘述，何者錯誤？,上矢狀竇（superior sagittal sinus）內之血液流向竇匯（confluence of sinuses）,乙狀竇（sigmoid sinus）直接承接橫竇（transverse sinus）流過來之血液,岩下竇（inferior petrosal sinus）內之血液直接流向乙狀竇,下矢狀竇（inferior sagittal sinus）內之血液直接流向岩上竇（superior petrosal sinus）,,D,D,standard,,False,101030_1101.pdf,101030_MOD1101.pdf
MOEX-101030-1101-Q025,101,第一次,101030,1101,25,組織學,組織學,,下列有關顱神經（cranial nerve）的敘述，何者正確？,動眼神經支配第一對咽弓所衍生的結構,滑車神經源自同側神經核在上、下丘間出中腦,三叉神經眼枝支配提上眼瞼肌（superior levator palpebrae muscle）,外展神經核（abducent nucleus）接受對側動眼神經調節眼球運動,,D,D,standard,,False,101030_1101.pdf,101030_MOD1101.pdf
MOEX-101030-1101-Q026,101,第一次,101030,1101,26,解剖學,神經解剖,神經解剖,下列何處是突觸後多巴胺一型和二型受器（D1/D2）的主要分布地方？,殼核（putamen）,底丘腦核（subthalamic nucleus）,蒼白球（globus pallidus）,黑質（substantia nigra）,,A,A,standard,,False,101030_1101.pdf,101030_MOD1101.pdf
MOEX-101030-1101-Q027,101,第一次,101030,1101,27,解剖學,下肢,下肢,車禍造成腓骨近側端骨折，下列何者最不可能出現？,垂足（foot-drop）,喪失足背感覺,喪失小腿前外側的感覺,第一蹠骨（metatarsal）頭部以後的內側足部感覺喪失,,D,D,standard,,False,101030_1101.pdf,101030_MOD1101.pdf
MOEX-101030-1101-Q028,101,第一次,101030,1101,28,解剖學,胸腔,胸腔,嬰兒開始站立行走後，下列何者最為明顯？,頸彎曲,胸彎曲,腰彎曲,薦彎曲,,C,C,standard,,False,101030_1101.pdf,101030_MOD1101.pdf
MOEX-101030-1101-Q029,101,第一次,101030,1101,29,胚胎學,胚胎學,,若孕婦羊水過少（oligohydramnios），則胎兒最有可能伴隨下列何缺陷？,無腦畸形（anencephaly）,食道閉鎖（esophageal atresia）,缺少臍動脈（umbilical artery）,腎臟未發育（renal agenesis）,,D,D,standard,,False,101030_1101.pdf,101030_MOD1101.pdf
MOEX-101030-1101-Q030,101,第一次,101030,1101,30,胚胎學,胚胎學,,下列何種藥物不會通過胎盤膜（placental membrane）？,四環素（tetracycline）,肝素（heparin）,視黃酸（retinoic acid）,胰島素（insulin）,,#,B|D,multiple_accepted,第30題答B或D或BD者均給分，,False,101030_1101.pdf,101030_MOD1101.pdf
MOEX-101030-1101-Q031,101,第一次,101030,1101,31,胚胎學,胚胎學,,下列何者與尾畸胎瘤（sacrococcygeal teratoma）的形成有關？,脊索（notochord）的存留,原條（primitive streak）的殘存,脊索前板（prechordal plate）的發育,胚外中胚層的增生,,B,B,standard,,False,101030_1101.pdf,101030_MOD1101.pdf
MOEX-101030-1101-Q032,101,第一次,101030,1101,32,胚胎學,胚胎學,,下列何者之血管形成臍動脈和臍靜脈？,羊膜（amnion）,絨毛膜（chorion）,卵黃囊（yolk sac）,尿囊（allantois）,,D,D,standard,,False,101030_1101.pdf,101030_MOD1101.pdf
MOEX-101030-1101-Q033,101,第一次,101030,1101,33,微生物免疫學/寄生蟲學,微生物免疫/寄生蟲,,為鑑定組織切片上某一蛋白質表現位置，最敏感且專一性的方法是：,蘇木精與伊紅染色法（hematoxylin and eosin）,過碘酸-席夫染色法（Periodic acid-Schiff）,免疫細胞化學法（immunocytochemistry）,組織化學法（histochemistry）,,C,C,standard,,False,101030_1101.pdf,101030_MOD1101.pdf
MOEX-101030-1101-Q034,101,第一次,101030,1101,34,組織學,組織學,,在血液抹片染色，下列何者是最大的血球？,紅血球,淋巴球,單核球,嗜中性球,,C,C,standard,,False,101030_1101.pdf,101030_MOD1101.pdf
MOEX-101030-1101-Q035,101,第一次,101030,1101,35,組織學,組織學,,人體中數量最少的白血球是：,淋巴球（lymphocytes）,嗜中性球（neutrophils）,嗜伊紅球（eosinophils）,嗜鹼性球（basophils）,,D,D,standard,,False,101030_1101.pdf,101030_MOD1101.pdf
MOEX-101030-1101-Q036,101,第一次,101030,1101,36,組織學,組織學,,下列何者含有最少量的結締組織？,腎臟實質,肝臟實質,大腦實質,舌實質,,C,C,standard,,False,101030_1101.pdf,101030_MOD1101.pdf
MOEX-101030-1101-Q037,101,第一次,101030,1101,37,組織學,組織學,,下列對於「心房利鈉尿肽（atrial natriuretic peptide）」之敘述，何者正確？,主要由心室之心肌細胞負責分泌,主要由內皮細胞負責分泌,主要功能為增加血壓,主要功能為調節電解質及降低血壓,,D,D,standard,,False,101030_1101.pdf,101030_MOD1101.pdf
MOEX-101030-1101-Q038,101,第一次,101030,1101,38,組織學,組織學,,橫結腸的特徵不包括下列何者？,管狀腸腺（tubular intestinal glands）,黏膜肌層（muscularis mucosae）,結腸帶（taeniae coli）,腸絨毛（villi）,,D,D,standard,,False,101030_1101.pdf,101030_MOD1101.pdf
MOEX-101030-1101-Q039,101,第一次,101030,1101,39,胚胎學,胚胎學,,有關腎絲球內之環間細胞（mesangial cells），下列敘述何者錯誤？,胚胎發育上，此細胞源於單核吞噬系統（mononuclear phagocytotic system）之先驅細胞,當腎絲球受傷時，此細胞可以分泌白血球間質-1（interleukin-1）,此細胞具有吞噬能力（phagocytosis）以去除腎絲球過濾後之殘渣物,此細胞可以提供足細胞（podocyte）結構上的支持,,A,A,standard,,False,101030_1101.pdf,101030_MOD1101.pdf
MOEX-101030-1101-Q040,101,第一次,101030,1101,40,胚胎學,胚胎學,,有關胎盤障蔽（placental barrier）的敘述，下列何者正確？,在懷孕第四個月開始時，胎盤障蔽開始逐漸變厚,胎盤障蔽的絨毛壁逐漸變薄，是由於合體滋養層（syncytiotrophoblast）退化所致,胎盤障蔽與肺之血空氣障蔽在組織結構與功能上極為相似,胎盤障蔽在最薄的部分，含有一層連續而完整的細胞滋養層（cytotrophoblast）,,C,C,standard,,False,101030_1101.pdf,101030_MOD1101.pdf
MOEX-101030-1101-Q041,101,第一次,101030,1101,41,組織學,組織學,,有關中耳（middle ear）的敘述，下列何者正確？,聽管（auditory or Eustachian tube）平時是開的，僅在吞嚥或喊叫才關閉,三塊聽骨為透明軟骨,中耳腔又稱鼓室（tympanic cavity）,聽小骨間藉由韌帶聯合而形成關節,,C,C,standard,,False,101030_1101.pdf,101030_MOD1101.pdf
MOEX-101030-1101-Q042,101,第一次,101030,1101,42,微生物免疫學/寄生蟲學,微生物免疫/寄生蟲,,傷寒桿菌（Salmonella Typhi）的重要毒力因素，也被用以製成疫苗的 Vi 抗原所含的成分是：,溶血素（hemolysin）,莢膜多糖體（capsular polysaccharides）,胜肽聚糖（peptidoglycan）,鞭毛素（flagellin）,,B,B,standard,,False,101030_1101.pdf,101030_MOD1101.pdf
MOEX-101030-1101-Q043,101,第一次,101030,1101,43,微生物免疫學/寄生蟲學,微生物免疫/寄生蟲,,臨床上患者呈現「Strawberry tongne」之特徵很可能是感染下列何種疾病？,Scarlet fever,Streptococcal toxin shock syndrome,Staphylococcal toxin shock syndrome,Rheumatic fever,,#,A|B|C|D,all_credit,第43題 一律給分，,False,101030_1101.pdf,101030_MOD1101.pdf
MOEX-101030-1101-Q044,101,第一次,101030,1101,44,微生物免疫學/寄生蟲學,微生物免疫/寄生蟲,,關於細菌基因形成 operon 的敘述，何者錯誤？,通常由數個相關基因組成,由一個 promoter 控制轉錄,轉錄時不能同時進行基因的轉譯,轉錄之 RNA 通常包含數個基因,,C,C,standard,,False,101030_1101.pdf,101030_MOD1101.pdf
MOEX-101030-1101-Q045,101,第一次,101030,1101,45,微生物免疫學/寄生蟲學,微生物免疫/寄生蟲,,下列何者對於預防外傷病人發生破傷風（tetanus）和氣性壞疽（gas gangrene）均極重要？,給予抗毒素,送入高壓氧艙,清除壞死組織,給予疫苗,,C,C,standard,,False,101030_1101.pdf,101030_MOD1101.pdf
MOEX-101030-1101-Q046,101,第一次,101030,1101,46,微生物免疫學/寄生蟲學,微生物免疫/寄生蟲,,下列關於 Bacillus anthracis 感染的敘述，何者錯誤？,經由皮膚感染是人類最罕見的傳染方式,在草食性動物最常見的感染途徑是食入孢子,吸入性傳染是在畜牧業從業人員常見的感染途徑,生化武器攻擊最常用的是吸入性的感染途徑,,A,A,standard,,False,101030_1101.pdf,101030_MOD1101.pdf
MOEX-101030-1101-Q047,101,第一次,101030,1101,47,微生物免疫學/寄生蟲學,微生物免疫/寄生蟲,,某國小爆發數十名學童先後在 5 日內發生下痢的事件，症狀包含腹瀉、發燒、嘔吐、裏急後重（tenesmus）。 由其中十多名患者的糞便中及該校師生用來洗手的地下水中，分離出一株不發酵乳糖、無運動性之 腸內桿菌科（Enterobacteriaceae）細菌。衛生單位對患者施以居家隔離，消毒地下水，並對全校師生 投予抗生素後，疫情幸未再擴大。下列菌屬中，何者最有可能是造成此次事件的元兇？,埃希氏菌屬（Escherichia）,沙門氏菌屬（Salmonella）,志賀氏菌屬（Shigella）,耶爾辛氏菌屬（Yersinia）,,C,C,standard,,False,101030_1101.pdf,101030_MOD1101.pdf
MOEX-101030-1101-Q048,101,第一次,101030,1101,48,組織學,組織學,,承上題，下列有關此菌屬的敘述，何者錯誤？,能造成吞噬細胞之凋亡（apoptosis）,人類是唯一的貯存宿主（reservoir）,易侵入病人血液，造成敗血症（sepsis）,常藉由人與人直接接觸而散播,,C,C,standard,,False,101030_1101.pdf,101030_MOD1101.pdf
MOEX-101030-1101-Q049,101,第一次,101030,1101,49,微生物免疫學/寄生蟲學,微生物免疫/寄生蟲,,一人因胃部疼痛而求診，內視鏡檢查發現是胃潰瘍，經採胃部切片檢驗後發現為幽門桿菌感染，因 此醫師開了三種抗生素給患者服用，其一是 clarithromycin。此抗生素之主要作用機轉為何？,抑制該菌之細胞壁合成,抑制該菌之核酸合成,抑制該菌之蛋白質合成,抑制該菌之細胞膜合成,,C,C,standard,,False,101030_1101.pdf,101030_MOD1101.pdf
MOEX-101030-1101-Q050,101,第一次,101030,1101,50,微生物免疫學/寄生蟲學,微生物免疫/寄生蟲,,一位 70 歲老先生，平常有抽菸的習慣，有經常性的咳嗽，直到日前咳嗽加劇且痰液變黃，並伴隨高 燒、寒顫、腹瀉、全身痠痛疲倦等症狀。一開始到一般診所就診，初步診斷為急性支氣管炎，服藥 後病情不但沒改善，反而加重變成了神智不清；後來轉送到大醫院住院。經檢查後，醫師告知是為 嗜肺性退伍軍人菌（Legionella pneumophila）感染之「退伍軍人症」。下列相關敘述，何者錯誤？,該致病菌是一種好氧的革蘭氏陰性桿菌,水是該致病菌的天然生長處,院內感染來源可能來自於空調系統的冷卻水塔,該菌主要藉人與人之間互相傳染,,D,D,standard,,False,101030_1101.pdf,101030_MOD1101.pdf
MOEX-101030-1101-Q051,101,第一次,101030,1101,51,微生物免疫學/寄生蟲學,微生物免疫/寄生蟲,,單純疹病毒（Herpes simplex virus）之治療藥物樂威素（Acyclovir），其抑制病毒複製之機轉為何？,阻止病毒胸腺激（thymidine kinase）作用,阻止病毒 DNA 之複製,阻止病毒附著於寄主細胞上,阻止病毒之解體（uncoating）,,B,B,standard,,False,101030_1101.pdf,101030_MOD1101.pdf
MOEX-101030-1101-Q052,101,第一次,101030,1101,52,微生物免疫學/寄生蟲學,微生物免疫/寄生蟲,,HIV-1 經由黏膜感染進入人體時，主要藉由何種細胞攜帶進入淋巴結？,NK cell,CD8 T cell,Dendritic cell,CD4 T cell,,C,C,standard,,False,101030_1101.pdf,101030_MOD1101.pdf
MOEX-101030-1101-Q053,101,第一次,101030,1101,53,微生物免疫學/寄生蟲學,微生物免疫/寄生蟲,,下列那一種疾病不是由 Epstein-Barr 病毒（EBV）引起的？,毛狀口腔白斑病（Hairy oral leukoplakia）,角膜結膜炎（Keratoconjunctivitis）,傳染性單核球增多症（Infectious mononucleosis）,伯奇氏淋巴瘤（Burkitt lymphoma）,,#,A|B|C|D,all_credit,第53題一律給分，,False,101030_1101.pdf,101030_MOD1101.pdf
MOEX-101030-1101-Q054,101,第一次,101030,1101,54,微生物免疫學/寄生蟲學,微生物免疫/寄生蟲,,下列那一病毒感染，不經由抑制寄主腫瘤抑制基因之功能形成腫瘤？,腺病毒（Adenovirus）,人類嗜 T 淋巴球病毒（HTLV-1）,人類乳突病毒（HPV）,多瘤病毒（SV40）,,#,A|B|C|D,all_credit,第54題一律給分，,False,101030_1101.pdf,101030_MOD1101.pdf
MOEX-101030-1101-Q055,101,第一次,101030,1101,55,微生物免疫學/寄生蟲學,微生物免疫/寄生蟲,,一位有多位性伴侶之少女在陰道出現潰瘍性瘡傷，並有發癢、疼痛、排尿困難及全身性症狀，並持 續發燒 10 天左右，Papanicolaou（Pap）抹片檢查顯示多核巨大細胞（syncytia）及 Cowdry A 型包涵 體，此少女之病徵是由何病毒感染所引起的？,單純疹病毒（Herpes simplex virus）,人類乳突病毒（HPV）,細小病毒 B19（Parvovirus B19）,德國麻疹病毒（Rubella virus）,,A,A,standard,,False,101030_1101.pdf,101030_MOD1101.pdf
MOEX-101030-1101-Q056,101,第一次,101030,1101,56,微生物免疫學/寄生蟲學,微生物免疫/寄生蟲,,某醫院育嬰室之 25 歲護士，回家後出現流鼻水、輕微咳嗽及稍微發燒現象，此狀況延續了數天，咳 嗽變的更嚴重，並發出“吠”的聲音，激動時會有喘鳴聲。除此之外，該護士看來無異樣，除了一直 咳嗽，經 X 光檢查發現頸部內下聲門明顯變窄。此症狀由下列何種病毒感染所引起？,副流行性感冒病毒（Parainfluenza virus）,流行性感冒病毒（Influenza virus）,呼吸道細胞融合病毒（Respiratory syncytial virus）,鼻病毒（Rhinovirus）,,#,A|C,multiple_accepted,第56題答A或C或AC者均 給分，,False,101030_1101.pdf,101030_MOD1101.pdf
MOEX-101030-1101-Q057,101,第一次,101030,1101,57,微生物免疫學/寄生蟲學,微生物免疫/寄生蟲,,構成真菌細胞壁之主要成分為何？,幾丁質（Chitin）以及 α-1-4-葡萄聚醣（α-1-4-glucan）,幾丁質以及 β-1-3-葡萄聚醣（β-1-3-glucan）,肽醣（Peptidoglycan）以及 β-1-4-葡萄聚醣,幾丁質以及 α-1-6-葡萄聚醣（α-1-6-glucan）,,B,B,standard,,False,101030_1101.pdf,101030_MOD1101.pdf
MOEX-101030-1101-Q058,101,第一次,101030,1101,58,微生物免疫學/寄生蟲學,微生物免疫/寄生蟲,,Azoles 抗真菌藥物，由構造上可分成 Imidazoles 及 Triazoles 兩大類。下列何者屬於 Imidazoles？,Fluconazole,Ketoconazole,Itraconazole,Voriconazole,,B,B,standard,,False,101030_1101.pdf,101030_MOD1101.pdf
MOEX-101030-1101-Q059,101,第一次,101030,1101,59,微生物免疫學/寄生蟲學,微生物免疫/寄生蟲,,一位微生物實驗室助理吳小姐 25 歲，右手食指指甲發展成類似灰指甲（Onychomycosis）症狀有 6 個月，但感染指甲周邊皮膚並沒有脫皮、起水泡或搔癢。吳小姐自小學起就有咬指甲之習慣，最近發現 指甲變得很醜，於是到醫院皮膚科就診。皮膚科醫師以指甲剪取樣，其中一部分在門診以 10% KOH 處 理並且以顯微鏡觀察，結果顯示指甲中有酵母菌（Yeast）、及長短不一之菌絲（Hyphae）。兩星期 後指甲培養之結果出來，感染之病原菌很可能是一種平滑（Smooth）菌落、乳白色（Creamy）、出 芽型酵母菌（Budding yeast）；有假菌絲（Pseudohyphae）及芽管（Germ tube）產生，PCR 分析也 證明該菌之種類。於是醫師就開 Terbinafine 口服處方，兩個月後吳小姐的指甲也就復原。該菌最可 能是下列那一病原？,Trichophyton rubrum,Epidermophyton floccosum,Microsporum canis,Candida albicans,,D,D,standard,,False,101030_1101.pdf,101030_MOD1101.pdf
MOEX-101030-1101-Q060,101,第一次,101030,1101,60,微生物免疫學/寄生蟲學,微生物免疫/寄生蟲,,下列那一類抗生素是藉由干擾細菌 RNA 合成的機制，且可用來治療結核桿菌及痲瘋分枝桿菌的感染， 但口服後尿液會呈橘紅色？,isoniazid,ethionamide,cycloserine,rifampin,,D,D,standard,,False,101030_1101.pdf,101030_MOD1101.pdf
MOEX-101030-1101-Q061,101,第一次,101030,1101,61,微生物免疫學/寄生蟲學,微生物免疫/寄生蟲,,下列何種疾病之病原菌非藉由節肢動物為傳播媒介？,萊姆病（Lyme disease）,梅毒（Syphilis）,落磯山斑疹熱（Rocky mountain spotted fever）,斑疹傷寒（Murine endemic typhus）,,B,B,standard,,False,101030_1101.pdf,101030_MOD1101.pdf
MOEX-101030-1101-Q062,101,第一次,101030,1101,62,微生物免疫學/寄生蟲學,微生物免疫/寄生蟲,,"進入血液中的抗原會在何處被抗原呈獻細胞（antigen-presenting cell, APC）呈獻給 T 淋巴細胞辨識， 而活化宿主的特異性免疫反應（specific immunity）？",骨髓（Bone marrow）,黏膜淋巴組織（Mucosa-associated lymphoid tissue；MALT）,心臟（heart）,脾臟（spleen）,,D,D,standard,,False,101030_1101.pdf,101030_MOD1101.pdf
MOEX-101030-1101-Q063,101,第一次,101030,1101,63,微生物免疫學/寄生蟲學,微生物免疫/寄生蟲,,Toll-like 受器（TLRs）執行訊息傳遞，下列那一種存在於細胞膜上，能接受細菌之 lipopolysaccharide （LPS）刺激？,TLR-3,TLR-4,TLR-5,TLR-7,,B,B,standard,,False,101030_1101.pdf,101030_MOD1101.pdf
MOEX-101030-1101-Q064,101,第一次,101030,1101,64,微生物免疫學/寄生蟲學,微生物免疫/寄生蟲,,一個曾經被流感病毒感染過的人，其體內最具中和性保護力的抗體，應具有辨識那一種病毒蛋白質 的能力？,"血球凝集素（hemagglutinin, HA）","基質（matrix, M）蛋白","核套蛋白（nucleocapsid, NP）","非結構（nonstructural, NS）蛋白",,A,A,standard,,False,101030_1101.pdf,101030_MOD1101.pdf
MOEX-101030-1101-Q065,101,第一次,101030,1101,65,微生物免疫學/寄生蟲學,微生物免疫/寄生蟲,,40 餘歲女性出現眼睛疼痛、疲憊、消瘦、雙手顫抖等症狀，檢查結果為甲狀腺功能過高，且出現促 甲狀腺荷爾蒙受體（TSH receptor）抗體的葛瑞夫氏症（Graves’ disease）。這個疾病的成因為何？,感染症破壞甲狀腺體，引起功能過高,產生出自體抗體的自體免疫疾病,攝取碘質過多，引起甲狀腺功能過高,電解質代謝失常，引起甲狀腺功能過高,,B,B,standard,,False,101030_1101.pdf,101030_MOD1101.pdf
MOEX-101030-1101-Q066,101,第一次,101030,1101,66,微生物免疫學/寄生蟲學,微生物免疫/寄生蟲,,胸腺中，那一種細胞可表現主要組織抗原（MHC）以促進正選擇（positive selection）？,皮質表皮細胞（cortical epithelial cell）,髓質表皮細胞（medullary epithelial cell）,巨噬細胞（macrophage）,樹突細胞（dendritic cell）,,A,A,standard,,False,101030_1101.pdf,101030_MOD1101.pdf
MOEX-101030-1101-Q067,101,第一次,101030,1101,67,微生物免疫學/寄生蟲學,微生物免疫/寄生蟲,,Plasmacytoid dendritic cell 主要藉由分泌何類細胞激素來對抗病毒？,Type Ⅰ interferons,IFN-γ,TNF-α,IL-2 + +,,A,A,standard,,False,101030_1101.pdf,101030_MOD1101.pdf
MOEX-101030-1101-Q068,101,第一次,101030,1101,68,公共衛生學,公共衛生,,記憶性 CD8 T 細胞的分化與功能維持，需要 CD4 T 細胞的幫忙，以目前研究所知，那些分子訊息 參與這個過程？,CD28 與 IFN-γ,CD40 與 IFN-γ,CD40 與 IL-2,CD28 與 IL-2,,C,C,standard,,False,101030_1101.pdf,101030_MOD1101.pdf
MOEX-101030-1101-Q069,101,第一次,101030,1101,69,微生物免疫學/寄生蟲學,微生物免疫/寄生蟲,,下列那一項是免疫球蛋白受器（Fc receptor）的主要功能？,直接與抗原結合,與 T 細胞受體（T cell receptor）結合,增進吞噬功能（phagocytosis）,刺激產生介白素-2（interleukin-2）,,C,C,standard,,False,101030_1101.pdf,101030_MOD1101.pdf
MOEX-101030-1101-Q070,101,第一次,101030,1101,70,微生物免疫學/寄生蟲學,微生物免疫/寄生蟲,,抗體與抗原分子結合時的反應力不包含下列那一項？,共價鍵結（covalent bond）,氫鍵結（hydrogen bond）,疏水性反應力（hydrophobic force）,凡得瓦力（van der Waals force）,,A,A,standard,,False,101030_1101.pdf,101030_MOD1101.pdf
MOEX-101030-1101-Q071,101,第一次,101030,1101,71,微生物免疫學/寄生蟲學,微生物免疫/寄生蟲,,小新得到喉嚨感染，醫師為他做了喉頭細菌培養發現鏈狀排列的格蘭氏陽性菌。小新三週以後出現 心臟衰竭而住院。醫師發現他有新出現的心雜音，診斷為風濕性心臟病。關於此病患的疾病，下列 敘述，何者正確？,他的心衰竭主要是腎炎引發的高血壓所引起,細菌在心臟瓣膜上繁殖而引起疾病,他可能也會發生關節腫痛的症狀,病患的免疫系統對細菌產生免疫容忍而無法清除細菌,,C,C,standard,,False,101030_1101.pdf,101030_MOD1101.pdf
MOEX-101030-1101-Q072,101,第一次,101030,1101,72,微生物免疫學/寄生蟲學,微生物免疫/寄生蟲,,志玲每次戴了含鎳的項鍊或耳環表演後幾天就會在接觸的地方產生癢疹。皮膚科醫師認為是免疫反 應產生的過敏性皮膚炎。這些認識含鎳抗原的免疫細胞是在何處產生敏感化（sensitization），在何 處執行其免疫功能（effector function）？,敏感化：皮膚，執行功能：淋巴結,敏感化：淋巴結，執行功能：皮膚,敏感化和執行功能都在皮膚,敏感化和執行功能都在淋巴結,,B,B,standard,,False,101030_1101.pdf,101030_MOD1101.pdf
MOEX-101030-1101-Q073,101,第一次,101030,1101,73,微生物免疫學/寄生蟲學,微生物免疫/寄生蟲,,抗體之效能作用（effector functions）由其分子中那一個部位決定？,重鏈（heavy chain）之變異區（variable region）,重鏈之不變區（constant region）,輕鏈（light chain）之變異區,輕鏈之不變區,,B,B,standard,,False,101030_1101.pdf,101030_MOD1101.pdf
MOEX-101030-1101-Q074,101,第一次,101030,1101,74,微生物免疫學/寄生蟲學,微生物免疫/寄生蟲,,李媽媽腎臟衰竭到了末期，接受透析治療一段時間後，接受了腎臟移植。由一陌生的車禍腦死捐贈 者得到一枚腎臟。李媽媽與捐贈者的主要組織抗原（Major Histocompatibility Complex）測試定型是 完全相同的。但是李媽媽腎臟移植之後仍出現排斥反應，其原因可能為何？,目前主要組織抗原測試定型的精確度尚有不足。而且次要組織抗原（Minor Histocompatibility Antigens）不同也會引起排斥反應,李媽媽長期透析治療，引起過高的異體免疫反應（alloreactivity）,腎臟移植手術時，種入之腎臟中帶有捐贈者之免疫細胞而引起之植入物抗宿主（graft versus host）免 疫反應,因捐贈者為 B 肝帶原（HBsAg positive），植入之腎臟中之 HBsAg 引起連串免疫反應進行導致排 斥反應,,A,A,standard,,False,101030_1101.pdf,101030_MOD1101.pdf
MOEX-101030-1101-Q075,101,第一次,101030,1101,75,微生物免疫學/寄生蟲學,微生物免疫/寄生蟲,,在臺灣，虎皮蛙（Rana rugulosa）及金線蛙（Rana plancyi）是下列何種人類寄生蟲的保蚴宿主（paratenic host）？,廣東住血線蟲（Angiostrongylus cantonensis）,菲律賓毛線蟲（Capillaria philippinensis）,廣節裂頭絛蟲（Diphyllobothrium latum）,衛氏肺吸蟲（Paragonimus westermani）,,A,A,standard,,False,101030_1101.pdf,101030_MOD1101.pdf
MOEX-101030-1101-Q076,101,第一次,101030,1101,76,未分類,,,下 列 何 種 人 體 寄 生 蟲 感 染 常 引 起 嗜 伊 紅 性 腦 膜 炎 或 腦 膜 腦 炎 （ eosinophilic meningitis or meningoencephalitis）？,日本血吸蟲（Schistosoma japonicum）,旋毛蟲（Trichinella spiralis）,廣東住血線蟲（Angiostrongylus cantonensis）,有鉤絛蟲（Taenia solium）,,C,C,standard,,False,101030_1101.pdf,101030_MOD1101.pdf
MOEX-101030-1101-Q077,101,第一次,101030,1101,77,微生物免疫學/寄生蟲學,微生物免疫/寄生蟲,,李先生參加農耕隊服務於巴西，回國後腳部皮膚有出疹現象，診斷為泳者之癢（swimmer’s itch）， 請問下列敘述何者正確？,止癢劑（antipruritic）及抗組織胺（antihistamine）可舒緩症狀,使用 mebendazole 可治療痊癒,在皮下組織一段時間後會在骨骼肌中形成包囊,是因人類血吸蟲尾動幼蟲（cercaria）感染而引起,,A,A,standard,,False,101030_1101.pdf,101030_MOD1101.pdf
MOEX-101030-1101-Q078,101,第一次,101030,1101,78,微生物免疫學/寄生蟲學,微生物免疫/寄生蟲,,日本血吸蟲（Schistosoma japonicum）那一發育時期的蟲體會感染人？,蟲卵,纖毛幼蟲（miracidium）,尾動幼蟲（cercaria）,囊狀幼蟲（metacercaria）,,C,C,standard,,False,101030_1101.pdf,101030_MOD1101.pdf
MOEX-101030-1101-Q079,101,第一次,101030,1101,79,微生物免疫學/寄生蟲學,微生物免疫/寄生蟲,,下列有關瘧疾的敘述，何者正確？,西非的黑人及其後裔，血型多為 Duffy 陰性，不會感染間日瘧,卵形瘧原蟲的滋養體在血液抹片上之鑑定特徵，是看其是否有帶狀型滋養體（band form trophozoites）,三日瘧原蟲較喜侵入網織紅血球（reticulocytes）中分裂增殖,全球各地的惡性瘧都已出現 chloroquine-resistance,,#,A|B|C|D,all_credit,第79題一律給分。,False,101030_1101.pdf,101030_MOD1101.pdf
MOEX-101030-1101-Q080,101,第一次,101030,1101,80,組織學,組織學,,下列有關阿米巴的敘述，何者錯誤？,寄生人體的阿米巴類，大多數的種類無致病性,寄生人體的阿米巴類都會形成囊體,腸道寄生的阿米巴可以用 hematoxylin 及 trichrome stain 來染色,細胞核的形態是阿米巴的分類依據之一,,B,B,standard,,False,101030_1101.pdf,101030_MOD1101.pdf
MOEX-101030-1101-Q081,101,第一次,101030,1101,81,微生物免疫學/寄生蟲學,微生物免疫/寄生蟲,,錐鼻蟲（reduviid bug）可以媒介下列何種寄生蟲病？,查加斯氏病（Chagas’ disease）,利什曼症（Leishmaniasis）,睡眠病（Sleeping sickness）,黑熱病（Kala-azar）,,A,A,standard,,False,101030_1101.pdf,101030_MOD1101.pdf
MOEX-101030-1101-Q082,101,第一次,101030,1101,82,未分類,,,下列何者為傳播人畜共通萊姆病（Lyme disease）之病媒？,鹿蜱（Ixodes dammini）,鼠蚤（Xenopsylla cheopis）,體蝨（body louse）,臭蟲（bedbug）,,A,A,standard,,False,101030_1101.pdf,101030_MOD1101.pdf
MOEX-101030-1101-Q083,101,第一次,101030,1101,83,未分類,,,評估醫療品質，常用 Donabedian 所提出的三個構面來檢視，其中，落實醫事人員證照制度，是在改 善那一個構面？,背景,結構,過程,結果,,B,B,standard,,False,101030_1101.pdf,101030_MOD1101.pdf
MOEX-101030-1101-Q084,101,第一次,101030,1101,84,未分類,,,有關醫療社會化（medical socialization）之可能結果，請由下列選項中選出最適當的組合關係？①造 成醫療價格高漲 ②非醫療需求者亦需負擔醫療費用 ③易引起醫療供給者之反彈 ④易引起高所 得者之不滿與不安,①②③④,②③④,①②③,①②④,,B,B,standard,,False,101030_1101.pdf,101030_MOD1101.pdf
MOEX-101030-1101-Q085,101,第一次,101030,1101,85,未分類,,,醫療法規定下列何種醫療機構應提撥年度結餘的百分之二十以上作為營運基金？,公立醫療機構,財團法人醫療機構,社團法人醫療機構,教學醫院,,C,C,standard,,False,101030_1101.pdf,101030_MOD1101.pdf
MOEX-101030-1101-Q086,101,第一次,101030,1101,86,未分類,,,全民健康保險為求健全財務結構，並降低民眾過度使用資源，最有效的可行方法？,提高藝人保費,實施部分負擔,限制投保對象,落實醫藥分業,,B,B,standard,,False,101030_1101.pdf,101030_MOD1101.pdf
MOEX-101030-1101-Q087,101,第一次,101030,1101,87,未分類,,,健康的決定因子中，下列那一項最具影響力？,生物遺傳,醫療照護,社經狀況,環境與生活方式,,D,D,standard,,False,101030_1101.pdf,101030_MOD1101.pdf
MOEX-101030-1101-Q088,101,第一次,101030,1101,88,公共衛生學,公共衛生,,從公共衛生之預防觀點，政府推動拒菸活動是屬於那一個階段的工作？,殘障控制,健康促進,健康維護,疾病診治,,B,B,standard,,False,101030_1101.pdf,101030_MOD1101.pdf
MOEX-101030-1101-Q089,101,第一次,101030,1101,89,解剖學,胸腔,胸腔,通常由醫師對病人進行衛教，效果比較好，其原因為何？,病人降服於醫師的權威之下,病人信賴醫師的專業能力,病人擔心不接受衛教會影響醫病關係,病人比較容易瞭解醫師講解的內容,,B,B,standard,,False,101030_1101.pdf,101030_MOD1101.pdf
MOEX-101030-1101-Q090,101,第一次,101030,1101,90,解剖學,頭頸部,頭頸部,下列那一項是對呼吸系統及眼部黏膜具刺激性之空氣污染物？,CO2,CO,O3,CH4,,C,C,standard,,False,101030_1101.pdf,101030_MOD1101.pdf
MOEX-101030-1101-Q091,101,第一次,101030,1101,91,公共衛生學,公共衛生,,日本移民的胃癌研究中，較有可能影響胃癌死亡率的因子為：,環境因子,遺傳因子,法規制度因子,個人行為因子,,A,A,standard,,False,101030_1101.pdf,101030_MOD1101.pdf
MOEX-101030-1101-Q092,101,第一次,101030,1101,92,未分類,,,機關團體的集體食物中毒屬於何種流行？,共同傳染流行（common source epidemic）,連鎖傳染流行（progressive epidemic）,區域性流行（epidemic）,大流行（pandemic）,,A,A,standard,,False,101030_1101.pdf,101030_MOD1101.pdf
MOEX-101030-1101-Q093,101,第一次,101030,1101,93,解剖學,腹部,腹部,目前所訂定的鉛中毒標準，對小孩族群之保護遠比對成人嚴格，主要來自下列那一系統或器官的毒 性效應？,呼吸系統,周圍神經系統,造血系統,肝,,C,C,standard,,False,101030_1101.pdf,101030_MOD1101.pdf
MOEX-101030-1101-Q094,101,第一次,101030,1101,94,公共衛生學,公共衛生,,實驗性研究（experimental study）與觀察性研究（observational study）的主要不同點，在於實驗性研 究有下列何種特色，而觀察性研究則無？,以有病的患者為對象,可以進行前瞻性的觀察,只能研究對人體健康有益的因子,由研究者分配暴露因子,,D,D,standard,,False,101030_1101.pdf,101030_MOD1101.pdf
MOEX-101030-1101-Q095,101,第一次,101030,1101,95,解剖學,上肢,上肢,"甲醫院手術治療某種疾病，抽樣 100 個病人有 80 個治療成功，成功率的 95%信賴區間（95% Confidence Interval）為（0.72, 0.88）。如果一般全國平均治療這種病人成功率為 90%，我們想以此資料來做假 說檢定，檢定甲醫院治療此病成功率是否比 90%低，顯著水準設為α＝0.05，下列何者正確？",無法推翻虛無假說，結論是甲醫院的治療成功率與 90%一樣,推翻虛無假說，結論是甲醫院的治療成功率比 90%低,無法推翻虛無假說，結論是甲醫院的治療成功率比 90%低,推翻虛無假說，結論是甲醫院的治療成功率與 90%一樣,,B,B,standard,,False,101030_1101.pdf,101030_MOD1101.pdf
MOEX-101030-1101-Q096,101,第一次,101030,1101,96,公共衛生學,公共衛生,,下列何項不適宜作為因果關係的判斷基準？,具正確的時序性,有較高的相對危險性（Relative risk）,從不同的研究或不同的族群，得到不同的結果,呈現劑量-效應關係,,C,C,standard,,False,101030_1101.pdf,101030_MOD1101.pdf
MOEX-101030-1101-Q097,101,第一次,101030,1101,97,公共衛生學,公共衛生,,某大型臨床試驗研究每日服用低劑量 Aspirin 藥物與日後發生心肌梗塞的關係。隨機分配 10000 人到 Aspirin 組，另外分配 10000 人到安慰劑組（Placebo）。追蹤一段時間後 Aspirin 組有 100 人發生心 肌梗塞，安慰劑組有 180 人發生心肌梗塞。下列何者錯誤？,Aspirin 組比安慰劑組的相對風險比（Relative risk）大於 1,可採 Chi square test 檢定服用 Aspirin 是否與得心肌梗塞有關,可採 Fisher exact test 檢定服用 Aspirin 是否與得心肌梗塞有關,可採 Two-sample z test 檢定兩組得心肌梗塞的風險是否不一樣,,A,A,standard,,False,101030_1101.pdf,101030_MOD1101.pdf
MOEX-101030-1101-Q098,101,第一次,101030,1101,98,解剖學,上肢,上肢,"下列資料代表 6 個接受髖關節置換手術病人的住院天數（天）：4, 3, 3, 5, 4, 和 20，那一個集中趨勢 統計量最適合描述此資料？",平均值,全距,眾數,中位數,,D,D,standard,,False,101030_1101.pdf,101030_MOD1101.pdf
MOEX-101030-1101-Q099,101,第一次,101030,1101,99,公共衛生學,公共衛生,,某小型臨床試驗評估一個新化療治療淋巴癌的療效，若事實上此新化療有較好的療效，但本研究沒 發現顯著的五年存活率差異，無法偵測此新治療效果的原因為何？,檢力（power）太大,抽樣誤差,型一誤差（type I error）,型二誤差（type II error）,,D,D,standard,,False,101030_1101.pdf,101030_MOD1101.pdf
MOEX-101030-1101-Q100,101,第一次,101030,1101,100,解剖學,上肢,上肢,依下表數據計算下列各指標，下列何者錯誤？ 疾病真實狀況 疾病診斷結果 有 無 Total 有 68 6 74 無 12 114 126 Total 80 120 200,敏感度為 85%,特異度為 95%,陽性預測值為 85%,陰性預測值為 90.5%,,C,C,standard,,False,101030_1101.pdf,101030_MOD1101.pdf
MOEX-101110-1101-Q001,101,第二次,101110,1101,1,組織學,組織學,,若病人出現周圍型顏面神經（facial palsy of peripheral type）損傷，且合併同側舌頭前三分之二味覺 喪失，其損傷部位最不可能在：,膝狀神經節（geniculate ganglion）附近,中耳鼓室（tympanic cavity）,內聽道（internal acoustic meatus）附近,顏面神經穿過腮腺（parotid gland）處,,D,D,standard,,False,101110_1101.pdf,101110_MOD1101.pdf
MOEX-101110-1101-Q002,101,第二次,101110,1101,2,解剖學,頭頸部,頭頸部,頭頸部諸副交感神經之神經節當中解剖位置最後（posterior）者為：,下頜下神經節（submandibular ganglion）,翼腭神經節（pterygopalatine ganglion）,耳神經節（otic ganglion）,睫狀神經節（ciliary ganglion）,,C,C,standard,,False,101110_1101.pdf,101110_MOD1101.pdf
MOEX-101110-1101-Q003,101,第二次,101110,1101,3,解剖學,神經解剖,神經解剖,內頸動脈血管瘤壓迫視交叉的左緣，下列何者的視覺最可能缺損？,右眼之左視野,左眼之左視野,左眼之右視野,右眼之右視野,,C,C,standard,,False,101110_1101.pdf,101110_MOD1101.pdf
MOEX-101110-1101-Q004,101,第二次,101110,1101,4,組織學,組織學,,下列有關眼部肌肉之控制，何者錯誤？,上瞼板肌（superior tarsal muscle）由動眼神經（oculomotor nerve）支配,上斜肌（superior oblique muscle）由第四顱神經支配,張開瞼裂（palpebral fissure）之主要控制神經為第三顱神經,閉緊瞼裂（palpebral fissure）之主要控制神經為第七顱神經,,A,A,standard,,False,101110_1101.pdf,101110_MOD1101.pdf
MOEX-101110-1101-Q005,101,第二次,101110,1101,5,解剖學,頭頸部,頭頸部,病患舌頭吐出時，偏向左方，下列何者最可能受傷？,右側第九顱神經,右側頦舌肌（genioglossus）,左側第十二顱神經,左側第五顱神經第三分支,,C,C,standard,,False,101110_1101.pdf,101110_MOD1101.pdf
MOEX-101110-1101-Q006,101,第二次,101110,1101,6,解剖學,胸腔,胸腔,肝臟裸區（bare area）的形成與下列何者相關？,病變造成,胃貼近此處,膽囊貼近此處,橫膈貼近此處,,D,D,standard,,False,101110_1101.pdf,101110_MOD1101.pdf
MOEX-101110-1101-Q007,101,第二次,101110,1101,7,解剖學,腹部,腹部,在後腹壁，沿薦椎翼（ala）下行，組成薦神經叢的神經為：,閉孔神經（obturator nerve）,股神經（femoral nerve）,腰薦神經幹（lumbosacral trunk）,生殖股神經（genitofemoral nerve）,,C,C,standard,,False,101110_1101.pdf,101110_MOD1101.pdf
MOEX-101110-1101-Q008,101,第二次,101110,1101,8,未分類,,,連接椎弓（vertebral arch）與椎體（vertebral body）的骨性結構是：,關節突（articular process）,橫突（transverse process）,椎板（vertebral lamina）,椎腳（vertebral pedicle）,,#,C|D,multiple_accepted,第8題答C或D或CD者均給分，,False,101110_1101.pdf,101110_MOD1101.pdf
MOEX-101110-1101-Q009,101,第二次,101110,1101,9,解剖學,腹部,腹部,通過第三及第四腰椎間的椎間盤的平面為：,橫幽門面（transpyloric plane）,橫臍面（transumbilical plane）,橫腸骨結節面（transtubercular plane）,腸骨嵴間面（intercristal plane）,,B,B,standard,,False,101110_1101.pdf,101110_MOD1101.pdf
MOEX-101110-1101-Q010,101,第二次,101110,1101,10,解剖學,腹部,腹部,腹膜覆蓋下腹壁動脈（inferior epigastric artery）會形成下列何結構？,臍正中襞（median umbilical fold）,臍內側襞（medial umbilical fold）,臍外側襞（lateral umbilical fold）,臍旁襞（paraumbilical fold）,,C,C,standard,,False,101110_1101.pdf,101110_MOD1101.pdf
MOEX-101110-1101-Q011,101,第二次,101110,1101,11,解剖學,腹部,腹部,腹股溝管（Inguinal canal）的前壁由下列何者組成？,腹外斜肌腱膜（Aponeurosis）,腹橫肌膜（Fascia transversalis）,腹內斜肌,腹橫肌,,#,A|C,multiple_accepted,第11題答A或C或AC者均給分，,False,101110_1101.pdf,101110_MOD1101.pdf
MOEX-101110-1101-Q012,101,第二次,101110,1101,12,解剖學,胸腔,胸腔,下列何項關於胸骨劍突（xiphoid process）的敘述錯誤？,其外型因人而異，可尖、可鈍，也可能分枝,在體表的投射點表示心臟下緣,在體表的投射點表示肝臟的上界,相對於第十二胸椎的高度,,D,D,standard,,False,101110_1101.pdf,101110_MOD1101.pdf
MOEX-101110-1101-Q013,101,第二次,101110,1101,13,解剖學,腹部,腹部,下列何者不是髂內動脈（internal iliac artery）的分支？,閉孔動脈,直腸上動脈,直腸中動脈,陰部內動脈,,B,B,standard,,False,101110_1101.pdf,101110_MOD1101.pdf
MOEX-101110-1101-Q014,101,第二次,101110,1101,14,解剖學,骨盆與會陰,骨盆與會陰,下列何者位於輸卵管的外側？,懸韌帶,樞紐韌帶,卵巢韌帶,子宮圓韌帶,,A,A,standard,,False,101110_1101.pdf,101110_MOD1101.pdf
MOEX-101110-1101-Q015,101,第二次,101110,1101,15,解剖學,腹部,腹部,下列何者發生阻塞，最不影響輸精管的血液供應？,睪丸動脈,膀胱下動脈,直腸中動脈,陰部內動脈,,D,D,standard,,False,101110_1101.pdf,101110_MOD1101.pdf
MOEX-101110-1101-Q016,101,第二次,101110,1101,16,解剖學,下肢,下肢,臀下神經（inferior gluteal nerve）受到壓迫損傷，下列何者會受影響？,臀大肌,臀中肌,臀小肌,闊筋膜張肌,,A,A,standard,,False,101110_1101.pdf,101110_MOD1101.pdf
MOEX-101110-1101-Q017,101,第二次,101110,1101,17,解剖學,下肢,下肢,支配下孖肌（inferior gemellus）的神經受損，下列何者也可能退化萎縮？,上孖肌（superior gemellus）,梨狀肌（piriformis）,股方肌（quadratus femoris）,閉孔內肌（obturator internus）,,C,C,standard,,False,101110_1101.pdf,101110_MOD1101.pdf
MOEX-101110-1101-Q018,101,第二次,101110,1101,18,組織學,組織學,,直腸中動脈發生阻塞，下列何者最不受影響？,膀胱,陰道,儲精囊,前列腺,,A,A,standard,,False,101110_1101.pdf,101110_MOD1101.pdf
MOEX-101110-1101-Q019,101,第二次,101110,1101,19,解剖學,下肢,下肢,下列何者在小腿沒有神經伴行？,脛後動脈（posterior tibial artery）,脛前動脈（anterior tibial artery）,腓動脈（peroneal artery）,小隱靜脈（small saphenous vein）,,C,C,standard,,False,101110_1101.pdf,101110_MOD1101.pdf
MOEX-101110-1101-Q020,101,第二次,101110,1101,20,解剖學,頭頸部,頭頸部,手肘彎曲時，尺骨頭（head of ulna）與下列何者接觸？,尺骨切迹（ulnar notch）,冠狀窩（coronoid fossa）,橈骨窩（radial fossa）,鷹嘴窩（olecranon fossa）,,A,A,standard,,False,101110_1101.pdf,101110_MOD1101.pdf
MOEX-101110-1101-Q021,101,第二次,101110,1101,21,未分類,,,內收肌裂孔（adductor hiatus）為位於下列何者的構造？,內收長肌（adductor longus）,內收短肌（adductor brevis）,內收大肌（adductor magnus）,恥骨肌（pectineus）,,C,C,standard,,False,101110_1101.pdf,101110_MOD1101.pdf
MOEX-101110-1101-Q022,101,第二次,101110,1101,22,解剖學,上肢,上肢,下列關節活動度中，何者最大？,第五掌骨（5th metacarpal bone）與其近端指骨間的關節,第一掌骨（1st metacarpal bone）與其近端指骨間的關節,第五掌骨（5th metacarpal bone）與腕骨間的關節,第一掌骨（1st metacarpal bone）與腕骨間的關節,,D,D,standard,,False,101110_1101.pdf,101110_MOD1101.pdf
MOEX-101110-1101-Q023,101,第二次,101110,1101,23,解剖學,胸腔,胸腔,肩胛骨內緣背翻，無法貼近胸壁，此現象最可能肇因於下列何者之損傷？,前鋸肌（serratus anterior）,斜方肌（trapezius）,大菱形肌（rhomboid major）,肩胛提肌（levator scapulae）,,A,A,standard,,False,101110_1101.pdf,101110_MOD1101.pdf
MOEX-101110-1101-Q024,101,第二次,101110,1101,24,解剖學,下肢,下肢,下列何者穿過內收肌裂孔（adductor hiatus）？,深股動脈（deep artery of thigh）,股神經（femoral nerve）,隱神經（saphenous nerve）,膕動脈（popliteal artery）,,#,A|B|C|D,all_credit,第24題一律 給分，,False,101110_1101.pdf,101110_MOD1101.pdf
MOEX-101110-1101-Q025,101,第二次,101110,1101,25,解剖學,下肢,下肢,內蹠神經（medial plantar nerve）受傷時，最不會影響下列何種動作？,腳拇趾內收,腳拇趾外展,腳拇趾屈曲,腳趾屈曲,,A,A,standard,,False,101110_1101.pdf,101110_MOD1101.pdf
MOEX-101110-1101-Q026,101,第二次,101110,1101,26,解剖學,上肢,上肢,下列關於肱動脈的敘述，何者錯誤？,肱動脈位在手臂內側，肱三頭肌及肱肌的前面,與腋神經伴行的深肱動脈為肱動脈的分支,腋動脈通過大圓肌下緣後稱為肱動脈,肱動脈在手臂與正中神經伴行,,B,B,standard,,False,101110_1101.pdf,101110_MOD1101.pdf
MOEX-101110-1101-Q027,101,第二次,101110,1101,27,解剖學,骨盆與會陰,骨盆與會陰,下列何者的力量不足，最可能造成咳嗽時漏尿之現象？,梨狀肌,臀大肌,提肛肌,閉孔內肌,,C,C,standard,,False,101110_1101.pdf,101110_MOD1101.pdf
MOEX-101110-1101-Q028,101,第二次,101110,1101,28,組織學,組織學,,青春期前，大部分的胸腺位在下列何處？,上縱膈腔,前縱膈腔,中縱膈腔,後縱膈腔,,A,A,standard,,False,101110_1101.pdf,101110_MOD1101.pdf
MOEX-101110-1101-Q029,101,第二次,101110,1101,29,胚胎學,胚胎學,,下列何期開始時，胎兒的頭長約占其頭踵長（crown-heel length）的一半？,次三月期（second trimester）,胚期（embryonic period）,胎期（fetal period）,胎動期（stage of quickening）,,C,C,standard,,False,101110_1101.pdf,101110_MOD1101.pdf
MOEX-101110-1101-Q030,101,第二次,101110,1101,30,胚胎學,胚胎學,,胚體發育過程中，下列何器官在第三週中期開始發育，最早成熟與具有生理機能？,腦,心臟,肝臟,腎臟,,B,B,standard,,False,101110_1101.pdf,101110_MOD1101.pdf
MOEX-101110-1101-Q031,101,第二次,101110,1101,31,解剖學,腹部,腹部,腎臟體積變大主要是因為下列何者長度增加所致？,遠端彎曲小管（distal convoluted tubule）,集尿管（collecting duct）,近端彎曲小管（proximal convoluted tubule）,輸尿管（ureter）,,#,A|B|C|D,all_credit,第31題除未作答者不給分外，其餘均給分，,False,101110_1101.pdf,101110_MOD1101.pdf
MOEX-101110-1101-Q032,101,第二次,101110,1101,32,微生物免疫學/寄生蟲學,微生物免疫/寄生蟲,,懷孕早期感染德國麻疹，可能造成的疾病，下列何者除外？,先天性耳聾,心臟病,白內障,大腦鈣化,,#,A|B|C|D,all_credit,第32題一律給分，,False,101110_1101.pdf,101110_MOD1101.pdf
MOEX-101110-1101-Q033,101,第二次,101110,1101,33,解剖學,神經解剖,神經解剖,有關內耳（inner ear），下列敘述何項錯誤？,內耳包括骨性與膜性迷路（bony and membranous labyrinth）,內淋巴液（endolymph）充滿整個膜性迷路（membranous labyrinth）,前庭膜（vestibular membrane）將中階（scala media）與前庭階（scala vestibuli）分開,壺腹嵴（cristae ampullaris）感受直線加速運動（linear acceleration）及地心引力（gravity）,,D,D,standard,,False,101110_1101.pdf,101110_MOD1101.pdf
MOEX-101110-1101-Q034,101,第二次,101110,1101,34,胚胎學,胚胎學,,有關女性生殖系統之排卵過程，下列敘述何項錯誤？,排卵前會有黃體刺激素（LH）之大量釋放（LH surge）,排出後的卵不含放射冠（corona radiata）,卵的第一次減數分裂（meiosis）在排卵前完成,卵的第二次減數分裂（meiosis）在卵受精時（fertilization）完成,,B,B,standard,,False,101110_1101.pdf,101110_MOD1101.pdf
MOEX-101110-1101-Q035,101,第二次,101110,1101,35,組織學,組織學,,有關 Clara 細胞，下列何項敘述錯誤？,屬不具纖毛之單層立方細胞（simple cuboidal epithelium）,可以分泌類似肺泡表面作用劑（surfactant-like material）,具有氣體的交換功能,分布於終端小支氣管（terminal bronchioles）內,,C,C,standard,,False,101110_1101.pdf,101110_MOD1101.pdf
MOEX-101110-1101-Q036,101,第二次,101110,1101,36,組織學,組織學,,胰臟之腺泡中央細胞（centroacinar cells）的來源是什麼？,產酵素細胞（zymogenic cells）,蘭氏小島（islet of Langerhans）細胞,小葉間管（interlobular duct）細胞,閏管（intercalated duct）細胞,,D,D,standard,,False,101110_1101.pdf,101110_MOD1101.pdf
MOEX-101110-1101-Q037,101,第二次,101110,1101,37,組織學,組織學,,有關心血管系統，下列敘述何者錯誤？,有些心房心肌細胞含有顆粒,心室間隔膜狀區（membranous portion）是由結締組織構成,心室間隔或心房間隔表層皆無內皮細胞,心室間隔的膜狀區內含有 A-V 束（A-V bundle）,,C,C,standard,,False,101110_1101.pdf,101110_MOD1101.pdf
MOEX-101110-1101-Q038,101,第二次,101110,1101,38,組織學,組織學,,有關成熟骨骼肌纖維和心肌纖維的比較，下列敘述何者正確？,兩者都屬多核細胞,兩者都藉肌間盤（intercalated disk）連結相鄰的肌細胞,皆有基底板（basal lamina）包被,兩者都具有絲分裂的能力,,C,C,standard,,False,101110_1101.pdf,101110_MOD1101.pdf
MOEX-101110-1101-Q039,101,第二次,101110,1101,39,組織學,組織學,,下列有關類骨質（osteoid）的敘述何者正確？,是完全鈣化的骨基質,是骨基質鈣化前的有機質,是破骨細胞的分泌物,是形成軟骨的前驅物質,,B,B,standard,,False,101110_1101.pdf,101110_MOD1101.pdf
MOEX-101110-1101-Q040,101,第二次,101110,1101,40,組織學,組織學,,正常皮膚老化之特徵，不包含下列何者？,蘭格罕氏細胞（Langerhans cells）逐年減少,真皮乳頭層（papillary dermis）彈性纖維減少,真皮網狀層（reticular dermis）彈性纖維減少,真皮上皮接合處（dermal-epidermal junction）變平,,C,C,standard,,False,101110_1101.pdf,101110_MOD1101.pdf
MOEX-101110-1101-Q041,101,第二次,101110,1101,41,組織學,組織學,,糖尿病腎絲球病變（diabetic glomerulopathy）進程中，不包括下列何者之變化？,足細胞數增加,足突消失（foot process effacement）,腎絲球基底膜（glomerular basement membrane）結構破壞,腎小球間質細胞（mesangial cells）形態改變,,A,A,standard,,False,101110_1101.pdf,101110_MOD1101.pdf
MOEX-101110-1101-Q042,101,第二次,101110,1101,42,微生物免疫學/寄生蟲學,微生物免疫/寄生蟲,,發展淋病（gonorrhea）疫苗最主要的困難為何？,淋病球菌無法於體外培養,淋病球菌體表成分不具抗原性,淋病球菌無法在人體產生保護性抗體,淋病球菌體表抗原性極易改變,,D,D,standard,,False,101110_1101.pdf,101110_MOD1101.pdf
MOEX-101110-1101-Q043,101,第二次,101110,1101,43,微生物免疫學/寄生蟲學,微生物免疫/寄生蟲,,肝硬化或肝癌病人因生食海鮮，特別是生蠔，而導致進展快速的敗血症（septicemia），常由於感染 了下列那種細菌？,創傷弧菌（Vibrio vulnificus）,綠膿桿菌（Pseudomonas aeruginosa）,副溶血弧菌（Vibrio parahaemolyticus）,空腸彎曲菌（Campylobacter jejuni）,,A,A,standard,,False,101110_1101.pdf,101110_MOD1101.pdf
MOEX-101110-1101-Q044,101,第二次,101110,1101,44,微生物免疫學/寄生蟲學,微生物免疫/寄生蟲,,從一泌尿道感染病人的檢體中，分離到一抗耐啶酸（Nalidixic acid）的細菌，此菌產生抗藥最主要的 原因為何？,細胞壁結構組成改變,DNA gyrase 結構發生改變,50S 核糖體結構改變,30S 核糖體結構改變,,B,B,standard,,False,101110_1101.pdf,101110_MOD1101.pdf
MOEX-101110-1101-Q045,101,第二次,101110,1101,45,微生物免疫學/寄生蟲學,微生物免疫/寄生蟲,,有關葡萄球菌（Staphylococcus）引起的食物中毒的敘述，下列那一項錯誤？,是由 heat-labile enterotoxin 引起,症狀產生快，大約 4 小時內就會發生,症狀消失快，大約 24 小時會消失,有些 Staphylococcus aureus 菌種會導致 pseudomembranous enterocolitis,,A,A,standard,,False,101110_1101.pdf,101110_MOD1101.pdf
MOEX-101110-1101-Q046,101,第二次,101110,1101,46,微生物免疫學/寄生蟲學,微生物免疫/寄生蟲,,下列那一類細菌的細胞膜含有固醇（sterols） ，生長時需從外界攝取膽固醇（cholesterol） ，且對 penicillin 類的抗生素具有抗性？,志賀氏菌（Shigella）,黴漿菌（Mycoplasma）,沙門氏菌（Salmonella）,分枝桿菌（Mycobacterium）,,B,B,standard,,False,101110_1101.pdf,101110_MOD1101.pdf
MOEX-101110-1101-Q047,101,第二次,101110,1101,47,微生物免疫學/寄生蟲學,微生物免疫/寄生蟲,,人單核球艾利希氏體症（human monocytotropic ehrlichiosis）會有持續發燒、頭痛、全身或局部肌肉 痛、肝脾及淋巴結腫大等症狀，通常較少出現皮膚斑疹，是由 Ehrlichia canis 感染所致，屬於新興傳 染病的一種。關於此症的敘述，下列何者錯誤？,該疾病可用 Doxycycline 或 Tetracycline 進行治療,該致病原之傳播媒介以壁虱（硬蜱）為主,該致病原會寄生在感染者的顆粒球、單核球、紅血球及血小板細胞中,該致病原之細胞壁主要由 peptidoglycan 組成,,#,C|D,multiple_accepted,第 47題答C或D或CD者均給分，,False,101110_1101.pdf,101110_MOD1101.pdf
MOEX-101110-1101-Q048,101,第二次,101110,1101,48,微生物免疫學/寄生蟲學,微生物免疫/寄生蟲,,1976 年夏天，美國退伍軍人在費城召開退伍軍人協會會議期間，在同一住宿的飯店竟然發現有 221 人罹患「急性肺炎」，並因而導致 34 名感染者死亡，下列何者後來被證實為致病原？,Legionella pneumophila,Chlamydia pneumoniae,Streptococcus pneumoniae,Haemophilus influenzae,,A,A,standard,,False,101110_1101.pdf,101110_MOD1101.pdf
MOEX-101110-1101-Q049,101,第二次,101110,1101,49,微生物免疫學/寄生蟲學,微生物免疫/寄生蟲,,在某安養院，有多名老人先後出現乾咳和胸痛等急性呼吸道感染症狀，其中數名更發展成肺炎而緊 急送醫治療。醫院由病人的肺組織或呼吸道分泌液等檢體以及安養院的冷卻水塔中，分離出同一種 培養時需添加半胱胺酸（L-cysteine）的革蘭氏陰性桿菌。下列有關此感染症的敘述，何者錯誤？,病人由呼吸道得到感染,因傳染性高，病人需隔離,目前仍無疫苗可以使用,細胞型免疫（cellular immunity）是人體主要的防禦機制,,B,B,standard,,False,101110_1101.pdf,101110_MOD1101.pdf
MOEX-101110-1101-Q050,101,第二次,101110,1101,50,微生物免疫學/寄生蟲學,微生物免疫/寄生蟲,,承上題，下列有關此致病菌的敘述，何者正確？,此菌可感染人和動物,此菌必須培養在無氧的環境中,此菌在惡劣環境中會形成孢子（spores）,此菌可在巨噬細胞（macrophage）內增殖,,D,D,standard,,False,101110_1101.pdf,101110_MOD1101.pdf
MOEX-101110-1101-Q051,101,第二次,101110,1101,51,微生物免疫學/寄生蟲學,微生物免疫/寄生蟲,,有關 E 型肝炎病毒的敘述，下列何者正確？,可造成慢性肝炎甚至肝癌,可以 RT-PCR 進行偵測,感染孕婦有較低的致死率,病毒基因體只含有一個大的 open reading frame（ORF）,,B,B,standard,,False,101110_1101.pdf,101110_MOD1101.pdf
MOEX-101110-1101-Q052,101,第二次,101110,1101,52,微生物免疫學/寄生蟲學,微生物免疫/寄生蟲,,下列何種病毒之抗體測定是目前捐血時必須檢驗的項目？,Hepatitis A virus,Hepatitis C virus,Hepatitis E virus,Hepatitis D virus,,B,B,standard,,False,101110_1101.pdf,101110_MOD1101.pdf
MOEX-101110-1101-Q053,101,第二次,101110,1101,53,微生物免疫學/寄生蟲學,微生物免疫/寄生蟲,,下列何種病毒不會造成呼吸道感染？,Hepatitis D virus,Influenza virus,Respiratory syncytial virus,Adenovirus,,A,A,standard,,False,101110_1101.pdf,101110_MOD1101.pdf
MOEX-101110-1101-Q054,101,第二次,101110,1101,54,微生物免疫學/寄生蟲學,微生物免疫/寄生蟲,,下列有關日本腦炎病毒（Japanese encephalitis virus）與登革熱病毒（Dengue virus）特性之敘述，何 者正確？,均可注射疫苗，預防感染,被感染之宿主可再直接散播病毒,均由埃及斑蚊傳播,感染後均產生感冒般症狀（flu-like symptom）,,D,D,standard,,False,101110_1101.pdf,101110_MOD1101.pdf
MOEX-101110-1101-Q055,101,第二次,101110,1101,55,微生物免疫學/寄生蟲學,微生物免疫/寄生蟲,,野生小兒麻痺病毒株已近乎絕跡，陳醫師發現疑似案例，下列何種實驗方法最能夠確定其為小兒麻 痺野生株或沙賓口服疫苗株？,紅血球凝集試驗,溶菌斑實驗,基因定序,單株抗體中和反應,,C,C,standard,,False,101110_1101.pdf,101110_MOD1101.pdf
MOEX-101110-1101-Q056,101,第二次,101110,1101,56,微生物免疫學/寄生蟲學,微生物免疫/寄生蟲,,某男大學生正在談戀愛，突然身體不適出現嚴重之虛弱無力、疲勞、發燒、咽喉炎及腺體腫脹等症 狀，經醫師診斷後給予氨比西林（Ampicillin）治療後出現紅疹，血液抹片檢查觀察到非典型淋巴細 胞，且血清內測得嗜異性抗體（heterophile antibody）。下列有關該疾病之敘述何者正確？,由 EB 病毒（Epstein-Barr virus）感染所引起的傳染性單核球增多症（infectious mononucleosis）,由 HIV 病毒（Human immunodeficiency virus）感染所引起之免疫缺失症,由巨細胞病毒（Cytomegalovirus）感染所引起之類單核球增多症（mononucleosis-like）,由單純疱疹病毒（Herpes simplex virus）感染所引起之咽喉炎,,A,A,standard,,False,101110_1101.pdf,101110_MOD1101.pdf
MOEX-101110-1101-Q057,101,第二次,101110,1101,57,微生物免疫學/寄生蟲學,微生物免疫/寄生蟲,,在 真 菌 伺 機 性 感 染 症（ Opportunistic mycosis）中，目 前 唯 一 造 成 人 類 疾 病 並 屬 於 擔 子 菌 綱 （Basidiomycetes）之病原菌是下列何者？,Penicillium marneffei,Aspergillus fumigatus,Rhizopus stolonifer,Cryptococcus neoformans,,D,D,standard,,False,101110_1101.pdf,101110_MOD1101.pdf
MOEX-101110-1101-Q058,101,第二次,101110,1101,58,微生物免疫學/寄生蟲學,微生物免疫/寄生蟲,,一位 65 歲女性是長期糖尿病患者，因念珠菌血症（Candidemia）住院治療，血液培養證實感染之病原 為白色念珠菌（Candida albicans）。經以靜脈注射投予 Fluconazole 二星期，血液培養呈陰性反應，病 情也獲得控制後出院。但再經二星期，同樣的感染再度發生，在同時考慮這位患者之腎功能（creatinine 指數 1.3 mg/dL），最可能進一步治療之方式為何？,繼續投予 Fluconazole 同時提高劑量,改投予 Amphotericin B 合併 Flucytosine,改投予 Caspofungin,改投予 Ketoconazole,,#,C|D,multiple_accepted,第58題答C或D或CD者均給分，,False,101110_1101.pdf,101110_MOD1101.pdf
MOEX-101110-1101-Q059,101,第二次,101110,1101,59,微生物免疫學/寄生蟲學,微生物免疫/寄生蟲,,下列何種病毒，會引起睪丸、卵巢、胰臟等腺體發炎之病症？,麻疹病毒,呼吸道融合病毒,副流行性感冒病毒,腮腺炎病毒,,D,D,standard,,False,101110_1101.pdf,101110_MOD1101.pdf
MOEX-101110-1101-Q060,101,第二次,101110,1101,60,微生物免疫學/寄生蟲學,微生物免疫/寄生蟲,,下列那一個選項所列的兩種菌屬，最可能是造成 Tinea unguium（甲癬、灰指甲）感染之皮膚真菌性 病原（Dermatophytes）？,Sporothrix and Microsporum,Epidermophyton and Microsporum,Trichophyton and Epidermophyton,Trichophyton and Sporothrix,,#,B|C,multiple_accepted,第60題答 B或C或BC者均給分，,False,101110_1101.pdf,101110_MOD1101.pdf
MOEX-101110-1101-Q061,101,第二次,101110,1101,61,微生物免疫學/寄生蟲學,微生物免疫/寄生蟲,,關於細菌基因傳遞的敘述，下列何者錯誤？,Conjugation 是由細菌與細菌接觸進行,Plasmid 不能經由 conjugation 傳遞,在某些細菌是可直接將外來 DNA 帶入菌體內,Transduction 通常由噬菌體造成,,B,B,standard,,False,101110_1101.pdf,101110_MOD1101.pdf
MOEX-101110-1101-Q062,101,第二次,101110,1101,62,微生物免疫學/寄生蟲學,微生物免疫/寄生蟲,,下列何者為小腸黏膜區（mucosa）的 M 細胞之主要功能？,分泌 IgA,分泌黏液（mucus）,使腸道（lumen）中之抗原進入組織,使組織中之抗原進入腸道,,C,C,standard,,False,101110_1101.pdf,101110_MOD1101.pdf
MOEX-101110-1101-Q063,101,第二次,101110,1101,63,微生物免疫學/寄生蟲學,微生物免疫/寄生蟲,,補體（complement）活化過程中產生之 C3 convertase 能分解 C3，製造大量 C3a 及 C3b。其中 C3b 之功能為何？,引起局部發炎反應，吸引巨噬細胞（macrophage）、嗜中性細胞（neutrophil）來到該部位,在病原菌表面形成共價鍵連結，表現 C3b 之病原菌就容易被吞噬細胞（phagocytes）吞噬,直接攻擊病原菌之細胞膜,分解 C4 成為 C4a 及 C4b,,B,B,standard,,False,101110_1101.pdf,101110_MOD1101.pdf
MOEX-101110-1101-Q064,101,第二次,101110,1101,64,組織學,組織學,,樹突細胞所分泌的細胞激素會影響CD4+ T細胞之分化，下列那些細胞激素會刺激第十七型輔助性T 細胞（TH17）之分化？,TGF-β，IL-6 及 IL-10,TGF-β 及 IL-10,IL-10 及 IL-6,TGF-β 及 IL-6,,D,D,standard,,False,101110_1101.pdf,101110_MOD1101.pdf
MOEX-101110-1101-Q065,101,第二次,101110,1101,65,微生物免疫學/寄生蟲學,微生物免疫/寄生蟲,,"目前所知人類基因之中，與自體免疫疾病有顯著相關性者，是人類白血球抗原（Human Leukocyte Antigen, HLA）基因。某些人類白血球抗原（HLA）基因在某自體免疫疾病患者中的存在有較為增高 現象，是為有較高的「相較性的危險值」（relative risk）引起自體免疫致病性。下列那一項基因和疾 病關係的敘述是正確的？",DR3 對於僵直性脊椎炎（Ankylosing spondylitis）,DR4 對於僵直性脊椎炎,DR3/DR4 對於第一型糖尿病（type I diabetes mellitus）,DR5 對於僵直性脊椎炎,,C,C,standard,,False,101110_1101.pdf,101110_MOD1101.pdf
MOEX-101110-1101-Q066,101,第二次,101110,1101,66,微生物免疫學/寄生蟲學,微生物免疫/寄生蟲,,出生於溫哥華之加拿大籍華裔青年大衛，今年暑假第一次回臺灣探望高齡祖父母，搭機前接受過 2 次 B 型肝炎疫苗注射，他血清中對 B 型肝炎表面抗原的抗體最有可能的情形為何？,第一次疫苗接種後第 5 天出現極高量 IgM,第一次疫苗接種後第 5 天出現極高量 IgG,第二次疫苗接種後第 5 天出現極高量 IgM,第二次疫苗接種後第 5 天出現極高量 IgG,,D,D,standard,,False,101110_1101.pdf,101110_MOD1101.pdf
MOEX-101110-1101-Q067,101,第二次,101110,1101,67,微生物免疫學/寄生蟲學,微生物免疫/寄生蟲,,下列那 2 種免疫球蛋白（immunoglobulin），可以提供新生兒對抗病原菌保護力？,IgA 與 IgD,IgD 與 IgE,IgE 與 IgG,IgG 與 IgA,,D,D,standard,,False,101110_1101.pdf,101110_MOD1101.pdf
MOEX-101110-1101-Q068,101,第二次,101110,1101,68,微生物免疫學/寄生蟲學,微生物免疫/寄生蟲,,Epstein-Barr 病毒（EBV）感染人體後和免疫系統相互作用會引起各式各樣的疾病。下列何者不屬於 EBV 感染後引起的疾病表現？,感染性單核球增多症,急性 B 細胞淋巴球性白血病,鼻咽癌,產生多株自體抗體,,#,A|B|C|D,all_credit,第68題一律給分，,False,101110_1101.pdf,101110_MOD1101.pdf
MOEX-101110-1101-Q069,101,第二次,101110,1101,69,微生物免疫學/寄生蟲學,微生物免疫/寄生蟲,,"免疫球蛋白（immunoglobulin, Ig）與 T 細胞受體（T-cell receptor, TCR）分子的多變區（variable domain），其基因均需進行 V(D)J 片段重組（recombination），但下列那一項是 TCR 基因重組時比 較少發生的現象？",基因遺傳多個 V 基因片段,啟動 RAG（recombination-activating gene）的活性,可能產生迴文添加（palindromic-addition）的現象,體超突變（Somatic hypermutation）,,D,D,standard,,False,101110_1101.pdf,101110_MOD1101.pdf
MOEX-101110-1101-Q070,101,第二次,101110,1101,70,微生物免疫學/寄生蟲學,微生物免疫/寄生蟲,,"格蘭氏陰性菌細胞壁成分中的脂多醣體（Lipopolysaccharide, LPS）是很強的免疫刺激物質。生物體 感受到 LPS 的刺激時會產生血壓降低，體溫上升的症狀。有時甚至會導致休克。主要產生體溫上升 的免疫細胞和媒介物質，下列何者最為重要？",自然殺手細胞產生的第一型干擾素,巨噬細胞產生的 IL-1,T 細胞產生的 IL-4,樹突細胞產生的 IL-10,,B,B,standard,,False,101110_1101.pdf,101110_MOD1101.pdf
MOEX-101110-1101-Q071,101,第二次,101110,1101,71,微生物免疫學/寄生蟲學,微生物免疫/寄生蟲,,B 細胞於結合抗原活化時，因為沒有獲得 T 細胞協助的遺傳疾病：高 IgM 症候群（hyper-IgM syndrome），常是因為那一個基因的缺損所致？,DNA helicase,Bruton’s tyrosine kinase（Btk）,CD40 ligand（CD40L）,Recombination-activating gene（RAG）,,C,C,standard,,False,101110_1101.pdf,101110_MOD1101.pdf
MOEX-101110-1101-Q072,101,第二次,101110,1101,72,微生物免疫學/寄生蟲學,微生物免疫/寄生蟲,,一個新生兒有下列何種疾病時，一定要避免卡介苗的施打？,免疫球蛋白低下症,嚴重混合性免疫功能缺損,肺結核家族史,巨細胞病毒胎內感染,,B,B,standard,,False,101110_1101.pdf,101110_MOD1101.pdf
MOEX-101110-1101-Q073,101,第二次,101110,1101,73,微生物免疫學/寄生蟲學,微生物免疫/寄生蟲,,李女士在健康檢查時血液中的 antinuclear antibody（ANA）價數達到 1：8（titer 1：8），她沒有身體 不適，也沒有其他的檢驗值異常。出現 ANA 自體抗體的意義為何？,應是檢驗錯誤，需重新抽血再測一次,李女士已得到紅斑性狼瘡,李女士即將於近期發病，得到紅斑性狼瘡,某種低程度的自體免疫性是身體正常免疫功能運作的一部分,,D,D,standard,,False,101110_1101.pdf,101110_MOD1101.pdf
MOEX-101110-1101-Q074,101,第二次,101110,1101,74,微生物免疫學/寄生蟲學,微生物免疫/寄生蟲,,陳老師從小就常因過敏性氣喘發作就醫。他帶領小學生畢業旅行，在晚上 9 時因為頑皮的小朋友在 睡前打枕頭戰，接觸到塵蟎過敏原而感到不適，但在使用氣管擴張劑後改善。陳老師在凌晨 4 時因 為氣喘又嚴重發作被送到急診處就診。到急診時最合乎當時情形的免疫機轉為何？,第四型（細胞免疫反應）的過敏反應,第一型（立即免疫反應）的晚期反應,自體免疫抗體攻擊肺泡基底膜,過敏原接觸導致免疫缺損引發細菌性肺炎,,B,B,standard,,False,101110_1101.pdf,101110_MOD1101.pdf
MOEX-101110-1101-Q075,101,第二次,101110,1101,75,微生物免疫學/寄生蟲學,微生物免疫/寄生蟲,,下列有關陰道滴蟲的敘述，何者錯誤？,根據非洲的研究顯示，陰道滴蟲症患者感染 HIV 的機率較高,男性患者通常無明顯症狀，但也可能引起攝護腺炎,首選用藥為 metronidazole,由滋養體（trophozoite）及囊體（cyst）之形態來鑑別種類,,D,D,standard,,False,101110_1101.pdf,101110_MOD1101.pdf
MOEX-101110-1101-Q076,101,第二次,101110,1101,76,微生物免疫學/寄生蟲學,微生物免疫/寄生蟲,,人類食用含有囊狀幼蟲的水生植物，可能感染下列那些寄生蟲？ ① 橫川異形吸蟲（Metagonimus yokogawai） ②薑片蟲（Fasciolopsis buski） ③牛羊肝吸蟲（Fasciola hepatica） ④衛氏肺吸蟲 （Paragonimus westermani）,①③,①④,②③,②④,,C,C,standard,,False,101110_1101.pdf,101110_MOD1101.pdf
MOEX-101110-1101-Q077,101,第二次,101110,1101,77,解剖學,神經解剖,神經解剖,下列敘述，何者錯誤？,甘比亞錐蟲（Trypanosoma gambiense）只分布於東非,錐鞭毛體（trypomastigote）具有波動膜（undulating membrane）,甘比亞錐蟲沒有保蟲宿主,非洲錐蟲症的檢查材料包括血液、淋巴液及腦脊髓液,,#,A|C,multiple_accepted,第77題答A或C或AC者均給分 ，,False,101110_1101.pdf,101110_MOD1101.pdf
MOEX-101110-1101-Q078,101,第二次,101110,1101,78,微生物免疫學/寄生蟲學,微生物免疫/寄生蟲,,感染下列何種人體寄生蟲後，其幼蟲會在體內橫紋肌發達處形成內囊胞化幼蟲（encysted larva）並造 成肌炎（myositis）的臨床症狀？,廣東住血線蟲（Angiostrongylus cantonensis）,菲律賓毛線蟲（Capillaria philippinensis）,旋毛蟲（Trichinella spiralis）,犬蛔蟲（Toxocara canis）,,C,C,standard,,False,101110_1101.pdf,101110_MOD1101.pdf
MOEX-101110-1101-Q079,101,第二次,101110,1101,79,胚胎學,胚胎學,,何種絛蟲的幼蟲可以在人體小腸的絨毛內發育？,多房性包生絛蟲（Echinococcus multilocularis）,短小包膜絛蟲（Hymenolepis nana）,廣節裂頭絛蟲（Diphyllobothrium latum）,犬複殖器絛蟲（Dipylidium caninum）,,B,B,standard,,False,101110_1101.pdf,101110_MOD1101.pdf
MOEX-101110-1101-Q080,101,第二次,101110,1101,80,微生物免疫學/寄生蟲學,微生物免疫/寄生蟲,,下列何種疾病之病原體是經由鼠蚤所傳播？,叢林斑疹傷寒（scrub typhus）,落磯山斑疹熱（Rocky mountain spotted fever）,地方性斑疹傷寒（endemic typhus）,流行性斑疹傷寒（epidemic typhus）,,C,C,standard,,False,101110_1101.pdf,101110_MOD1101.pdf
MOEX-101110-1101-Q081,101,第二次,101110,1101,81,微生物免疫學/寄生蟲學,微生物免疫/寄生蟲,,下列有關人體寄生蟲成蟲形態的敘述，何者錯誤？,十二指腸鉤蟲（Ancylostoma duodenale）具有兩對齒鉤,蟯蟲（Enterobius vermicularis）具有頭翼（cephalic alae）,牛羊肝吸蟲（Fasciola hepatica）具有頭錐（cephalic cone）,廣節裂頭絛蟲（Diphyllobothrium latum）具有圓形吸盤（sucker）,,D,D,standard,,False,101110_1101.pdf,101110_MOD1101.pdf
MOEX-101110-1101-Q082,101,第二次,101110,1101,82,組織學,組織學,,下列關於隱胞子蟲（Cryptosporidium parvum）的敘述，何者錯誤？,寄生於小腸上皮細胞,曾經因自來水之水源遭污染而造成大流行,患者新鮮糞便中的卵囊（oocyst）不具傳染性,通常為自癒性（self-limiting）疾病，但在愛滋病患者可能造成慢性腹瀉,,C,C,standard,,False,101110_1101.pdf,101110_MOD1101.pdf
MOEX-101110-1101-Q083,101,第二次,101110,1101,83,未分類,,,有關醫藥分業在保障民眾就醫與藥品安全的權利之敘述，下列何項較不正確？,保障民眾就醫及持有處方的基本權利,民眾有自由「選擇」處方調劑場所的權利,藥品調劑與交付須經專業藥師服務的權利,民眾有使用藥品與相關資訊等「知」與「被告知」的權利,,C,C,standard,,False,101110_1101.pdf,101110_MOD1101.pdf
MOEX-101110-1101-Q084,101,第二次,101110,1101,84,微生物免疫學/寄生蟲學,微生物免疫/寄生蟲,,依據世界衛生組織的統計，下列那一類疾病是目前人類社會傳染性疾病中造成死亡的最主要原因？,後天免疫不全症候群（AIDS）,結核病（tuberculosis）,痢疾（dysentery）,"急性呼吸器官感染（包括肺炎和流行性感冒）（acute respiratory infections, including pneumonia and influenza）",,D,D,standard,,False,101110_1101.pdf,101110_MOD1101.pdf
MOEX-101110-1101-Q085,101,第二次,101110,1101,85,公共衛生學,公共衛生,,"有位研究者採用單因子變異數分析（one-way analysis of variance, ANOVA）比較肥胖、體重過重、正常 體重和體重過輕者的低密度膽固醇數值是否有顯著不同，此研究者比較的是何種統計量（statistics）？",平均值,中位數,眾數,變異數,,A,A,standard,,False,101110_1101.pdf,101110_MOD1101.pdf
MOEX-101110-1101-Q086,101,第二次,101110,1101,86,未分類,,,下列關於目前全民健保部分負擔制度之敘述，何者正確？,不鼓勵轉診,持慢性病連續處方箋可免藥品部分負擔,住院採定額部分負擔,門診採定率部分負擔,,B,B,standard,,False,101110_1101.pdf,101110_MOD1101.pdf
MOEX-101110-1101-Q087,101,第二次,101110,1101,87,未分類,,,下列那一項是健康促進的基本理念？,民眾應為自己的健康負完全責任,政府應為民眾的健康負完全責任,不同族群在健康上出現不平等是很自然的現象,不同族群在本質上雖有差異，但在健康上仍應平等對待,,D,D,standard,,False,101110_1101.pdf,101110_MOD1101.pdf
MOEX-101110-1101-Q088,101,第二次,101110,1101,88,未分類,,,下列有關醫療廣告之敘述，何者錯誤？,廣告內容暗示或影射醫療業務者，視為醫療廣告,醫療廣告得利用贈與醫療刊物為宣傳,醫學新知未涉及招徠醫療業務者，不視為醫療廣告,醫療廣告不得以公開祖傳秘方或公開答問為宣傳,,B,B,standard,,False,101110_1101.pdf,101110_MOD1101.pdf
MOEX-101110-1101-Q089,101,第二次,101110,1101,89,解剖學,胸腔,胸腔,SARS 爆發時，當時民眾的恐慌主要是由下列何種現象所造成？,精神疾病,社會距離,認知不足，心理不確定感,政府無能,,C,C,standard,,False,101110_1101.pdf,101110_MOD1101.pdf
MOEX-101110-1101-Q090,101,第二次,101110,1101,90,公共衛生學,公共衛生,,某研究設計係在母親懷孕前一年即進行其吸菸量的蒐集工作，然後一直到嬰兒出生時，測量嬰兒出 生體重以了解母親吸菸與嬰兒低出生體重的相關性，此一研究設計為：,前瞻性世代追蹤研究（Prospective Cohort Study）,回溯性世代追蹤研究（Retrospective Cohort Study）,病例對照研究（Case-control Study）,斷代研究（Cross-sectional Study）,,A,A,standard,,False,101110_1101.pdf,101110_MOD1101.pdf
MOEX-101110-1101-Q091,101,第二次,101110,1101,91,未分類,,,依照我國行政院衛生署公布的健康食品管理法（2006 年）對健康食品上市的規範為何？,提供特殊營養素或具有特定保健功效，特別加以標示或廣告，以治療、矯正人類疾病為目的,具有保健功效，並標示或廣告其具該功效之食品,具有特定成分，對特定疾病有療效者,符合食品衛生管理法之優良食品,,B,B,standard,,False,101110_1101.pdf,101110_MOD1101.pdf
MOEX-101110-1101-Q092,101,第二次,101110,1101,92,微生物免疫學/寄生蟲學,微生物免疫/寄生蟲,,下列那一項生物性危害之侵入方式，以食入途徑為主？,疱疹病毒（Herpes virus）,流感病毒（Influenza virus）,分枝桿菌（Mycobacteria）,腸病毒（Enterovirus）,,D,D,standard,,False,101110_1101.pdf,101110_MOD1101.pdf
MOEX-101110-1101-Q093,101,第二次,101110,1101,93,公共衛生學,公共衛生,,"某 case-control study 研究某基因型與乳癌的關係，將基因型分為 GG+GT 與 TT 兩類，計算得知 GG+GT 組比 TT 組的勝算比（Odds Ratio）為 2.4，95%信賴區間（95% Confidence Interval）為（1.4, 4.3）。 下列何者正確？",具 GG+GT 基因型較 TT 型易發生乳癌，有統計上顯著意義,具 GG+GT 基因型較 TT 型不易發生乳癌，有統計上顯著意義,具 GG+GT 基因型較 TT 型易發生乳癌，沒有統計上顯著意義,具 GG+GT 基因型較 TT 型不易發生乳癌，沒有統計上顯著意義,,A,A,standard,,False,101110_1101.pdf,101110_MOD1101.pdf
MOEX-101110-1101-Q094,101,第二次,101110,1101,94,未分類,,,在統計推論做雙尾檢定時，經計算得 p 值為 0.04，若其他條件不變，改做單尾檢定，其 p 值會有何 種變化？,變大,變小,如果變項是常態分布的情況下會變大，若不是則變小,如果變項是常態分布的情況下會變小，若不是則變大,,B,B,standard,,False,101110_1101.pdf,101110_MOD1101.pdf
MOEX-101110-1101-Q095,101,第二次,101110,1101,95,公共衛生學,公共衛生,,預防接種是屬於公共衛生預防原則中的那一段？,初段預防（Primary prevention）,次段預防（Secondary prevention）,三段預防（Tertiary prevention）,四段預防（Quarterary prevention）,,A,A,standard,,False,101110_1101.pdf,101110_MOD1101.pdf
MOEX-101110-1101-Q096,101,第二次,101110,1101,96,解剖學,上肢,上肢,有關統計檢定，下列那一項敘述錯誤？,統計的 Power 係指可正確判斷新治療方式有效的機率,統計的 Type I error 係指新治療方式無效，卻被判定為有效的機率,統計的 Type II error 係指新治療方式無效，卻被判定為有效的機率,統計的信賴水準（1-α）係指新治療方式無效，可被正確判斷的機率,,C,C,standard,,False,101110_1101.pdf,101110_MOD1101.pdf
MOEX-101110-1101-Q097,101,第二次,101110,1101,97,微生物免疫學/寄生蟲學,微生物免疫/寄生蟲,,有研究者報導其臨床試驗結果，實驗組的受試者感染率為 10%，安慰劑組感染率為 13%，兩組感染 率差異的 95%信賴區間為-2.6%至 8.6%，下列敘述何者正確？,兩組的差異達統計顯著,兩組的差異未達統計顯著,應該採用變異數分析,應該採用 t 檢定,,B,B,standard,,False,101110_1101.pdf,101110_MOD1101.pdf
MOEX-101110-1101-Q098,101,第二次,101110,1101,98,未分類,,,為了處理 SARS 疫情，防疫單位針對疑似病例及其所接觸個案，採取集中隔離管制措施，並稱被集 中隔離管制並不代表會生病，這是因為該疑似病例的疾病定義具備下列何種特性？,低偽陽性,低偽陰性,高敏感度,高特異度,,#,A|B|C|D,multiple_accepted,第98題答A或B或C或D或BC者均給分。,False,101110_1101.pdf,101110_MOD1101.pdf
MOEX-101110-1101-Q099,101,第二次,101110,1101,99,微生物免疫學/寄生蟲學,微生物免疫/寄生蟲,,下列有關藥品安全監視的項目，屬於我國獨有而一般醫藥先進國家比較不常監視者？,中藥摻西藥的監視,疫苗副作用的監視,新藥安全的監視,偶發藥品品質安全副作用事件的監視,,A,A,standard,,False,101110_1101.pdf,101110_MOD1101.pdf
MOEX-101110-1101-Q100,101,第二次,101110,1101,100,公共衛生學,公共衛生,,控制干擾因子，在研究設計階段，可採下列那個方法？,廻歸分析,配對,分層分析,隨機抽樣,,B,B,standard,,False,101110_1101.pdf,101110_MOD1101.pdf
MOEX-102030-1101-Q001,102,第一次,102030,1101,1,解剖學,神經解剖,神經解剖,下列何者不是基底核 direct loop 的構造？,紋狀體（striatum）,內側蒼白球（inner globus pallidus）,丘腦（thalamus）,視丘下核（subthalamic nucleus）,,D,D,standard,,False,102030_1101.pdf,102030_MOD1101.pdf
MOEX-102030-1101-Q002,102,第一次,102030,1101,2,解剖學,神經解剖,神經解剖,右側大腦顳葉之 Meyer’s loop 傷害，會造成下列何種損傷？,雙眼左上視野缺失,右眼左上視野缺失,雙眼外上視野缺失,雙眼內下視野缺失,,A,A,standard,,False,102030_1101.pdf,102030_MOD1101.pdf
MOEX-102030-1101-Q003,102,第一次,102030,1101,3,組織學,組織學,,下列有關內側縱束（medial longitudinal fasciculus）之敘述，何者錯誤？,含有由內側前庭神經核（medial vestibular nucleus）發出之神經纖維,參與瞳孔光反射之傳導,位於第四腦室或大腦導水管之腹面靠中線處,與眼球上下垂直共軛運動（vertical conjugate movement）有關,,B,B,standard,,False,102030_1101.pdf,102030_MOD1101.pdf
MOEX-102030-1101-Q004,102,第一次,102030,1101,4,解剖學,神經解剖,神經解剖,下列何者不參與角膜反射？,同側顏面神經運動核（facial motor nucleus）,對側顏面神經運動核（facial motor nucleus）,三叉神經脊髓核（spinal trigeminal nucleus）,動眼神經核（oculomotor nucleus）,,D,D,standard,,False,102030_1101.pdf,102030_MOD1101.pdf
MOEX-102030-1101-Q005,102,第一次,102030,1101,5,組織學,組織學,,下列有關視網膜的敘述，何者正確？,視盤（optic disc）位於視網膜底部，內有中央凹（fovea centralis），是視覺最敏銳的地方,由睫後短動脈（short posterior ciliary arteries）來提供視網膜外層區域養分,錐細胞（cones）與桿細胞（rods）的養分主要由視網膜中央動脈（central retinal artery）提供,視網膜的非視覺部（non-visual retinal part）不含色素細胞,,B,B,standard,,False,102030_1101.pdf,102030_MOD1101.pdf
MOEX-102030-1101-Q006,102,第一次,102030,1101,6,組織學,組織學,,病人能看清楚遠方物體，卻無法從鏡子中看清自己的臉，下列何者最可能出問題？,瞼板肌（tarsal muscle）,睫狀肌（ciliary muscle）,瞳孔擴張肌（dilator pupillae muscle）,提上眼瞼肌（levator palpebrae superioris muscle）,,B,B,standard,,False,102030_1101.pdf,102030_MOD1101.pdf
MOEX-102030-1101-Q007,102,第一次,102030,1101,7,組織學,組織學,,甲狀腺腫瘤手術時，為防止出血而綁住喉上動脈（superior laryngeal a.），此時最可能誤傷下列何者？,喉外神經（external laryngeal nerve）,喉下神經（inferior laryngeal nerve）,迷走神經（vagus nerve）,喉內神經（internal laryngeal nerve）,,#,A|D,multiple_accepted,第7題答A或D或AD者均給分，,False,102030_1101.pdf,102030_MOD1101.pdf
MOEX-102030-1101-Q008,102,第一次,102030,1101,8,解剖學,神經解剖,神經解剖,下列何者的破裂最可能造成蛛網膜下腔出血？,中腦膜動脈（middle meningeal artery）,大腦動脈（cerebral artery）,大腦靜脈（cerebral vein）,硬腦膜靜脈竇（dural sinus）,,B,B,standard,,False,102030_1101.pdf,102030_MOD1101.pdf
MOEX-102030-1101-Q009,102,第一次,102030,1101,9,解剖學,神經解剖,神經解剖,頭部腫瘤造成眼睛、鼻子及口腔乾澀，請問此腫瘤最可能發生於何處？,視神經管（optic canal）,翼管（pterygoid canal）,卵圓孔（foramen ovale）,圓孔（foramen rotundum）,,B,B,standard,,False,102030_1101.pdf,102030_MOD1101.pdf
MOEX-102030-1101-Q010,102,第一次,102030,1101,10,解剖學,神經解剖,神經解剖,右肺門前方的腫瘤最可能壓迫下列何者？,膈神經（phrenic nerve）,迷走神經（vagus nerve）,喉返神經（recurrent laryngeal nerve）,交感神經幹（sympathetic trunk）,,A,A,standard,,False,102030_1101.pdf,102030_MOD1101.pdf
MOEX-102030-1101-Q011,102,第一次,102030,1101,11,組織學,組織學,,"下列何者位於心臟的隔緣肉柱（septomarginal trabecula, moderator band）中？",發出左右分支前的房室束（atrioventricular bundle）,房室束右支（right branch of atrioventricular bundle）,房室束左支（left branch of atrioventricular bundle）,普金斯纖維（Purkinje fibers）,,B,B,standard,,False,102030_1101.pdf,102030_MOD1101.pdf
MOEX-102030-1101-Q012,102,第一次,102030,1101,12,解剖學,胸腔,胸腔,下列有關肺門（hilum of the lung）之敘述，何者正確？,肺動脈位於左肺門最上方,支氣管位於左肺門最下方,肺靜脈位於右肺門最上方,支氣管位於右肺門最前方,,A,A,standard,,False,102030_1101.pdf,102030_MOD1101.pdf
MOEX-102030-1101-Q013,102,第一次,102030,1101,13,解剖學,胸腔,胸腔,刺激橫膈中央處的壁層胸膜（parietal pleura）所引起的牽涉痛（referred pain），其對應的皮區 （dermatome）為：,C3-C5,T1-T2,T4-T5,T7-T8,,A,A,standard,,False,102030_1101.pdf,102030_MOD1101.pdf
MOEX-102030-1101-Q014,102,第一次,102030,1101,14,解剖學,胸腔,胸腔,心臟聽診檢查時，發現在正中鎖骨線第 5 肋間處有異常雜音，下列何者最可能發生病變？,二尖瓣（mitral valve）,主動脈瓣（aortic valve）,三尖瓣（tricuspid valve）,肺動脈幹瓣（pulmonary valve）,,A,A,standard,,False,102030_1101.pdf,102030_MOD1101.pdf
MOEX-102030-1101-Q015,102,第一次,102030,1101,15,解剖學,神經解剖,神經解剖,腎內結石的疼痛經由下列何者傳導？,大內臟神經（greater splanchnic nerve）,小內臟神經（lesser splanchnic nerve）,最小內臟神經（least splanchnic nerve）,迷走神經（vagus nerve）,,C,C,standard,,False,102030_1101.pdf,102030_MOD1101.pdf
MOEX-102030-1101-Q016,102,第一次,102030,1101,16,解剖學,腹部,腹部,Ligament of Treitz 是檢查消化道是否發生異常的標記，其拉提著下列何處？,十二指腸與胃幽門的交界處,十二指腸的上段（superior part）與下行段（descending part）間,十二指腸空腸彎曲（duodenojejunal flexure）,整條十二指腸,,C,C,standard,,False,102030_1101.pdf,102030_MOD1101.pdf
MOEX-102030-1101-Q017,102,第一次,102030,1101,17,組織學,組織學,,下列有關陰囊 dartos fascia 的描述，何者正確？,與腹部的 Camper’s fascia 相連,含豐富的皮下脂肪,含骨骼肌構成的 dartos muscle,含提睪肌（cremasteric muscle）,,A,A,standard,,False,102030_1101.pdf,102030_MOD1101.pdf
MOEX-102030-1101-Q018,102,第一次,102030,1101,18,組織學,組織學,,連接交感神經鏈（sympathetic chain）與 L4 脊神經的是：,白交通支（white communicating ramus），內含交感節前神經纖維,白交通支，內含交感節後神經纖維,灰交通支（gray communicating ramus），內含交感節前神經纖維,灰交通支，內含交感節後神經纖維,,D,D,standard,,False,102030_1101.pdf,102030_MOD1101.pdf
MOEX-102030-1101-Q019,102,第一次,102030,1101,19,解剖學,腹部,腹部,下列何者的栓塞（thrombosis）最可能會導致左側睪丸（testis）腫脹？,左陰部內靜脈（left internal pudendal vein）,下腔靜脈（inferior vena cava）,左陰部外靜脈（left external pudendal vein）,左腎靜脈（left renal vein）,,D,D,standard,,False,102030_1101.pdf,102030_MOD1101.pdf
MOEX-102030-1101-Q020,102,第一次,102030,1101,20,解剖學,骨盆與會陰,骨盆與會陰,在進行子宮切除（hysterectomy）結紮子宮動脈時，下列何者最可能會被誤紮？,卵巢動脈（ovarian artery）,陰部內動脈（internal pudendal artery）,輸尿管（ureter）,陰部神經（pudendal nerve）,,C,C,standard,,False,102030_1101.pdf,102030_MOD1101.pdf
MOEX-102030-1101-Q021,102,第一次,102030,1101,21,組織學,組織學,,陰囊（scrotum）皮膚的惡性黑色素細胞瘤（malignant melanoma）最可能先轉移至下列那個淋巴結？,髂內淋巴結（internal iliac lymph nodes）,髂外淋巴結（external iliac lymph nodes）,腹股溝淺淋巴結（superficial inguinal lymph nodes）,主動脈淋巴結（aortic lymph nodes）,,C,C,standard,,False,102030_1101.pdf,102030_MOD1101.pdf
MOEX-102030-1101-Q022,102,第一次,102030,1101,22,組織學,組織學,,下列何處的神經元負責陰莖的勃起功能（penile erection）？,迷走神經核（dorsal motor nucleus of vagus nerve）,腰髓第一至第二節（L1~L2）之中外細胞柱（intermediolateral cell column）,胸髓第十至第十二節（T10~T12）之中外細胞柱（intermediolateral cell column）,薦髓副交感神經核（sacral parasympathetic nucleus）,,D,D,standard,,False,102030_1101.pdf,102030_MOD1101.pdf
MOEX-102030-1101-Q023,102,第一次,102030,1101,23,組織學,組織學,,分娩易造成骨盆底部的撕裂傷，下列何者最不可能受傷？,髂骨尾骨肌（iliococcygeus）,恥骨尾骨肌（pubococcygeus）,會陰淺橫肌（superficial transverse perineal muscle）,尾骨肌（coccygeus）,,D,D,standard,,False,102030_1101.pdf,102030_MOD1101.pdf
MOEX-102030-1101-Q024,102,第一次,102030,1101,24,解剖學,胸腔,胸腔,下列那一群肌肉的收縮會造成手指以中指（middle finger）為中心外展（abduction）的動作？,掌短肌（palmaris brevis）,骨間背側肌（dorsal interossei）,骨間掌側肌（palmar interossei）,蚓狀肌（lumbricals）,,B,B,standard,,False,102030_1101.pdf,102030_MOD1101.pdf
MOEX-102030-1101-Q025,102,第一次,102030,1101,25,解剖學,頭頸部,頭頸部,車禍造成尺骨中段骨折並傷及尺動脈（ulnar artery），下列何處是直接按壓止血的最適當位置？,腋下（axilla）,上臂中段（mid arm）,肘窩（cubital fossa）,鼻煙區（snuff box）,,#,B|C,multiple_accepted,第25題答B或C或BC者均給分，,False,102030_1101.pdf,102030_MOD1101.pdf
MOEX-102030-1101-Q026,102,第一次,102030,1101,26,解剖學,上肢,上肢,肱骨在三角肌粗隆（deltoid tuberosity of humerus）位置的骨折，最可能直接傷及那一條血管？,肱骨前迴旋動脈（anterior circumflex humeral artery）,肱骨後迴旋動脈（posterior circumflex humeral artery）,肩胛迴旋動脈（circumflex scapular artery）,肱深動脈（profunda brachii artery）,,D,D,standard,,False,102030_1101.pdf,102030_MOD1101.pdf
MOEX-102030-1101-Q027,102,第一次,102030,1101,27,解剖學,上肢,上肢,下列那一條神經受損，會造成肘關節屈曲（flexion）無力？,肌皮神經（musculocutaneous nerve）,正中神經（median nerve）,尺神經（ulnar nerve）,橈神經（radial nerve）,,A,A,standard,,False,102030_1101.pdf,102030_MOD1101.pdf
MOEX-102030-1101-Q028,102,第一次,102030,1101,28,解剖學,腹部,腹部,蹠肌（plantaris）的肌腱位於下列那兩塊肌肉之間？,腓腸肌（gastrocnemius）與比目魚肌（soleus）,比目魚肌與脛後肌（tibialis posterior）,脛後肌與脛前肌（tibialis anterior）,腓骨長肌（fibularis longus）與腓骨短肌（fibularis brevis）,,A,A,standard,,False,102030_1101.pdf,102030_MOD1101.pdf
MOEX-102030-1101-Q029,102,第一次,102030,1101,29,胚胎學,胚胎學,,下列何者不是絨毛膜（chorion）的組成結構？,細胞滋養層（cytotrophoblast）,融合滋養層（syncytiotrophoblast）,胚外體壁中胚層（extraembryonic somatic mesoderm）,胚外臟壁中胚層（extraembryonic splanchnic mesoderm）,,D,D,standard,,False,102030_1101.pdf,102030_MOD1101.pdf
MOEX-102030-1101-Q030,102,第一次,102030,1101,30,胚胎學,胚胎學,,下列何者和下副甲狀腺（inferior parathyroid gland）有相同的胚胎起源？,甲狀腺（thyroid gland）,頸竇（cervical sinus）,氣管（trachea）,胸腺（thymus）,,D,D,standard,,False,102030_1101.pdf,102030_MOD1101.pdf
MOEX-102030-1101-Q031,102,第一次,102030,1101,31,胚胎學,胚胎學,,下列關於肝臟（liver）發育之敘述，何者正確？,由中腸（midgut）衍生而來,肝索（hepatic cord）由中胚層衍生而來,庫弗氏細胞（Kupffer cell）由內胚層衍生而來,胚胎發育第六週開始有造血活動,,D,D,standard,,False,102030_1101.pdf,102030_MOD1101.pdf
MOEX-102030-1101-Q032,102,第一次,102030,1101,32,胚胎學,胚胎學,,下列有關眼球結構與發育來源的配對，何者錯誤？,間質組織（mesenchyme）－睫狀肌（ciliary muscle）,間質組織－瞳孔舒張/括約肌（dilator/sphincter pupillae）,神經嵴（neural crest）－虹膜基質（stroma of iris）,體表外胚層（surface ectoderm）－晶狀體泡（lens vesicle）,,B,B,standard,,False,102030_1101.pdf,102030_MOD1101.pdf
MOEX-102030-1101-Q033,102,第一次,102030,1101,33,解剖學,骨盆與會陰,骨盆與會陰,下列何者其管壁外圍不含平滑肌層？,輸精管（ductus deferens）,副睪管（ductus epididymis）,射精管（ejaculatory duct）,輸出小管（ductulus efferens）,,C,C,standard,,False,102030_1101.pdf,102030_MOD1101.pdf
MOEX-102030-1101-Q034,102,第一次,102030,1101,34,組織學,組織學,,對於「豎毛肌（arrector pili muscles）」的敘述，下列何者正確？,由成束骨骼肌構成,由表皮伸展到毛囊（hair follicle）,此肌肉收縮時，會造成「雞皮疙瘩」現象,由成束肌上皮細胞（myoepithelial cell）構成,,C,C,standard,,False,102030_1101.pdf,102030_MOD1101.pdf
MOEX-102030-1101-Q035,102,第一次,102030,1101,35,組織學,組織學,,有關梅氏神經叢（Meissner’s plexus）的敘述，何者正確？,調節黏膜層蠕動與腺體之分泌,分布在消化道肌肉層中,類似交感神經有刺激括約肌的功能,在漿膜層常見,,A,A,standard,,False,102030_1101.pdf,102030_MOD1101.pdf
MOEX-102030-1101-Q036,102,第一次,102030,1101,36,微生物免疫學/寄生蟲學,微生物免疫/寄生蟲,,有關睪丸血液屏障（blood-testis barrier），下列敘述何項錯誤？,此屏障將有絲分裂（mitosis）的細胞與減數分裂（meiosis）的細胞隔開,此屏障將細精小管（seminiferous tubule）分為基底隔間（basal compartment）及腔室隔間（luminal compartment）,可用一般光學顯微鏡觀察到此屏障,功能上，此屏障可以保護精子生成細胞不被免疫系統攻擊,,C,C,standard,,False,102030_1101.pdf,102030_MOD1101.pdf
MOEX-102030-1101-Q037,102,第一次,102030,1101,37,組織學,組織學,,下列有關女性生殖系統的敘述，何者錯誤？,大前庭腺（greater vestibular gland）相當於男性的尿道球腺（bulbourethral gland）,陰阜（mons pubis）之皮膚具有豐富的梅氏小體（Meissner’s corpuscle）,小陰唇的皮膚不具有毛髮,小前庭腺（lesser vestibular gland）是屬於漿液性腺體（serous gland）,,D,D,standard,,False,102030_1101.pdf,102030_MOD1101.pdf
MOEX-102030-1101-Q038,102,第一次,102030,1101,38,組織學,組織學,,下列何者不參與心肌細胞之收縮？,肌漿網（sarcoplasmic reticulum）,T 小管（T-tubules）,肌間盤裡的間隙接合（gap junction of intercalated disc）,胞橋小體（desmosomes）,,D,D,standard,,False,102030_1101.pdf,102030_MOD1101.pdf
MOEX-102030-1101-Q039,102,第一次,102030,1101,39,組織學,組織學,,通常會出現在韌帶（ligament）或肌腱（tendon）與硬骨相接處的是？①透明軟骨（hyaline cartilage） ②彈性軟骨（elastic cartilage） ③纖維軟骨（fibrocartilage）,只有①,只有②,只有③,①②都有,,C,C,standard,,False,102030_1101.pdf,102030_MOD1101.pdf
MOEX-102030-1101-Q040,102,第一次,102030,1101,40,未分類,,,下列何者由連接蛋白（connexin）所構成？,緊密連接（zonula occludens）,黏著小帶（zonula adherens）,胞橋小體（desmosomes）,間隙接合（gap junctions）,,D,D,standard,,False,102030_1101.pdf,102030_MOD1101.pdf
MOEX-102030-1101-Q041,102,第一次,102030,1101,41,組織學,組織學,,以電子顯微鏡觀察細胞膜（plasma membrane）結構，下列敘述何者錯誤？,具三層構造特徵，內外兩層緻密層（electron dense layers）夾雜著透明層（electron lucent layer）,內外兩層（electron layers）代表磷脂質親水性的一端,中間透明層（electron lucent layer）代表厭水性分子,細胞膜內側面具醣外被（glycocalyx）,,D,D,standard,,False,102030_1101.pdf,102030_MOD1101.pdf
MOEX-102030-1101-Q042,102,第一次,102030,1101,42,微生物免疫學/寄生蟲學,微生物免疫/寄生蟲,,下列有關 Scarlet fever 的敘述，何者錯誤？,是 Group A Streptococci 引發咽喉炎之併發症,臨床上可見病患口腔中產生 Strawberry tongue,臨床上可見病患皮膚上產生 Pastia’s lines,是由細菌感染之噬菌體溶解細菌後，釋放出 Pyrogenic exotoxin 所造成,,D,D,standard,,False,102030_1101.pdf,102030_MOD1101.pdf
MOEX-102030-1101-Q043,102,第一次,102030,1101,43,微生物免疫學/寄生蟲學,微生物免疫/寄生蟲,,下列有關流感嗜血桿菌（Haemophilus influenzae）的敘述，何者錯誤？,幼兒感染後能引起腦膜炎（meningitis）,其生長需要在培養基中補充加熱過的血液,棲居於正常人體呼吸道的，主要是具莢膜的菌株,市面上已有針對 b 血清型別的疫苗,,C,C,standard,,False,102030_1101.pdf,102030_MOD1101.pdf
MOEX-102030-1101-Q044,102,第一次,102030,1101,44,微生物免疫學/寄生蟲學,微生物免疫/寄生蟲,,下列那種病菌造成腸胃道感染所需的菌量最低？,弧菌屬（Vibrio）,沙門氏菌屬（Salmonella）,志賀氏菌屬（Shigella）,耶爾辛氏菌屬（Yersinia）,,C,C,standard,,False,102030_1101.pdf,102030_MOD1101.pdf
MOEX-102030-1101-Q045,102,第一次,102030,1101,45,未分類,,,革蘭氏陰性菌造成敗血症（septicemia）的原因，常與其所共有的那種成分相關？,磷壁酸（teichoic acids）,鞭毛素（flagellin）,脂質 A（lipid A）,線毛素（pilin）,,C,C,standard,,False,102030_1101.pdf,102030_MOD1101.pdf
MOEX-102030-1101-Q046,102,第一次,102030,1101,46,組織學,組織學,,有關立克次氏體（Rickettsia）之敘述，下列何者錯誤？,其細胞壁含有 peptidoglycan,多經由體蝨、鼠蚤或壁蝨等傳染性昆蟲所傳播,其細胞壁不含 lipopolysaccharide，故沒有內毒素的活性,為絕對細胞內寄生菌,,#,A|C,multiple_accepted,第46題答 A或C或AC者均給分，,False,102030_1101.pdf,102030_MOD1101.pdf
MOEX-102030-1101-Q047,102,第一次,102030,1101,47,微生物免疫學/寄生蟲學,微生物免疫/寄生蟲,,viridans streptococci 感染所造成之心內膜炎，不能單獨使用 aminoglycosides 類的藥物，而必須合併 penicillin 的使用才能發揮其殺菌的效果，其主要原因為何？,aminoglycosides 類的藥物無法穿過 viridans streptococci 之細胞壁,aminoglycosides 無法與 viridans streptococci 的核糖體結合,viridans streptococci 沒有細胞壁結構,aminoglycosides 類的藥物無法穿過 viridans streptococci 之細胞膜,,A,A,standard,,False,102030_1101.pdf,102030_MOD1101.pdf
MOEX-102030-1101-Q048,102,第一次,102030,1101,48,微生物免疫學/寄生蟲學,微生物免疫/寄生蟲,,一位 5 歲的小孩，經常咳到滿臉通紅甚至嘔吐，且伴隨有頭痛、發燒及喉嚨痛等症狀而求診。經聽 診後，發現肺部有雜音，X 光則顯示下肺葉部出現斑塊狀的「間質性肺炎」陰影，因此懷疑是黴漿 菌（Mycoplasma）感染。可以用下列何種藥物進行治療？,萬古黴素（vancomycin）,青黴素（penicillin）,四環黴素（tetracycline）,枯草桿菌素（bacitracin）,,#,A|B|C|D,all_credit,第48題一律給分，,False,102030_1101.pdf,102030_MOD1101.pdf
MOEX-102030-1101-Q049,102,第一次,102030,1101,49,微生物免疫學/寄生蟲學,微生物免疫/寄生蟲,,某旅行社舉辦出國 5 日遊，回國後，有 3 名參加的孩童先後因出血性腹瀉至醫院就醫，其中 1 名 4 歲兒童還併發溶血性尿毒症候群（hemolytic uremic syndrome）。下列那種細菌最有可能是導致此事 件的致病原？,大腸桿菌（Escherichia coli）,綠膿桿菌（Pseudomonas aeruginosa）,副溶血弧菌（Vibrio parahaemolyticus）,胃幽門桿菌（Helicobacter pylori）,,A,A,standard,,False,102030_1101.pdf,102030_MOD1101.pdf
MOEX-102030-1101-Q050,102,第一次,102030,1101,50,微生物免疫學/寄生蟲學,微生物免疫/寄生蟲,,一位 58 歲男性突然出現嘔吐、大量水性腹瀉、急性腎衰竭等症狀，隨後在其糞便中分離出霍亂弧菌 （Vibrio cholerae）。下列何者最能做為確定此人罹患霍亂症（cholera）的依據？,臨床症狀,所分離的細菌能分泌霍亂毒素,所分離的細菌屬 O1 血清型,在病人的血清中偵測到霍亂毒素,,B,B,standard,,False,102030_1101.pdf,102030_MOD1101.pdf
MOEX-102030-1101-Q051,102,第一次,102030,1101,51,解剖學,腹部,腹部,承上題，下列對霍亂弧菌的敘述，何者正確？,對酸的耐受性高,所產生的神經毒素會刺激腸道的蠕動,人類是此菌唯一的天然宿主,無法生長於未添加鹽的培養基,,C,C,standard,,False,102030_1101.pdf,102030_MOD1101.pdf
MOEX-102030-1101-Q052,102,第一次,102030,1101,52,微生物免疫學/寄生蟲學,微生物免疫/寄生蟲,,有關 C 型肝炎病毒的敘述，何者錯誤？,屬於 Flaviviridae,具有 envelope,已經有疫苗可以預防感染,與肝癌有關,,C,C,standard,,False,102030_1101.pdf,102030_MOD1101.pdf
MOEX-102030-1101-Q053,102,第一次,102030,1101,53,微生物免疫學/寄生蟲學,微生物免疫/寄生蟲,,孕婦感染下列何種病毒，最容易造成胎兒先天性畸形？,單純疱疹病毒一型,帶狀疱疹病毒,德國麻疹病毒,麻疹病毒,,C,C,standard,,False,102030_1101.pdf,102030_MOD1101.pdf
MOEX-102030-1101-Q054,102,第一次,102030,1101,54,微生物免疫學/寄生蟲學,微生物免疫/寄生蟲,,下列那一種病毒需進入寄主細胞之細胞核進行基因體複製（genome replication）？,Poxvirus,Paramyxovirus,Bunyavirus,Orthomyxovirus,,D,D,standard,,False,102030_1101.pdf,102030_MOD1101.pdf
MOEX-102030-1101-Q055,102,第一次,102030,1101,55,微生物免疫學/寄生蟲學,微生物免疫/寄生蟲,,使用於孩童之 MMR 三合一減毒疫苗，包含那三種病毒？,Measles-Mumps-Rubella,Measles-Mumps-Rotavirus,Measles-Mumps-Reovirus,Measles-Mumps-Rhinovirus,,A,A,standard,,False,102030_1101.pdf,102030_MOD1101.pdf
MOEX-102030-1101-Q056,102,第一次,102030,1101,56,微生物免疫學/寄生蟲學,微生物免疫/寄生蟲,,下列有關流行性感冒病毒的敘述，何者錯誤？,基因含多段，因此重組現象普遍發生,共分 A、B、C 三型,B 型常造成全世界大流行,病毒感染後，續發性細菌感染（secondary bacterial infection），常引起肺炎,,C,C,standard,,False,102030_1101.pdf,102030_MOD1101.pdf
MOEX-102030-1101-Q057,102,第一次,102030,1101,57,微生物免疫學/寄生蟲學,微生物免疫/寄生蟲,,南部爆發登革熱大流行，若患者有下列何種臨床症狀時，醫師會診斷為登革病毒（dengue viruses）之感 染？①紅疹（rash） ②關節炎（arthritis） ③血小板減少（thrombocytopenia） ④出血熱（hemorrhagic fever）,①②③,①②④,②③④,①③④,,#,A|B|C|D,all_credit,第57題除未作答者不給分外，其 餘均給分，,False,102030_1101.pdf,102030_MOD1101.pdf
MOEX-102030-1101-Q058,102,第一次,102030,1101,58,微生物免疫學/寄生蟲學,微生物免疫/寄生蟲,,愛滋病病人的 Kaposi’s sarcoma 是由下列何種病毒感染所引起？,HSV-1（herpes simplex virus type 1）,CMV（cytomegalovirus）,HHV-8（human herpes virus type 8）,HSV-2（herpes simplex virus type 2）,,C,C,standard,,False,102030_1101.pdf,102030_MOD1101.pdf
MOEX-102030-1101-Q059,102,第一次,102030,1101,59,微生物免疫學/寄生蟲學,微生物免疫/寄生蟲,,目前唯一會對人類造成全身性感染之青黴菌屬（Penicillium），其兩型性（Dimorphic）病原為何？,P. marneffei,P. notutum,P. chrysogenum,P. claviformes,,A,A,standard,,False,102030_1101.pdf,102030_MOD1101.pdf
MOEX-102030-1101-Q060,102,第一次,102030,1101,60,微生物免疫學/寄生蟲學,微生物免疫/寄生蟲,,抑制真菌 DNA 及 RNA 合成之抗真菌藥物為何？,Terbinafine,Amphotericin B,Flucytosine,Fluconazole,,C,C,standard,,False,102030_1101.pdf,102030_MOD1101.pdf
MOEX-102030-1101-Q061,102,第一次,102030,1101,61,微生物免疫學/寄生蟲學,微生物免疫/寄生蟲,,一位 66 歲男性，教職退休一年後，覺得缺乏運動，於是買了腳踏車準備鍛鍊身體。但是第一次出遊就 因閃避來車而撞上路邊綠籬，右手肘被樹枝穿刺約 2-3 cm 深之傷口，經送醫包紮後回家休養，傷口紅 腫、潰瘍、痛楚並有似膿分泌物，再經醫生診治後給予 7 天口服 Tetracycline 但情況並無好轉，後換成 口服 Cephalexin 也沒有改善。約 15 天後，右手肘及手臂出現直線排列多處之具滲出液潰瘍（Oozing ulcers）及節瘤（Nodules）。檢體經過 25℃培養長出絲狀真菌，菌絲有分隔（Septate hyphae），分生 孢子（Conidia）聚生於分生孢子柄的頂端以玫瑰花飾（Rosette）形狀排列，置於 37℃之培養則長出酵 母菌菌落。這位男士感染了那種菌？,Conidiobolus coronatus,Sporothrix schenckii,Mycobacterium marinum,Staphylococcus aureus,,B,B,standard,,False,102030_1101.pdf,102030_MOD1101.pdf
MOEX-102030-1101-Q062,102,第一次,102030,1101,62,微生物免疫學/寄生蟲學,微生物免疫/寄生蟲,,下列有關先天性免疫反應（innate immune responses）之敘述，何者錯誤？,微生物引起的發炎反應屬於先天性免疫（innate immunity）,"病原菌之分子型式（pathogen-associated molecular patterns, PAMPs）引發先天性免疫反應",辨識 PAMPs 之受器（receptors）與專一性之抗原受體（antigen receptor）類似，需經過基因重組後 才能表現其蛋白質,主要由吞噬細胞（phagocytes）執行,,C,C,standard,,False,102030_1101.pdf,102030_MOD1101.pdf
MOEX-102030-1101-Q063,102,第一次,102030,1101,63,微生物免疫學/寄生蟲學,微生物免疫/寄生蟲,,下列何種免疫細胞可比較有效的消滅已侵入宿主細胞內的病毒（intracellular virus）？,B 淋巴細胞,巨噬細胞（Macrophage）,毒殺性 T 淋巴細胞（Cytotoxic T cell）,樹突狀細胞（Dendritic cell）,,C,C,standard,,False,102030_1101.pdf,102030_MOD1101.pdf
MOEX-102030-1101-Q064,102,第一次,102030,1101,64,微生物免疫學/寄生蟲學,微生物免疫/寄生蟲,,有關 T 細胞上的 CD4 與 CD8 分子的敘述，何者最正確？,CD4 的結構是由 2 條不同胜肽鏈所構成,這 2 種分子都可以直接結合抗原蛋白片段,這 2 種分子均可與組織相容性複合體（MHC）分子相結合,CD4 及 CD8 分子皆沒有參與 T 細胞的活化訊號傳遞系統,,C,C,standard,,False,102030_1101.pdf,102030_MOD1101.pdf
MOEX-102030-1101-Q065,102,第一次,102030,1101,65,微生物免疫學/寄生蟲學,微生物免疫/寄生蟲,,王先生於 SARS 流行期間到大陸進行商務旅行，在香港停留一晚後返臺。回國後第 2 天晚上，即高 燒至 40℃不退；經 X 光檢查，肺部有瀰漫性發炎現象。若抽血檢驗，預期可以測得對 SARS 冠狀病 毒（SARS-coronavirus）的那一種抗體亞型？,IgA,IgE,IgG,IgM,,D,D,standard,,False,102030_1101.pdf,102030_MOD1101.pdf
MOEX-102030-1101-Q066,102,第一次,102030,1101,66,組織學,組織學,,下列那一種 T 細胞是成熟且具有輔助（helper T cell）的功能？,TCRγ:δ CD4-CD8+,TCRα:β CD4+CD8+,TCRα:β CD4+CD8-,TCRα:β CD4-CD8+ +,,C,C,standard,,False,102030_1101.pdf,102030_MOD1101.pdf
MOEX-102030-1101-Q067,102,第一次,102030,1101,67,微生物免疫學/寄生蟲學,微生物免疫/寄生蟲,,CD4 T細胞活化的過程中，除需要signal 1 外，還需要適當的signal 2，下列對signal 2 的敘述，何者 錯誤？,CD4+ T細胞會表現CD28 與抗原呈現細胞的B7 分子結合，使CD4+ T細胞進入活化狀態,如果CD4+ T細胞與抗原呈現細胞結合時，缺少signal 2 的訊號，CD4+ T細胞主要會進行凋亡作用（ apoptosis）,如果CD4+ T細胞表現CTLA-4 分子與抗原呈現細胞的B7 分子結合，主要會導致CD4+ T細胞失能（ anergy）,CD28 與 CTLA-4 分子皆會與 B7 分子結合，但是 CTLA-4 與 B7 的親和力高於 CD28,,B,B,standard,,False,102030_1101.pdf,102030_MOD1101.pdf
MOEX-102030-1101-Q068,102,第一次,102030,1101,68,微生物免疫學/寄生蟲學,微生物免疫/寄生蟲,,人體中有二大類樹突細胞（dendritic cell），一類為 conventional dendritic cell，另一類為 plasmacytoid dendritic cell。下列有關這二類樹突細胞的敘述，何者錯誤？,Plasmacytoid dendritic cell 會表現大量的 TLR-7 與 TLR-9,遇到病毒時，plasmacytoid dendritic cell 會分泌大量的 IFN-α 及 IFN-β,Conventional dendritic cell 主要功能為呈現抗原並活化 T 細胞,這二類樹突細胞特徵不同，並不會互相調控對方的功能,,D,D,standard,,False,102030_1101.pdf,102030_MOD1101.pdf
MOEX-102030-1101-Q069,102,第一次,102030,1101,69,微生物免疫學/寄生蟲學,微生物免疫/寄生蟲,,下列那一種免疫球蛋白能夠通過胎盤，提供新生兒對抗病原菌保護力？,IgA,IgE,IgG,IgM,,C,C,standard,,False,102030_1101.pdf,102030_MOD1101.pdf
MOEX-102030-1101-Q070,102,第一次,102030,1101,70,微生物免疫學/寄生蟲學,微生物免疫/寄生蟲,,人類個體受到人類免疫缺損病毒（HIV）攻擊後會導致免疫功能下降，造成次發免疫功能缺損（後天 性免疫缺乏症候群，通稱 AIDS）。AIDS 病患經常發現的皮膚癌 Kaposi 肉瘤，其直接成因為何？,Kaposi 肉瘤疱疹病毒,人類疱疹病毒第一型（HHV-1）,免疫球蛋白血中濃度太低,皮膚中 B 型肝炎病毒蛋白質堆積,,A,A,standard,,False,102030_1101.pdf,102030_MOD1101.pdf
MOEX-102030-1101-Q071,102,第一次,102030,1101,71,組織學,組織學,,輸血治療是現代醫療上重要的突破。以往沒有方便的檢測方法時，常因血型的不相容而產生嚴重的 輸血不良反應。下列何種紅血球捐血者和受血者的組合會產生不相容反應？,捐血者：AB 型，受血者：A 型,捐血者：O 型，受血者：B 型,捐血者：B 型，受血者：AB 型,捐血者：O 型，受血者：AB 型,,A,A,standard,,False,102030_1101.pdf,102030_MOD1101.pdf
MOEX-102030-1101-Q072,102,第一次,102030,1101,72,微生物免疫學/寄生蟲學,微生物免疫/寄生蟲,,志玲每次戴了含鎳的項鍊表演後幾天，就會在接觸的地方產生癢疹。皮膚科醫師認為是免疫反應產 生的過敏性皮膚炎。志玲翻查教科書後發現鎳原子太小，應該不會被抗體或 T 細胞接受體辨識。志 玲產生癢疹的合理解釋應該為何？,鎳可以刺激 Toll-like 接受體的訊息傳遞,鎳本身可以刺激 T 細胞有絲分裂,鎳本身可以刺激樹突細胞，所以是好的佐劑（adjuvant）,鎳和承載體（carrier）蛋白質結合變成完整的抗原,,D,D,standard,,False,102030_1101.pdf,102030_MOD1101.pdf
MOEX-102030-1101-Q073,102,第一次,102030,1101,73,微生物免疫學/寄生蟲學,微生物免疫/寄生蟲,,40 餘歲孕婦患有甲狀腺功能過高、出現抗促甲狀腺荷爾蒙受體抗體（anti-TSH receptor antibody）的 葛瑞夫氏症（Graves’ disease）。順利生產後，發現小嬰孩 2000 公克重，易受驚，極不易入睡，喝奶 量低，檢查體內亦有抗促甲狀腺荷爾蒙受體抗體。原因為何？,本例是因為葛瑞夫氏症的遺傳所致,母親的自體免疫疾病之抗促甲狀腺荷爾蒙受體抗體是 IgG，能通過胎盤，而暫時引起小嬰孩的病徵,葛瑞夫氏症的特性引起小嬰孩體內的CD4+ CD25+調節型T細胞（CD4+ CD25+ Treg細胞）增加,葛瑞夫氏症的特性引起小嬰孩體內的抗乙醯膽鹼受體抗體（anti-acetylcholine receptor antibody）增加,,B,B,standard,,False,102030_1101.pdf,102030_MOD1101.pdf
MOEX-102030-1101-Q074,102,第一次,102030,1101,74,微生物免疫學/寄生蟲學,微生物免疫/寄生蟲,,目前由於免疫抑制劑的進步，移植的腎臟在接受者體內一年存活率達 90%以上，五年亦達 70%左右， 但是長期存活率並未有顯著突破。有關移植的腎臟長期的變化，下列那一項敘述錯誤？,移植的腎臟顯示小動脈硬化，腎絲球及腎小管纖維化及萎縮,巨噬細胞侵入移植腎臟的血管及組織，引起慢性炎症反應,長期使用環孢靈素（cyclosporin A），導致腎臟組織的環孢靈素毒性變化,由於接受者體內在移植前已經存在的抗體，攻擊移植腎臟的內皮細胞，引起小血管阻塞,,D,D,standard,,False,102030_1101.pdf,102030_MOD1101.pdf
MOEX-102030-1101-Q075,102,第一次,102030,1101,75,微生物免疫學/寄生蟲學,微生物免疫/寄生蟲,,有關人類罹患河盲症（river blindness）的敘述，何者錯誤？,蚋蠅屬（genus Simulium）昆蟲是造成本疾病的媒介,成蟲寄生於患者的眼睛才造成眼盲,硬化性角膜炎是引起眼盲的主因,肇因於蟠尾絲蟲（Onchocerca volvulus）感染所致,,B,B,standard,,False,102030_1101.pdf,102030_MOD1101.pdf
MOEX-102030-1101-Q076,102,第一次,102030,1101,76,微生物免疫學/寄生蟲學,微生物免疫/寄生蟲,,食用未熟之海水魚類，會感染下列何種寄生蟲？,海獸胃線蟲（Anisakis simplex）,美洲鈎蟲（Necator americanus）,廣東住血線蟲（Angiostrongylus cantonensis）,中華肝吸蟲（Clonorchis sinensis）,,A,A,standard,,False,102030_1101.pdf,102030_MOD1101.pdf
MOEX-102030-1101-Q077,102,第一次,102030,1101,77,微生物免疫學/寄生蟲學,微生物免疫/寄生蟲,,下列那些絛蟲在人類會引起自體感染（autoinfection）？①有鈎絛蟲（Taenia solium） ②廣節裂頭絛 蟲（Diphyllobothrium latum） ③短小包膜絛蟲（Hymenolepis nana） ④顆粒性包生絛蟲（Echinococcus granulosus）,①②,①③,②④,③④,,B,B,standard,,False,102030_1101.pdf,102030_MOD1101.pdf
MOEX-102030-1101-Q078,102,第一次,102030,1101,78,微生物免疫學/寄生蟲學,微生物免疫/寄生蟲,,下列關於衛氏肺吸蟲（Paragonimus westermani）的敘述，那些正確？①可在病人痰液中找到蟲卵 ②蟲卵不具小蓋，內有纖毛幼蟲（miracidium） ③長期感染的病人，臨床症狀與肺結核類似 ④人 是第二中間宿主,①③,①④,②③,②④,,A,A,standard,,False,102030_1101.pdf,102030_MOD1101.pdf
MOEX-102030-1101-Q079,102,第一次,102030,1101,79,胚胎學,胚胎學,,惡性瘧之症狀較其他三種瘧疾嚴重的原因有那些？①能侵犯各種發育期的紅血球 ②較易引起復發 （relapse） ③可能併發腦性瘧（cerebral malaria） ④發作（paroxysm）時高燒持續的時間較長,①②③,①②④,①③④,②③④,,C,C,standard,,False,102030_1101.pdf,102030_MOD1101.pdf
MOEX-102030-1101-Q080,102,第一次,102030,1101,80,組織學,組織學,,下列有關痢疾阿米巴（Entamoeba histolytica）的敘述，那些正確？①肝膿瘍（liver abscess）多發生 於右葉肝 ②其滋養體（trophozoites）會吞噬紅血球 ③metronidazole 可用以治療其引起之腸道及 轉移病症 ④其囊體中的類染色體（chromatoidal bars）之成分為 DNA,①②③,①②④,①③④,②③④,,A,A,standard,,False,102030_1101.pdf,102030_MOD1101.pdf
MOEX-102030-1101-Q081,102,第一次,102030,1101,81,微生物免疫學/寄生蟲學,微生物免疫/寄生蟲,,下列何者通常與杜氏利什曼原蟲（Leishmania donovani）之感染症無關？,貧血,肝脾腫大,黑熱病,東方癤（oriental sore）,,D,D,standard,,False,102030_1101.pdf,102030_MOD1101.pdf
MOEX-102030-1101-Q082,102,第一次,102030,1101,82,未分類,,,下列何種蚊種之幼蟲，曾經被用做防治登革熱病媒蚊之天敵（predator）？,安邦巨蚊（Toxorhynchites amboinensis）,熱帶家蚊（Culex quinquefasciatus）,環紋家蚊（Culex annulus）,矮小瘧蚊（Anopheles minimus）,,A,A,standard,,False,102030_1101.pdf,102030_MOD1101.pdf
MOEX-102030-1101-Q083,102,第一次,102030,1101,83,未分類,,,某學生想為他這學期體育課的選課做出決定。假設一學期可選兩種運動課程，但選課人數一經額滿 就無法選上。若此生選上游泳課的機率為 0.6，選上韻律課的機率為 0.5，同時選上游泳課和韻律課 的機率為 0.3。此生選上韻律課或游泳課或兩種課程的機率為多少？,0.3,0.5,0.6,0.8,,D,D,standard,,False,102030_1101.pdf,102030_MOD1101.pdf
MOEX-102030-1101-Q084,102,第一次,102030,1101,84,解剖學,上肢,上肢,下列何種統計指標較不受極端值的影響？,平均值（Mean）,第 75 百分位數（The 75th percentile）,樣本標準差（Standard deviation）,樣本標準誤（Standard error）,,B,B,standard,,False,102030_1101.pdf,102030_MOD1101.pdf
MOEX-102030-1101-Q085,102,第一次,102030,1101,85,未分類,,,假設我們要比較兩種抗生素 A 和 B 治療淋病的效果，接受抗生素 A 的病人必須和接受抗生素 B 的病 人經過年齡和性別的配對，這些病人必須在一星期之內回到診所內，檢查淋病是否已經被消除。假 設結果如下： a.有 40 對抗生素 A 和 B 的配對病人，淋病都已經被消除； b.有 20 對的配對病人，抗生素 A 消除淋病，但抗生素 B 無效； c.有 16 對的配對病人，抗生素 A 無效，但抗生素 B 消除淋病； d.有 3 對的配對病人，抗生素 A 和 B 都無法消除淋病。 你將採用何種統計方法檢定上述資料？,兩個樣本 t 檢定,卡方檢定,配對 t 檢定,麥內瑪檢定（McNemar’s Test）,,D,D,standard,,False,102030_1101.pdf,102030_MOD1101.pdf
MOEX-102030-1101-Q086,102,第一次,102030,1101,86,公共衛生學,公共衛生,,有一個研究進行迴歸分析，若決定係數（coefficient of determination）R2為 0.25。下列敘述何者正確？,此相關達統計顯著,此相關的相關係數（correlation coefficient）一定為+0.5,此樣本很可能抽自一個相關係數為 0 的母群體,此相關中的自變項 X 可解釋依變項 Y 變異的 25%,,D,D,standard,,False,102030_1101.pdf,102030_MOD1101.pdf
MOEX-102030-1101-Q087,102,第一次,102030,1101,87,公共衛生學,公共衛生,,某研究想估計社區 65 歲以上老人失智症的盛行率，該研究決定以家戶訪視的方法到社區內有 65 歲 以上老人的家庭進行失智症的評估，該研究並未受到拒訪的情形，但同時發現所有戶籍登記有案的 老人中只有 70%住在家裡。此研究的結果應該要注意：,干擾偏差,選樣偏差,訊息偏差,診斷偏差,,B,B,standard,,False,102030_1101.pdf,102030_MOD1101.pdf
MOEX-102030-1101-Q088,102,第一次,102030,1101,88,組織學,組織學,,"下列資料是 6 隻長有癌細胞老鼠，經過放射線治療後的存活時間（月）：1.4, 1.7, 2.3, 2.5, 3.2 和 3.8。 如果 3.8 這筆資料在記錄時，被錯誤地記為 38，下列那一個敘述對統計量的影響是正確的？",中位數增加,眾數增加,平均值增加,中位數和平均值同時增加,,C,C,standard,,False,102030_1101.pdf,102030_MOD1101.pdf
MOEX-102030-1101-Q089,102,第一次,102030,1101,89,公共衛生學,公共衛生,,有一個愛滋病篩檢工具的敏感度（sensitivity）為 82%，特異性（specificity）為 93%，假如有一個族 群，其愛滋病盛行率為 3%。試問，一個篩檢結果為正的民眾沒有愛滋病的機率為何？,0.27,0.73,0.82,0.18,,B,B,standard,,False,102030_1101.pdf,102030_MOD1101.pdf
MOEX-102030-1101-Q090,102,第一次,102030,1101,90,公共衛生學,公共衛生,,"某研究者想比較兩家醫院相同診斷病人的住院天數，得到下列資料：A 醫院：21, 10, 32, 60, 8, 5, 13； B 醫院：86, 27, 10, 60, 35, 96, 238, 125, 73。下列何種方法較適合檢定這兩家醫院住院天數的不同？",兩樣本 t 檢定,相依樣本 t 檢定,符號檢定,魏克森等級和檢定（Wilcoxon rank-sum test）,,D,D,standard,,False,102030_1101.pdf,102030_MOD1101.pdf
MOEX-102030-1101-Q091,102,第一次,102030,1101,91,未分類,,,下列何者是氣狀污染物（例如一氧化碳）採集主要的原理？,吸附,熱力,過濾,衝擊力,,A,A,standard,,False,102030_1101.pdf,102030_MOD1101.pdf
MOEX-102030-1101-Q092,102,第一次,102030,1101,92,未分類,,,下列那一種物質在飲水中含量過高時，對嬰兒會引發藍嬰症（methemoglobinemia）？,硝酸鹽,磷酸鹽,硫酸鹽,氰酸鹽,,A,A,standard,,False,102030_1101.pdf,102030_MOD1101.pdf
MOEX-102030-1101-Q093,102,第一次,102030,1101,93,微生物免疫學/寄生蟲學,微生物免疫/寄生蟲,,微生物引起的飲食疾病，細菌性占大部分，其中發病較快的是屬於下列那一類型？,細菌毒素早已存在食物中致病,細菌感染繁殖致病,細菌毒素於感染過程形成而致病,細菌感染突變致病,,A,A,standard,,False,102030_1101.pdf,102030_MOD1101.pdf
MOEX-102030-1101-Q094,102,第一次,102030,1101,94,未分類,,,一般評估環境品質的主要空氣污染物，包括下列那些物質？,臭氧、一氧化碳、懸浮微粒、二氧化硫、二氧化氮,多環芳香碳氫化合物、臭氧、一氧化碳、鉛、苯,甲醛、硫酸氫、石綿、苯、臭味物質,甲苯、二氧化硫、丙烯、一氧化碳、二氧化氮,,A,A,standard,,False,102030_1101.pdf,102030_MOD1101.pdf
MOEX-102030-1101-Q095,102,第一次,102030,1101,95,未分類,,,性別主流化意涵，下列何者錯誤？,將男女議題當成一種流行,國家在政策制訂時，需同時考量對性別的影響與兩性共同參與,婦女健康需要考量婦女需求與性別平等教育,國家應設婦女專責單位,,A,A,standard,,False,102030_1101.pdf,102030_MOD1101.pdf
MOEX-102030-1101-Q096,102,第一次,102030,1101,96,未分類,,,社區健康營造不鼓勵的做法是：,充能或增能（empowerment）,夥伴關係（partnership）,由上而下（top-down）,合作或結盟（alliance）,,C,C,standard,,False,102030_1101.pdf,102030_MOD1101.pdf
MOEX-102030-1101-Q097,102,第一次,102030,1101,97,胚胎學,胚胎學,,依附表所列，近年來新生兒胎次男女比例，可以發現胎次愈高男女比值愈大，其可能的原因為何？,年份,第一胎,第二胎,第三胎 第四胎 總人數,,#,A|B,multiple_accepted,第97題答A或B或AB者均給分。,False,102030_1101.pdf,102030_MOD1101.pdf
MOEX-102030-1101-Q098,102,第一次,102030,1101,98,未分類,,,臺灣目前的總體醫療保健支出，主要的財源來自下列那一項？,慈善捐款,商業保險,社會保險,稅收,,C,C,standard,,False,102030_1101.pdf,102030_MOD1101.pdf
MOEX-102030-1101-Q099,102,第一次,102030,1101,99,未分類,,,下列有關政府課徵菸品健康捐的敘述，那一項錯誤？,對青少年的菸品使用量影響較大，因為青少年對香菸價格比較敏感，導致減少的吸菸量較多,以個人總體課徵金額而言，傾向於向低社會階層課較重的稅，因為低社會階層菸品使用量較大,總體而言，菸品價格上升，可以降低菸品的使用量，提升人民的健康狀態,因為菸品的使用量下降，因此政府的總體稅收會減少,,D,D,standard,,False,102030_1101.pdf,102030_MOD1101.pdf
MOEX-102030-1101-Q100,102,第一次,102030,1101,100,未分類,,,下列那一種傳染病，是目前人類社會透過預防注射，最有可能根除的疾病？,結核病（tuberculosis）,麻疹（measles）,小兒麻痺（poliomyelitis）,百日咳（diphtheria）,,C,C,standard,,False,102030_1101.pdf,102030_MOD1101.pdf
MOEX-102110-1101-Q001,102,第二次,102110,1101,1,解剖學,神經解剖,神經解剖,下列有關大腦白質的敘述，何者錯誤？,cingulum 含有 association fibers,corpus callosum 含有 commissural fibers,uncinate fasciculus 連接大腦額葉與顳葉,Meyer's loop 傳導聽覺訊息,,D,D,standard,,False,102110_1101.pdf,102110_MOD1101.pdf
MOEX-102110-1101-Q002,102,第二次,102110,1101,2,組織學,組織學,,下列有關網狀系統（reticular formation）之敘述，何者錯誤？,與意識狀態（consciousness）和清醒（arousal）有關,參與體運動系統之調控,由多向性神經纖維組成，但不含神經細胞本體,延腦、橋腦與中腦均含有網狀系統,,C,C,standard,,False,102110_1101.pdf,102110_MOD1101.pdf
MOEX-102110-1101-Q003,102,第二次,102110,1101,3,解剖學,神經解剖,神經解剖,下列有關聽覺之敘述，何者錯誤？,右耳之聽覺訊息可傳入兩側大腦皮質,聽覺皮質主要位於大腦額葉,腦幹可發出抑制性訊息抑制內耳聽覺接受器,Wernicke's area 屬於聽覺聯合皮質（auditory association cortex）,,B,B,standard,,False,102110_1101.pdf,102110_MOD1101.pdf
MOEX-102110-1101-Q004,102,第二次,102110,1101,4,解剖學,神經解剖,神經解剖,下列有關 paleospinothalamic system 之敘述，何者錯誤？,與意識狀態有關,可傳導痛覺,傳導路徑不經過網狀系統（reticular formation）,此體感覺傳導系統較缺乏定位功能,,C,C,standard,,False,102110_1101.pdf,102110_MOD1101.pdf
MOEX-102110-1101-Q005,102,第二次,102110,1101,5,組織學,組織學,,有關舌骨（hyoid bone）的敘述，下列何者正確？,為一環狀骨頭,上咽縮肌（superior constrictor）附著於舌骨大角（greater horn of hyoid bone）,其後端與會厭軟骨（epiglottis）相接,約在第 3 頸椎的高度,,D,D,standard,,False,102110_1101.pdf,102110_MOD1101.pdf
MOEX-102110-1101-Q006,102,第二次,102110,1101,6,組織學,組織學,,下列有關脊髓丘腦徑（spinothalamic tract）的敘述，何者錯誤？,屬於前外側系統（anterolateral system）,傳導痛覺,其神經纖維通過脊髓背側白質交叉（dorsal white commissure）,其神經纖維主要由脊髓背角之神經元發出,,C,C,standard,,False,102110_1101.pdf,102110_MOD1101.pdf
MOEX-102110-1101-Q007,102,第二次,102110,1101,7,解剖學,神經解剖,神經解剖,下列何者是經過枕三角（occipital triangle）的重要構造？,鎖骨下動脈（subclavian artery）,脊髓副神經（spinal accessory nerve）,迷走神經（vagus nerve）,內頸靜脈（internal jugular vein）,,B,B,standard,,False,102110_1101.pdf,102110_MOD1101.pdf
MOEX-102110-1101-Q008,102,第二次,102110,1101,8,解剖學,頭頸部,頭頸部,下列有關眼睛睫狀體（ciliary body）功能的敘述，何者錯誤？,產生眼房液（aqueous humor）,支撐懸吊晶狀體（lens）,調節進入眼球的光量,調整晶狀體（lens）的厚度,,C,C,standard,,False,102110_1101.pdf,102110_MOD1101.pdf
MOEX-102110-1101-Q009,102,第二次,102110,1101,9,組織學,組織學,,摘除下頜下腺（submandibular gland）時容易傷害走在下頜下腺導管下方的構造是：,舌下神經（hypoglossal nerve）,舌神經（lingual nerve）,下齒槽神經（inferior alveolar nerve）,鼓索神經（chorda tympani）,,B,B,standard,,False,102110_1101.pdf,102110_MOD1101.pdf
MOEX-102110-1101-Q010,102,第二次,102110,1101,10,未分類,,,下列何者不是成對的構造？,橫竇（transverse sinus）,上岩竇（superior petrosal sinus）,枕竇（occipital sinus）,海綿竇（cavernous sinus）,,C,C,standard,,False,102110_1101.pdf,102110_MOD1101.pdf
MOEX-102110-1101-Q011,102,第二次,102110,1101,11,解剖學,神經解剖,神經解剖,下列有關蛛網膜下腔（subarachnoid space）的敘述，何者錯誤？,分泌腦脊髓液（CSF）,會沿著視神經（optic nerve）延伸到眼球後壁,與大腦腦室相通,內有大腦動脈,,A,A,standard,,False,102110_1101.pdf,102110_MOD1101.pdf
MOEX-102110-1101-Q012,102,第二次,102110,1101,12,組織學,組織學,,手術摘除耳下腺時，最不可能傷害下列何者？,面神經（facial nerve）,鼓索神經（chorda tympani）,面橫動脈（transverse facial artery）,耳後動脈（posterior auricular artery）,,B,B,standard,,False,102110_1101.pdf,102110_MOD1101.pdf
MOEX-102110-1101-Q013,102,第二次,102110,1101,13,解剖學,胸腔,胸腔,一般情況下，右支氣管靜脈（right bronchial vein）回流至下列何者？,奇靜脈（azygos vein）,半奇靜脈（hemiazygos vein）,副半奇靜脈（accessory hemiazygos vein）,下腔靜脈（inferior vena cava）,,A,A,standard,,False,102110_1101.pdf,102110_MOD1101.pdf
MOEX-102110-1101-Q014,102,第二次,102110,1101,14,解剖學,神經解剖,神經解剖,病患右肺尖端有腫瘤，且出現聲音嘶啞的情形，腫瘤最可能已經侵犯下列何者？,膈神經（phrenic nerve）,迷走神經（vagus nerve）,喉返神經（recurrent laryngeal nerve）,交感神經幹（sympathetic trunk）,,C,C,standard,,False,102110_1101.pdf,102110_MOD1101.pdf
MOEX-102110-1101-Q015,102,第二次,102110,1101,15,解剖學,胸腔,胸腔,下列何者受損會影響肱骨（humerus）的內收（adduct）、內旋（medially rotate）及屈曲（flex）功能？,胸大肌（pectoralis major）,胸小肌（pectoralis minor）,鎖骨下肌（subclavius）,前鋸肌（serratus anterior）,,A,A,standard,,False,102110_1101.pdf,102110_MOD1101.pdf
MOEX-102110-1101-Q016,102,第二次,102110,1101,16,解剖學,胸腔,胸腔,血塊造成腦部血管栓塞（embolism），此血塊最不可能來自下列何者？,上腔靜脈（superior vena cava）,右肺靜脈（right pulmonary vein）,左心室（left ventricle）,左心房（left atrium）,,A,A,standard,,False,102110_1101.pdf,102110_MOD1101.pdf
MOEX-102110-1101-Q017,102,第二次,102110,1101,17,解剖學,腹部,腹部,大網膜（greater omentum）的動脈血流來自下列何者？,腹腔動脈幹（celiac trunk）,腸繫膜上動脈（superior mesenteric artery）,腸繫膜下動脈（inferior mesenteric artery）,髂內動脈（internal iliac artery）,,A,A,standard,,False,102110_1101.pdf,102110_MOD1101.pdf
MOEX-102110-1101-Q018,102,第二次,102110,1101,18,解剖學,腹部,腹部,下列何者不直接緊貼膀胱的後表面？,子宮,陰道,直腸,輸精管,,C,C,standard,,False,102110_1101.pdf,102110_MOD1101.pdf
MOEX-102110-1101-Q019,102,第二次,102110,1101,19,解剖學,神經解剖,神經解剖,胃潰瘍的疼痛由下列何者傳導？,內臟大神經（greater splanchnic nerve）,內臟小神經（lesser splanchnic nerve）,內臟最小神經（least splanchnic nerve）,迷走神經（vagus nerve）,,A,A,standard,,False,102110_1101.pdf,102110_MOD1101.pdf
MOEX-102110-1101-Q020,102,第二次,102110,1101,20,解剖學,腹部,腹部,右胃動脈（right gastric artery）由下列何者發出？,肝總動脈（common hepatic artery）,腹主動脈（abdominal aorta）,脾動脈（splenic artery）,腸繫膜上動脈（superior mesenteric artery）,,A,A,standard,,False,102110_1101.pdf,102110_MOD1101.pdf
MOEX-102110-1101-Q021,102,第二次,102110,1101,21,組織學,組織學,,尿道脊（urethral crest）是位於下列何者內的構造？,子宮,陰道,陰莖,前列腺,,D,D,standard,,False,102110_1101.pdf,102110_MOD1101.pdf
MOEX-102110-1101-Q022,102,第二次,102110,1101,22,組織學,組織學,,下列何者發生阻塞，最不影響前列腺的血液供應？,膀胱上動脈,膀胱下動脈,直腸中動脈,陰部內動脈,,A,A,standard,,False,102110_1101.pdf,102110_MOD1101.pdf
MOEX-102110-1101-Q023,102,第二次,102110,1101,23,解剖學,骨盆與會陰,骨盆與會陰,下列何者不附著於會陰體（perineal body）？,肛門外括約肌（external anal sphincter）,球海綿體肌（bulbospongiosus）,提肛肌（levator ani）,坐骨海綿體肌（ischiocavernosus）,,D,D,standard,,False,102110_1101.pdf,102110_MOD1101.pdf
MOEX-102110-1101-Q024,102,第二次,102110,1101,24,解剖學,骨盆與會陰,骨盆與會陰,下列何者不在陰莖深筋膜（deep fascia of the penis）內？,陰莖襻狀韌帶（fundiform ligament of penis）,陰莖深背靜脈（deep dorsal vein of penis）,陰莖背動脈（dorsal artery of penis）,尿道海綿體（corpus spongiosum）,,A,A,standard,,False,102110_1101.pdf,102110_MOD1101.pdf
MOEX-102110-1101-Q025,102,第二次,102110,1101,25,解剖學,上肢,上肢,在上臂（arm）處，臂神經叢發出的那兩條神經沒有分支？,肌皮與正中神經（musculocutaneous and median nerves）,尺與橈神經（ulnar and radial nerves）,肌皮與橈神經（musculocutaneous and radial nerves）,正中與尺神經（median and ulnar nerves）,,D,D,standard,,False,102110_1101.pdf,102110_MOD1101.pdf
MOEX-102110-1101-Q026,102,第二次,102110,1101,26,解剖學,上肢,上肢,下列那一條神經受損會造成爪形手（claw hand）的症狀？,肌皮神經（musculocutaneous nerve）,正中神經（median nerve）,尺神經（ulnar nerve）,橈神經（radial nerve）,,C,C,standard,,False,102110_1101.pdf,102110_MOD1101.pdf
MOEX-102110-1101-Q027,102,第二次,102110,1101,27,解剖學,上肢,上肢,下列何者穿過喙肱肌（coracobrachialis）後支配肱二頭肌（biceps brachii）？,肌皮神經（musculocutaneous nerve）,正中神經（median nerve）,尺神經（ulnar nerve）,橈神經（radial nerve）,,A,A,standard,,False,102110_1101.pdf,102110_MOD1101.pdf
MOEX-102110-1101-Q028,102,第二次,102110,1101,28,解剖學,下肢,下肢,下列何者伴行脛前動脈（anterior tibial artery）且負責支配脛前肌（tibialis anterior）？,脛神經（tibial nerve）,隱神經（saphenous nerve）,腓深神經（deep fibular nerve）,腓淺神經（superficial fibular nerve）,,C,C,standard,,False,102110_1101.pdf,102110_MOD1101.pdf
MOEX-102110-1101-Q029,102,第二次,102110,1101,29,胚胎學,胚胎學,,在非胚胎極（abembryonic pole）處，絨毛膜上的絨毛約於第幾個月退化完全，形成平滑絨毛膜 （chorion laeve）？,3,4,5,6,,A,A,standard,,False,102110_1101.pdf,102110_MOD1101.pdf
MOEX-102110-1101-Q030,102,第二次,102110,1101,30,胚胎學,胚胎學,,下列何者由後腎中胚層（metanephric mesoderm）形成？,輸尿管（ureter）,集尿管（collecting duct）,近曲小管（proximal convoluted tubule）,小腎盞（minor calyx）,,C,C,standard,,False,102110_1101.pdf,102110_MOD1101.pdf
MOEX-102110-1101-Q031,102,第二次,102110,1101,31,解剖學,胸腔,胸腔,心房中隔缺損（atrial septal defect）最常發生於下列何處？,卵圓孔（oval foramen）,冠狀竇（coronary sinus）,右心耳（right auricle）,終嵴（crista terminalis）,,A,A,standard,,False,102110_1101.pdf,102110_MOD1101.pdf
MOEX-102110-1101-Q032,102,第二次,102110,1101,32,解剖學,頭頸部,頭頸部,下列何者不是由膜內骨化（intramembranous ossification）方式形成？,上頜骨（maxilla）,下頜骨（mandible）,顳骨岩部（petrous part of temporal bone）,頂骨（parietal bone）,,C,C,standard,,False,102110_1101.pdf,102110_MOD1101.pdf
MOEX-102110-1101-Q033,102,第二次,102110,1101,33,組織學,組織學,,軟骨細胞（chondrocyte）的分化與下列何者無關？,纖維母細胞（fibroblast）,軟骨原細胞（chondrogenic cell）,軟骨母細胞（chondroblast）,間葉細胞（mesenchymal cell）,,A,A,standard,,False,102110_1101.pdf,102110_MOD1101.pdf
MOEX-102110-1101-Q034,102,第二次,102110,1101,34,組織學,組織學,,最大的白血球是：,單核球（monocyte）,嗜中性球（neutrophil）,嗜伊紅球（eosinophil）,嗜鹼性球（basophil）,,A,A,standard,,False,102110_1101.pdf,102110_MOD1101.pdf
MOEX-102110-1101-Q035,102,第二次,102110,1101,35,組織學,組織學,,下列何者允許細胞間離子的進出？,緊密接合（tight junctions）,間隙接合（gap junctions）,胞橋小體（desmosomes）,黏著小帶（zonula adherens）,,B,B,standard,,False,102110_1101.pdf,102110_MOD1101.pdf
MOEX-102110-1101-Q036,102,第二次,102110,1101,36,組織學,組織學,,下列何者與骨骼肌細胞收縮無直接相關？,副交感神經（parasympathetic nerve）,運動終板（motor end plate）,肌漿網（sarcoplasmic reticulum）,橫小管（T-tubule）,,A,A,standard,,False,102110_1101.pdf,102110_MOD1101.pdf
MOEX-102110-1101-Q037,102,第二次,102110,1101,37,解剖學,腹部,腹部,乳糜管（lacteal）分布於小腸的那一層？,黏膜固有層（lamina propria）,黏膜下層（submucosa）,黏膜肌層（muscularis mucosae）,漿膜層（serosa）,,A,A,standard,,False,102110_1101.pdf,102110_MOD1101.pdf
MOEX-102110-1101-Q038,102,第二次,102110,1101,38,組織學,組織學,,下列各構造何者之組成軟骨與其它三者不同？,會厭軟骨（epiglottis）,氣管（trachea）,甲狀軟骨（thyroid cartilage）,環狀軟骨（cricoid cartilage）,,A,A,standard,,False,102110_1101.pdf,102110_MOD1101.pdf
MOEX-102110-1101-Q039,102,第二次,102110,1101,39,組織學,組織學,,下列有關唾液腺的敘述，何者正確？,舌下腺（sublingual gland）的管道系統在大型唾液腺中最為發達,頜下腺（submandibular gland）是混合型腺體，主要為黏液腺（mostly mucus-secreting）,舌下腺（sublingual gland）是混合型腺體，主要為漿液腺（mostly serous）,耳下腺（parotid gland）是純漿液腺（completely serous）,,D,D,standard,,False,102110_1101.pdf,102110_MOD1101.pdf
MOEX-102110-1101-Q040,102,第二次,102110,1101,40,組織學,組織學,,皮脂腺（sebaceous gland）分泌，是何種分泌方式？,部分分泌（merocrine）,頂漿分泌（apocrine）,全漿分泌（holocrine）,擴散方式（diffusion）,,C,C,standard,,False,102110_1101.pdf,102110_MOD1101.pdf
MOEX-102110-1101-Q041,102,第二次,102110,1101,41,組織學,組織學,,下列子宮內那一層組織在月經期會脫落？,子宮肌膜（myometrium）,子宮內膜基層（stratum basale）,子宮內膜功能層（stratum functionale）,子宮外膜（perimetrium）,,C,C,standard,,False,102110_1101.pdf,102110_MOD1101.pdf
MOEX-102110-1101-Q042,102,第二次,102110,1101,42,微生物免疫學/寄生蟲學,微生物免疫/寄生蟲,,以下有關 β-lactam 抗生素之敘述，何者正確？,結合 penicillin binding proteins（PBPs），改變細胞膜功能,穿透性（permeability）差是細菌產生抗藥性最常見的原因,vancomycin 屬於 β-lactam 抗生素,黴漿菌（Mycoplasma）對 β-lactam 抗生素具抗藥性,,D,D,standard,,False,102110_1101.pdf,102110_MOD1101.pdf
MOEX-102110-1101-Q043,102,第二次,102110,1101,43,微生物免疫學/寄生蟲學,微生物免疫/寄生蟲,,以下有關內毒素（endotoxin）之敘述，何者錯誤？,主要來源為革蘭氏陽性細菌,由細胞壁脂多醣體（LPS）組成,與誘發發炎反應有關,與引發敗血症有關,,A,A,standard,,False,102110_1101.pdf,102110_MOD1101.pdf
MOEX-102110-1101-Q044,102,第二次,102110,1101,44,組織學,組織學,,披衣菌（Chlamydia )以下列何種形態在宿主細胞間傳染？,微孢子（microspore）,基體（elementary body）,網狀體（reticulate body）,包涵體（inclusion body）,,B,B,standard,,False,102110_1101.pdf,102110_MOD1101.pdf
MOEX-102110-1101-Q045,102,第二次,102110,1101,45,微生物免疫學/寄生蟲學,微生物免疫/寄生蟲,,某產婦分娩時發生早期破水，且產程長達 30 小時，胎兒出生 1 週發現罹患腦膜炎，腦脊髓液檢體培 養出觸酶（catalase）陰性之革蘭氏陽性球菌，在血液瓊脂平板上菌落呈現 β 溶血，且 CAMP 試驗為 陽性。此新生兒最可能感染那一種病原菌？,化膿性鏈球菌（Streptococcus pyogenes）,金黃色葡萄球菌（Staphylococcus aureus）,無乳鏈球菌（Streptococcus agalactiae）,糞腸球菌（Enterococcus faecalis）,,C,C,standard,,False,102110_1101.pdf,102110_MOD1101.pdf
MOEX-102110-1101-Q046,102,第二次,102110,1101,46,微生物免疫學/寄生蟲學,微生物免疫/寄生蟲,,以下何種症狀，不是由幽門桿菌（Helicobacter pylori ）引起？,胃炎（gastritis）,胃淋巴瘤（MALT lymphoma）,食道逆流（gastroesophageal reflux）,胃癌（gastric cancer）,,#,A|B|C|D,all_credit,第46題一律給分，,False,102110_1101.pdf,102110_MOD1101.pdf
MOEX-102110-1101-Q047,102,第二次,102110,1101,47,微生物免疫學/寄生蟲學,微生物免疫/寄生蟲,,Aminoglycosides 是殺菌類藥物，是目前臨床上治療革蘭氏陰性菌感染的有效藥物，但是該類藥物卻 無法用於治療 Bacteroides fragilis 引起之菌血症，主要原因為何？,Bacteroides fragilis 並非革蘭氏陰性菌,aminoglycosides 無法與 Bacteroides fragilis 的核糖體結合,Bacteroides fragilis 是厭氧菌,Bacteroides fragilis 沒有細胞壁結構,,C,C,standard,,False,102110_1101.pdf,102110_MOD1101.pdf
MOEX-102110-1101-Q048,102,第二次,102110,1101,48,微生物免疫學/寄生蟲學,微生物免疫/寄生蟲,,下列那一個菌種的 viridans streptococci 對 penicillin 具有較高的抵抗力？,Streptococcus mutans,Streptococcus mitis,Streptococcus salivarius,Streptococcus anginosus,,B,B,standard,,False,102110_1101.pdf,102110_MOD1101.pdf
MOEX-102110-1101-Q049,102,第二次,102110,1101,49,微生物免疫學/寄生蟲學,微生物免疫/寄生蟲,,下列有關萊姆病（Lyme disease）之敘述，何者錯誤？,為人畜共通之疾病,致病原為 Treponema pallidum,可用 PCR 方法檢測檢體中致病原之 DNA,可用血清學之方式檢測病人體內之抗體,,B,B,standard,,False,102110_1101.pdf,102110_MOD1101.pdf
MOEX-102110-1101-Q050,102,第二次,102110,1101,50,組織學,組織學,,關於 Bacillus anthracis 毒素的敘述，那一項錯誤？,是由一種質體所攜帶的基因導致,protective antigen 加上 edema factor 形成 edema toxin,protective antigen 加上 lethal factor 形成 lethal toxin,protective antigen 單獨作用的毒性最強，對細胞破壞力最大,,D,D,standard,,False,102110_1101.pdf,102110_MOD1101.pdf
MOEX-102110-1101-Q051,102,第二次,102110,1101,51,微生物免疫學/寄生蟲學,微生物免疫/寄生蟲,,親子旅行團回國後，有 3 名參加的學齡前孩童先後因出血性腹瀉至醫院就醫。醫院在 3 名孩童的糞 便中均分離出 O157:H7 血清型大腸桿菌（Escherichia coli）。下列何者是最常見的嚴重併發症？,腦膜炎（meningitis）,敗血症（septicemia）,溶血性尿毒症（hemolytic uremic syndrome）,橫紋肌溶解症（rhabdomyolysis）,,C,C,standard,,False,102110_1101.pdf,102110_MOD1101.pdf
MOEX-102110-1101-Q052,102,第二次,102110,1101,52,微生物免疫學/寄生蟲學,微生物免疫/寄生蟲,,下列何者易感染紅血球的前期細胞而造成貧血，或感染孕婦而造成死胎？,parvovirus B19,JC virus,BK virus,cytomegalovirus,,#,A|D,multiple_accepted,第52題答A或D或AD者均給分，,False,102110_1101.pdf,102110_MOD1101.pdf
MOEX-102110-1101-Q053,102,第二次,102110,1101,53,微生物免疫學/寄生蟲學,微生物免疫/寄生蟲,,下列何者不適合作為實驗室檢測流感病毒（influenza viruses）的方法？,以 Madin-Darby 犬腎細胞株培養以檢測其細胞病變（cytopathologic effects）,以血球凝集試驗（hemagglutination test）檢測細胞培養中之病毒,以免疫螢光試驗（immunofluorescence test）檢測細胞培養中之病毒抗原,以聚合酶鏈鎖反應（polymerase chain reaction）檢測病毒 DNA,,D,D,standard,,False,102110_1101.pdf,102110_MOD1101.pdf
MOEX-102110-1101-Q054,102,第二次,102110,1101,54,微生物免疫學/寄生蟲學,微生物免疫/寄生蟲,,陳先生，19 歲，最近到南美洲遊學兩星期，回國後出現類流感症狀，癒後仍出現關節痛達數十天之 久。請問最可能感染下列何種病毒？,登革熱病毒（dengue virus）,塞姆利基森林病毒（Semliki Forest virus）,黃熱病毒（yellow fever virus）,基孔肯雅病毒（Chikungunya virus）,,D,D,standard,,False,102110_1101.pdf,102110_MOD1101.pdf
MOEX-102110-1101-Q055,102,第二次,102110,1101,55,微生物免疫學/寄生蟲學,微生物免疫/寄生蟲,,某 3 歲男童由育嬰中心回家後突然開始發高燒、喉嚨痛、咳嗽、肌肉酸痛及腹部疼痛、嘔吐等症 狀，其母親即給予服用阿斯匹靈退燒，此男童服藥後不但病情未減輕反而引發肝功能異常與腦部 病變（encephalopathy），最後此男童不幸死亡，此男童可能為何病原所感染？,流行性感冒噬血桿菌（Haemophilus influenzae）,肺炎雙球菌（Streptococcus pneumoniae）,流行性感冒病毒（influenza virus）,麻疹病毒（measles virus）,,#,A|C,multiple_accepted,第55題答A或C或AC者 均給分，,False,102110_1101.pdf,102110_MOD1101.pdf
MOEX-102110-1101-Q056,102,第二次,102110,1101,56,解剖學,胸腔,胸腔,一位 25 歲男子休假赴東南亞旅行，為了節省費用，吃住均找價錢最低廉者，回國後 2 星期出現發燒、 噁心、腹部疼痛、沒有食慾及感到疲勞等症狀，雖然去看了醫生並服了藥，4 天後仍發生黃疸的現象， 此男子可能得了什麼疾病？,黃熱病,肝炎,登革熱,腸胃炎,,B,B,standard,,False,102110_1101.pdf,102110_MOD1101.pdf
MOEX-102110-1101-Q057,102,第二次,102110,1101,57,微生物免疫學/寄生蟲學,微生物免疫/寄生蟲,,下列何種病毒經乙醚（ether）處理後會喪失感染活性？,hepatitis A virus,influenza virus,rotavirus,poliovirus,,B,B,standard,,False,102110_1101.pdf,102110_MOD1101.pdf
MOEX-102110-1101-Q058,102,第二次,102110,1101,58,未分類,,,接合黴菌綱（zygomycetes）通常不具下列那一種構造？,columella,sporangium,phialides,coenocytic hyphae,,C,C,standard,,False,102110_1101.pdf,102110_MOD1101.pdf
MOEX-102110-1101-Q059,102,第二次,102110,1101,59,微生物免疫學/寄生蟲學,微生物免疫/寄生蟲,,下列有關新型隱球菌（Cryptococcus neoformans）黑色素（melanin）之敘述何者錯誤？,由 L-tryptophanase 產生,會增加細胞的負電荷,能抵抗巨噬細胞之吞噬,沉積在細胞壁中,,A,A,standard,,False,102110_1101.pdf,102110_MOD1101.pdf
MOEX-102110-1101-Q060,102,第二次,102110,1101,60,微生物免疫學/寄生蟲學,微生物免疫/寄生蟲,,關於黴菌感染之血清學診斷之敘述，下列何者正確？,chitin 常用於 Blastomyces dermatitidis 之診斷,莢膜多醣類常用於 Cryptococcus neoformans 之診斷,"2,4-β-glucans 常用於 Candida 之診斷",cord factor 常用於 Aspergillus 之診斷,,B,B,standard,,False,102110_1101.pdf,102110_MOD1101.pdf
MOEX-102110-1101-Q061,102,第二次,102110,1101,61,微生物免疫學/寄生蟲學,微生物免疫/寄生蟲,,根據統計，全球僅次於 Candida albicans 造成念珠菌菌血症（candidemia）之病原菌為何？,Candida krusei,Candida glabrata,Candida parapsilosis,Candida tropicalis,,B,B,standard,,False,102110_1101.pdf,102110_MOD1101.pdf
MOEX-102110-1101-Q062,102,第二次,102110,1101,62,微生物免疫學/寄生蟲學,微生物免疫/寄生蟲,,"免疫球蛋白（immunoglobulin, Ig）的分子結構中，那個區域最具多樣性序列（hyper-variable sequence）？",CDR（complementarity-determining region）,CL（constant region of light chain）,Fc（fragment crystallizable）,hinge region,,A,A,standard,,False,102110_1101.pdf,102110_MOD1101.pdf
MOEX-102110-1101-Q063,102,第二次,102110,1101,63,微生物免疫學/寄生蟲學,微生物免疫/寄生蟲,,有關不同類型（isotype）免疫球蛋白在人體內分布的情形，下列敘述何者正確？,血清中含量最高的是 IgA,腸胃道黏膜中含量最高的為 IgE,體組織液中有高含量的 IgG,IgM 可以穿過胎盤，保護胎兒,,C,C,standard,,False,102110_1101.pdf,102110_MOD1101.pdf
MOEX-102110-1101-Q064,102,第二次,102110,1101,64,微生物免疫學/寄生蟲學,微生物免疫/寄生蟲,,下列何種檢驗常用來預測超急性排斥（hyperacute graft rejection）之發生與否？,混合淋巴球反應（mixed lymphocyte reaction）,免疫球蛋白（immunoglobulin）定量分析,淋巴球表面標記（lymphocyte surface marker）分析,既存抗體（preexisting antibody）偵測試驗,,D,D,standard,,False,102110_1101.pdf,102110_MOD1101.pdf
MOEX-102110-1101-Q065,102,第二次,102110,1101,65,組織學,組織學,,下列那種細胞最不可能與維持 oral tolerance 有關？,第三型輔助性 T 細胞（TH3）,調節性 T 細胞（regulatory T cell）,第十七型輔助性 T 細胞（TH17）,第二型輔助性 T 細胞（TH2）,,C,C,standard,,False,102110_1101.pdf,102110_MOD1101.pdf
MOEX-102110-1101-Q066,102,第二次,102110,1101,66,微生物免疫學/寄生蟲學,微生物免疫/寄生蟲,,Toll-like receptor 4 是辨識細菌的何種成分？,lipopeptide,lipopolysaccharide,DNA,RNA,,B,B,standard,,False,102110_1101.pdf,102110_MOD1101.pdf
MOEX-102110-1101-Q067,102,第二次,102110,1101,67,微生物免疫學/寄生蟲學,微生物免疫/寄生蟲,,裸鼠（nude mice）有嚴重的免疫缺損，請問裸鼠的免疫缺損和下列那一種人類的疾病最類似？,DiGeorge syndrome,common variable immunodeficiency,severe combined immunodeficiency,Omenn syndrome,,A,A,standard,,False,102110_1101.pdf,102110_MOD1101.pdf
MOEX-102110-1101-Q068,102,第二次,102110,1101,68,微生物免疫學/寄生蟲學,微生物免疫/寄生蟲,,由菊花花粉中分離出一種蛋白質，可被 50%以上菊花過敏病人血清中的 IgE 抗體所辨識，此蛋白質 最可能的特性為何？,分子量大於 150KD,水溶性差,具蛋白水解酵素（protease）功能,容易刺激 T 細胞產生 IFN-γ,,C,C,standard,,False,102110_1101.pdf,102110_MOD1101.pdf
MOEX-102110-1101-Q069,102,第二次,102110,1101,69,微生物免疫學/寄生蟲學,微生物免疫/寄生蟲,,與過敏性氣喘好發率有關的衛生假說（hygiene hypothesis），下列那一項敘述最正確？,遺傳因子與發病與否最相關,飲食與發病與否最相關,嬰幼兒時期遭受病毒或是細菌感染，可降低發病率,生長在已開發國家比起未開發國家，發病率往往較低,,C,C,standard,,False,102110_1101.pdf,102110_MOD1101.pdf
MOEX-102110-1101-Q070,102,第二次,102110,1101,70,微生物免疫學/寄生蟲學,微生物免疫/寄生蟲,,下列那一種免疫球蛋白受器常表現在肥大細胞（mast cell）表面上，並在結合 IgE 與過敏原後，可引 發過敏反應？,FcαRI,FcεRI,FcγRI,FcγRIII,,B,B,standard,,False,102110_1101.pdf,102110_MOD1101.pdf
MOEX-102110-1101-Q071,102,第二次,102110,1101,71,微生物免疫學/寄生蟲學,微生物免疫/寄生蟲,,如果孕婦的血型是 AB 型 Rh 陰性，而胎兒的血型是 B 型 Rh 陽性，關於這個懷孕的健康風險，下列 何者正確？,胎兒的不同血型血球會攻擊母體，造成母親的自體免疫疾病,如果母親第一次懷孕，本次懷孕胎兒受到母體免疫系統攻擊的機會增加,如果母親之前懷過與本次懷孕同血型的胎兒，本次懷孕胎兒受到母體免疫系統攻擊的機會增加,胎兒產生的抗體在懷孕末期會經過胎盤攻擊母體細胞,,C,C,standard,,False,102110_1101.pdf,102110_MOD1101.pdf
MOEX-102110-1101-Q072,102,第二次,102110,1101,72,微生物免疫學/寄生蟲學,微生物免疫/寄生蟲,,"治療類風濕性關節炎的生物製劑如抗腫瘤壞死因子 α 抗體（anti-TNF-α antibodies）及人類腫瘤壞 死因子受體蛋白質分子（recombinant human TNF receptor, etanercept），效果顯著，但罹患下列何種 疾病的機率增加？",人類免疫不全病毒感染（human immunodeficiency virus infection）,結核病（tuberculosis）,多發性硬化症（multiple sclerosis）,植入物抗宿主疾患（graft-versus-host disease）,,#,B|C,multiple_accepted,第72題答B或C或BC者均給分，,False,102110_1101.pdf,102110_MOD1101.pdf
MOEX-102110-1101-Q073,102,第二次,102110,1101,73,組織學,組織學,,干擾素能阻礙微生物在細胞內繁殖。下列何者歸類於第二類干擾素？,IL-6,IFN-α,IFN-β,IFN-γ,,D,D,standard,,False,102110_1101.pdf,102110_MOD1101.pdf
MOEX-102110-1101-Q074,102,第二次,102110,1101,74,組織學,組織學,,在未致敏（unsensitized）的病患，進行器官移植手術，初期的排斥反應與何者有關？,捐贈者的 T 細胞,捐贈者的自然殺手細胞（natural killer cell）,捐贈者的樹狀細胞（dendritic cell）,捐贈者的漿細胞（plasma cell）,,C,C,standard,,False,102110_1101.pdf,102110_MOD1101.pdf
MOEX-102110-1101-Q075,102,第二次,102110,1101,75,微生物免疫學/寄生蟲學,微生物免疫/寄生蟲,,有微絲蟲血症（microfilaremia）但沒有臨床症狀的班氏絲蟲（Wuchereria bancrofti）病患，下列敘述 那些錯誤？①通常抗絲蟲抗體之效價很高 ②因抗體抑制微絲蟲活性而減少症狀發生 ③沒有症狀 故無需用藥治療,僅①②,僅①③,僅②③,①②③,,D,D,standard,,False,102110_1101.pdf,102110_MOD1101.pdf
MOEX-102110-1101-Q076,102,第二次,102110,1101,76,微生物免疫學/寄生蟲學,微生物免疫/寄生蟲,,糞小桿線蟲（Strongyloides stercoralis）患者的新鮮糞便中，最常見到該寄生蟲生活史中的何種階段？,胎蟲卵（embryonated egg）,桿狀幼蟲（rhabditiform larva）,絲狀幼蟲（filariform larva）,成蟲（adult worm）,,B,B,standard,,False,102110_1101.pdf,102110_MOD1101.pdf
MOEX-102110-1101-Q077,102,第二次,102110,1101,77,微生物免疫學/寄生蟲學,微生物免疫/寄生蟲,,有一眼眶嚴重浮腫之病患，其病史為數天前以蛙肉塗敷眼眶周邊傷口，就診時自傷口取出 2 隻約 3 公分之白色蟲體，依據以上敘述，該病患最可能感染何種寄生蟲？,廣東住血線蟲（Angiostrongylus cantonensis）,豬肉絛蟲（Taenia solium）,曼森裂頭絛蟲（Spirometra mansonoides）,廣節裂頭絛蟲（Diphyllobothrium latum）,,C,C,standard,,False,102110_1101.pdf,102110_MOD1101.pdf
MOEX-102110-1101-Q078,102,第二次,102110,1101,78,微生物免疫學/寄生蟲學,微生物免疫/寄生蟲,,有一懷疑感染廣東住血線蟲（Angiostrongylus cantonensis）的病患，目前那一種方法能做確認診斷？,採腦脊髓液檢查是否有嗜伊紅性白血球,觀察是否有腦膜炎的臨床症狀,採腦脊髓液找蟲體並鑑別,藉聚合酶鏈鎖反應檢查腦脊髓液是否有蟲體 DNA 片段,,C,C,standard,,False,102110_1101.pdf,102110_MOD1101.pdf
MOEX-102110-1101-Q079,102,第二次,102110,1101,79,微生物免疫學/寄生蟲學,微生物免疫/寄生蟲,,下列寄生蟲與其在人體導致的症狀或疾病之配對中，何者錯誤？,犬複殖器絛蟲（Dipylidium caninum）----肛門搔癢（pruritus）,埃及血吸蟲（Schistosoma haematobium）----血尿（hematuria）,牛肉絛蟲（Taenia saginata）----囊蟲症（cysticercosis）,牛羊肝吸蟲（Fasciola hepatica）----異位寄生（ectopic parasitism）,,C,C,standard,,False,102110_1101.pdf,102110_MOD1101.pdf
MOEX-102110-1101-Q080,102,第二次,102110,1101,80,微生物免疫學/寄生蟲學,微生物免疫/寄生蟲,,下列那些寄生蟲的幼蟲可穿過皮膚進入人體而造成感染？①單胞絛蟲（Echinococcus granulosus） ②曼森裂頭絛蟲（Spirometra mansonoides） ③日本血吸蟲（Schistosoma japonicum） ④橫川吸蟲 （Metagonimus yokogawai）,①②,①④,②③,③④,,C,C,standard,,False,102110_1101.pdf,102110_MOD1101.pdf
MOEX-102110-1101-Q081,102,第二次,102110,1101,81,未分類,,,下列何者不是體蝨（body louse）傳播的疾病？,恙蟲病（scrub typhus）,流行性斑疹傷寒（epidemic typhus）,回歸熱（relapsing fever）,戰壕熱（trench fever）,,A,A,standard,,False,102110_1101.pdf,102110_MOD1101.pdf
MOEX-102110-1101-Q082,102,第二次,102110,1101,82,未分類,,,有關臺灣地區瘧疾防治歷史（1957～1965）之敘述，下列何者有誤？,人體主要的治療藥物為 chloroquine,主要病媒蚊為中華瘧蚊（Anopheles sinensis）,DDT 為主要使用之殺成蚊藥劑,WHO 於 1965 年宣布臺灣為非疫區,,B,B,standard,,False,102110_1101.pdf,102110_MOD1101.pdf
MOEX-102110-1101-Q083,102,第二次,102110,1101,83,未分類,,,某疾病第一年的存活率為 0.5，第二年的存活率為 0.4，第三年的存活率為 0.3。請問此疾病三年的 存活率為何？,0.30,0.20,0.09,0.06,,D,D,standard,,False,102110_1101.pdf,102110_MOD1101.pdf
MOEX-102110-1101-Q084,102,第二次,102110,1101,84,未分類,,,如果我們想比較兩家醫院的住院天數是否不同，每家醫院各抽了 15 個病人，已知住院人數的分布是 右偏斜（right-skewed），則下列那一種統計方法最適合？,獨立 t 檢定（two-sample t test）,配對 t 檢定（paired t test）,卡方檢定（Pearson Chi-square test）,Wilcoxon 符號等級檢定（Wilcoxon signed-rank test）,,#,A|B|C|D,all_credit,第84題一律給分，,False,102110_1101.pdf,102110_MOD1101.pdf
MOEX-102110-1101-Q085,102,第二次,102110,1101,85,未分類,,,計算年齡與體重兩個變項的皮爾森氏相關係數 r（Pearson’s correlation coefficient），下列敘述何者正 確？,r＝0.25，表示每增加年齡 1 歲，體重就增加 0.25 倍,r 值為 0，表示兩個變項之間沒有線性相關,體重單位用公斤或英鎊，r 值不同,r＝-0.8，表示年齡愈大體重就愈重,,B,B,standard,,False,102110_1101.pdf,102110_MOD1101.pdf
MOEX-102110-1101-Q086,102,第二次,102110,1101,86,未分類,,,有關檢定兩個母群體平均值是否不同，統計推論可能會犯的錯誤型態及檢力（power），下列何者錯 誤？,增加樣本數可以增加 power,虛無假說為真時，作出推翻虛無假說的決定就犯 Type I error,對立假說為真時，作出推翻虛無假說的決定的機率就是 power,兩個母群體的平均值愈接近，power 就愈大,,D,D,standard,,False,102110_1101.pdf,102110_MOD1101.pdf
MOEX-102110-1101-Q087,102,第二次,102110,1101,87,公共衛生學,公共衛生,,同時使用兩種篩檢工具來篩檢疾病（例如：使用乳房 X 光攝影檢查和乳房超音波來篩檢乳癌），只 要任一個呈陽性反應，則需要進一步安排檢查，稱為平行檢定（tests in parallel），其目的是為增加：,敏感度（sensitivity）,特異度（specificity）,發生率（incidence）,盛行率（prevalence）,,A,A,standard,,False,102110_1101.pdf,102110_MOD1101.pdf
MOEX-102110-1101-Q088,102,第二次,102110,1101,88,未分類,,,都會區光化學煙霧主要為空氣中碳氫化合物與下列何類物質反應產生？,硫氧化物,氮氧化物,一氧化碳,氟氯碳化物,,B,B,standard,,False,102110_1101.pdf,102110_MOD1101.pdf
MOEX-102110-1101-Q089,102,第二次,102110,1101,89,未分類,,,下列有關中央極限定理（central limit theorem）內容的敘述何者錯誤？,樣本平均數之抽樣分布的標準差又稱標準誤，其值等於樣本標準差除以樣本數,樣本平均數之抽樣分布的平均值等於母群體的平均值,如果母群體為常態分布，即便樣本數不大，樣本平均數之抽樣分布也會接近常態分布,如果樣本數夠大，則樣本平均數之抽樣分布定會接近常態分布,,A,A,standard,,False,102110_1101.pdf,102110_MOD1101.pdf
MOEX-102110-1101-Q090,102,第二次,102110,1101,90,公共衛生學,公共衛生,,針對交通意外事故死亡者調查，從這些死亡者的左股動脈和左冠狀動脈各抽取血液樣本，以測量酒 精濃度，總共抽取 25 個意外事故的死亡者。研究者的問題是「左股動脈的血液平均酒精濃度是否顯 著不同於左冠狀動脈的血液平均酒精濃度？」你將採用何種統計方法檢定上述資料？,獨立 t 檢定,卡方檢定,配對 t 檢定,麥內瑪檢定（McNemar’s test）,,C,C,standard,,False,102110_1101.pdf,102110_MOD1101.pdf
MOEX-102110-1101-Q091,102,第二次,102110,1101,91,未分類,,,居里（Curie）是下列那一種游離輻射的單位？,absorbed dose,equivalent dose,radioactivity,collective dose,,C,C,standard,,False,102110_1101.pdf,102110_MOD1101.pdf
MOEX-102110-1101-Q092,102,第二次,102110,1101,92,微生物免疫學/寄生蟲學,微生物免疫/寄生蟲,,下列何者不是以大腸桿菌為衛生指標的理由？,容易檢驗,對氯的抵抗力強,生存力較一般病原菌強,一般排泄物必有,,B,B,standard,,False,102110_1101.pdf,102110_MOD1101.pdf
MOEX-102110-1101-Q093,102,第二次,102110,1101,93,微生物免疫學/寄生蟲學,微生物免疫/寄生蟲,,飲用水以氯消毒，無法有效去除下列何種水媒介傳染病原？,霍亂弧菌,沙門桿菌,梨形鞭毛蟲,A 型肝炎病毒,,C,C,standard,,False,102110_1101.pdf,102110_MOD1101.pdf
MOEX-102110-1101-Q094,102,第二次,102110,1101,94,組織學,組織學,,下列何者與石棉暴露的病史相關？,肺氣腫（emphysema）,支氣管擴張症（bronchiectasis）,惡性間皮瘤（malignant mesothelioma）,皮膚癌（skin cancer）,,C,C,standard,,False,102110_1101.pdf,102110_MOD1101.pdf
MOEX-102110-1101-Q095,102,第二次,102110,1101,95,未分類,,,當我們運用社會行銷理論規劃一項健康促進活動時，那一個策略是屬於行銷策略？,訊息相容性（information compatibility）,群眾區隔（audience segmentation）,團體效能（collective efficacy）,後果期待（outcome expectation）,,#,B|C|D,multiple_accepted,第95題答B或 C或D或BC或BD或CD或BCD者均給分。,False,102110_1101.pdf,102110_MOD1101.pdf
MOEX-102110-1101-Q096,102,第二次,102110,1101,96,未分類,,,在健康促進學校的工作範疇中，全校師生共同營造與提供安全的環境、並建立友善校園，是屬於下 列那一項範疇？,提供健康服務,加強健康教育課程與活動,改善學校物質環境,強化學校社會環境,,D,D,standard,,False,102110_1101.pdf,102110_MOD1101.pdf
MOEX-102110-1101-Q097,102,第二次,102110,1101,97,未分類,,,下列何者為管理學 SWOT 分析中與外部環境相關之面向？,機會（opportunity）和威脅（threat）,優勢（strength）和劣勢（weakness）,機會（opportunity）和劣勢（weakness）,優勢（strength）和威脅（threat）,,A,A,standard,,False,102110_1101.pdf,102110_MOD1101.pdf
MOEX-102110-1101-Q098,102,第二次,102110,1101,98,未分類,,,有關公衛倫理與傳統醫學倫理的差異，下列敘述何者錯誤？,公衛倫理通常牽涉公益與人權的權衡；傳統醫學倫理通常規範醫師對病患個人的倫理義務,公衛倫理比較強調群體健康及健康資源配置的公平性；傳統醫學倫理比較偏重尊重病患自主,公衛倫理中，公益絕對優先於個人權益；傳統醫學倫理中，個人權益絕對優先於公益,公衛倫理通常規範國家與個人間的關係；傳統醫學倫理通常規範個別醫病關係,,C,C,standard,,False,102110_1101.pdf,102110_MOD1101.pdf
MOEX-102110-1101-Q099,102,第二次,102110,1101,99,微生物免疫學/寄生蟲學,微生物免疫/寄生蟲,,在臺灣，下列何種類型的醫療糾紛適用無過失補償？,疫苗傷害,整型美容傷害,植牙傷害,復健傷害,,A,A,standard,,False,102110_1101.pdf,102110_MOD1101.pdf
MOEX-102110-1101-Q100,102,第二次,102110,1101,100,組織學,組織學,,下列何者最適合描述目前臺灣健康保險的體系特性？,自願性參加且直接給付醫療服務的保險體系,自願性參加且就醫時先付費再事後核退醫療費用的保險體系,政府保險部門與醫療體系相互進行組織整合的公共整合體系,政府保險部門與醫療體系訂定合約，但與人民之間沒有合約的公共單一契約體系,,D,D,standard,,False,102110_1101.pdf,102110_MOD1101.pdf
MOEX-103030-1101-Q001,103,第一次,103030,1101,1,解剖學,神經解剖,神經解剖,左側中大腦動脈（middle cerebral artery）阻塞，最可能造成下列何種症狀？,左視野缺失,右下肢感覺喪失,右下肢無力,失語症,,D,D,standard,,False,103030_1101.pdf,103030_MOD1101.pdf
MOEX-103030-1101-Q002,103,第一次,103030,1101,2,組織學,組織學,,下列何者不屬於大腦白質的聯合纖維（association fiber）？,弓狀束（arcuate fasciculus）,扣帶（cingulum）,胼胝體（corpus callosum）,鈎束（uncinate fasciculus）,,C,C,standard,,False,103030_1101.pdf,103030_MOD1101.pdf
MOEX-103030-1101-Q003,103,第一次,103030,1101,3,解剖學,神經解剖,神經解剖,下列有關下行路徑之敘述，何者錯誤？,外側皮質脊髓徑（lateral corticospinal tract）可調控下運動神經元（lower motor neuron）,raphespinal tract 可調控痛覺,前庭脊髓徑（vestibulospinal tract）控制手指精細運動,下視丘脊髓徑（hypothalmospinal tract）調控自主神經系統,,C,C,standard,,False,103030_1101.pdf,103030_MOD1101.pdf
MOEX-103030-1101-Q004,103,第一次,103030,1101,4,組織學,組織學,,支配耳下腺（parotid gland）的副交感神經節前神經細胞體位於：,上唾液核（superior salivatory nucleus）,下唾液核（inferior salivatory nucleus）,疑核（nucleus ambiguus）,三叉神經脊髓徑核（spinal trigeminal nucleus）,,B,B,standard,,False,103030_1101.pdf,103030_MOD1101.pdf
MOEX-103030-1101-Q005,103,第一次,103030,1101,5,胚胎學,胚胎學,,下列有關角膜上皮（corneal epithelium）的敘述，何者錯誤？,具有少許血管,具有少許神經纖維,不會角質化（keratinize）,來自外胚層,,A,A,standard,,False,103030_1101.pdf,103030_MOD1101.pdf
MOEX-103030-1101-Q006,103,第一次,103030,1101,6,組織學,組織學,,有關在膈神經（phrenic nerve）頸根處相關位置的敘述，何者正確？,位於鎖骨下靜脈（subclavian vein）的前方,走在前斜角肌（anterior scalene muscle）的前面,位於總頸動脈（common carotid artery）的內側,走在臂神經叢（brachial plexus）的後面,,B,B,standard,,False,103030_1101.pdf,103030_MOD1101.pdf
MOEX-103030-1101-Q007,103,第一次,103030,1101,7,組織學,組織學,,甲狀腺術後聲音嘶啞（hoarseness），下列何者最可能受傷？,膈神經（phrenic nerve）,喉返神經（recurrent laryngeal nerve）,舌神經（lingual nerve）,舌下神經（hypoglossal nerve）,,B,B,standard,,False,103030_1101.pdf,103030_MOD1101.pdf
MOEX-103030-1101-Q008,103,第一次,103030,1101,8,解剖學,神經解剖,神經解剖,後顱窩大腦鐮（falx cerebri）的感覺神經來自：,三叉神經眼支（ophthalmic division of trigeminal nerve）,三叉神經上頜支（maxillary division of trigeminal nerve）,三叉神經下頜支（mandibular division of trigeminal nerve）,迷走神經（vagus nerve）,,#,A|B|C|D,all_credit,第8題一律給分，,False,103030_1101.pdf,103030_MOD1101.pdf
MOEX-103030-1101-Q009,103,第一次,103030,1101,9,解剖學,頭頸部,頭頸部,下列何者不傳遞鼻腔黏膜的感覺訊息？,篩前神經（anterior ethmoidal nerve）,腭小神經（lesser palatine nerve）,鼻腭神經（nasopalatine nerve）,腭大神經（greater palatine nerve）,,B,B,standard,,False,103030_1101.pdf,103030_MOD1101.pdf
MOEX-103030-1101-Q010,103,第一次,103030,1101,10,解剖學,頭頸部,頭頸部,病患的左眼可以看向左方但無法同時上抬，下列何者最可能損傷？,左眼之上斜肌,左眼之上直肌,左眼之內直肌,左眼之下斜肌,,B,B,standard,,False,103030_1101.pdf,103030_MOD1101.pdf
MOEX-103030-1101-Q011,103,第一次,103030,1101,11,未分類,,,下列何者是負責張口的主要肌肉？,翼外肌（lateral pterygoid）,顳肌（temporalis）,嚼肌（masseter）,顴大肌（zygomaticus major）,,A,A,standard,,False,103030_1101.pdf,103030_MOD1101.pdf
MOEX-103030-1101-Q012,103,第一次,103030,1101,12,解剖學,胸腔,胸腔,一般情況下，下列何者分支出心臟的斜角動脈（diagonal artery）？,右邊緣動脈（right marginal artery）,左邊緣動脈（left marginal artery）,前室間動脈（anterior interventricular artery）,後室間動脈（posterior interventricular artery）,,C,C,standard,,False,103030_1101.pdf,103030_MOD1101.pdf
MOEX-103030-1101-Q013,103,第一次,103030,1101,13,組織學,組織學,,下列何者攜帶支配心包膜（pericardium）的感覺神經纖維？,肋間神經（intercostal nerve）,膈神經（phrenic nerve）,迷走神經（vagus nerve）,交感神經幹（sympathetic trunk）,,B,B,standard,,False,103030_1101.pdf,103030_MOD1101.pdf
MOEX-103030-1101-Q014,103,第一次,103030,1101,14,解剖學,腹部,腹部,胃的那個部分突出於其食道入口處的上方？,胃體（body）,胃底（fundus）,賁門（cardia）,幽門（pyloric antrum）,,B,B,standard,,False,103030_1101.pdf,103030_MOD1101.pdf
MOEX-103030-1101-Q015,103,第一次,103030,1101,15,組織學,組織學,,下列有關腎上腺（adrenal gland）的動脈供應，何者正確？,完全由腎動脈（renal artery）的分支供應,完全由腹主動脈（abdominal aorta）的分支供應,完全由腎動脈（renal artery）與腹主動脈（abdominal aorta）的分支供應,由腎動脈（renal artery）、腹主動脈（abdominal aorta）及膈下動脈（inferior phrenic artery）三者 的分支供應,,D,D,standard,,False,103030_1101.pdf,103030_MOD1101.pdf
MOEX-103030-1101-Q016,103,第一次,103030,1101,16,解剖學,腹部,腹部,左卵巢靜脈匯入：,下腔靜脈（inferior vena cava）,左腎靜脈（left renal vein）,左子宮靜脈（left uterine vein）,左髂內靜脈（left internal iliac vein）,,B,B,standard,,False,103030_1101.pdf,103030_MOD1101.pdf
MOEX-103030-1101-Q017,103,第一次,103030,1101,17,解剖學,骨盆與會陰,骨盆與會陰,下列何者不直接與子宮相連？,闊韌帶（broad ligament）,懸韌帶（suspensory ligament of ovary）,卵巢韌帶（ligament of ovary）,子宮圓韌帶（round ligament of uterus）,,B,B,standard,,False,103030_1101.pdf,103030_MOD1101.pdf
MOEX-103030-1101-Q018,103,第一次,103030,1101,18,組織學,組織學,,前列腺管（prostatic duct）開口於下列何處？,前列腺竇（prostatic sinus）,尿道脊（urethral crest）,膜性尿道（membranous urethra）,精阜（seminal colliculus）,,A,A,standard,,False,103030_1101.pdf,103030_MOD1101.pdf
MOEX-103030-1101-Q019,103,第一次,103030,1101,19,組織學,組織學,,下列何者不是骨骼肌？,肉膜肌（dartos muscle）,梨狀肌（piriformis）,提睪肌（cremasteric muscle）,尿道外括約肌（external urethral sphincter）,,A,A,standard,,False,103030_1101.pdf,103030_MOD1101.pdf
MOEX-103030-1101-Q020,103,第一次,103030,1101,20,解剖學,腹部,腹部,下列何者不支配陰囊（scrotum）？,閉孔神經（obturator nerve）,股後側皮神經（posterior femoral cutaneous nerve）,陰部神經（pudendal nerve）,髂腹股溝神經（ilioinguinal nerve）,,A,A,standard,,False,103030_1101.pdf,103030_MOD1101.pdf
MOEX-103030-1101-Q021,103,第一次,103030,1101,21,解剖學,下肢,下肢,下列何者受傷，最不可能影響肌肉收縮？,腓深神經（deep peroneal nerve）,腓淺神經（superficial peroneal nerve）,閉孔神經（obturator nerve）,隱神經（saphenous nerve）,,D,D,standard,,False,103030_1101.pdf,103030_MOD1101.pdf
MOEX-103030-1101-Q022,103,第一次,103030,1101,22,解剖學,下肢,下肢,下列何者最不適合作為下肢表面解剖學的標記？,脛骨粗隆（tibial tuberosity）,脛骨內髁（medial malleolus）,腓骨外髁（lateral malleolus）,腓骨骨幹外側的中間 1/3,,D,D,standard,,False,103030_1101.pdf,103030_MOD1101.pdf
MOEX-103030-1101-Q023,103,第一次,103030,1101,23,解剖學,下肢,下肢,臀部肌肉注射時，外上四分之一象限（upper lateral quadrant）是安全部位，下列何者位於此部位？,股四方肌（quadratus femoris）,臀中肌（gluteus medius）,闊筋膜張肌（tensor fasciae latae）,髂腰肌（iliopsoas）,,B,B,standard,,False,103030_1101.pdf,103030_MOD1101.pdf
MOEX-103030-1101-Q024,103,第一次,103030,1101,24,解剖學,頭頸部,頭頸部,下列何者起自肩胛骨的喙突（coracoid process of scapula）？,肱二頭肌長頭（long head of biceps brachii）,肱二頭肌短頭（short head of biceps brachii）,肱三頭肌長頭（long head of triceps brachii）,肱三頭肌內側頭（medial head of triceps brachii）,,B,B,standard,,False,103030_1101.pdf,103030_MOD1101.pdf
MOEX-103030-1101-Q025,103,第一次,103030,1101,25,解剖學,上肢,上肢,下列何者受損會導致手部拇指（thumb）無法做對掌（opposition）的動作？,肌皮神經（musculocutaneous nerve）,正中神經（median nerve）,尺神經（ulnar nerve）,橈神經（radial nerve）,,B,B,standard,,False,103030_1101.pdf,103030_MOD1101.pdf
MOEX-103030-1101-Q026,103,第一次,103030,1101,26,解剖學,胸腔,胸腔,下列有關人體脊柱（vertebral column）的彎曲，何者正確？,頸部與胸部向前凸,頸部與腰部向前凸,胸部與薦部向前凸,腰部與薦部向後凸,,B,B,standard,,False,103030_1101.pdf,103030_MOD1101.pdf
MOEX-103030-1101-Q027,103,第一次,103030,1101,27,解剖學,神經解剖,神經解剖,下列何者走過枕下三角（suboccipital triangle）？,枕動脈（occipital artery）,椎動脈（vertebral artery）,脊髓後動脈（posterior spinal artery）,耳後動脈（posterior auricular artery）,,B,B,standard,,False,103030_1101.pdf,103030_MOD1101.pdf
MOEX-103030-1101-Q028,103,第一次,103030,1101,28,解剖學,神經解剖,神經解剖,兩眼外側（顳側）視野有缺損（bitemporal hemianopia），最可能的病灶位置是在：,視網膜,視神經,視交叉,視覺皮質,,C,C,standard,,False,103030_1101.pdf,103030_MOD1101.pdf
MOEX-103030-1101-Q029,103,第一次,103030,1101,29,胚胎學,胚胎學,,人類之精原細胞（spermatogonium）發育成為成熟的精子約需幾天？,2天,16 天,32 天,74 天,,D,D,standard,,False,103030_1101.pdf,103030_MOD1101.pdf
MOEX-103030-1101-Q030,103,第一次,103030,1101,30,胚胎學,胚胎學,,下列有關甲狀腺（thyroid gland）及副甲狀腺（parathyroid gland）之發育，何項敘述正確？,甲狀腺主要源於第三咽弓（pharyngeal arch）,上與下副甲狀腺均來自第三咽囊（pharyngeal pouch）,上與下副甲狀腺分別來自第二及第三咽囊（pharyngeal pouch）,甲狀腺亦有源自第四咽囊（pharyngeal pouch）,,D,D,standard,,False,103030_1101.pdf,103030_MOD1101.pdf
MOEX-103030-1101-Q031,103,第一次,103030,1101,31,組織學,組織學,,腎上腺（adrenal gland）的那一部位，在出生三年後方可辨識？,髓部（medulla）,網狀帶（zona reticularis）,球狀帶（zona glomerulosa）,束狀帶（zona fasciculata）,,B,B,standard,,False,103030_1101.pdf,103030_MOD1101.pdf
MOEX-103030-1101-Q032,103,第一次,103030,1101,32,未分類,,,下列何者不是衍生自耳板（otic placode）？,耳蝸管（cochlear duct）,螺旋神經節（spiral ganglion）,半規管（semicircular duct）,耳囊（otic capsule）,,D,D,standard,,False,103030_1101.pdf,103030_MOD1101.pdf
MOEX-103030-1101-Q033,103,第一次,103030,1101,33,組織學,組織學,,上皮細胞的終端棒（terminal bar）是何種構造所形成？,高爾基氏體（Golgi apparatus）,接合複體（junctional complex）,基底膜（basement membrane）,基體（basal body）,,B,B,standard,,False,103030_1101.pdf,103030_MOD1101.pdf
MOEX-103030-1101-Q034,103,第一次,103030,1101,34,組織學,組織學,,肌腱（tendon）主要是由下列何者構成？,神經纖維（nerve fiber）,膠原纖維（collagen fiber）,網狀纖維（reticular fiber）,彈性纖維（elastic fiber）,,B,B,standard,,False,103030_1101.pdf,103030_MOD1101.pdf
MOEX-103030-1101-Q035,103,第一次,103030,1101,35,組織學,組織學,,鬆弛的（relaxed）骨骼肌肌節內，那個區域不含粗肌絲（thick filaments）？,I帶,A帶,H帶,M線,,A,A,standard,,False,103030_1101.pdf,103030_MOD1101.pdf
MOEX-103030-1101-Q036,103,第一次,103030,1101,36,組織學,組織學,,下列有關表皮（epidermis）的敘述，何者正確？,幹細胞（stem cell）主要分布在棘層（stratum spinosum）,皮脂腺（sebaceous gland）的腺體部主要位於表皮之基底層（stratum basale）,默氏細胞（Merkel’s cell）主要位於顆粒層（stratum granulosum）,在手掌或腳掌之厚皮膚會出現明顯的透明層（stratum lucidum）,,D,D,standard,,False,103030_1101.pdf,103030_MOD1101.pdf
MOEX-103030-1101-Q037,103,第一次,103030,1101,37,解剖學,頭頸部,頭頸部,下列那一種舌乳突（lingual papillae）不含味蕾？,輪廓（circumvallate）乳突,蕈狀（fungiform）乳突,葉狀（foliate）乳突,絲狀（filiform）乳突,,D,D,standard,,False,103030_1101.pdf,103030_MOD1101.pdf
MOEX-103030-1101-Q038,103,第一次,103030,1101,38,組織學,組織學,,腸道黏膜層（mucosa layer）分泌黏液的最主要細胞是下列何種細胞？,腸內分泌細胞（enteroendocrine cells）,杯狀細胞（goblet cells）,潘氏細胞（Paneth cells）,微皺細胞（microfold cells）,,B,B,standard,,False,103030_1101.pdf,103030_MOD1101.pdf
MOEX-103030-1101-Q039,103,第一次,103030,1101,39,組織學,組織學,,有關肺泡組織，下列敘述何者錯誤？,氣體或細胞產物必需藉由擴散作用（diffusion）於肺泡與微血管之間交換,氣體－血液障壁由第二型肺泡細胞（type II pneumocytes）與微血管內皮細胞及它們的基底層 （basement membrane）組成,有些肺泡細胞與微血管內皮細胞的基底層（basement membrane）間有結締組織細胞與纖維,灰塵細胞（dust cell）具有吞噬功能,,B,B,standard,,False,103030_1101.pdf,103030_MOD1101.pdf
MOEX-103030-1101-Q040,103,第一次,103030,1101,40,胚胎學,胚胎學,,下列何者在受精卵中完全源自精子提供？,中心體（centrosomes）,粒線體（mitochondria）,高爾基氏體（Golgi apparatus）,核膜（nuclear envelope）,,A,A,standard,,False,103030_1101.pdf,103030_MOD1101.pdf
MOEX-103030-1101-Q041,103,第一次,103030,1101,41,組織學,組織學,,下列何種細胞之細胞核位於視網膜（retina）之外核層（outer nuclear layer）？,無軸索細胞（amacrine cells）,雙極細胞（bipolar cells）,光源接受體細胞（photoreceptor cells）,神經節細胞（ganglion cells）,,C,C,standard,,False,103030_1101.pdf,103030_MOD1101.pdf
MOEX-103030-1101-Q042,103,第一次,103030,1101,42,微生物免疫學/寄生蟲學,微生物免疫/寄生蟲,,有關大腸桿菌（E. coli）致病性，下列敘述何者錯誤？,enterotoxigenic E. coli 會引起旅行者腹瀉，其致病機轉是細菌侵入並破壞大腸表皮，造成黏膜潰瘍 發炎,enteropathogenic E. coli 主要之致病機制為細菌黏附至小腸上皮細胞，破壞微絨毛,enterohemorrhagic E. coli 常見血清型為 O157：H7，可產生 Shiga toxin,E. coli 之 P pili 與腎盂腎炎（pyelonephritis）之形成有關,,A,A,standard,,False,103030_1101.pdf,103030_MOD1101.pdf
MOEX-103030-1101-Q043,103,第一次,103030,1101,43,微生物免疫學/寄生蟲學,微生物免疫/寄生蟲,,下列有關 Clostridium difficile 的敘述，何者錯誤？,通常對 clindamycin 敏感,可見於院內感染,可見於正常人腸道,其致病與抗生素的使用有關,,A,A,standard,,False,103030_1101.pdf,103030_MOD1101.pdf
MOEX-103030-1101-Q044,103,第一次,103030,1101,44,未分類,,,下列有關 Bacteroides fragilis 的敘述，何者錯誤?,20% bile 抑制其生長,可水解 esculin,為革蘭氏陰性菌,有些對 clindamycin 有抗藥性,,A,A,standard,,False,103030_1101.pdf,103030_MOD1101.pdf
MOEX-103030-1101-Q045,103,第一次,103030,1101,45,微生物免疫學/寄生蟲學,微生物免疫/寄生蟲,,下列有關 Bacillus cereus 的敘述，何者錯誤？,需要特殊培養基，細菌在低溫培養效果較好（cold enrichment）,具有 heat-stable proteolysis-resistant enterotoxin 會引起嘔吐,具有 heat-labile enterotoxin 會引起腹瀉,在宿主體內形成 capsule 的菌株可造成肺炎,,A,A,standard,,False,103030_1101.pdf,103030_MOD1101.pdf
MOEX-103030-1101-Q046,103,第一次,103030,1101,46,微生物免疫學/寄生蟲學,微生物免疫/寄生蟲,,造成兔熱病（tularemia）的病菌具有下列那種特徵？,會產生芽孢（spores）,是一種微嗜氧菌（microaerophil）,能在巨噬細胞（macrophages）內存活,常由胃腸道感染人體,,C,C,standard,,False,103030_1101.pdf,103030_MOD1101.pdf
MOEX-103030-1101-Q047,103,第一次,103030,1101,47,微生物免疫學/寄生蟲學,微生物免疫/寄生蟲,,細菌的電子傳遞產生能量發生在何處？,中間體（mesosome）,顆粒體（granules）,細胞質膜（cytoplasmic membrane）,細胞質（cytoplasm）內,,C,C,standard,,False,103030_1101.pdf,103030_MOD1101.pdf
MOEX-103030-1101-Q048,103,第一次,103030,1101,48,微生物免疫學/寄生蟲學,微生物免疫/寄生蟲,,有關分枝桿菌（Mycobacterium）之敘述，下列何者錯誤？,為需氧性桿菌且不形成孢子,可用螢光染色法篩選陽性檢體,複製一次（doubling time）約需 2 小時,孔雀綠（malachite green）可用來抑制一般細菌，但不會抑制分枝桿菌之生長,,C,C,standard,,False,103030_1101.pdf,103030_MOD1101.pdf
MOEX-103030-1101-Q049,103,第一次,103030,1101,49,未分類,,,下列何者最常用於燒傷傷口之消毒？,silver sulfadiazine,povidon-iodine,soap,azole cream,,#,A|B,multiple_accepted,第49題答A或B或AB者均給分，,False,103030_1101.pdf,103030_MOD1101.pdf
MOEX-103030-1101-Q050,103,第一次,103030,1101,50,微生物免疫學/寄生蟲學,微生物免疫/寄生蟲,,2000 年間，臺中清水地區某衛生所通報該地區疑似有群體感染大腸桿菌 O157:H7，O 是指大腸桿菌 細胞壁的那一種成分？,teichoic acid,內毒素中的 lipid A,somatic 抗原,內毒素中的核心（core）多醣體,,C,C,standard,,False,103030_1101.pdf,103030_MOD1101.pdf
MOEX-103030-1101-Q051,103,第一次,103030,1101,51,微生物免疫學/寄生蟲學,微生物免疫/寄生蟲,,當細菌的 23S rRNA 和核糖體蛋白（ribosomal proteins）發生突變時，可造成細菌對下列何種抗生素 產生抗藥性？,環丙沙星（ciprofloxacin）,利肺寧（rifampin）,青黴素（penicillin）,紅黴素（erythromycin）,,D,D,standard,,False,103030_1101.pdf,103030_MOD1101.pdf
MOEX-103030-1101-Q052,103,第一次,103030,1101,52,微生物免疫學/寄生蟲學,微生物免疫/寄生蟲,,下列關於腺病毒（adenovirus）的敘述，何者錯誤？,為 DNA 病毒,引起結膜炎（conjunctivitis）,可以潛伏於淋巴組織中,具有外套（envelope）,,D,D,standard,,False,103030_1101.pdf,103030_MOD1101.pdf
MOEX-103030-1101-Q053,103,第一次,103030,1101,53,微生物免疫學/寄生蟲學,微生物免疫/寄生蟲,,反轉錄病毒嵌入宿主的染色體中，其基因上那一個片段具有啟動子（promoter）序列可以調控病毒的 轉錄（transcription）？,LTR,gag,pol,env,,A,A,standard,,False,103030_1101.pdf,103030_MOD1101.pdf
MOEX-103030-1101-Q054,103,第一次,103030,1101,54,微生物免疫學/寄生蟲學,微生物免疫/寄生蟲,,下列何種病毒，與精神分裂症（schizophrenia）有關？,西尼羅腦炎病毒（West Nile encephalitis virus）,玻納病病毒（Borna disease virus）,拉克里斯病毒（La Crosse virus）,辛諾柏病毒（Sin Nombre virus）,,#,A|B|C|D,all_credit,第54題一律給分，,False,103030_1101.pdf,103030_MOD1101.pdf
MOEX-103030-1101-Q055,103,第一次,103030,1101,55,微生物免疫學/寄生蟲學,微生物免疫/寄生蟲,,下列何者不是導致流感病毒產生抗原飄移（antigenic drift）之原因？,當兩種病毒發生基因重分配（genetic reassortment）所致,因為病毒合成 RNA 常發生錯誤、引起突變所致,常發生於血球凝集素基因（hemagglutinin gene）,常發生於神經胺酸酶基因（neuraminidase gene）,,A,A,standard,,False,103030_1101.pdf,103030_MOD1101.pdf
MOEX-103030-1101-Q056,103,第一次,103030,1101,56,微生物免疫學/寄生蟲學,微生物免疫/寄生蟲,,下列對於腸病毒（enteroviruses）的描述，何者錯誤？,在 pH3 至 pH9 之環境下仍具抗性,病毒基因體（naked genome）本身具感染之能力,病毒 RNA 在細胞中會被轉譯成 polyprotein,病毒在細胞核複製其子代,,D,D,standard,,False,103030_1101.pdf,103030_MOD1101.pdf
MOEX-103030-1101-Q057,103,第一次,103030,1101,57,微生物免疫學/寄生蟲學,微生物免疫/寄生蟲,,孕婦何時感染 rubella virus 最容易造成先天性胎兒畸形？,懷孕初期三個月,懷孕中期三個月,懷孕後期三個月,周產期,,A,A,standard,,False,103030_1101.pdf,103030_MOD1101.pdf
MOEX-103030-1101-Q058,103,第一次,103030,1101,58,未分類,,,下列那一種黴菌不屬於擔子菌綱（Basidiomycetes）？,Cryptococcus,Trichosporon,Aspergillus,Malassezia,,#,A|B|C|D,all_credit,第58題 一律給分。,False,103030_1101.pdf,103030_MOD1101.pdf
MOEX-103030-1101-Q059,103,第一次,103030,1101,59,微生物免疫學/寄生蟲學,微生物免疫/寄生蟲,,下列何種黴菌為主要病原菌（primary pathogen）？,Aspergillus niger,Cryptococcus neoformans,Candida albicans,Paracoccidioides brasiliensis,,D,D,standard,,False,103030_1101.pdf,103030_MOD1101.pdf
MOEX-103030-1101-Q060,103,第一次,103030,1101,60,微生物免疫學/寄生蟲學,微生物免疫/寄生蟲,,下列何者不是伺機性黴菌感染疾病之重要 predisposing factor？,服用抗微生物藥物,惡性腫瘤,外科手術或燒傷,男女性別,,D,D,standard,,False,103030_1101.pdf,103030_MOD1101.pdf
MOEX-103030-1101-Q061,103,第一次,103030,1101,61,未分類,,,抗黴菌藥物 terbinafine 之作用機轉為抑制下列何者之生成？,蛋白質,核酸,麥角固醇（ergosterol）,β-聚葡萄糖（β-glucan）,,C,C,standard,,False,103030_1101.pdf,103030_MOD1101.pdf
MOEX-103030-1101-Q062,103,第一次,103030,1101,62,組織學,組織學,,下列何者不是人類次級（secondary）淋巴器官？,胸腺（thymus）,脾臟（spleen）,淋巴結（lymph nodes）,腸道淋巴組織（gut-associated lymphoid tissue；GALT）,,A,A,standard,,False,103030_1101.pdf,103030_MOD1101.pdf
MOEX-103030-1101-Q063,103,第一次,103030,1101,63,組織學,組織學,,敗血症（sepsis）發生時，下列那一種細胞激素（cytokine）是造成敗血性休克（septic shock）之主要 原因？,interferon-α,G-CSF,IL-2,TNF-α,,D,D,standard,,False,103030_1101.pdf,103030_MOD1101.pdf
MOEX-103030-1101-Q064,103,第一次,103030,1101,64,組織學,組織學,,下列何分子不會造成巨噬細胞活化？,IFN-γ（interferon-γ）,TNF-α（tumor necrosis factor-α）,IL-10（interleukin-10）,LPS（lipopolysaccharide）,,C,C,standard,,False,103030_1101.pdf,103030_MOD1101.pdf
MOEX-103030-1101-Q065,103,第一次,103030,1101,65,組織學,組織學,,在骨髓（bone marrow）中，B 細胞之分化與下列那一項無關？,RAG1/RAG2 酵素,基質細胞（stromal cell）,類型轉換重組（class switch recombination）,IL-7,,C,C,standard,,False,103030_1101.pdf,103030_MOD1101.pdf
MOEX-103030-1101-Q066,103,第一次,103030,1101,66,組織學,組織學,,CD28 與 CTLA-4 為調控 CD4+ T 細胞活化的重要分子，下列有關 CD28 與 CTLA-4 之敘述，何者正確？,CD28 與 CTLA-4 皆會表現在純真（naïve）CD4+ T 細胞上,CD28 與 CTLA-4 分子皆會與 B7 分子結合，但是 CD28 與 B7 的親和力高於 CTLA-4 與 B7 的親和力,CD28 傳遞活化的訊息給 CD4+ T 細胞，但是 CTLA-4 傳遞抑制活化的訊息給 CD4+ T 細胞,CTLA-4 對於維持中央耐受性（central tolerance）扮演重要角色,,C,C,standard,,False,103030_1101.pdf,103030_MOD1101.pdf
MOEX-103030-1101-Q067,103,第一次,103030,1101,67,微生物免疫學/寄生蟲學,微生物免疫/寄生蟲,,下列那一項不是免疫球蛋白 G（immunoglobulin G，IgG）的主要功能？,中和（neutralize）病原菌或其毒素,清除細胞內的病原菌,增進吞噬作用,活化補體功能,,B,B,standard,,False,103030_1101.pdf,103030_MOD1101.pdf
MOEX-103030-1101-Q068,103,第一次,103030,1101,68,微生物免疫學/寄生蟲學,微生物免疫/寄生蟲,,白血球黏著分子缺損所導致的免疫功能障礙中，下列那一項敘述最為正確？,血液中的白血球數目下降,發炎組織中的白血球浸潤減少,白血球對補體的反應增強,白血球的游走（migration）不受影響,,B,B,standard,,False,103030_1101.pdf,103030_MOD1101.pdf
MOEX-103030-1101-Q069,103,第一次,103030,1101,69,微生物免疫學/寄生蟲學,微生物免疫/寄生蟲,,下列何種細胞直接參與抗體依存性細胞毒殺反應（antibody-dependent cell-mediated cytotoxicity， ADCC）？,自然殺手細胞,B 淋巴細胞,CD8+ T 淋巴細胞,CD4+ T 淋巴細胞,,A,A,standard,,False,103030_1101.pdf,103030_MOD1101.pdf
MOEX-103030-1101-Q070,103,第一次,103030,1101,70,微生物免疫學/寄生蟲學,微生物免疫/寄生蟲,,關於 T 細胞和巨噬細胞互動所需要的分子產生突變而引起的免疫缺損，下列敘述何者錯誤？,IL-12 缺損會導致對分枝桿菌防護能力下降,CD40 或 CD40L 的突變不會影響 T 細胞功能,IFN-γ 接受體的完全缺乏會使個體組織產生肉芽腫的能力降低,TNF-α 在產生肉芽腫的過程中扮演重要的角色,,B,B,standard,,False,103030_1101.pdf,103030_MOD1101.pdf
MOEX-103030-1101-Q071,103,第一次,103030,1101,71,組織學,組織學,,A 血型的小華因動手術需要輸血，但不慎被輸入 B 型紅血球，後來引起發燒、血栓、血紅素尿等症 狀，這屬於第幾型過敏反應？,第一型,第二型,第三型,第四型,,B,B,standard,,False,103030_1101.pdf,103030_MOD1101.pdf
MOEX-103030-1101-Q072,103,第一次,103030,1101,72,微生物免疫學/寄生蟲學,微生物免疫/寄生蟲,,有些淋巴球雖然能夠以較低的親和性認識自體抗原或與自體抗原極為類似的分子，卻也能夠逃過免 疫系統自體耐受性（self-tolerance）的機轉而得以存在。這些淋巴球有何特性？,一般不會產生自體免疫反應，只有在特殊狀況，如嚴重感染時會被活化,一般會再循環至胸腺而被移除，因此並不引起自體免疫病變,將接受細胞激素偏移作用（cytokine deviation）而由體內消失,將由 AIRE（autoimmune regulator）基因的調控而引起胰臟胰島細胞（islet cells）的破壞,,A,A,standard,,False,103030_1101.pdf,103030_MOD1101.pdf
MOEX-103030-1101-Q073,103,第一次,103030,1101,73,微生物免疫學/寄生蟲學,微生物免疫/寄生蟲,,有關裸鼠（nude mice）在腫瘤免疫的研究，下列敘述何者錯誤？,裸鼠常用於人類腫瘤實驗室；因為其排斥腫瘤細胞生長能力差,裸鼠中 T 細胞及 B 細胞正常；但是活化機轉不正常，所以免疫力差,裸鼠中自然殺手細胞仍然是具有腫瘤排斥作用,裸鼠中的腫瘤生長較快且免疫監測較弱,,B,B,standard,,False,103030_1101.pdf,103030_MOD1101.pdf
MOEX-103030-1101-Q074,103,第一次,103030,1101,74,微生物免疫學/寄生蟲學,微生物免疫/寄生蟲,,下列何者不是環孢靈（cyclosporine）的藥效？,抑制介白素-2（interleukin-2）,抑制間質纖維化（interstitial fibrosis）,抑制 T 細胞增生（proliferation）,結合免疫細胞內之 immunophilins,,B,B,standard,,False,103030_1101.pdf,103030_MOD1101.pdf
MOEX-103030-1101-Q075,103,第一次,103030,1101,75,微生物免疫學/寄生蟲學,微生物免疫/寄生蟲,,下列何種寄生蟲之感染經常造成腹絞痛、噁心、嘔吐及急性水樣腹瀉，並常伴隨有低蛋白血症、低 血鉀及低血鈣等嚴重電解質失衡病症？,旋毛蟲（Trichinella spiralis）,海獸胃線蟲（Anisakis spp.）,菲律賓毛線蟲（Capillaria philippinensis）,棘顎口線蟲（Gnathostoma spinigerum）,,C,C,standard,,False,103030_1101.pdf,103030_MOD1101.pdf
MOEX-103030-1101-Q076,103,第一次,103030,1101,76,微生物免疫學/寄生蟲學,微生物免疫/寄生蟲,,下列何種寄生蟲曾經廣泛流行於我國離島之金門及澎湖地區？,班氏絲蟲（Wuchereria bancrofti）,馬來亞絲蟲（Brugia malayi）,蟠尾絲蟲（Onchocerca volvulus）,羅阿絲蟲（Loa loa）,,A,A,standard,,False,103030_1101.pdf,103030_MOD1101.pdf
MOEX-103030-1101-Q077,103,第一次,103030,1101,77,微生物免疫學/寄生蟲學,微生物免疫/寄生蟲,,張先生於 2 週前，曾赴中國大陸湖南省洞庭湖從事遊湖活動，期間曾將手腳伸入水中戲水，並於當 晚回旅館休息時發覺戲水的手腳部位出現搔癢紅疹，返臺後出現全身不適、發燒及咳嗽等症狀，經 住院檢查發現有輕微肝脾腫大（hepatosplenomegaly）及急性肝炎（acute hepatitis）現象。依據上述 結果，張先生最可能感染何種寄生蟲？,中華肝吸蟲（Clonorchis sinensis）,橫川吸蟲（Metagonimus yokogawai）,異形吸蟲（Heterophyes heterophyes）,日本血吸蟲（Schistosoma japonicum）,,D,D,standard,,False,103030_1101.pdf,103030_MOD1101.pdf
MOEX-103030-1101-Q078,103,第一次,103030,1101,78,微生物免疫學/寄生蟲學,微生物免疫/寄生蟲,,下列有關短小包膜絛蟲（Hymenolepis nana）感染人體的敘述，何者錯誤？①吞食蟲卵為唯一 的感染途徑 ②主要感染小孩 ③輕度感染即會引起腹痛及腹瀉 ④有可能引起過度感染 （hyperinfection）,②④,①③,①②,③④,,B,B,standard,,False,103030_1101.pdf,103030_MOD1101.pdf
MOEX-103030-1101-Q079,103,第一次,103030,1101,79,微生物免疫學/寄生蟲學,微生物免疫/寄生蟲,,下列寄生蟲之配對中，何者在患者新鮮糞便中均含有對人類之感染型（infective forms）？,環胞子蟲（Cyclospora cayetanensis）及雙核阿米巴（Dientamoeba fragilis）,人肉胞子蟲（Sarcocystis hominis）及梨形鞭毛蟲（Giardia lamblia）,隱胞子蟲（Cryptosporidium parvum）及嗜碘阿米巴（Iodamoeba bütschlii）,等胞子蟲（Isospora belli）及大腸纖毛蟲（Balantidium coli）,,C,C,standard,,False,103030_1101.pdf,103030_MOD1101.pdf
MOEX-103030-1101-Q080,103,第一次,103030,1101,80,胚胎學,胚胎學,,Primaquine 的殺傷對象主要是瘧原蟲的那些發育期？,血液裂殖體（blood schizonts）、肝臟裂殖體（liver schizonts）及休眠體（hypnozoites）,肝臟裂殖體（liver schizonts）、休眠體（hypnozoites）及配子母細胞（gametocytes）,休眠體（hypnozoites）、配子母細胞（gametocytes）及血液裂殖體（blood schizonts）,配子母細胞（gametocytes）、血液裂殖體（blood schizonts）及孢子體（sporozoites）,,B,B,standard,,False,103030_1101.pdf,103030_MOD1101.pdf
MOEX-103030-1101-Q081,103,第一次,103030,1101,81,未分類,,,下列何者為臺灣地區傳播日本腦炎（Japanese B encephalomyelitis）的主要病媒蚊種？,埃及斑蚊（Aedes aegypti）,白線斑蚊（Aedes albopictus）,熱帶家蚊（Culex fatigans）,三斑家蚊（Culex tritaeniorhychus）,,D,D,standard,,False,103030_1101.pdf,103030_MOD1101.pdf
MOEX-103030-1101-Q082,103,第一次,103030,1101,82,微生物免疫學/寄生蟲學,微生物免疫/寄生蟲,,跳蚤（flea）可以傳播下列何種疾病之病原體？,地方性斑疹傷寒（endemic typhus）,流行性斑疹傷寒（epidemic typhus）,恙蟲病（scrub typhus）,落磯山斑疹熱（Rocky Mountain spotted fever）,,A,A,standard,,False,103030_1101.pdf,103030_MOD1101.pdf
MOEX-103030-1101-Q083,103,第一次,103030,1101,83,未分類,,,下列那一種方法無法控制干擾效應（confounding）？,收樣時配對（matching）干擾因子,資料分析時校正（adjustment）干擾因子,資料分析時以干擾因子做分層（stratification）分析,收樣時增加樣本數,,D,D,standard,,False,103030_1101.pdf,103030_MOD1101.pdf
MOEX-103030-1101-Q084,103,第一次,103030,1101,84,公共衛生學,公共衛生,,對 100 名國小六年級學童測量體重，發現樣本平均值為 35 公斤，母群體平均值的 95% 信賴區間 為 33 公斤至 37 公斤。下列敘述何者正確？,母群體平均值為 35 公斤,該研究 100 名國小學童中，95 名的體重介在 33 至 37 公斤之間,該樣本學童的體重標準差約為 10 公斤,若計算母群體平均值的 90% 信賴區間，其範圍會大於 95% 信賴區間,,C,C,standard,,False,103030_1101.pdf,103030_MOD1101.pdf
MOEX-103030-1101-Q085,103,第一次,103030,1101,85,公共衛生學,公共衛生,,探討貧窮與兒童肥胖之間的關係，若非貧窮兒童的肥胖率為 20%，貧窮兒童的肥胖率為 40%，下列 敘述何者正確？,貧窮是肥胖的危險因子，相對危險比（relative risk）為 2,貧窮是肥胖的危險因子，相對危險比（relative risk）為 1/2,貧窮是肥胖的保護因子，相對危險比（relative risk）為 2,貧窮是肥胖的保護因子，相對危險比（relative risk）為 1/2,,A,A,standard,,False,103030_1101.pdf,103030_MOD1101.pdf
MOEX-103030-1101-Q086,103,第一次,103030,1101,86,公共衛生學,公共衛生,,一項研究收案 700 名無肺癌者與 700 名肺癌患者，分別詢問其抽菸習慣，肺癌患者有 70 位抽菸 者， 無肺癌者有 26 位抽菸者，這屬於下列那一種研究法？,世代研究（cohort studies）,病例對照研究（case-control studies）,生態研究（ecological studies）,橫斷式研究（cross-sectional studies）,,B,B,standard,,False,103030_1101.pdf,103030_MOD1101.pdf
MOEX-103030-1101-Q087,103,第一次,103030,1101,87,公共衛生學,公共衛生,,關於配對的描述，下列何者錯誤？,在病例對照研究中，若採用配對，是避免研究所關注的危險因子外的暴露在病例組與對照組的分 布有差異,配對主要有頻率配對（frequency matching）與個人配對（individual matching）兩種，頻率配對需 要較大的成本,假設對性別與年齡進行配對，則無法再探討這兩個變項對疾病的影響,以病例對照研究為例，一個病例可配對多個對照，以增加檢力（power）,,B,B,standard,,False,103030_1101.pdf,103030_MOD1101.pdf
MOEX-103030-1101-Q088,103,第一次,103030,1101,88,公共衛生學,公共衛生,,篩檢發展遲緩兒童工具的篩檢成效，與下列那一因素無關？,篩檢工具的敏感度（sensitivity）,篩檢工具的特異度（specificity）,定期篩檢的頻率,發展遲緩兒童的發生率（incidence）,,D,D,standard,,False,103030_1101.pdf,103030_MOD1101.pdf
MOEX-103030-1101-Q089,103,第一次,103030,1101,89,未分類,,,測量特定健康醫療照護施行於社區居民後之實際效果，稱為何種效果之評估？,efficacy 評估,efficiency 評估,effectiveness 評估,effect modification 評估,,C,C,standard,,False,103030_1101.pdf,103030_MOD1101.pdf
MOEX-103030-1101-Q090,103,第一次,103030,1101,90,未分類,,,當樣本統計量與母群體母數之差的平均值為 0，亦即統計量的期望值等於母數。此統計量具有下列 何種統計學特性？,有效性,一致性,充分性,不偏性,,D,D,standard,,False,103030_1101.pdf,103030_MOD1101.pdf
MOEX-103030-1101-Q091,103,第一次,103030,1101,91,未分類,,,下列有關檢力（power）的敘述，何者正確？,降低顯著水準，例如從 0.05 變成 0.01，檢力將變大,如果對立假設的平均值，比預期更遠離虛無假設的平均值，則檢定的檢力將增加,若觀測值的標準差增加，則檢力增加,若樣本數減少，則檢力增加,,B,B,standard,,False,103030_1101.pdf,103030_MOD1101.pdf
MOEX-103030-1101-Q092,103,第一次,103030,1101,92,未分類,,,依據個人偵測分析數據，下列何種行為之暴露，會占苯暴露的最大比例來源？,抽菸,旅行中來自汽機車排放之暴露,大氣中來自汽機車排放之暴露,大氣中來自工業之暴露,,A,A,standard,,False,103030_1101.pdf,103030_MOD1101.pdf
MOEX-103030-1101-Q093,103,第一次,103030,1101,93,未分類,,,依診斷原則，一案例從事動物標本病理化驗工作（暴露福馬林、酒精、二甲苯）已 2 年，因過去 5 年 經常頭痛而經電腦斷層診斷是腦瘤，若其要求出具疾病與職業相關診斷證明，下列敘述何者最正確？,合理，有因果相關,合理，因有醫學文獻報告,不合理，相同工作的同事沒有人得到腦瘤,不合理，不符合時序性,,D,D,standard,,False,103030_1101.pdf,103030_MOD1101.pdf
MOEX-103030-1101-Q094,103,第一次,103030,1101,94,未分類,,,下列何者與職業性氣喘病相關？,含氧化矽（SiO2）的礦物,二異氰酸甲苯（Toluene diisocyanate; TDI）,"1,1,2,2-四氯乙烷",錳鐵熔煉,,B,B,standard,,False,103030_1101.pdf,103030_MOD1101.pdf
MOEX-103030-1101-Q095,103,第一次,103030,1101,95,組織學,組織學,,空氣中的鉛微粒進入人體肺泡區，進入血液循環，最後大部分的鉛會累積在什麼器官或組織？,肝,腎臟,骨骼,脂肪,,C,C,standard,,False,103030_1101.pdf,103030_MOD1101.pdf
MOEX-103030-1101-Q096,103,第一次,103030,1101,96,未分類,,,如果小美注意到朋友參加運動社團且規律地做運動，不但神清氣爽又結交到志同道合的朋友，因此 認為自己也參加運動社團的話，會身體健康及認識朋友，這是應用那一種理論或模式來改變行為？,社會學習理論,說服理論,操作性制約理論,跨理論模式,,A,A,standard,,False,103030_1101.pdf,103030_MOD1101.pdf
MOEX-103030-1101-Q097,103,第一次,103030,1101,97,組織學,組織學,,生態模式（ecological model）是屬於那一種健康行為改變的模式？,個人層次,人際互動層次,組織團體層次,多層面層次,,D,D,standard,,False,103030_1101.pdf,103030_MOD1101.pdf
MOEX-103030-1101-Q098,103,第一次,103030,1101,98,解剖學,胸腔,胸腔,改變行為的過程可以分成嘗試（想要改變）、承諾（決心改變）、行動（力行改變）和持續（堅強 改變）四個階段。新建立的行為若無法堅持，致使舊行為再度出現，這個現象通常稱為什麼？,改變,復發,修飾,強化,,B,B,standard,,False,103030_1101.pdf,103030_MOD1101.pdf
MOEX-103030-1101-Q099,103,第一次,103030,1101,99,未分類,,,實施全民健康保險的目的，不包括下列何者？,增進人民健康,保障疾病治療所衍生之財務風險,有錢有能力者多繳保費，協助弱勢之人口群,保障生病時可治癒之天賦人權,,D,D,standard,,False,103030_1101.pdf,103030_MOD1101.pdf
MOEX-103030-1101-Q100,103,第一次,103030,1101,100,未分類,,,下列那一種健康服務的財源，引發所得或財富的重分配效果最強？,政府一般稅收,強制性社會保險,私人健康保險,自費醫療服務,,A,A,standard,,False,103030_1101.pdf,103030_MOD1101.pdf
MOEX-103100-1101-Q001,103,第二次,103100,1101,1,解剖學,神經解剖,神經解剖,下列有關初級視覺皮質之敘述，何者錯誤？,位於 Brodmann area 17,其傳入神經主要來自外膝狀體（lateral geniculate body）,右側初級視覺皮質之傳入訊息主要來自左側眼球,具有 line of Gennari,,C,C,standard,第1題,False,103100_1101.pdf,103100_MOD1101.pdf
MOEX-103100-1101-Q002,103,第二次,103100,1101,2,解剖學,神經解剖,神經解剖,小腦受損時，①dysarthria ②ataxia ③dysmetria ④intentional tremor 等四個症狀中，那些可能發生？,僅②③,僅①②③,①②③④,僅②④,,C,C,standard,第2題,False,103100_1101.pdf,103100_MOD1101.pdf
MOEX-103100-1101-Q003,103,第二次,103100,1101,3,解剖學,神經解剖,神經解剖,頂蓋脊髓徑（tectospinal tract）主要由何構造發出？,外膝狀體（lateral geniculate body）,紅核（red nucleus）,上丘（superior colliculus）,前庭神經核（vestibular nucleus）,,C,C,standard,第3題,False,103100_1101.pdf,103100_MOD1101.pdf
MOEX-103100-1101-Q004,103,第二次,103100,1101,4,解剖學,神經解剖,神經解剖,下列有關 Horner's syndrome 之敘述何者錯誤？,瞳孔縮小,為交感神經損傷所引起,眼瞼下垂（ptosis）,動眼神經受壓迫常會引起此症狀,,D,D,standard,第4題,False,103100_1101.pdf,103100_MOD1101.pdf
MOEX-103100-1101-Q005,103,第二次,103100,1101,5,解剖學,神經解剖,神經解剖,下列有關網狀系統（reticular formation）之敘述，何者錯誤？,網狀系統與睡眠有關,與痛覺調控有關,藍斑核（locus coeruleus）神經元以 dopamine 為傳遞物質,縫核（raphe nucleus）位於腦幹之中央區域,,C,C,standard,第5題,False,103100_1101.pdf,103100_MOD1101.pdf
MOEX-103100-1101-Q006,103,第二次,103100,1101,6,未分類,,,下面何者源自脊神經的背支（dorsal ramus of spinal nerve）？,頸橫神經（transverse cervical nerve）,耳大神經（great auricular nerve）,鎖骨上神經（supraclavicular nerve）,枕大神經（greater occipital nerve）,,D,D,standard,第6題,False,103100_1101.pdf,103100_MOD1101.pdf
MOEX-103100-1101-Q007,103,第二次,103100,1101,7,組織學,組織學,,下嘴唇（lower lip）中央部的鱗狀細胞瘤（squamous cell carcinoma）最可能經由下列何者進行轉移？,頦下淋巴結（submental lymph node）,下頜下淋巴結（submandibular lymph node）,耳下腺淋巴結（parotid lymph node）,頰淋巴結（buccal lymph node）,,A,A,standard,第7題,False,103100_1101.pdf,103100_MOD1101.pdf
MOEX-103100-1101-Q008,103,第二次,103100,1101,8,解剖學,頭頸部,頭頸部,下列何者的收縮與舌頭向前突出最為有關？,舌骨舌肌（hyoglossus）,莖突舌肌（styloglossus）,頦舌肌（genioglossus）,腭舌肌（palatoglossus）,,C,C,standard,第8題,False,103100_1101.pdf,103100_MOD1101.pdf
MOEX-103100-1101-Q009,103,第二次,103100,1101,9,解剖學,神經解剖,神經解剖,下列何者不是感覺神經節？,前庭神經節（vestibular ganglion）,膝狀神經節（geniculate ganglion）,耳神經節（otic ganglion）,螺旋神經節（spiral ganglion）,,C,C,standard,第9題,False,103100_1101.pdf,103100_MOD1101.pdf
MOEX-103100-1101-Q010,103,第二次,103100,1101,10,解剖學,神經解剖,神經解剖,下列何者的神經元直接支配瞳孔括約肌？,翼腭神經節（pterygopalatine ganglion）,睫狀神經節（ciliary ganglion）,頸上神經節（superior cervical ganglion）,Edinger-Westphal 神經核（Edinger-Westphal nucleus）,,B,B,standard,第10題 答案 C C C D C D A C C B 題號,False,103100_1101.pdf,103100_MOD1101.pdf
MOEX-103100-1101-Q011,103,第二次,103100,1101,11,組織學,組織學,,耳下腺導管（parotid duct）穿過下列何者開口於口腔？,嚼肌（masseter muscle）,內翼肌（medial pterygoid muscle）,頰肌（buccinator muscle）,外翼肌（lateral pterygoid muscle）,,C,C,standard,第11題,False,103100_1101.pdf,103100_MOD1101.pdf
MOEX-103100-1101-Q012,103,第二次,103100,1101,12,解剖學,胸腔,胸腔,一般情況下，左支氣管動脈（left bronchial artery）由下列何者發出？,前肋間動脈（anterior intercostal artery）,後肋間動脈（posterior intercostal artery）,右支氣管動脈（right bronchial artery）,胸主動脈（thoracic aorta）,,D,D,standard,第12題,False,103100_1101.pdf,103100_MOD1101.pdf
MOEX-103100-1101-Q013,103,第二次,103100,1101,13,解剖學,胸腔,胸腔,正常成年人站立時，劍胸關節（xiphisternal joint）相當於下列那個椎骨之高度？,T4～5,T6～7,T8～9,T10～11,,C,C,standard,第13題,False,103100_1101.pdf,103100_MOD1101.pdf
MOEX-103100-1101-Q014,103,第二次,103100,1101,14,解剖學,腹部,腹部,闌尾的動脈血流來自下列何者？,腹腔動脈幹（celiac trunk）,腸繫膜上動脈（superior mesenteric artery）,腸繫膜下動脈（inferior mesenteric artery）,髂內動脈（internal iliac artery）,,B,B,standard,第14題,False,103100_1101.pdf,103100_MOD1101.pdf
MOEX-103100-1101-Q015,103,第二次,103100,1101,15,解剖學,腹部,腹部,內臟大神經（greater splanchnic nerve）主要連接至：,腹腔神經節（celiac ganglion）,腸繫膜上神經節（superior mesenteric ganglion）,腸繫膜下神經節（inferior mesenteric ganglion）,主動脈腎神經節（aorticorenal ganglion）,,A,A,standard,第15題,False,103100_1101.pdf,103100_MOD1101.pdf
MOEX-103100-1101-Q016,103,第二次,103100,1101,16,解剖學,腹部,腹部,下列何者不是腹膜小囊（lesser sac）開口處，小網膜（lesser omentum）內的構造？,總膽管（common bile duct）,肝門靜脈（hepatic portal vein）,肝主動脈（proper hepatic artery）,下腔靜脈（inferior vena cava）,,D,D,standard,第16題,False,103100_1101.pdf,103100_MOD1101.pdf
MOEX-103100-1101-Q017,103,第二次,103100,1101,17,解剖學,腹部,腹部,有關睪丸的血流，下列何者正確？,睪丸動脈（testicular artery）來自腹主動脈（abdominal aorta）,左睪丸動脈（left testicular artery）起自腹主動脈（abdominal aorta），右睪丸動脈來自右腎動,脈（right renal artery）,左右睪丸動脈（left and right testicular arteries）各源自同側的腎動脈（renal artery） 來自同側的髂內動脈（internal iliac artery）,,A,A,standard,第17題,False,103100_1101.pdf,103100_MOD1101.pdf
MOEX-103100-1101-Q018,103,第二次,103100,1101,18,解剖學,骨盆與會陰,骨盆與會陰,閉孔內肌（obturator internus）的肌腱通過下列何處？,坐骨大孔（greater sciatic foramen）,坐骨小孔（lesser sciatic foramen）,閉孔管（obturator canal）,薦管（sacral canal）,,B,B,standard,第18題,False,103100_1101.pdf,103100_MOD1101.pdf
MOEX-103100-1101-Q019,103,第二次,103100,1101,19,組織學,組織學,,阻斷髂內動脈（internal iliac artery）之血流時，最不會直接影響下列何者之血液供給？,直腸上部（superior rectum）,提肛肌（levator ani）,臀大肌（gluteus maximus）,前列腺（prostate）,,A,A,standard,第19題,False,103100_1101.pdf,103100_MOD1101.pdf
MOEX-103100-1101-Q020,103,第二次,103100,1101,20,組織學,組織學,,會陰深隙（deep perineal space）內的腫瘤最可能傷及下列何者？,陰莖腳（crus of penis）,尿道球腺（bulbourethral gland）,海綿體尿道（spongy urethra）,前庭球（bulbs of the vestibule）,,B,B,standard,第20題 答案 C D C B A D A B A B 題號,False,103100_1101.pdf,103100_MOD1101.pdf
MOEX-103100-1101-Q021,103,第二次,103100,1101,21,胚胎學,胚胎學,,下列何者的一般體觸覺透過陰部神經（pudendal nerve）傳遞？,卵巢,子宮,陰道,輸卵管,,C,C,standard,第21題,False,103100_1101.pdf,103100_MOD1101.pdf
MOEX-103100-1101-Q022,103,第二次,103100,1101,22,解剖學,下肢,下肢,下肢淺層經常被用做血管移植（vascular transplantation）的是：,股動脈（femoral artery）,股靜脈（femoral vein）,膕靜脈（popliteal vein）,大隱靜脈（great saphenous vein）,,D,D,standard,第22題,False,103100_1101.pdf,103100_MOD1101.pdf
MOEX-103100-1101-Q023,103,第二次,103100,1101,23,解剖學,骨盆與會陰,骨盆與會陰,下列何者通過坐骨大孔（greater sciatic foramen）且供應臀大肌（gluteus maximus）的血液？,股動脈（femoral artery）,閉孔動脈（obturator artery）,臀下動脈（inferior gluteal artery）,陰部內動脈（internal pudendal artery）,,C,C,standard,第23題,False,103100_1101.pdf,103100_MOD1101.pdf
MOEX-103100-1101-Q024,103,第二次,103100,1101,24,解剖學,腹部,腹部,腓骨（fibula）頸部骨折最可能傷及下列那一條神經？,脛神經（tibial nerve）,隱神經（saphenous nerve）,腓腸神經（sural nerve）,腓總神經（common fibular nerve）,,D,D,standard,第24題,False,103100_1101.pdf,103100_MOD1101.pdf
MOEX-103100-1101-Q025,103,第二次,103100,1101,25,解剖學,上肢,上肢,下列何者受傷會導致手腕（wrist）無法伸直的垂腕症（drop hand）？,肌皮神經（musculocutaneous nerve）,正中神經（median nerve）,尺神經（ulnar nerve）,橈神經（radial nerve）,,D,D,standard,第25題,False,103100_1101.pdf,103100_MOD1101.pdf
MOEX-103100-1101-Q026,103,第二次,103100,1101,26,組織學,組織學,,背部聽診三角（triangle of auscultation）的三個邊由下列那些構造形成？,斜方肌（trapezius）、闊背肌（latissimus dorsi）、肩胛骨（scapula）內側緣,闊背肌（latissimus dorsi）、腹外斜肌（external abdominal oblique muscle）、髂骨嵴（iliac crest）,小菱形肌（rhomboid minor）、提肩胛肌（levator scapulae）、肩胛骨（scapula）內側緣,腹外斜肌（external abdominal oblique muscle）、腹內斜肌（internal abdominal oblique muscle）、 髂骨嵴（iliac crest）,,A,A,standard,第26題,False,103100_1101.pdf,103100_MOD1101.pdf
MOEX-103100-1101-Q027,103,第二次,103100,1101,27,解剖學,上肢,上肢,屈指淺肌（flexor digitorum superficialis）的遠端附著於下列何者？,遠端指骨（distal phalange）,中端指骨（middle phalange）,近端指骨（proximal phalange）,腕骨（metacarpal bone）,,B,B,standard,第27題,False,103100_1101.pdf,103100_MOD1101.pdf
MOEX-103100-1101-Q028,103,第二次,103100,1101,28,組織學,組織學,,無痛分娩時麻醉藥打入脊椎管（vertebral canal）內一個富含脂肪組織與靜脈叢（venous plexus）的空 間是：,硬脊膜外腔（epidural space）,硬脊膜下腔（subdural space）,蜘蛛膜下腔（subarachnoid space）,脊髓中央管（central canal of spinal cord）,,A,A,standard,第28題,False,103100_1101.pdf,103100_MOD1101.pdf
MOEX-103100-1101-Q029,103,第二次,103100,1101,29,胚胎學,胚胎學,,甲狀腺內濾泡旁細胞（parafollicular cells）源起於下列何者？,第一咽囊（1st pharyngeal pouch）,第二咽囊（2nd pharyngeal pouch）,第三咽囊（3rd pharyngeal pouch）,第四咽囊（4th pharyngeal pouch）,,D,D,standard,第29題,False,103100_1101.pdf,103100_MOD1101.pdf
MOEX-103100-1101-Q030,103,第二次,103100,1101,30,胚胎學,胚胎學,,下列何胚層衍生形成前列腺之實質（parenchyma of prostate）？,外胚層（ectoderm）,體壁中胚層（parietal layer of mesoderm）,臟壁中胚層（visceral layer of mesoderm）,內胚層（endoderm）,,D,D,standard,第30題 答案 C D C D D A B A D D 題號,False,103100_1101.pdf,103100_MOD1101.pdf
MOEX-103100-1101-Q031,103,第二次,103100,1101,31,胚胎學,胚胎學,,胚胎發育時，背側心繫膜（dorsal mesocardium）部分退化後，可形成下列何者？,心包斜竇（oblique pericardial sinus）,心包橫竇（transverse pericardial sinus）,纖維心包（fibrous pericardium）,漿液心包（serous pericardium）,,B,B,standard,第31題,False,103100_1101.pdf,103100_MOD1101.pdf
MOEX-103100-1101-Q032,103,第二次,103100,1101,32,胚胎學,胚胎學,,胚胎發育大約在第四週時，耳板（otic placode）衍生自下列何者？,神經外胚層（neuroectoderm）,神經嵴（neural crest）,間葉組織（mesenchyma）,體表外胚層（surface ectoderm）,,D,D,standard,第32題,False,103100_1101.pdf,103100_MOD1101.pdf
MOEX-103100-1101-Q033,103,第二次,103100,1101,33,組織學,組織學,,下圖是以何種顯微鏡觀察血管管腔表面的構造？,光學顯微鏡（light microscope）,穿透式電子顯微鏡（transmission electron microscope）,掃描式電子顯微鏡（scanning electron microscope）,雷射掃描共軛焦顯微鏡（laser scanning confocal microscope）,,C,C,standard,第33題,True,103100_1101.pdf,103100_MOD1101.pdf
MOEX-103100-1101-Q034,103,第二次,103100,1101,34,組織學,組織學,,下列有關纖維軟骨（fibrocartilage）之敘述，何者錯誤？,含 Type I 膠原纖維（collagen fibers）,具軟骨膜（perichondrium）,架構近似緻密規則結締組織,存在於椎間盤（intervertebral discs）,,B,B,standard,第34題,False,103100_1101.pdf,103100_MOD1101.pdf
MOEX-103100-1101-Q035,103,第二次,103100,1101,35,組織學,組織學,,中樞神經系統裡具有吞噬功能的細胞是下列何者？,微小膠細胞（microglia）,星狀膠細胞（astrocytes）,寡樹突膠細胞（oligodendrocytes）,許旺細胞（Schwann cells）,,A,A,standard,第35題,False,103100_1101.pdf,103100_MOD1101.pdf
MOEX-103100-1101-Q036,103,第二次,103100,1101,36,微生物免疫學/寄生蟲學,微生物免疫/寄生蟲,,T 淋巴球（T lymphocytes）在下列何者進行分化而形成具免疫能力（immunocompetent）的細胞？,淋巴結（lymph nodes）,脾（spleen）,扁桃體（tonsils）,胸腺（thymus）,,D,D,standard,第36題,False,103100_1101.pdf,103100_MOD1101.pdf
MOEX-103100-1101-Q037,103,第二次,103100,1101,37,組織學,組織學,,下列構造，何者與增加小腸吸收表面積無關？,絨毛（villi）,微絨毛（microvilli）,腸腺（intestinal glands）,環皺襞（plicae circulares）,,C,C,standard,第37題,False,103100_1101.pdf,103100_MOD1101.pdf
MOEX-103100-1101-Q038,103,第二次,103100,1101,38,解剖學,胸腔,胸腔,呼吸系統中氣體的交換無法在下列何處進行？,呼吸性小支氣管（respiratory bronchioles）,肺泡囊（alveolar sacs）,肺泡管（alveolar ducts）,終端小支氣管（terminal bronchioles）,,D,D,standard,第38題,False,103100_1101.pdf,103100_MOD1101.pdf
MOEX-103100-1101-Q039,103,第二次,103100,1101,39,胚胎學,胚胎學,,有關腦下垂體（pituitary gland），下列敘述何項錯誤？,胚胎發育過程中，腦下垂體前葉與後葉均源自於間腦（diencephalon）,腦下垂體後葉分泌抗利尿激素（ADH/vasopressin）之神經細胞本體位於下視丘之神經核,腦下垂體前葉內，分泌激乳素（prolactin）或生長激素（growth hormone）的細胞是嗜酸性細胞,（acidophil） 嬰兒吸吮母親乳頭會刺激催產素（oxytocin）之釋放,,A,A,standard,第39題,False,103100_1101.pdf,103100_MOD1101.pdf
MOEX-103100-1101-Q040,103,第二次,103100,1101,40,組織學,組織學,,細精管（seminiferous tubule）內的各種細胞中，細胞核最小的是：,塞托利氏細胞（Sertoli cell）,精細胞（spermatid）,精母細胞（spermatocyte）,精原細胞（spermatogonium）,,B,B,standard,第40題 答案 B D C B A D C D A B 題號,False,103100_1101.pdf,103100_MOD1101.pdf
MOEX-103100-1101-Q041,103,第二次,103100,1101,41,未分類,,,聲波傳至柯蒂氏器（organ of Corti）後再經由下列何者傳至中樞？,基底神經節（basal ganglion）,螺旋神經節（spiral ganglion）,脊神經節（spinal ganglion）,交感神經節（sympathetic ganglion）,,B,B,standard,第41題,False,103100_1101.pdf,103100_MOD1101.pdf
MOEX-103100-1101-Q042,103,第二次,103100,1101,42,微生物免疫學/寄生蟲學,微生物免疫/寄生蟲,,以下有關 QuantiFERON-TBGold test 之敘述，何者錯誤？,偵測被活化的 T 細胞所產生之 IFN-γ,敏感度比 tuberculin-skin test 高,用來檢查結核分枝桿菌感染,需採病人痰液做 QuantiFERON-TBGold test,,#,B|D,multiple_accepted,第42題答B或D或BD者均給分，,False,103100_1101.pdf,103100_MOD1101.pdf
MOEX-103100-1101-Q043,103,第二次,103100,1101,43,未分類,,,下列有關放線菌（Actinomyces）的敘述，何者錯誤？,革蘭氏陰性菌,菌體呈分枝,菌落似臼齒,可用青黴素治療,,A,A,standard,第43題,False,103100_1101.pdf,103100_MOD1101.pdf
MOEX-103100-1101-Q044,103,第二次,103100,1101,44,微生物免疫學/寄生蟲學,微生物免疫/寄生蟲,,下列何種病症，是由 Salmonella typhi 所引起？,赤痢（dysentery）,腸熱症（enteric fever）,假膜性大腸炎（pseudomembranous colitis）,出血性熱（hemorrhagic fever）,,#,A|B,multiple_accepted,第44題答A或B或AB者均給分，,False,103100_1101.pdf,103100_MOD1101.pdf
MOEX-103100-1101-Q045,103,第二次,103100,1101,45,微生物免疫學/寄生蟲學,微生物免疫/寄生蟲,,有關梅毒（Syphilis）之敘述，何者錯誤？,其致病原為 Borrelia burgdorferi,主要為性接觸傳染之疾病,婦女懷孕時若感染梅毒則可能導致胎兒患有先天性梅毒,一般感染後 2 年內最具傳染性,,A,A,standard,第45題,False,103100_1101.pdf,103100_MOD1101.pdf
MOEX-103100-1101-Q046,103,第二次,103100,1101,46,胚胎學,胚胎學,,下列何者是引發氣性壞疽（gas gangrene）的主要致病菌所產生之最重要毒素？,核酸酶（nuclease）,蛋白酶（protease）,卵磷脂酶（lecithinase）,凝固酶（coagulase）,,C,C,standard,第46題,False,103100_1101.pdf,103100_MOD1101.pdf
MOEX-103100-1101-Q047,103,第二次,103100,1101,47,微生物免疫學/寄生蟲學,微生物免疫/寄生蟲,,下列關於痲瘋病（leprosy）的敘述那一項錯誤？,由痲瘋分枝桿菌（Mycobacterium leprae）引起,有痲瘋瘤型（lepromatous form）及類結核型（tuberculoid form）二類,痲瘋瘤型痲瘋患者比類結核型的痲瘋患者更具有傳染性,經由飛沫傳染，傳染力極強,,D,D,standard,第47題,False,103100_1101.pdf,103100_MOD1101.pdf
MOEX-103100-1101-Q048,103,第二次,103100,1101,48,微生物免疫學/寄生蟲學,微生物免疫/寄生蟲,,黃癬（favus）為頭部之慢性癬病，病原菌可破壞毛囊引起永久性脫毛，其病原菌為何？,絮狀表皮癬菌（Epidermophyton floccosum）,小芽孢癬菌（Microsporum canis）,許蘭氏毛癬菌（Trichophyton schoenleinii）,糠粃馬拉色氏菌（Malassezia furfur）,,#,B|C,multiple_accepted,第48題答B或C或 BC者均給分，,False,103100_1101.pdf,103100_MOD1101.pdf
MOEX-103100-1101-Q049,103,第二次,103100,1101,49,微生物免疫學/寄生蟲學,微生物免疫/寄生蟲,,一位嗜食泡菜的家庭主婦，某天晚上突然發生視覺模糊、吞嚥困難及口乾的情形，且此麻痺現象逐 漸向下延伸，引發呼吸困難。送醫急救時，醫師得知該婦人前一天及當天中午獨自在家午餐時，新 開了一罐親戚所贈送的自製泡菜作為配菜。下列那種細菌最有可能導致此疾病？,傷寒桿菌（Salmonella typhi）,肉毒桿菌（Clostridium botulinum）,金黃色葡萄球菌（Staphylococcus aureus）,仙人掌桿菌（Bacillus cereus）,,B,B,standard,第49題,False,103100_1101.pdf,103100_MOD1101.pdf
MOEX-103100-1101-Q050,103,第二次,103100,1101,50,微生物免疫學/寄生蟲學,微生物免疫/寄生蟲,,承上題，下列何者最可作為確診此疾病的依據？,臨床症狀,由糞便中分離出致病菌,以鏡檢法在可疑的食物中觀察到致病菌,在病人血清中檢測出導致此病的細菌毒素,,D,D,standard,第50題 答案 B # A # A C D # B D 題號,False,103100_1101.pdf,103100_MOD1101.pdf
MOEX-103100-1101-Q051,103,第二次,103100,1101,51,微生物免疫學/寄生蟲學,微生物免疫/寄生蟲,,下列何種反轉錄病毒沒有攜帶致癌基因（oncogene）？,hroblastosis virus,Abelson murine leukemia virus,Rous sarcoma virus,HTLV-1（Human T-cell lymphotropic virus type 1）,,#,A|B|C|D,all_credit,第51題一律給分，,False,103100_1101.pdf,103100_MOD1101.pdf
MOEX-103100-1101-Q052,103,第二次,103100,1101,52,微生物免疫學/寄生蟲學,微生物免疫/寄生蟲,,下列關於 HIV（Human immunodeficiency virus）病毒蛋白的功能，何者錯誤？,與運送病毒 RNA 到細胞質有關,可以拮抗細胞中 APOBEC-3G 的作用,可以降低細胞上 CD4 的表現,幫助病毒與細胞膜的融合,,A,A,standard,第52題,False,103100_1101.pdf,103100_MOD1101.pdf
MOEX-103100-1101-Q053,103,第二次,103100,1101,53,微生物免疫學/寄生蟲學,微生物免疫/寄生蟲,,在細胞質內進行複製之 DNA 病毒為：,病毒（Epstein-Barr virus）,腺病毒（Adenovirus）,痘病毒（Poxvirus）,小 DNA 病毒（Parvovirus）,,C,C,standard,第53題,False,103100_1101.pdf,103100_MOD1101.pdf
MOEX-103100-1101-Q054,103,第二次,103100,1101,54,微生物免疫學/寄生蟲學,微生物免疫/寄生蟲,,下列何種病毒的感染過程中有潛伏期（latency），且可再激活（reactivation）後，再進入潛伏期？,B virus,Human immunodeficiency virus,Coxsackie virus A3,Varicella-zoster virus,,D,D,standard,第54題,False,103100_1101.pdf,103100_MOD1101.pdf
MOEX-103100-1101-Q055,103,第二次,103100,1101,55,微生物免疫學/寄生蟲學,微生物免疫/寄生蟲,,孕婦在懷孕期間感染下列那些病毒後，容易造成嬰兒先天性缺陷？①Cytomegalovirus ②Influenza virus ③Rubella virus ④Adenovirus,①②,①③,②③,③④,,B,B,standard,第55題,False,103100_1101.pdf,103100_MOD1101.pdf
MOEX-103100-1101-Q056,103,第二次,103100,1101,56,微生物免疫學/寄生蟲學,微生物免疫/寄生蟲,,目前接種的 B 型肝炎疫苗是屬於下列那一種？,活病毒,活減毒疫苗,死病毒,基因重組次單位疫苗,,D,D,standard,第56題,False,103100_1101.pdf,103100_MOD1101.pdf
MOEX-103100-1101-Q057,103,第二次,103100,1101,57,微生物免疫學/寄生蟲學,微生物免疫/寄生蟲,,下列那個病毒不會因有機溶劑或膽鹽之處理而喪失活性？,Hantaan virus,HIV,Influenza viruses,Hepatitis A virus,,D,D,standard,第57題,False,103100_1101.pdf,103100_MOD1101.pdf
MOEX-103100-1101-Q058,103,第二次,103100,1101,58,微生物免疫學/寄生蟲學,微生物免疫/寄生蟲,,真菌細胞膜中之主要之固醇類型為何？,膽固醇（cholesterol）,麥角固醇（ergosterol）,柱頭固醇（stigmasterol）,羊毛脂固醇（lanosterol）,,B,B,standard,第58題,False,103100_1101.pdf,103100_MOD1101.pdf
MOEX-103100-1101-Q059,103,第二次,103100,1101,59,微生物免疫學/寄生蟲學,微生物免疫/寄生蟲,,下列那種真菌病原菌是屬於地域性（endemic）特有種？,Candida albicans,Cryptococcus neoformans,Histoplasma capsulatum,Sporothrix schenckii,,C,C,standard,第59題,False,103100_1101.pdf,103100_MOD1101.pdf
MOEX-103100-1101-Q060,103,第二次,103100,1101,60,微生物免疫學/寄生蟲學,微生物免疫/寄生蟲,,念珠菌菌血症（candidemia）中致死率最高者為下列何種感染？,Candida albicans,Candida glabrata,Candida parapsilosis,Candida tropicalis,,#,A|B|C|D,all_credit,第60題除未作答者不給分外，其餘均給分，,False,103100_1101.pdf,103100_MOD1101.pdf
MOEX-103100-1101-Q061,103,第二次,103100,1101,61,微生物免疫學/寄生蟲學,微生物免疫/寄生蟲,,如圖所示。所謂花椰菜樣節瘤（cauliflower-like nodule）為何種真菌感染症之特徵？,Eumycotic mycetoma,Chromoblastomycosis,Subcutaneous zygomycosis,Actinomycotic mycetoma,,B,B,standard,第61題,True,103100_1101.pdf,103100_MOD1101.pdf
MOEX-103100-1101-Q062,103,第二次,103100,1101,62,組織學,組織學,,下列何者為生命期較短，且具有吞噬作用之血球：,巨噬細胞（macrophage）,淋巴細胞（lymphocyte）,嗜中性細胞（neutrophil）,自然殺手細胞（natural killer cell）,,C,C,standard,第62題,False,103100_1101.pdf,103100_MOD1101.pdf
MOEX-103100-1101-Q063,103,第二次,103100,1101,63,未分類,,,下列何者為補體（complement）的三種活化路徑之最初會合點？,ClqClrCls complex,C4b,C3 convertase,C5 convertase,,C,C,standard,第63題,False,103100_1101.pdf,103100_MOD1101.pdf
MOEX-103100-1101-Q064,103,第二次,103100,1101,64,微生物免疫學/寄生蟲學,微生物免疫/寄生蟲,,抗體重鏈 VH 多變區（variable domain）結構中 CDR3 區域多樣性來源不包括下列那一項？,class switch,palindromic nucleotide addition,V(D)J recombination,somatic hypermutation,,A,A,standard,第64題,False,103100_1101.pdf,103100_MOD1101.pdf
MOEX-103100-1101-Q065,103,第二次,103100,1101,65,微生物免疫學/寄生蟲學,微生物免疫/寄生蟲,,下列有關 pre-B 細胞受器（pre-B cell receptor）的敘述，何者正確？,為 IgM,辨識外來抗原,具有免疫球蛋白之 μ 鏈（μ chain）,具有免疫球蛋白之 λ 鏈（λ chain）,,C,C,standard,第65題,False,103100_1101.pdf,103100_MOD1101.pdf
MOEX-103100-1101-Q066,103,第二次,103100,1101,66,未分類,,,有關 mixed lymphocyte reaction（MLR）的原理，下列何者錯誤？,MLR 可以用來偵測 CD4+ T 細胞增生之情形,主要引起 T 細胞增生的抗原為異體 MHC 分子,MLR 會加入 51Cr 來偵測 DNA 合成之情況,實驗所需時間約 3 至 7 天,,C,C,standard,第66題,False,103100_1101.pdf,103100_MOD1101.pdf
MOEX-103100-1101-Q067,103,第二次,103100,1101,67,微生物免疫學/寄生蟲學,微生物免疫/寄生蟲,,有關非 T 依賴型抗原（T-independent antigen）引起 B 細胞反應的敘述，下列那一項最適當？,通常引發分泌大量 IgG,是對細菌入侵人體時的一種快速反應,可以增加具有記憶性 B 細胞的數量,產生的抗體具有高親和力,,B,B,standard,第67題,False,103100_1101.pdf,103100_MOD1101.pdf
MOEX-103100-1101-Q068,103,第二次,103100,1101,68,微生物免疫學/寄生蟲學,微生物免疫/寄生蟲,,下列有關 M 細胞（microfold cells）之敘述，何者正確？,主要位在 lamina propria 上,是主要腸道抗原或是微生物進入體內的路徑,也會分泌酵素與黏液,主要功能為呈現抗原並啟動免疫反應,,B,B,standard,第68題,False,103100_1101.pdf,103100_MOD1101.pdf
MOEX-103100-1101-Q069,103,第二次,103100,1101,69,微生物免疫學/寄生蟲學,微生物免疫/寄生蟲,,有關主要組織相容性複合體（major histocompatibility complex，MHC）的功能描述，下列何者錯誤？,第一型 MHC 蛋白可在體內所有有核的細胞上發現,第二型 MHC 蛋白只在巨噬細胞及 T 細胞上發現,毒殺性 T 細胞可辨識與第一型 MHC 蛋白結合的抗原,輔助型 T 細胞可辨識與第二型 MHC 蛋白結合的抗原,,B,B,standard,第69題,False,103100_1101.pdf,103100_MOD1101.pdf
MOEX-103100-1101-Q070,103,第二次,103100,1101,70,微生物免疫學/寄生蟲學,微生物免疫/寄生蟲,,下列何種疾病不是靜脈注射免疫球蛋白製劑（IVIG）的適應症？,mon variable immunodeficiency,-linked agammaglobulinemia,Agammaglobulinemia due to mutations in the mu heavy chain,gA deficiency,,D,D,standard,第70題 答案 B C C A C C B B B D 題號,False,103100_1101.pdf,103100_MOD1101.pdf
MOEX-103100-1101-Q071,103,第二次,103100,1101,71,組織學,組織學,,下列那一種細胞激素最有可能降低氣喘病的發生？,-4,IL-5,IL-12,IL-13,,C,C,standard,第71題,False,103100_1101.pdf,103100_MOD1101.pdf
MOEX-103100-1101-Q072,103,第二次,103100,1101,72,組織學,組織學,,缺乏下列那種細胞激素，可能會引起發炎性腸道疾病（inflammatory bowel disease）？,-α,IL-10,IL-1,IFN-γ,,B,B,standard,第72題,False,103100_1101.pdf,103100_MOD1101.pdf
MOEX-103100-1101-Q073,103,第二次,103100,1101,73,微生物免疫學/寄生蟲學,微生物免疫/寄生蟲,,Immune surveillance 理論的敘述，下列那一項錯誤？,免疫系統可以偵測腫瘤細胞的存在,免疫系統可以殺死生長中的腫瘤細胞,免疫系統可以促進腫瘤發炎反應,免疫系統可以經由主動免疫方式殺死腫瘤細胞,,C,C,standard,第73題,False,103100_1101.pdf,103100_MOD1101.pdf
MOEX-103100-1101-Q074,103,第二次,103100,1101,74,微生物免疫學/寄生蟲學,微生物免疫/寄生蟲,,以生物製劑（biologics） 抗 B 細胞單株抗體（rituximab）治療疾病，下列何者為正確？,人類抗原是 CD（clusters of differentiation）52,治療 Hodgkin's lymphoma,經基因工程處理，免疫刺激性（immunogenic）低,可以清除體內之漿細胞（plasma cells）,,#,B|C,multiple_accepted,第74題答 B或C或BC者均給分，,False,103100_1101.pdf,103100_MOD1101.pdf
MOEX-103100-1101-Q075,103,第二次,103100,1101,75,微生物免疫學/寄生蟲學,微生物免疫/寄生蟲,,人體感染巴西鉤蟲（Ancylostoma braziliense）後，下列何種現象最不可能發生？,引起爬行疹（creeping eruption）,蟲體爬行處組織會產生紅斑和水疱,成蟲最終寄生在皮下組織,蟲體可在皮下組織移行達數星期甚至數月之久,,C,C,standard,第75題,False,103100_1101.pdf,103100_MOD1101.pdf
MOEX-103100-1101-Q076,103,第二次,103100,1101,76,微生物免疫學/寄生蟲學,微生物免疫/寄生蟲,,下列何種寄生蟲之感染，最有可能引起直腸脫垂（rectal prolapse）？,鞭蟲（Trichuris trichiura）,薑片蟲（Fasciolopsis buski）,痢疾阿米巴（Entamoeba histolytica）,曼森裂頭幼蟲（Sparganum mansoni）,,A,A,standard,第76題,False,103100_1101.pdf,103100_MOD1101.pdf
MOEX-103100-1101-Q077,103,第二次,103100,1101,77,微生物免疫學/寄生蟲學,微生物免疫/寄生蟲,,下列寄生蟲與其中間宿主之配對，共有幾項正確？①中華肝吸蟲（Clonorchis sinensis）--淡水魚,②衛氏肺吸蟲（Paragonimus westermani）--毛蟹 ③薑片蟲（Fasciolopsis buski）--菱角 ④槍狀肝,吸蟲（Dicrocoelium dendriticum）--螞蟻,項,2項 3項 4項,,D,D,standard,第77題,False,103100_1101.pdf,103100_MOD1101.pdf
MOEX-103100-1101-Q078,103,第二次,103100,1101,78,微生物免疫學/寄生蟲學,微生物免疫/寄生蟲,,下列寄生蟲中，何者的第一個人體寄生病例不是在臺灣發現的？,廣東住血線蟲（Angiostrongylus cantonensis）,衛氏肺吸蟲（Paragonimus westermani）,薑片蟲（Fasciolopsis buski）,橫川吸蟲（Metagonimus yokogawai）,,C,C,standard,第78題,False,103100_1101.pdf,103100_MOD1101.pdf
MOEX-103100-1101-Q079,103,第二次,103100,1101,79,微生物免疫學/寄生蟲學,微生物免疫/寄生蟲,,老王至西非工作一年，期間曾多次遭到某種蠅類叮咬，其後叮咬處發生下疳（chancre），接著有週 期性發燒、後頸淋巴結腫大（Winterbottom's sign）等症狀，血液及腦脊髓液中檢出的寄生蟲數並不 高，他最可能感染的寄生蟲是：,卵形瘧原蟲（Plasmodium ovale）,羅得西亞錐蟲（Trypanosoma brucei rhodesiense）,岡比亞錐蟲（Trypanosoma brucei gambiense）,蟠尾絲蟲（Onchocerca volvulus）,,C,C,standard,第79題,False,103100_1101.pdf,103100_MOD1101.pdf
MOEX-103100-1101-Q080,103,第二次,103100,1101,80,微生物免疫學/寄生蟲學,微生物免疫/寄生蟲,,下列何者與惡性瘧原蟲（Plasmodium falciparum）最無關？,腦性瘧疾（cerebral malaria）,黑熱病（black fever）,赤痢性瘧疾（dysenteric malaria）,黑水熱（blackwater fever）,,B,B,standard,第80題 答案 C B C # C A D C C B 題號,False,103100_1101.pdf,103100_MOD1101.pdf
MOEX-103100-1101-Q081,103,第二次,103100,1101,81,未分類,,,下列何者曾是臺灣離島金門地區傳播絲蟲病（filariasis）的主要病媒蚊種？,環紋家蚊（Culex annulus）,埃及斑蚊（Aedes aegypti）,三斑家蚊（Culex tritaeniorhychus）,熱帶家蚊（Culex fatigans）,,D,D,standard,第81題,False,103100_1101.pdf,103100_MOD1101.pdf
MOEX-103100-1101-Q082,103,第二次,103100,1101,82,微生物免疫學/寄生蟲學,微生物免疫/寄生蟲,,下列有關病媒滋生感染症之臨床病癥敘述，何者正確？,巴貝氏原蟲症（babesiosis）感染病患通常呈現高度寄生蟲血症及惡性貧血,萊姆病（Lyme disease）感染早期症狀主要為關節炎及顏面神經麻痺等病症,艾立克次體症（ehrlichiosis）感染病患主要呈現白血球及血小板減少等病症,恙蟲病（scrub typhus）感染主要症狀為皮膚出現特異性的遊走性焦痂,,C,C,standard,第82題,False,103100_1101.pdf,103100_MOD1101.pdf
MOEX-103100-1101-Q083,103,第二次,103100,1101,83,公共衛生學,公共衛生,,關於生命統計（vital statistics）數據的判讀，下列何者錯誤？,某地區粗死亡率（crude mortality rate）高，表示該區醫療及公共衛生水準差,某地區嬰兒死亡率（infant mortality rate）高，表示該區醫療及公共衛生水準差,某地區出生時平均餘命（life expectancy）高，表示該區國民健康水準佳,某地區潛在生命（人）年損失（years of potential life lost）少，表示該區國民健康水準佳,,A,A,standard,第83題,False,103100_1101.pdf,103100_MOD1101.pdf
MOEX-103100-1101-Q084,103,第二次,103100,1101,84,公共衛生學,公共衛生,,根據肺癌病例對照研究結果，100 名肺癌患者中 90 名有抽菸，100 名健康者中 50 名有抽菸，則抽菸引起肺癌的勝算比（odds ratio）為：,1.8,5,6.8,9,,D,D,standard,第84題,False,103100_1101.pdf,103100_MOD1101.pdf
MOEX-103100-1101-Q085,103,第二次,103100,1101,85,解剖學,上肢,上肢,一個等距尺度之臨床變數為雙峰分布，以大樣本經過多次重複抽樣之後，其樣本平均數的抽樣分布 為一個常態分布。此現象反應下列何種定理？,中央極限定理,貝氏定理,機率總和定理,二項式定理,,A,A,standard,第85題,False,103100_1101.pdf,103100_MOD1101.pdf
MOEX-103100-1101-Q086,103,第二次,103100,1101,86,公共衛生學,公共衛生,,某研究想分析乳癌分期與病人年齡的關係，收集 100 位病人年齡（單位：歲）及其乳癌分期（一到 四期）資料，經描述性分析發現年齡為右偏（right skewed）分配，下列何種統計方法最恰當？,單一樣本 t 檢定（One sample t-test）,單一樣本 z 檢定（One sample z-test）,相關係數（Pearson correlation coefficient）,an 相關係數（Spearman correlation coefficient）,,D,D,standard,第86題,False,103100_1101.pdf,103100_MOD1101.pdf
MOEX-103100-1101-Q087,103,第二次,103100,1101,87,微生物免疫學/寄生蟲學,微生物免疫/寄生蟲,,欲了解 SARS 疫情爆發後，何種防護措施可以有效降低被感染的風險，下列何種研究設計最為適當？,動物模式實驗,隨機分派試驗,世代追蹤研究,病例對照研究,,D,D,standard,第87題,False,103100_1101.pdf,103100_MOD1101.pdf
MOEX-103100-1101-Q088,103,第二次,103100,1101,88,未分類,,,比較兩組病人某項檢查陽性的比例（proportions）可使用下列何種統計方法？,卡方檢定（Chi-square test）,t 檢定（Student's t test）,曼惠特尼檢定（Mann-Whitney test）,變異數分析（ANOVA）,,A,A,standard,第88題,False,103100_1101.pdf,103100_MOD1101.pdf
MOEX-103100-1101-Q089,103,第二次,103100,1101,89,公共衛生學,公共衛生,,在病例對照研究法中，對年齡施以頻率配對（frequency matching）係指下列何種作法？,無暴露之個案年齡配對與暴露之個案相同之年齡,對照個案之年齡配對與病例個案相同之年齡,無暴露之個案年齡分布配對與暴露之個案相同之年齡分布,配對對照個案之年齡分布與病例個案之年齡分布相同,,D,D,standard,第89題,False,103100_1101.pdf,103100_MOD1101.pdf
MOEX-103100-1101-Q090,103,第二次,103100,1101,90,未分類,,,統計假說檢定（statistical hypothesis testing）時，何謂型二錯誤（type II error）？,兩組實際上無差異，分析結果推翻虛無假說（null hypothesis）,兩組實際上無差異，分析結果支持虛無假說,兩組實際上有差異，分析結果推翻虛無假說,兩組實際上有差異，分析結果支持虛無假說,,#,B|D,multiple_accepted,第90題答B或D者均給分，,False,103100_1101.pdf,103100_MOD1101.pdf
MOEX-103100-1101-Q091,103,第二次,103100,1101,91,公共衛生學,公共衛生,,"一項研究探討中學生現在近視的比例（m0）是否高於 10 年前，如果 10 年前中學生的近視比例是 45%，下列有關虛無假設（null hypothesis, HO）與對立假設（alternative hypothesis, HA）的敘述，何 者正確？",m0 = 0 vs HA: m0 ≠ 0,HO: m0 = 0.45 vs HA: m0 ≠ 0.45,HO: m0 ≧0.45 vs HA: m0 ＜ 0.45,HO: m0 ≦0.45 vs HA: m0 ＞ 0.45,,D,D,standard,第91題,False,103100_1101.pdf,103100_MOD1101.pdf
MOEX-103100-1101-Q092,103,第二次,103100,1101,92,未分類,,,電焊過程所產生之有害化學物質最常被分類為下列何者？,粉塵,燻煙,霧滴,蒸氣,,B,B,standard,第92題,False,103100_1101.pdf,103100_MOD1101.pdf
MOEX-103100-1101-Q093,103,第二次,103100,1101,93,解剖學,上肢,上肢,腕隧道症候群最常發生於下列那一類的工作人員？,裝配工人,有機溶劑操作工人,電腦鍵入工作人員,熱暴露工人,,C,C,standard,第93題,False,103100_1101.pdf,103100_MOD1101.pdf
MOEX-103100-1101-Q094,103,第二次,103100,1101,94,公共衛生學,公共衛生,,超時工作會提高罹患心血管疾病發生機會，也與其他因素交互作用導致急性循環系統疾病發生率增 加，但不包括下列何選項？,睡眠剝奪,工作特點,心理困擾,型行為人格,,D,D,standard,第94題,False,103100_1101.pdf,103100_MOD1101.pdf
MOEX-103100-1101-Q095,103,第二次,103100,1101,95,未分類,,,暴露於下列何種毒物，較易有類似巴金森氏症之臨床表現？,鉛,汞,錳,砷,,#,A|B|C|D,all_credit,第95題除未作答者不給分外，其餘 均給分，,False,103100_1101.pdf,103100_MOD1101.pdf
MOEX-103100-1101-Q096,103,第二次,103100,1101,96,解剖學,胸腔,胸腔,為改變物質成癮者的濫用行為，臨床上常應用一些措施使對象經歷特定的心理改變歷程，如菸癮發 作時可以尼古丁貼片代替或做運動等措施，這些措施是希望對象經歷何種改變過程？,反制約作用（counter-conditioning）,刺激控制（stimulus control）,意識覺醒（consciousness raising）,強化管理（reinforcement management）,,A,A,standard,第96題,False,103100_1101.pdf,103100_MOD1101.pdf
MOEX-103100-1101-Q097,103,第二次,103100,1101,97,解剖學,下肢,下肢,健康社區之營造工作，最重要的社區營造策略為何？,提供社區好的醫療服務,投入足夠的外來資源,參與社區居民一起工作,創造更多的就業機會提振社區繁榮,,C,C,standard,第97題,False,103100_1101.pdf,103100_MOD1101.pdf
MOEX-103100-1101-Q098,103,第二次,103100,1101,98,解剖學,胸腔,胸腔,國民健康署在電視上宣傳 30 歲以上婦女每年 1 次免費子宮頸抹片檢查的「6 分鐘護一生」廣告，是 運用社會行銷策略中行銷組合（marketing mix）的那項核心概念？,交換,促銷,產品,消費者導向,,#,B|C|D,multiple_accepted,第98題答B或C或D或BC或BD或CD或BCD者均給分，,False,103100_1101.pdf,103100_MOD1101.pdf
MOEX-103100-1101-Q099,103,第二次,103100,1101,99,微生物免疫學/寄生蟲學,微生物免疫/寄生蟲,,下列何者非衛生福利部醫療品質及病人安全之工作目標？,提升用藥安全,落實感染管制,提升病人滿意度,強化醫院火災預防與應變,,#,C|D,multiple_accepted,第99題答C或D或CD者均 給分。,False,103100_1101.pdf,103100_MOD1101.pdf
MOEX-103100-1101-Q100,103,第二次,103100,1101,100,未分類,,,下列何者為臺灣健康保險保費收取的主要形式？,強制性且與風險相關,強制性且與所得相關,強制性但與風險和所得均不相關,自願性且與所得相關,,B,B,standard,第100題 答案 D B C D # A C # # B 備 註：,False,103100_1101.pdf,103100_MOD1101.pdf
MOEX-104030-1101-Q001,104,第一次,104030,1101,1,解剖學,神經解剖,神經解剖,下列有關大腦皮質運動區的敘述，何者錯誤？,初級運動皮質可發出皮質脊髓徑支配下運動神經元（lower motor neuron）,premotor area 與 supplementary motor area 參與複雜動作之計畫與順序性,下運動神經元（lower motor neuron）皆由對側大腦皮質所發出之 corticospinal tract 或 corticobulbar tract 支配,大腦皮質運動區接受丘腦之訊息,,C,C,standard,第1題,False,104030_1101.pdf,104030_MOD1101.pdf
MOEX-104030-1101-Q002,104,第一次,104030,1101,2,解剖學,神經解剖,神經解剖,下列有關杏仁體（amygdaloid body）的敘述，何者錯誤？,接受嗅覺訊息,與邊緣系統有關,與大腦前額葉區（prefrontal area）有密切聯繫,在臨床或生理功能上，杏仁體是基底核的一部分,,D,D,standard,第2題,False,104030_1101.pdf,104030_MOD1101.pdf
MOEX-104030-1101-Q003,104,第一次,104030,1101,3,解剖學,神經解剖,神經解剖,下列有關丘腦下核（subthalamic nucleus）之敘述，何者錯誤？,參與基底核迴路中的 indirect loop,丘腦下核損傷可能導致不自主運動（involuntary movement）,丘腦下核位於中腦,丘腦下核的神經元使用興奮性神經傳遞物質,,C,C,standard,第3題,False,104030_1101.pdf,104030_MOD1101.pdf
MOEX-104030-1101-Q004,104,第一次,104030,1101,4,解剖學,神經解剖,神經解剖,下列何者由腦幹神經核發出後會交叉到對側？,動眼神經,滑車神經,舌下神經,顏面神經,,B,B,standard,第4題,False,104030_1101.pdf,104030_MOD1101.pdf
MOEX-104030-1101-Q005,104,第一次,104030,1101,5,解剖學,神經解剖,神經解剖,下列何者與聽覺無關？,外側蹄系（lateral lemniscus）,下橄欖核（inferior olivary nucleus）,螺旋神經節（spiral ganglion）,內側膝狀體（medial geniculate body）,,B,B,standard,第5題,False,104030_1101.pdf,104030_MOD1101.pdf
MOEX-104030-1101-Q006,104,第一次,104030,1101,6,解剖學,神經解剖,神經解剖,右側眼睛照光造成左側眼睛瞳孔縮小，下列何者不參與其傳導？,視徑（optic tract）,睫狀神經節（ciliary ganglion）,內縱束（medial longitudinal fasciculus）,動眼神經（oculomotor nerve）,,C,C,standard,第6題,False,104030_1101.pdf,104030_MOD1101.pdf
MOEX-104030-1101-Q007,104,第一次,104030,1101,7,解剖學,神經解剖,神經解剖,下列何處是嬰兒最常進行腦池穿刺（cisternal puncture）以獲取腦脊髓液（CSF）的地方？,大腦腳間池（interpeduncular cistern）,小腦延髓後池（posterior cerebellomedullary cistern）,四疊體池（quadrigeminal cistern）,橋腦池（pontine cistern）,,B,B,standard,第7題,False,104030_1101.pdf,104030_MOD1101.pdf
MOEX-104030-1101-Q008,104,第一次,104030,1101,8,解剖學,神經解剖,神經解剖,位於大腦鎌（falx cerebri）與小腦天幕（tentorium cerebelli）交接處的構造是：,下矢狀竇（inferior sagittal sinus）,直竇（straight sinus）,匯竇（confluence of sinuses）,枕竇（occipital sinus）,,#,B|C,multiple_accepted,第8題答B或C或BC者均給分，,False,104030_1101.pdf,104030_MOD1101.pdf
MOEX-104030-1101-Q009,104,第一次,104030,1101,9,解剖學,頭頸部,頭頸部,下列何者不走在翼腭窩（pterygopalatine fossa）內？,顴神經（zygomatic n.）,蝶腭動脈（sphenopalatine a.）,後上齒槽動脈（posterior superior alveolar a.）,前上齒槽神經（anterior superior alveolar n.）,,D,D,standard,第9題,False,104030_1101.pdf,104030_MOD1101.pdf
MOEX-104030-1101-Q010,104,第一次,104030,1101,10,解剖學,神經解剖,神經解剖,角膜的痛覺由下列何者傳導？,滑車上神經（supratrochlear nerve）,眶下神經（infraorbital nerve）,鼻睫神經（nasociliary nerve）,視神經（optic nerve）,,C,C,standard,第10題 答案 C D C B B C B # D C 題號,False,104030_1101.pdf,104030_MOD1101.pdf
MOEX-104030-1101-Q011,104,第一次,104030,1101,11,解剖學,胸腔,胸腔,血塊造成右肺動脈（right pulmonary artery）栓塞（embolism），此血塊最可能來自下列何處？,右肺靜脈（right pulmonary vein）,左肺靜脈（left pulmonary vein）,左股靜脈（left femoral vein）,左心室（left ventricle）,,C,C,standard,第11題,False,104030_1101.pdf,104030_MOD1101.pdf
MOEX-104030-1101-Q012,104,第一次,104030,1101,12,解剖學,胸腔,胸腔,乳房外側的淋巴液回流至下列何者？,腋淋巴結,胸骨旁淋巴結,橫膈下淋巴結,對側乳房的淋巴結,,A,A,standard,第12題,False,104030_1101.pdf,104030_MOD1101.pdf
MOEX-104030-1101-Q013,104,第一次,104030,1101,13,解剖學,胸腔,胸腔,肝臟的裸區（bare area）位於其：,橫膈面（diaphragmatic surface）,脾壓跡（splenic impression）,肋骨壓跡（costal impression）,腎壓跡（renal impression）,,A,A,standard,第13題,False,104030_1101.pdf,104030_MOD1101.pdf
MOEX-104030-1101-Q014,104,第一次,104030,1101,14,解剖學,腹部,腹部,下列何者不走在小網膜（lesser omentum）內或構成其一部分？,肝胃韌帶（hepatogastric ligament）,肝十二指腸韌帶（hepatoduodenal ligament）,肝門靜脈（hepatic portal vein）,脾動脈（splenic artery）,,D,D,standard,第14題,False,104030_1101.pdf,104030_MOD1101.pdf
MOEX-104030-1101-Q015,104,第一次,104030,1101,15,解剖學,下肢,下肢,因神經受損而使得闊筋膜張肌（tensor fasciae latae）退化萎縮，下列何者可能也會受影響？,臀大肌,臀中肌,梨狀肌,上孖肌,,B,B,standard,第15題,False,104030_1101.pdf,104030_MOD1101.pdf
MOEX-104030-1101-Q016,104,第一次,104030,1101,16,胚胎學,胚胎學,,下列何者直接位於子宮的後方？,卵巢,膀胱,直腸,輸卵管,,C,C,standard,第16題,False,104030_1101.pdf,104030_MOD1101.pdf
MOEX-104030-1101-Q017,104,第一次,104030,1101,17,組織學,組織學,,前列腺動脈（prostatic artery）主要源自下列何處？,膀胱下動脈（inferior vesical artery）,膀胱上動脈（superior vesical artery）,睪丸動脈（testicular artery）,直腸下動脈（inferior rectal artery）,,A,A,standard,第17題,False,104030_1101.pdf,104030_MOD1101.pdf
MOEX-104030-1101-Q018,104,第一次,104030,1101,18,組織學,組織學,,副交感神經興奮時，最可能造成下列何者收縮？,前列腺（prostate）,迫尿肌（detrusor muscle）,輸精管（vas deferens）,儲精囊（seminal vesicle）,,B,B,standard,第18題,False,104030_1101.pdf,104030_MOD1101.pdf
MOEX-104030-1101-Q019,104,第一次,104030,1101,19,胚胎學,胚胎學,,在骨盆腔內下列何者跨過輸尿管？,輸卵管（ovarian tube）,輸精管（vas deferens）,陰道動脈（vaginal artery）,陰部內動脈（internal pudendal artery）,,B,B,standard,第19題,False,104030_1101.pdf,104030_MOD1101.pdf
MOEX-104030-1101-Q020,104,第一次,104030,1101,20,組織學,組織學,,下列那一構造不參與精漿（seminal plasma）的製成？,睪丸（testis）,儲精囊（seminal vesicle）,尿道球腺（bulbourethral gland）,前列腺（prostate）,,#,A|B|C|D,all_credit,第20題一律給分，,False,104030_1101.pdf,104030_MOD1101.pdf
MOEX-104030-1101-Q021,104,第一次,104030,1101,21,解剖學,骨盆與會陰,骨盆與會陰,陰部神經（pudendal nerve）受損對下列何者的影響最小？,尿道,子宮,陰道,肛管,,B,B,standard,第21題,False,104030_1101.pdf,104030_MOD1101.pdf
MOEX-104030-1101-Q022,104,第一次,104030,1101,22,未分類,,,閉孔神經（obturator nerve）前支損傷最可能造成下列何者無力？,閉孔內肌（obturator internus）,閉孔外肌（obturator externus）,內收長肌（adductor longus）,內收大肌（adductor magnus）,,C,C,standard,第22題,False,104030_1101.pdf,104030_MOD1101.pdf
MOEX-104030-1101-Q023,104,第一次,104030,1101,23,解剖學,腹部,腹部,下列何者通過鼠蹊韌帶（inguinal ligament）與恥骨之間？,髂腹下神經（iliohypogastric nerve）,髂腹股溝神經（ilioinguinal nerve）,股神經（femoral nerve）,閉孔神經（obturator nerve）,,C,C,standard,第23題,False,104030_1101.pdf,104030_MOD1101.pdf
MOEX-104030-1101-Q024,104,第一次,104030,1101,24,解剖學,上肢,上肢,橈神經（radial nerve）受損時，手指無法進行下列何種動作？,屈曲（flexion）,伸直（extension）,內收（adduction）,外展（abduction）,,B,B,standard,第24題,False,104030_1101.pdf,104030_MOD1101.pdf
MOEX-104030-1101-Q025,104,第一次,104030,1101,25,解剖學,胸腔,胸腔,下列何者受損最可能導致斜方肌（trapezius）無力，肩膀下垂，手臂無法高舉過頭？,長胸神經（long thoracic nerve）,胸背神經（thoracodorsal nerve）,肩胛背神經（dorsal scapular nerve）,副神經（accessory nerve）,,D,D,standard,第25題,False,104030_1101.pdf,104030_MOD1101.pdf
MOEX-104030-1101-Q026,104,第一次,104030,1101,26,解剖學,下肢,下肢,膝關節韌帶受傷造成整隻小腿可以往前拖出（anterior draw），下列何者最可能斷裂？,前十字韌帶（anterior cruciate ligament）,後十字韌帶（posterior cruciate ligament）,脛側副韌帶（tibial collateral ligament）,腓側副韌帶（fibular collateral ligament）,,A,A,standard,第26題,False,104030_1101.pdf,104030_MOD1101.pdf
MOEX-104030-1101-Q027,104,第一次,104030,1101,27,解剖學,腹部,腹部,脛神經（tibial nerve）走在下列那兩塊肌肉之間？,腓腸肌（gastrocnemius）與比目魚肌（soleus）,比目魚肌（soleus）與脛後肌（tibialis posterior）,脛後肌（tibialis posterior）與脛前肌（tibialis anterior）,腓長肌（fibularis longus）與腓短肌（fibularis brevis）,,B,B,standard,第27題,False,104030_1101.pdf,104030_MOD1101.pdf
MOEX-104030-1101-Q028,104,第一次,104030,1101,28,解剖學,下肢,下肢,下列何者伴行脛後動脈（posterior tibial artery）且支配脛後肌（tibialis posterior）？,脛神經（tibial nerve）,隱神經（saphenous nerve）,腓深神經（deep fibular nerve）,腓淺神經（superficial fibular nerve）,,A,A,standard,第28題,False,104030_1101.pdf,104030_MOD1101.pdf
MOEX-104030-1101-Q029,104,第一次,104030,1101,29,解剖學,胸腔,胸腔,橫膈（diaphragm）的那一部分最容易產生先天性缺損？,前內側（anteromedial）,前外側（anterolateral）,後內側（posteromedial）,後外側（posterolateral）,,D,D,standard,第29題,False,104030_1101.pdf,104030_MOD1101.pdf
MOEX-104030-1101-Q030,104,第一次,104030,1101,30,胚胎學,胚胎學,,鰓竇（branchial sinus）形成的原因，肇因於胚胎時期下列何者閉鎖不全？,咽囊（pharyngeal pouch）,咽弓（pharyngeal arch）,頸竇（cervical sinus）,口咽膜（oropharyngeal membrane）,,C,C,standard,第30題 答案 B C C B D A B A D C 題號,False,104030_1101.pdf,104030_MOD1101.pdf
MOEX-104030-1101-Q031,104,第一次,104030,1101,31,胚胎學,胚胎學,,下列有關心房間隔（interatrial septum）的敘述，何項正確？,第一中隔（septum primum）比第二中隔（septum secundum）為厚,第一中隔（septum primum）上會發生穿孔而形成第一孔（foramen primum）,第一中隔（septum primum）與第二中隔（septum secundum）發育生長的方向均從腹側向背側,第二中隔（septum secundum）在左右心房間的不完全分隔，形成卵圓孔（oval foramen）,,D,D,standard,第31題,False,104030_1101.pdf,104030_MOD1101.pdf
MOEX-104030-1101-Q032,104,第一次,104030,1101,32,解剖學,神經解剖,神經解剖,下列那一對腦神經為前腦（prosencephalon）衍生形成？,視神經（optic nerve）,動眼神經（oculomotor nerve）,三叉神經（trigeminal nerve）,前庭耳蝸神經（vestibulocochlear nerve）,,A,A,standard,第32題,False,104030_1101.pdf,104030_MOD1101.pdf
MOEX-104030-1101-Q033,104,第一次,104030,1101,33,組織學,組織學,,胰臟外分泌細胞是屬於何種分泌（secretion）方式？,部分分泌（merocrine）,頂漿分泌（apocrine）,全漿分泌（holocrine）,擴散方式（diffusion）,,A,A,standard,第33題,False,104030_1101.pdf,104030_MOD1101.pdf
MOEX-104030-1101-Q034,104,第一次,104030,1101,34,組織學,組織學,,胸膜壁層（parietal pleura）的上皮屬於下列何者？,單層扁平上皮（simple squamous epithelium）,單層柱狀上皮（simple columnar epithelium）,單層立方上皮（simple cuboidal epithelium）,移形上皮（transitional epithelium）,,A,A,standard,第34題,False,104030_1101.pdf,104030_MOD1101.pdf
MOEX-104030-1101-Q035,104,第一次,104030,1101,35,組織學,組織學,,骨骺板（epiphyseal plate）中，下列何者的軟骨細胞會進行細胞凋亡（apoptosis）？,軟骨鈣化區（zone of calcified cartilage）,軟骨肥大區（zone of hypertrophy）,軟骨增生區（zone of proliferation）,軟骨儲備區（zone of reserve cartilage）,,A,A,standard,第35題,False,104030_1101.pdf,104030_MOD1101.pdf
MOEX-104030-1101-Q036,104,第一次,104030,1101,36,組織學,組織學,,下列何者是心肌細胞和平滑肌細胞皆有的構造？,三聯體（triad）,緻密體（dense body）,緊密接合（tight junction）,間隙接合（gap junction）,,D,D,standard,第36題,False,104030_1101.pdf,104030_MOD1101.pdf
MOEX-104030-1101-Q037,104,第一次,104030,1101,37,組織學,組織學,,下列有關大靜脈的敘述，何者正確？,大靜脈的外膜（tunica adventitia）比中膜（tunica media）厚,與彈性動脈比較，大靜脈的中膜（tunica media）有較多彈性板（elastic lamellae）,大靜脈的外膜（tunica adventitia）缺少平滑肌細胞（smooth muscle cells）分布,大靜脈的滋養管（vasa vasorum）主要位於中膜（tunica media），供應血管壁養分,,A,A,standard,第37題,False,104030_1101.pdf,104030_MOD1101.pdf
MOEX-104030-1101-Q038,104,第一次,104030,1101,38,組織學,組織學,,周細胞（pericytes）主要位於何種血管壁？,連續性微血管（continuous capillaries）,中型靜脈（medium veins）,肌型動脈（muscular arteries）,小動脈（arterioles）,,A,A,standard,第38題,False,104030_1101.pdf,104030_MOD1101.pdf
MOEX-104030-1101-Q039,104,第一次,104030,1101,39,組織學,組織學,,下列消化道中，那一部位黏膜為非角化複層扁平上皮（nonkeratinized stratified squamous epithelium）？,十二指腸,盲腸,胃,食道,,D,D,standard,第39題,False,104030_1101.pdf,104030_MOD1101.pdf
MOEX-104030-1101-Q040,104,第一次,104030,1101,40,組織學,組織學,,可被鉻鹽溶液染上的細胞是：,腎上腺皮質細胞（adrenocortical cells）,腎上腺髓質細胞（adrenomedullary cells）,副甲狀腺主細胞（chief cells of parathyroid gland）,副甲狀腺嗜酸性細胞（oxyphil cells of parathyroid gland）,,B,B,standard,第40題 答案 D A A A A D A A D B 題號,False,104030_1101.pdf,104030_MOD1101.pdf
MOEX-104030-1101-Q041,104,第一次,104030,1101,41,組織學,組織學,,閉鎖黃體（atretic corpus luteum）為下列何者衍生而來？,顆粒層細胞（cells of the stratum granulosum）,內鞘細胞（cells of the theca interna）,外鞘細胞（cells of the theca externa）,濾泡細胞（follicular cells）,,B,B,standard,第41題,False,104030_1101.pdf,104030_MOD1101.pdf
MOEX-104030-1101-Q042,104,第一次,104030,1101,42,微生物免疫學/寄生蟲學,微生物免疫/寄生蟲,,下列有關 Kanagawa hemolysin 之敘述，何者錯誤？,由 Vibrio parahaemolyticus 所分泌,是一種對熱穩定的毒素,在羊血培養基呈 β 溶血現象,會導致水瀉（watery diarrhea）,,C,C,standard,第42題,False,104030_1101.pdf,104030_MOD1101.pdf
MOEX-104030-1101-Q043,104,第一次,104030,1101,43,微生物免疫學/寄生蟲學,微生物免疫/寄生蟲,,為何鼠疫桿菌（Yersinia pestis）被認為是較有潛能的生物戰劑？,這細菌廣泛存在於歐亞大陸，易於分離,現無有效的抗生素可以抑制它,很容易經由蚊子叮咬，而傳播到許多人,肺鼠疫易於傳染，且死亡率高,,D,D,standard,第43題,False,104030_1101.pdf,104030_MOD1101.pdf
MOEX-104030-1101-Q044,104,第一次,104030,1101,44,微生物免疫學/寄生蟲學,微生物免疫/寄生蟲,,產生腸毒素的大腸桿菌，其對熱穩定的毒素，有下列何種作用機制？,溶解脂肪，打破細胞膜,抑制蛋白質的合成,活化發炎反應（inflammation）,活化次級信號分子,,D,D,standard,第44題,False,104030_1101.pdf,104030_MOD1101.pdf
MOEX-104030-1101-Q045,104,第一次,104030,1101,45,組織學,組織學,,關於 Actinomyces 之敘述，下列何者正確？,為兼性或絕對厭氧菌,具有細胞核膜及粒線體,主要以抗黴菌藥物治療,常引起人與人之間傳染,,A,A,standard,第45題,False,104030_1101.pdf,104030_MOD1101.pdf
MOEX-104030-1101-Q046,104,第一次,104030,1101,46,微生物免疫學/寄生蟲學,微生物免疫/寄生蟲,,下列那種細菌毒素的作用機制是抑制蛋白質的合成？,志賀毒素（shiga toxin）,霍亂毒素（cholera toxin）,破傷風毒素（tetanospasmin）,肉毒桿菌毒素（botulinum toxin）,,A,A,standard,第46題,False,104030_1101.pdf,104030_MOD1101.pdf
MOEX-104030-1101-Q047,104,第一次,104030,1101,47,微生物免疫學/寄生蟲學,微生物免疫/寄生蟲,,關於 Staphylococcus aureus 的特徵，下列何者錯誤？,Gram-positive cocci,β-hemolysis,Catalase-positive,Coagulase-negative,,D,D,standard,第47題,False,104030_1101.pdf,104030_MOD1101.pdf
MOEX-104030-1101-Q048,104,第一次,104030,1101,48,微生物免疫學/寄生蟲學,微生物免疫/寄生蟲,,下列有關 Streptococcus pyogenes 的敘述，那一項錯誤？,Group-specific carbohydrate 又稱 Lancefield group 抗原是用來區分毒性及非毒性 Group A Streptococcus 的分類標準,M protein 是用來區分不同種類 Group A Streptococcus 的抗原之一,M-like surface proteins 因菌種不同而表現也不一致,並非每一支不同亞型的 Group A Streptococcus 都會產生莢膜（capsule）,,A,A,standard,第48題,False,104030_1101.pdf,104030_MOD1101.pdf
MOEX-104030-1101-Q049,104,第一次,104030,1101,49,微生物免疫學/寄生蟲學,微生物免疫/寄生蟲,,一名 69 歲住院接受血癌（leukemia）治療的病人，住院後第三天發生尿道感染，醫師即刻施以廣效 型抗生素治療一週，並於治療前所取得的尿液檢體中檢出大腸桿菌（Escherichia coli）。住院兩週後，病 人突發高燒並寒顫，24 小時內血壓即下降，並出現壞死性膿瘡性皮膚病變。此時，由病人血液中檢出 一株革蘭氏陰性，不發酵醣類，且產生螢光色素的細菌。下列何者最有可能是此致病菌？,綠膿桿菌（Pseudomonas aeruginosa）,傷寒桿菌（Salmonella Typhi）,創傷弧菌（Vibrio vulnificus）,炭疽桿菌（Bacillus anthracis）,,A,A,standard,第49題,False,104030_1101.pdf,104030_MOD1101.pdf
MOEX-104030-1101-Q050,104,第一次,104030,1101,50,微生物免疫學/寄生蟲學,微生物免疫/寄生蟲,,承上題，下列有關此菌的敘述，何者正確？,此菌為一種厭氧菌（anaerobe）,此菌廣泛存在於環境中,此菌罕由傷口感染人體,可施打疫苗以預防此菌之感染,,B,B,standard,第50題 答案 B C D D A A D A A B 題號,False,104030_1101.pdf,104030_MOD1101.pdf
MOEX-104030-1101-Q051,104,第一次,104030,1101,51,微生物免疫學/寄生蟲學,微生物免疫/寄生蟲,,下列那一種感染原是屬於“obligate intracellular bacteria”？,Chlamydia trachomatis,Treponema pallidum,Clostridium botulinum,Pseudomonas aeruginosa,,#,A|B,multiple_accepted,第51題答A或B或AB者均給分，,False,104030_1101.pdf,104030_MOD1101.pdf
MOEX-104030-1101-Q052,104,第一次,104030,1101,52,微生物免疫學/寄生蟲學,微生物免疫/寄生蟲,,下列關於傳染性紅斑症（erythema infectiosum）的敘述，何者錯誤？,臉部紅疹出現在類感冒症狀之後,由 Parvovirus B19 引起,此病毒在成人可能會引發關節炎,病毒偏好感染白血球前期細胞,,D,D,standard,第52題,False,104030_1101.pdf,104030_MOD1101.pdf
MOEX-104030-1101-Q053,104,第一次,104030,1101,53,微生物免疫學/寄生蟲學,微生物免疫/寄生蟲,,嬰兒玫瑰疹（roseola infantum）或稱 exanthem subitum 在發疹前會突然出現幾天的高燒，請問下列何 種病毒會造成此疾病？,Parvovirus B19,Human herpesvirus-6,Rubella virus,Varicella-zoster virus,,B,B,standard,第53題,False,104030_1101.pdf,104030_MOD1101.pdf
MOEX-104030-1101-Q054,104,第一次,104030,1101,54,微生物免疫學/寄生蟲學,微生物免疫/寄生蟲,,下列病毒與其自然宿主之配對，何者錯誤？,黃熱病病毒（Yellow fever virus）與鳥類,登革熱病毒（Dengue virus）與人類、猴子,日本腦炎病毒（Japanese encephalitis virus）與鳥類、豬,聖路易斯腦炎病毒（St. Louis encephalitis virus）與鳥類,,A,A,standard,第54題,False,104030_1101.pdf,104030_MOD1101.pdf
MOEX-104030-1101-Q055,104,第一次,104030,1101,55,微生物免疫學/寄生蟲學,微生物免疫/寄生蟲,,下列何者為德國麻疹病毒（Rubella virus）的致病機制？,經消化道感染柱狀上皮細胞,先在呼吸道增殖，再感染網狀內皮系統,經蚊子叮咬直接產生病毒血症,先在肌肉增殖，並擴散到中樞神經,,B,B,standard,第55題,False,104030_1101.pdf,104030_MOD1101.pdf
MOEX-104030-1101-Q056,104,第一次,104030,1101,56,微生物免疫學/寄生蟲學,微生物免疫/寄生蟲,,下列關於 progressive multifocal leukoencephalopathy（PML）的敘述，何者錯誤？,常發生於免疫不全的病人,由 BK 病毒所引起,是一種脫髓鞘（demyelination）的疾病,病人大部分 2 年內會死亡,,B,B,standard,第56題,False,104030_1101.pdf,104030_MOD1101.pdf
MOEX-104030-1101-Q057,104,第一次,104030,1101,57,微生物免疫學/寄生蟲學,微生物免疫/寄生蟲,,下列何者會造成多個細胞的膜融合（syncytia），形成多核細胞？,Herpesvirus,Bunyavirus,Flavivirus,Rotavirus,,A,A,standard,第57題,False,104030_1101.pdf,104030_MOD1101.pdf
MOEX-104030-1101-Q058,104,第一次,104030,1101,58,微生物免疫學/寄生蟲學,微生物免疫/寄生蟲,,從事醫院臨床工作者為避免遭受 B 型肝炎病毒的感染，常用的預防方法為何？,施打 B 型肝炎疫苗,注射干擾素,注射 B 型肝炎免疫球蛋白,主動感染 B 型肝炎病毒,,A,A,standard,第58題,False,104030_1101.pdf,104030_MOD1101.pdf
MOEX-104030-1101-Q059,104,第一次,104030,1101,59,微生物免疫學/寄生蟲學,微生物免疫/寄生蟲,,下列何種黴菌主要感染途徑不是吸入感染？,Coccidioides immitis,Candida glabrata,Histoplasma capsulatum,Blastomyces dermatitidis,,B,B,standard,第59題,False,104030_1101.pdf,104030_MOD1101.pdf
MOEX-104030-1101-Q060,104,第一次,104030,1101,60,微生物免疫學/寄生蟲學,微生物免疫/寄生蟲,,關於 Pneumocystis jirovecii（carinii）之敘述，下列何者正確？,目前分類為原蟲,屬於 Archiascomycetes,於人工培養基生長緩慢,經常感染肺結核病病人,,#,B|C|D,multiple_accepted,第 60題答B或C或D或BC或BD或CD或BCD者均給分，,False,104030_1101.pdf,104030_MOD1101.pdf
MOEX-104030-1101-Q061,104,第一次,104030,1101,61,未分類,,,關節孢子（arthroconidia）是下列何種黴菌之鑑定特徵？,Coccidioides immitis,Fusarium solani,Histoplasma capsulatum,Malassezia furfur,,A,A,standard,第61題,False,104030_1101.pdf,104030_MOD1101.pdf
MOEX-104030-1101-Q062,104,第一次,104030,1101,62,微生物免疫學/寄生蟲學,微生物免疫/寄生蟲,,當抗原穿過皮膚進入組織時，B 細胞及 T 細胞免疫反應在何處發生？,皮下組織,骨髓,淋巴結,脾臟,,C,C,standard,第62題,False,104030_1101.pdf,104030_MOD1101.pdf
MOEX-104030-1101-Q063,104,第一次,104030,1101,63,組織學,組織學,,下列何者是毒殺型 T 細胞（cytotoxic T cell）的共同接受器（co-receptor）？,CD2,CD3,CD4,CD8,,D,D,standard,第63題,False,104030_1101.pdf,104030_MOD1101.pdf
MOEX-104030-1101-Q064,104,第一次,104030,1101,64,微生物免疫學/寄生蟲學,微生物免疫/寄生蟲,,一段抗原蛋白片段被 T 細胞辨識時，不會與下列那一個分子直接接觸？,CD3 複合體分子,主要組織相容性複合體（MHC）分子,T 細胞受體（TCR）α 鏈,T 細胞受體（TCR）β 鏈,,A,A,standard,第64題,False,104030_1101.pdf,104030_MOD1101.pdf
MOEX-104030-1101-Q065,104,第一次,104030,1101,65,胚胎學,胚胎學,,"T 細胞受體之 β 鏈（T cell receptor β-chain, TCRβ）基因之胚原序列（germline sequence）可存在於下 列那種細胞中？",CD4+CD8+ T 細胞,輔助型 T 細胞（helper T cell）,毒殺型 T 細胞（cytotoxic T cell）,B 細胞,,D,D,standard,第65題,False,104030_1101.pdf,104030_MOD1101.pdf
MOEX-104030-1101-Q066,104,第一次,104030,1101,66,組織學,組織學,,下列有關 mixed lymphocyte reaction（MLR）的敘述何者錯誤？,MLR 可以用來偵測器官移植時，捐贈者與接受者組織不相容之情形,MLR 可以用來偵測 CD4+ T 細胞增生之情形,MLR 會加入[3H]-thymidine 來偵測 DNA 合成之情況,[3H]-thymidine 的量越多表示細胞增生程度越好，捐贈者的器官越容易被接受,,D,D,standard,第66題,False,104030_1101.pdf,104030_MOD1101.pdf
MOEX-104030-1101-Q067,104,第一次,104030,1101,67,微生物免疫學/寄生蟲學,微生物免疫/寄生蟲,,關於 T 輔助細胞在 B 細胞活化過程中所提供協助的敘述，下列那一項錯誤？,兩種細胞必須辨識同一種抗原（linked recognition），才能有效刺激抗體生成,T 輔助細胞分泌細胞激素（cytokines）協助 B 細胞的複製與活化,T 輔助細胞表面表現 CD40L 分子，可協助 B 細胞第 2 訊號的傳遞,T 輔助細胞表面表現 B7，是主要的協同刺激因子（co-stimulatory molecule）,,D,D,standard,第67題,False,104030_1101.pdf,104030_MOD1101.pdf
MOEX-104030-1101-Q068,104,第一次,104030,1101,68,微生物免疫學/寄生蟲學,微生物免疫/寄生蟲,,"上皮內淋巴細胞（intraepithelial lymphocytes, IELs）主要包含二群 CD8+ T 細胞，一群為 CD8 α:α T 細 胞，另一群為 CD8 α:β T 細胞，下列有關這二群細胞之敘述，何者正確？",二者皆可利用 perforin 及 granzyme 毒殺受感染的上皮細胞,二者皆利用 T 細胞受體與呈現抗原的 MHC class I 分子結合,二者皆主要以 naïve T 細胞型式存在上皮細胞之間,二者的 T 細胞受體變異性（TCR diversity）皆很小,,A,A,standard,第68題,False,104030_1101.pdf,104030_MOD1101.pdf
MOEX-104030-1101-Q069,104,第一次,104030,1101,69,微生物免疫學/寄生蟲學,微生物免疫/寄生蟲,,有關皮膚與黏膜的防禦作用，下列敘述何者錯誤？,皮膚的外層細胞角質化，可增強對病原體的防禦能力,胃黏膜的強酸性胃液，可摧毀大部分細菌,皮脂腺分泌的油脂可阻止細菌繁殖,皮膚表面的鹼性狀態，可阻止微生物在皮膚繁殖,,D,D,standard,第69題,False,104030_1101.pdf,104030_MOD1101.pdf
MOEX-104030-1101-Q070,104,第一次,104030,1101,70,微生物免疫學/寄生蟲學,微生物免疫/寄生蟲,,關於先天性免疫力（innate immunity）相關的基因突變會導致嚴重的原發性免疫缺損疾病的敘述，下 列何者正確？,NEMO 的突變不會影響先天性免疫力,慢性肉芽腫病的病患易受肝炎病毒感染,白血球黏著分子缺損可能會導致新生兒臍帶傷口延遲癒合,Toll-like receptor 的缺損不會導致對病毒的免疫缺損,,C,C,standard,第70題 答案 A C D A D D D A D C 題號,False,104030_1101.pdf,104030_MOD1101.pdf
MOEX-104030-1101-Q071,104,第一次,104030,1101,71,微生物免疫學/寄生蟲學,微生物免疫/寄生蟲,,有關第三型過敏免疫反應，最正確的敘述為何？,抗體辨識與結合細胞表面抗原，造成細胞壞死所產生的過度免疫反應,主要參與反應的抗體為 IgE,大量過度活化 TH1 與 CD8 T 細胞所致,常因持續性病原菌感染所引發,,D,D,standard,第71題,False,104030_1101.pdf,104030_MOD1101.pdf
MOEX-104030-1101-Q072,104,第一次,104030,1101,72,微生物免疫學/寄生蟲學,微生物免疫/寄生蟲,,過敏原和抗原特異性的 IgE 結合後如何活化肥大細胞（mast cells）？,經由補體接受體被吞噬到肥大細胞內,經由 B 細胞表面的抗體刺激 B 細胞產生更多 IgE,經由肥大細胞表面的 IgE 接受體傳訊息到細胞內,黏著到樹突細胞上的 MHC 分子刺激 T 細胞產生 IL-4,,C,C,standard,第72題,False,104030_1101.pdf,104030_MOD1101.pdf
MOEX-104030-1101-Q073,104,第一次,104030,1101,73,微生物免疫學/寄生蟲學,微生物免疫/寄生蟲,,下列有關 adoptive T-cell transfer 用於腫瘤免疫治療的敘述，那一項錯誤？,自健康人體內純化 T 細胞在體外刺激後打回癌症病人的療法,T 細胞體外活化需要 IL-2 細胞激素刺激,T 細胞可以經由抗原呈獻細胞（antigen presenting cells）活化,T 細胞活化後仍保有記憶性（memory）,,A,A,standard,第73題,False,104030_1101.pdf,104030_MOD1101.pdf
MOEX-104030-1101-Q074,104,第一次,104030,1101,74,微生物免疫學/寄生蟲學,微生物免疫/寄生蟲,,"關於移植體對抗宿主疾病（graft-versus-host disease, GVHD），下列何者錯誤？",需要接受者的抗原呈獻細胞（antigen presenting cells）啟動,可運用混合淋巴球反應（mixed lymphocyte reaction）檢測,因接受者的 T 細胞過多造成,可以去除移植體的 T 細胞而減緩其反應,,C,C,standard,第74題,False,104030_1101.pdf,104030_MOD1101.pdf
MOEX-104030-1101-Q075,104,第一次,104030,1101,75,微生物免疫學/寄生蟲學,微生物免疫/寄生蟲,,藉由改善飲用水系統最能達到防治下列何種寄生蟲之感染？,旋毛蟲（Trichinella spiralis）,麥地那線蟲（Dracunculus medinensis）,廣節裂頭絛蟲（Diphyllobothrium latum）,廣東住血線蟲（Angiostrongylus cantonensis）,,B,B,standard,第75題,False,104030_1101.pdf,104030_MOD1101.pdf
MOEX-104030-1101-Q076,104,第一次,104030,1101,76,微生物免疫學/寄生蟲學,微生物免疫/寄生蟲,,低蛋白血症（hypoproteinemia）最常發生於感染下列何種寄生蟲的病患？,廣東住血線蟲（Angiostrongylus cantonensis）,菲律賓毛線蟲（Capillaria philippinensis）,旋毛蟲（Trichinella spiralis）,犬蛔蟲（Toxocara canis）,,B,B,standard,第76題,False,104030_1101.pdf,104030_MOD1101.pdf
MOEX-104030-1101-Q077,104,第一次,104030,1101,77,微生物免疫學/寄生蟲學,微生物免疫/寄生蟲,,下列為人體感染犬複殖器絛蟲（Dipylidium caninum）的途徑，那些是錯誤的？①誤食蟲卵 ②誤食 狗身上的帶蟲跳蚤 ③誤食生殖節片（gravid proglottid）,僅①①,僅①①,僅①①,①①①,,B,B,standard,第77題,False,104030_1101.pdf,104030_MOD1101.pdf
MOEX-104030-1101-Q078,104,第一次,104030,1101,78,微生物免疫學/寄生蟲學,微生物免疫/寄生蟲,,有關埃及血吸蟲（Schistosoma haematobium）的感染，下列敘述那些正確？①病患常有血尿（hematuria） ②病患尿液中常出現嗜酸性白血球（eosinophilic leukocyturia） ③慢性感染的病患因成蟲刺激而可能誘 發膀胱癌,僅①①,僅①①,僅①①,①①①,,A,A,standard,第78題,False,104030_1101.pdf,104030_MOD1101.pdf
MOEX-104030-1101-Q079,104,第一次,104030,1101,79,微生物免疫學/寄生蟲學,微生物免疫/寄生蟲,,下列有關瘧原蟲之敘述中，何者正確？,感染人類之瘧疾中，以卵形瘧（ovale malaria）的地理分布最廣,臺灣近年有境外移入諾氏瘧原蟲（Plasmodium knowlesi）感染的病例,間日瘧原蟲（Plasmodium vivax）喜侵入較成熟的紅血球，且受感染的紅血球會有脹大的現象,惡性瘧（malignant tertian malaria）的復發（relapse）源自患者肝細胞中潛藏之休眠體（hypnozoites）,,B,B,standard,第79題,False,104030_1101.pdf,104030_MOD1101.pdf
MOEX-104030-1101-Q080,104,第一次,104030,1101,80,微生物免疫學/寄生蟲學,微生物免疫/寄生蟲,,下列致病原與其導致疾病之配對中，何者正確？,微小阿米巴（Endolimax nana）－腹瀉（diarrhea）,大腸纖毛蟲（Balantidium coli）－赤痢（dysentery）,福氏內格里阿米巴（Naegleria fowleri）－阿米巴肉芽腫性腦炎（granulomatous amebic encephalitis）,波列基阿米巴（Entamoeba polecki）－肝膿瘍（amebic liver abscess）,,B,B,standard,第80題 答案 D C A C B B B A B B 題號,False,104030_1101.pdf,104030_MOD1101.pdf
MOEX-104030-1101-Q081,104,第一次,104030,1101,81,微生物免疫學/寄生蟲學,微生物免疫/寄生蟲,,白蛉（sandfly）可以媒介下列何種寄生蟲感染症？,黑水熱（blackwater fever）,斷骨熱（break-bone fever）,黑熱病（kala-azar）,黑死病（black death）,,C,C,standard,第81題,False,104030_1101.pdf,104030_MOD1101.pdf
MOEX-104030-1101-Q082,104,第一次,104030,1101,82,微生物免疫學/寄生蟲學,微生物免疫/寄生蟲,,下列有關恙蟲病（scrub typhus）之敘述，何者錯誤？,其致病原在自然界中以鼠類為主要儲菌宿主（reservoir host）,臺閩地區之病媒蟎種主要為地里恙蟎（Leptotrombidium deliense）,恙蟲病為一種廣泛世界性分布之人畜共通傳染病,人類感染而未能及時治療之死亡率約 1～60%,,C,C,standard,第82題,False,104030_1101.pdf,104030_MOD1101.pdf
MOEX-104030-1101-Q083,104,第一次,104030,1101,83,公共衛生學,公共衛生,,若已知國內男性抽菸盛行率為 20%，隨機抽三位男性，三位都抽菸的機率為何？,0.067,0.008,0.6,0.08,,B,B,standard,第83題,False,104030_1101.pdf,104030_MOD1101.pdf
MOEX-104030-1101-Q084,104,第一次,104030,1101,84,未分類,,,有關中央極限定理（Central limit theorem）的敘述，何者錯誤？,只要樣本數夠大，樣本平均數的分布就會趨近常態分布,只要樣本數夠大，樣本平均數分布的期望值會很接近母體平均數,只要樣本數超過 1，樣本平均數分布的標準差都會小於母體標準差,母體分布只有在常態分布時，樣本數夠大時樣本平均數的分布才會趨近常態分布,,D,D,standard,第84題,False,104030_1101.pdf,104030_MOD1101.pdf
MOEX-104030-1101-Q085,104,第一次,104030,1101,85,解剖學,胸腔,胸腔,某一國家人口 6000 萬人，該年新發肺結核病患 5000 人，肺結核病患共 2 萬人，當年死亡人數為 60 萬人，其中因為肺結核死亡者有 500 人。該年肺結核死因分率是多少？,500/2 萬,500/60 萬,500/6000 萬,500/5000,,B,B,standard,第85題,False,104030_1101.pdf,104030_MOD1101.pdf
MOEX-104030-1101-Q086,104,第一次,104030,1101,86,未分類,,,下面有關假說檢定之型一錯誤（type I error）與型二錯誤（type II error）的敘述何者正確？,型一錯誤發生的機率加上型二錯誤發生的機率等於 1,檢定力（power）= 1-型一錯誤的機率,型一錯誤與型二錯誤有可能會同時發生,固定型一錯誤的機率，增加樣本數可以降低型二錯誤發生的機率,,D,D,standard,第86題,False,104030_1101.pdf,104030_MOD1101.pdf
MOEX-104030-1101-Q087,104,第一次,104030,1101,87,公共衛生學,公共衛生,,在因果相關中，因一定要出現在果之前，也就是說致病因子應該在疾病發生之前，侵襲到研究對象， 而且從受侵襲到發病之間的時間間隔，必須要較疾病的誘導期或潛伏期長。上列敘述屬於判斷因果 關係的那一個條件？,生物贊同性,相關的一致性,相關的強度,相關的時序性,,D,D,standard,第87題,False,104030_1101.pdf,104030_MOD1101.pdf
MOEX-104030-1101-Q088,104,第一次,104030,1101,88,公共衛生學,公共衛生,,某研究為分析降血壓藥的效果，採用病例對照設計（case-control study），欲分析病例對照兩組樣本 服降血壓藥 3 個月前後測量之血壓值差異是否有明顯不同，研究者應該使用何種統計方法最合適？,配對 t 檢定（Paired t-test）,單一樣本 Z 檢定（One sample Z-test）,Pearson 卡方檢定（Pearson Chi-square test）,獨立樣本 t 檢定（Independent t-test）,,#,A|D,multiple_accepted,第88題答A或D或AD者均給分，,False,104030_1101.pdf,104030_MOD1101.pdf
MOEX-104030-1101-Q089,104,第一次,104030,1101,89,未分類,,,下列那個測量值較不易受到資料極端值的影響？,平均值,中位數,全距,標準差,,B,B,standard,第89題,False,104030_1101.pdf,104030_MOD1101.pdf
MOEX-104030-1101-Q090,104,第一次,104030,1101,90,未分類,,,臨床上希望利用兒童年齡推估頭圍大小，透過 2～5 歲兒童樣本的分析得到迴歸方程式為 Y=4+0.75X，Y 為頭圍長度（以公分為單位），X 為兒童年齡（以月為單位），判定係數為 0.70，下列描述何者錯 誤？,該迴歸方程式假設兒童月齡與頭圍呈直線關係,3 歲的兒童，其頭圍平均值應為 31 公分,每增加 1 歲，頭圍平均增加 0.75 公分,這條迴歸方程式可以解釋兒童樣本中頭圍變異量的 70%,,C,C,standard,第90題 答案 C C B D B D D # B C 題號,False,104030_1101.pdf,104030_MOD1101.pdf
MOEX-104030-1101-Q091,104,第一次,104030,1101,91,公共衛生學,公共衛生,,下列對於隨機分派（randomization）的描述何者錯誤？,可透過亂數表進行研究對象的分組,目的是讓世代研究之暴露組與非暴露組的研究對象有相同背景,為避免干擾，原則上不讓研究對象、資料蒐集者知道分組的情形,病例對照研究法無法進行隨機分派,,B,B,standard,第91題,False,104030_1101.pdf,104030_MOD1101.pdf
MOEX-104030-1101-Q092,104,第一次,104030,1101,92,未分類,,,人因工學建議，需站立工作者之工作檯高度，依工作別分：①精密工作（Precision work） ②輕工 作（Light work） ③較重工作（Heavier work），相對高低排序（由高到低）為何？,①①①,①①①,①①①,①①①,,A,A,standard,第92題,False,104030_1101.pdf,104030_MOD1101.pdf
MOEX-104030-1101-Q093,104,第一次,104030,1101,93,未分類,,,一般而言，廢水三級處理的正常順序為何？,物理、化學、生物,生物、化學、物理,化學、生物、物理,物理、生物、化學,,D,D,standard,第93題,False,104030_1101.pdf,104030_MOD1101.pdf
MOEX-104030-1101-Q094,104,第一次,104030,1101,94,公共衛生學,公共衛生,,下列關於危害評估的敘述，何者錯誤？,危害評估包含質性研究（Qualitative Study）與危害辨識（Hazard Identification）兩部分,危害辨識之資料可經由國際間各種毒理資料庫及研究文獻之收集、查詢獲得,危害辨識定義為決定某一物質是否會增加某種健康狀態的盛行率過程,危害辨識主要針對毒性化學物質的固有毒性進行確認,,C,C,standard,第94題,False,104030_1101.pdf,104030_MOD1101.pdf
MOEX-104030-1101-Q095,104,第一次,104030,1101,95,解剖學,上肢,上肢,"空氣污染指標（Pollutant standard index, PSI）在多少以上，會對身體不好且較敏感的人，使其健康症 狀更加惡化？",50,100,150,200,,B,B,standard,第95題,False,104030_1101.pdf,104030_MOD1101.pdf
MOEX-104030-1101-Q096,104,第一次,104030,1101,96,組織學,組織學,,經由有組織的社區力量，致力於增進並維護個人與整個社會群眾的心理健康，預防心理異常或精神 疾病，減輕因疾病帶來對個人與社區不良影響。屬於下列何種定義？,健康心理,公共心理衛生,健康促進,精神衛生,,B,B,standard,第96題,False,104030_1101.pdf,104030_MOD1101.pdf
MOEX-104030-1101-Q097,104,第一次,104030,1101,97,未分類,,,下列那一個概念不在健康信念模式的架構中？,自覺行動障礙,自覺罹患性,自我再評價,自我效能,,C,C,standard,第97題,False,104030_1101.pdf,104030_MOD1101.pdf
MOEX-104030-1101-Q098,104,第一次,104030,1101,98,公共衛生學,公共衛生,,衛生福利部食品藥物管理署推廣的「天天 5 蔬果，健康又樂活」是屬於公共衛生預防原則的那一段 那一級預防？,初段一級,初段二級,次段三級,三段四級,,A,A,standard,第98題,False,104030_1101.pdf,104030_MOD1101.pdf
MOEX-104030-1101-Q099,104,第一次,104030,1101,99,未分類,,,下列那一種健康保險支付制度，比較不會誘導醫師篩選病情較輕的病人？,論質計酬,論量計酬,論人計酬,論病例計酬,,B,B,standard,第99題,False,104030_1101.pdf,104030_MOD1101.pdf
MOEX-104030-1101-Q100,104,第一次,104030,1101,100,未分類,,,依照醫師法規定，下列那個國家不能以外國學歷直接參加醫師資格考試，應先經教育部學歷甄試通 過，始得參加考試？,香港,日本,南非,中國大陸,,#,A|B|C|D,all_credit,第 100題一律給分。,False,104030_1101.pdf,104030_MOD1101.pdf
MOEX-104090-5301-Q001,104,第二次,104090,5301,1,解剖學,神經解剖,神經解剖,豆狀核（lenticular nucleus）之血流，主要來自下列何者之深部分支（deep branch）？,眼動脈（ophthalmic artery）,中大腦動脈（middle cerebral artery）,前大腦動脈（anterior cerebral artery）,內頸動脈（internal carotid artery）,,B,B,standard,,False,104090_5301.pdf,104090_MOD5301.pdf
MOEX-104090-5301-Q002,104,第二次,104090,5301,2,解剖學,神經解剖,神經解剖,腦下垂體腫瘤壓迫視交叉（optic chiasma），最可能發生下列何種症狀？,單眼視野全盲,雙眼顳側視野偏盲（bitemporal hemianopia）,雙眼同側視野偏盲（homonymous hemianopia）,雙眼同側視野偏盲，但黃斑部視野保留（homonymous hemianopia with macula sparing）,,B,B,standard,,False,104090_5301.pdf,104090_MOD5301.pdf
MOEX-104090-5301-Q003,104,第二次,104090,5301,3,組織學,組織學,,下列何者不由面神經所含之副交感神經纖維支配？,淚腺,鼻腔黏膜之腺體,耳下腺,下頜腺,,C,C,standard,,False,104090_5301.pdf,104090_MOD5301.pdf
MOEX-104090-5301-Q004,104,第二次,104090,5301,4,解剖學,頭頸部,頭頸部,下列何者不是動眼神經損傷之典型臨床症狀？,眼瞼下垂,損傷側眼睛無法向內看,瞳孔縮小,複視,,C,C,standard,,False,104090_5301.pdf,104090_MOD5301.pdf
MOEX-104090-5301-Q005,104,第二次,104090,5301,5,組織學,組織學,,環狀軟骨（cricoid cartiage）相對於何脊椎骨高度？,C2,C4,C6,T1,,C,C,standard,,False,104090_5301.pdf,104090_MOD5301.pdf
MOEX-104090-5301-Q006,104,第二次,104090,5301,6,解剖學,頭頸部,頭頸部,下列何者穿過甲狀舌骨膜（thyrohyoid membrane）？,喉返神經（recurrent laryngeal n.）,喉外神經（external laryngeal n.）,喉下神經（inferior laryngeal n.）,喉內神經（internal laryngeal n.）,,D,D,standard,,False,104090_5301.pdf,104090_MOD5301.pdf
MOEX-104090-5301-Q007,104,第二次,104090,5301,7,組織學,組織學,,下列有關唾液腺的敘述何者錯誤？,下頜下腺導管（submandibular duct）穿過下頜舌骨肌（mylohyoid m.），開口於舌繫帶基 底兩旁,頦下動脈（submental a.）供應下頜下腺,鼓索神經（chorda tympani n.）傳遞舌下腺腺體分泌的副交感節前神經,舌下腺的淋巴匯集到下頜下淋巴結（submandibular lymph nodes）,,A,A,standard,,False,104090_5301.pdf,104090_MOD5301.pdf
MOEX-104090-5301-Q008,104,第二次,104090,5301,8,胚胎學,胚胎學,,下列何者位於顳骨（temporal bone）上？,面神經管（facial canal）,卵圓孔（foramen ovale）,翼管（pterygoid canal）,盲孔（foramen cecum）,,A,A,standard,,False,104090_5301.pdf,104090_MOD5301.pdf
MOEX-104090-5301-Q009,104,第二次,104090,5301,9,組織學,組織學,,下列有關面神經（facial nerve）負責傳遞舌前三分之二的味覺之分支的敘述，何者正確？,穿過莖乳突孔（stylomastoid foramen）,穿過鼓室，是為鼓室神經（tympanic nerve）,穿過翼管（pterygoid canal）,其細胞本體位於膝狀神經節（geniculate ganglion）,,D,D,standard,,False,104090_5301.pdf,104090_MOD5301.pdf
MOEX-104090-5301-Q010,104,第二次,104090,5301,10,解剖學,胸腔,胸腔,正常情況下，心臟後方大都由下列何者構成？,右心室（right ventricle）,左心室（left ventricle）,右心房（right atrium）,左心房（left atrium）,,D,D,standard,,False,104090_5301.pdf,104090_MOD5301.pdf
MOEX-104090-5301-Q011,104,第二次,104090,5301,11,解剖學,神經解剖,神經解剖,肋骨處的壁層胸膜（costal parietal pleura）由下列何者支配？,膈神經（phrenic nerve）,肋間神經（intercostal nerve）,迷走神經（vagus nerve）,交感神經幹（sympathetic trunk）,,B,B,standard,,False,104090_5301.pdf,104090_MOD5301.pdf
MOEX-104090-5301-Q012,104,第二次,104090,5301,12,解剖學,胸腔,胸腔,在後縱隔腔（posterior mediastinum）中段處 ①胸主動脈（thoracic aorta） ②奇靜脈 （azygos vein） ③胸管（thoracic duct）三者，由左至右排列的順序為：,②③①,③②①,①②③,①③②,,D,D,standard,,False,104090_5301.pdf,104090_MOD5301.pdf
MOEX-104090-5301-Q013,104,第二次,104090,5301,13,解剖學,腹部,腹部,下列何者不是結腸的特徵？,完全為腹膜內器官,具脂肪垂（omental appendices）,管壁的縱肌特化為三條帶狀的taeniae coli,袋狀管壁外觀（haustra）,,A,A,standard,,False,104090_5301.pdf,104090_MOD5301.pdf
MOEX-104090-5301-Q014,104,第二次,104090,5301,14,解剖學,神經解剖,神經解剖,內臟大神經（greater splanchnic nerve）起自脊髓的那個段位？,T2～4,T5～9,T11～12,L1～2,,B,B,standard,,False,104090_5301.pdf,104090_MOD5301.pdf
MOEX-104090-5301-Q015,104,第二次,104090,5301,15,解剖學,腹部,腹部,下列何者不支配前腹壁構造？,髂腹下神經（iliohypogastric nerve）,髂腹股溝神經（ilioinguinal nerve）,生殖股神經（genitofemoral nerve）,閉孔神經（obturator nerve）,,D,D,standard,,False,104090_5301.pdf,104090_MOD5301.pdf
MOEX-104090-5301-Q016,104,第二次,104090,5301,16,解剖學,胸腔,胸腔,交感神經鏈（sympathetic chain）由横膈（diaphragm）的下列何處進入腹腔？,正中弓狀韌帶（median arcuate ligament）下,內側弓狀韌帶（medial arcuate ligament）下,外側弓狀韌帶（lateral arcuate ligament）下,主動脈孔（aortic hiatus）,,B,B,standard,,False,104090_5301.pdf,104090_MOD5301.pdf
MOEX-104090-5301-Q017,104,第二次,104090,5301,17,胚胎學,胚胎學,,下列何者發生阻塞時，最不會影響陰道的血液供應？,卵巢動脈,子宮動脈,直腸中動脈,陰部內動脈,,A,A,standard,,False,104090_5301.pdf,104090_MOD5301.pdf
MOEX-104090-5301-Q018,104,第二次,104090,5301,18,解剖學,腹部,腹部,下列何者形成肛門直腸屈曲（anorectal flexure）且有助於排便控制（fecal continence）？,肛門內括約肌（internal anal sphincter）,尾骨肌（coccygeus）,恥骨直腸肌（puborectalis）,肛門外括約肌（external anal sphincter）,,C,C,standard,,False,104090_5301.pdf,104090_MOD5301.pdf
MOEX-104090-5301-Q019,104,第二次,104090,5301,19,組織學,組織學,,下列何者受損時最可能影響提睪肌（cremasteric muscle）的收縮？,股神經（femoral nerve）,陰部神經（pudendal nerve）,生殖股神經（genitofemoral nerve）,髂腹股溝神經（ilioinguinal nerve）,,C,C,standard,,False,104090_5301.pdf,104090_MOD5301.pdf
MOEX-104090-5301-Q020,104,第二次,104090,5301,20,解剖學,腹部,腹部,為確診骨盆腔積血，通常經由下列何處施行陷凹穿刺抽液術（culdocentesis）？,陰道後穹隆（posterior fornix of vagina）,陰道前穹隆（anterior fornix of vagina）,膀胱後壁（posterior wall of urinary bladder）,直腸前壁（anterior wall of rectum）,,A,A,standard,,False,104090_5301.pdf,104090_MOD5301.pdf
MOEX-104090-5301-Q021,104,第二次,104090,5301,21,解剖學,骨盆與會陰,骨盆與會陰,下列何者是陰莖勃起功能（penile erection）最重要的血管？,陰莖背動脈（dorsal artery of penis）,陰莖深動脈（deep artery of penis）,陰莖淺背靜脈（superficial dorsal vein of penis）,陰莖球動脈（artery of the bulb of penis）,,B,B,standard,,False,104090_5301.pdf,104090_MOD5301.pdf
MOEX-104090-5301-Q022,104,第二次,104090,5301,22,解剖學,上肢,上肢,下列何者支配的肌肉數目最少？,腓淺神經（superficial fibular nerve）,腓深神經（deep fibular nerve）,肌皮神經（musculocutaneous nerve）,橈神經（radial nerve）,,A,A,standard,,False,104090_5301.pdf,104090_MOD5301.pdf
MOEX-104090-5301-Q023,104,第二次,104090,5301,23,解剖學,上肢,上肢,在前臂，下列何者最可能與前臂外側皮神經（lateral cutaneous nerve of forearm）靠近或伴 行？,頭靜脈（cephalic vein）,貴要靜脈（basilic vein）,正中肘靜脈（median cubital vein）,肱靜脈（brachial vein）,,A,A,standard,,False,104090_5301.pdf,104090_MOD5301.pdf
MOEX-104090-5301-Q024,104,第二次,104090,5301,24,未分類,,,切開斜方肌（trapezius）與頭半棘肌（semispinalis capitis）的頭部附著處，最容易傷及穿 過這些肌肉的那一條神經？,耳大神經（great auricular nerve）,耳顳神經（auriculotemporal nerve）,枕大神經（greater occipital nerve）,枕小神經（lesser occipital nerve）,,C,C,standard,,False,104090_5301.pdf,104090_MOD5301.pdf
MOEX-104090-5301-Q025,104,第二次,104090,5301,25,未分類,,,左右髂骨嵴（iliac crest）最高點的水平連線通過下列何者的棘突（spinous process）？,L2,L3,L4,L5,,C,C,standard,,False,104090_5301.pdf,104090_MOD5301.pdf
MOEX-104090-5301-Q026,104,第二次,104090,5301,26,解剖學,上肢,上肢,肱骨在三角肌粗隆（deltoid tuberosity of humerus）位置的骨折，最可能直接傷及那一條神 經？,腋神經（axillary nerve）,橈神經（radial nerve）,尺神經（ulnar nerve）,副神經（accessory nerve）,,B,B,standard,,False,104090_5301.pdf,104090_MOD5301.pdf
MOEX-104090-5301-Q027,104,第二次,104090,5301,27,解剖學,上肢,上肢,屈指深肌（flexor digitorum profundus）的肌腱附著於下列何者？,遠端指骨（distal phalange）,中端指骨（middle phalange）,近端指骨（proximal phalange）,腕骨（metacarpal）,,A,A,standard,,False,104090_5301.pdf,104090_MOD5301.pdf
MOEX-104090-5301-Q028,104,第二次,104090,5301,28,解剖學,上肢,上肢,尺神經（ulnar nerve）受損時，拇指無法進行何種動作？,屈曲（flexion）,伸直（extension）,內收（adduction）,外展（abduction）,,C,C,standard,,False,104090_5301.pdf,104090_MOD5301.pdf
MOEX-104090-5301-Q029,104,第二次,104090,5301,29,胚胎學,胚胎學,,胚胎早期發育時，下列何者最早出現？,羊膜腔（amniotic cavity）,囊胚腔（blastocyst cavity）,初級卵黃囊（primary yolk sac）,絨毛膜腔（chorionic cavity）,,B,B,standard,,False,104090_5301.pdf,104090_MOD5301.pdf
MOEX-104090-5301-Q030,104,第二次,104090,5301,30,解剖學,腹部,腹部,下列何者衍生成為肛管（anal canal）的下1/3段？,原肛（proctodeum）,直腸（rectum）,泌尿生殖竇（urogenital sinus）,泄殖腔（cloaca）,,A,A,standard,,False,104090_5301.pdf,104090_MOD5301.pdf
MOEX-104090-5301-Q031,104,第二次,104090,5301,31,解剖學,頭頸部,頭頸部,下列有關動脈導管（ductus arteriosus）之敘述，何者正確？,源自右側第六動脈弓（aortic arch）,連接右側肺動脈（pulmonary artery）及主動脈弓（aortic arch）,出生後，閉鎖形成動脈韌帶（ligamentum arteriosum）,右側喉返神經（recurrent laryngeal nerve）自動脈韌帶（ligamentum arteriosum）旁通過,,C,C,standard,,False,104090_5301.pdf,104090_MOD5301.pdf
MOEX-104090-5301-Q032,104,第二次,104090,5301,32,胚胎學,胚胎學,,嚼肌（masseter muscle）是衍生自那一咽弓（pharyngeal arch）？,第一咽弓,第二咽弓,第三咽弓,第四咽弓,,A,A,standard,,False,104090_5301.pdf,104090_MOD5301.pdf
MOEX-104090-5301-Q033,104,第二次,104090,5301,33,組織學,組織學,,上皮細胞的表面常以下列何種特化構造增加表面積？,微絨毛（microvilli）,基底膜（basement membrane）,接合複體（junctional complex）,纖毛（cilia）,,A,A,standard,,False,104090_5301.pdf,104090_MOD5301.pdf
MOEX-104090-5301-Q034,104,第二次,104090,5301,34,組織學,組織學,,下列何者纖維母細胞（fibroblasts）無法合成？,膠原纖維（collagen fibers）,彈性纖維（elastic fibers）,網狀纖維（reticular fibers）,肌原纖維（myofibrils）,,D,D,standard,,False,104090_5301.pdf,104090_MOD5301.pdf
MOEX-104090-5301-Q035,104,第二次,104090,5301,35,組織學,組織學,,下列何者不會在膜內骨生成（intramembraneous bone formation）過程中出現？,類骨質（osteoid）,骨針（bone spicules）,透明軟骨（hyaline cartilage）,初級骨髓（primary bone marrow）,,C,C,standard,,False,104090_5301.pdf,104090_MOD5301.pdf
MOEX-104090-5301-Q036,104,第二次,104090,5301,36,組織學,組織學,,下列有關淋巴結（lymph node）的敘述，何者錯誤？,淋巴結具纖維狀的被囊（capsule）,淋巴結內的支架主要由彈性纖維（elastic fiber）構成,淋巴結其凸狀面（convex）有輸入淋巴管（afferent lymph vessels）進入,淋巴結實質（parenchyma）主要分為皮質（cortex）和髓質（medulla）,,B,B,standard,,False,104090_5301.pdf,104090_MOD5301.pdf
MOEX-104090-5301-Q037,104,第二次,104090,5301,37,組織學,組織學,,肌上皮細胞（myoepithelial cells）不出現於下列何處？,皮脂腺（sebaceous gland）,汗腺（sweat gland）,乳腺（mammary gland）,唾液腺（salivary gland）,,A,A,standard,,False,104090_5301.pdf,104090_MOD5301.pdf
MOEX-104090-5301-Q038,104,第二次,104090,5301,38,組織學,組織學,,結腸帶（teniae coli）由下列何種構造形成？,黏膜肌層（muscularis mucosa）內的平滑肌,黏膜肌層（muscularis mucosa）內的骨骼肌,外肌層（muscularis externa）的內環平滑肌,外肌層（muscularis externa）的外縱平滑肌,,D,D,standard,,False,104090_5301.pdf,104090_MOD5301.pdf
MOEX-104090-5301-Q039,104,第二次,104090,5301,39,組織學,組織學,,腎上腺皮質細胞不含下列何項構造？,脂肪滴,分泌顆粒,粒線體,平滑內質網,,B,B,standard,,False,104090_5301.pdf,104090_MOD5301.pdf
MOEX-104090-5301-Q040,104,第二次,104090,5301,40,組織學,組織學,,會製造睪固酮（testosterone）的細胞是：,萊迪氏細胞（Leydig cell）,塞托利氏細胞（Sertoli cell）,管周邊細胞（peritubular cell）,產精細胞（spermatogenic cell）,,A,A,standard,,False,104090_5301.pdf,104090_MOD5301.pdf
MOEX-104090-5301-Q041,104,第二次,104090,5301,41,微生物免疫學/寄生蟲學,微生物免疫/寄生蟲,,有關眼球組織發生病變時，下列敘述何者錯誤？,視網膜剝離（retinal detachment）常發生於視網膜層（retina）與脈絡膜層（choroid layer）之間,細菌性結膜炎（bacterial conjunctivitis）常伴有膿性分泌物（opaque purulent discharge）,眼球房水（aqueous humor）之引流循環失能，會使眼壓上升，長期則導致青光眼 （glaucoma）,晶狀體（lens）失去透明度時，會導致白內障（cataract）,,A,A,standard,,False,104090_5301.pdf,104090_MOD5301.pdf
MOEX-104090-5301-Q042,104,第二次,104090,5301,42,微生物免疫學/寄生蟲學,微生物免疫/寄生蟲,,下列有關產氣單胞桿菌（Aeromonas）之敘述，何者錯誤？,細胞形態似腸內菌,屬兼性厭氧菌,青黴素Penicillin最具療效,廣存於淡水及鹹水中,,C,C,standard,,False,104090_5301.pdf,104090_MOD5301.pdf
MOEX-104090-5301-Q043,104,第二次,104090,5301,43,微生物免疫學/寄生蟲學,微生物免疫/寄生蟲,,下列有關Campylobacter upsaliensis之敘述，何者錯誤？,主要由接觸飼養的貓狗所感染,與Guillain-Barré syndrome無關,細胞形態似Helicobacter pylori,屬微氧需求菌,,B,B,standard,,False,104090_5301.pdf,104090_MOD5301.pdf
MOEX-104090-5301-Q044,104,第二次,104090,5301,44,微生物免疫學/寄生蟲學,微生物免疫/寄生蟲,,下列有關Bordetella pertussis 引起之百日咳的敘述，何者錯誤？,卡它期（catarrhal stage）症狀似感冒,陣發期（paroxysmal stage）通常細菌量最多,核酸放大偵測法敏感（sensitive）且特異性（specificity）高,可用紅黴素（Erythromycin）治療,,B,B,standard,,False,104090_5301.pdf,104090_MOD5301.pdf
MOEX-104090-5301-Q045,104,第二次,104090,5301,45,微生物免疫學/寄生蟲學,微生物免疫/寄生蟲,,尿素酵素（urease）是以下何種細菌的致病因子？,致病性大腸桿菌（Enteropathogenic E. coli）,霍亂弧菌（Vibrio cholerae）,博德氏桿菌（Bordetella pertussis）,幽門桿菌（Helicobacter pylori）,,D,D,standard,,False,104090_5301.pdf,104090_MOD5301.pdf
MOEX-104090-5301-Q046,104,第二次,104090,5301,46,組織學,組織學,,下列有關白喉毒素（diphtheria toxin）的敘述，那一項錯誤？,是一種endotoxin,可結合至細胞表面之heparin-binding epidermal growth factor,可結合至心臟及神經細胞導致受損,A subunit會使細胞內的elongation factor 2（EF-2）失去活性,,A,A,standard,,False,104090_5301.pdf,104090_MOD5301.pdf
MOEX-104090-5301-Q047,104,第二次,104090,5301,47,微生物免疫學/寄生蟲學,微生物免疫/寄生蟲,,下列對麻瘋分枝桿菌（Mycobacterium leprae）之敘述，何者正確？,可在麻瘋瘤型麻瘋（lepromatous leprosy）病人的黏膜抹片或皮膚括取物中被發現,已經成功的在培養基中培養出來,生長速度快，因此潛伏期很短,並非典型的耐酸性染色菌,,A,A,standard,,False,104090_5301.pdf,104090_MOD5301.pdf
MOEX-104090-5301-Q048,104,第二次,104090,5301,48,微生物免疫學/寄生蟲學,微生物免疫/寄生蟲,,有一病人因久咳且痰中帶有血絲及膿液而就診，經醫師採集其痰液進行細菌培養檢測後，發 現其痰檢體中出現結核分枝桿菌，是為肺結核之患者。下列那一種抗生素不會出現在醫師的 處方箋中？,Isoniazid,Ethambutol,Rifampin,Vancomycin,,D,D,standard,,False,104090_5301.pdf,104090_MOD5301.pdf
MOEX-104090-5301-Q049,104,第二次,104090,5301,49,微生物免疫學/寄生蟲學,微生物免疫/寄生蟲,,流感嗜血桿菌（Haemophilus influenzae）的生長在血液培養盤上金黃色葡萄球菌 （Staphylococcus aureus）菌落的周圍有促進的現象，此是因為後者能提供其生長所需的那 種成分？,磷血紅素（hemin）,螯鐵素（siderophores）,半胱氨酸（L-cysteine）,菸醯胺腺嘌呤雙核酸（nicotinamide adenine dinucleotide）,,#,A|D,multiple_accepted,第49題答A、D給分，,False,104090_5301.pdf,104090_MOD5301.pdf
MOEX-104090-5301-Q050,104,第二次,104090,5301,50,微生物免疫學/寄生蟲學,微生物免疫/寄生蟲,,下列那一項無法作為細菌行無氧呼吸（anaerobic respiration）時之最後的電子接受分子？,Nitrate,Sulfate,Carbon dioxide,NADH,,D,D,standard,,False,104090_5301.pdf,104090_MOD5301.pdf
MOEX-104090-5301-Q051,104,第二次,104090,5301,51,微生物免疫學/寄生蟲學,微生物免疫/寄生蟲,,下列菌屬中，何者對鹼性環境的耐受度最高？,螺旋桿菌屬（Helicobacter）,弧菌屬（Vibrio）,假單胞菌屬（Pseudomonas）,奈瑟氏菌屬（Neisseria）,,B,B,standard,,False,104090_5301.pdf,104090_MOD5301.pdf
MOEX-104090-5301-Q052,104,第二次,104090,5301,52,微生物免疫學/寄生蟲學,微生物免疫/寄生蟲,,下列何種病毒感染後，在感染部位的抹片檢查可以看到有多核的融合細胞與內涵體 （inclusion body）？,Herpes simplex virus,Human papillomavirus,Adenovirus,Epstein-Barr virus,,#,A|D,multiple_accepted,第52題答A、D給分，,False,104090_5301.pdf,104090_MOD5301.pdf
MOEX-104090-5301-Q053,104,第二次,104090,5301,53,微生物免疫學/寄生蟲學,微生物免疫/寄生蟲,,一旦感染下列何種病毒，可以及早利用接種疫苗的方式來預防病毒在體內擴散而發病？,玻納病毒（Borna disease virus）,狂犬病毒（Rabies virus）,線狀病毒（Filovirus）,馬堡病毒（Marburg virus）,,B,B,standard,,False,104090_5301.pdf,104090_MOD5301.pdf
MOEX-104090-5301-Q054,104,第二次,104090,5301,54,微生物免疫學/寄生蟲學,微生物免疫/寄生蟲,,下列對於副黏液病毒科（Paramyxoviridae）之敘述，何者正確？,為正股（positive sense）RNA病毒,依核蛋白（nucleoprotein）共分為A、B及C三型,核蛋白衣（nucleocapsid）為二十面體對稱結構,皆具有套膜（envelope）及融合（fusion）蛋白質,,D,D,standard,,False,104090_5301.pdf,104090_MOD5301.pdf
MOEX-104090-5301-Q055,104,第二次,104090,5301,55,微生物免疫學/寄生蟲學,微生物免疫/寄生蟲,,下列何種病毒具有E1A與E1B這兩種促進細胞生長的活化因子？,Adenovirus,Papillomavirus,Epstein-Barr virus,Cytomegalovirus,,A,A,standard,,False,104090_5301.pdf,104090_MOD5301.pdf
MOEX-104090-5301-Q056,104,第二次,104090,5301,56,微生物免疫學/寄生蟲學,微生物免疫/寄生蟲,,"下列何者不是致病性普里昂蛋白（scrapie-like prion protein, PrPSC）的特性？",致病潛伏期很長,造成神經組織空洞化,可存在於細胞外,引起很強的免疫反應,,D,D,standard,,False,104090_5301.pdf,104090_MOD5301.pdf
MOEX-104090-5301-Q057,104,第二次,104090,5301,57,微生物免疫學/寄生蟲學,微生物免疫/寄生蟲,,某25歲護士上班回家後，出現發燒、頭痛、喉嚨痛、流鼻水、打噴嚏、無痰性乾咳、肌肉痛 不舒服等症狀，病情持續了4天沒有好轉，反而進一步延伸為細菌性肺炎及肌炎 （myositis），該護士經住院治療二星期後痊癒，此護士可能受下列何病原感染？,麻疹病毒（Measles virus）,呼吸道細胞融合病毒（Respiratory syncytial virus）,流行性感冒病毒（Influenza virus）,腸病毒71型（Enterovirus 71）,,C,C,standard,,False,104090_5301.pdf,104090_MOD5301.pdf
MOEX-104090-5301-Q058,104,第二次,104090,5301,58,微生物免疫學/寄生蟲學,微生物免疫/寄生蟲,,某病毒可引起孩童之急性下呼吸道疾病，經由鼻腔分泌物分離出該病毒，發覺其不具血球凝 集作用，但可使感染之細胞融合（syncytia）。該病毒可能為下列何者？,流行性感冒病毒A型（Influenza virus A）,副流行性感冒病毒（Parainfluenza virus）,呼吸道細胞融合病毒（Respiratory syncytial virus）,麻疹病毒（Measles virus）,,C,C,standard,,False,104090_5301.pdf,104090_MOD5301.pdf
MOEX-104090-5301-Q059,104,第二次,104090,5301,59,組織學,組織學,,有一黴菌在顯微鏡下可見分隔菌絲及瓶狀產孢器（phialides）且分生孢子（conidia）排列 成‘paint brush’，最可能為下列何者？,Histoplasma capsulatum,Sporothrix schenckii,Fusarium solani,Penicillium marneffei,,D,D,standard,,False,104090_5301.pdf,104090_MOD5301.pdf
MOEX-104090-5301-Q060,104,第二次,104090,5301,60,未分類,,,一般而言，Fluconazole對下列何種黴菌無療效？,Candida albicans,Candida krusei,Candida tropicalis,Candida parapsilosis,,B,B,standard,,False,104090_5301.pdf,104090_MOD5301.pdf
MOEX-104090-5301-Q061,104,第二次,104090,5301,61,微生物免疫學/寄生蟲學,微生物免疫/寄生蟲,,下列何者為盛行於北美洲密西西比河流域，兩型性（dimorphic）全身感染性真菌？,Blastomyces dermatitidis and Histoplasma capsulatum,Coccidioides immitis and Paracoccidioides brasiliensis,Paracoccidioides brasiliensis and Histoplasma capsulatum,Blastomyces dermatitidis and Paracoccidioides brasiliensis,,A,A,standard,,False,104090_5301.pdf,104090_MOD5301.pdf
MOEX-104090-5301-Q062,104,第二次,104090,5301,62,微生物免疫學/寄生蟲學,微生物免疫/寄生蟲,,有關先天性免疫力（innate immunity）之概念，下列何者錯誤？,在微生物入侵數分鐘內即可啟動其反應,對微生物進行吞噬作用,對微生物不具備辨識能力,可由細胞外病原（extracellular pathogens）以及細胞內病原（intracellular pathogens）引 發,,C,C,standard,,False,104090_5301.pdf,104090_MOD5301.pdf
MOEX-104090-5301-Q063,104,第二次,104090,5301,63,組織學,組織學,,下列那一個基因突變破壞時，就不會產生B及T細胞？,"末端去氧核苷酸轉移酶（terminal deoxynucleotidyl transferase, TdT）",ZAP-70,AID（activation-induced cytidine deaminase）,RAG1/RAG2重組酶（RAG1/RAG2 recombinase）,,D,D,standard,,False,104090_5301.pdf,104090_MOD5301.pdf
MOEX-104090-5301-Q064,104,第二次,104090,5301,64,微生物免疫學/寄生蟲學,微生物免疫/寄生蟲,,下列何者不是毒殺性T細胞（cytotoxic T lymphocyte，CTL）能專一性毒殺標的細胞的原 因？,CTL需利用TCR辨認標的細胞是否有表現專一性抗原胜肽/MHC class I複合物,CTL利用TCR辨認出標的細胞後，其將要分泌出去的內容物顆粒會移至CTL與標的細胞接 觸的位置,CTL利用TCR辨認出標的細胞後，可以利用FasL與標的細胞的Fas結合，引發標的細胞的 凋亡,CTL可以分泌IL-12來幫助細胞抑制病毒的複製,,D,D,standard,,False,104090_5301.pdf,104090_MOD5301.pdf
MOEX-104090-5301-Q065,104,第二次,104090,5301,65,解剖學,腹部,腹部,Celiac disease及Crohn's disease是二種腸道發炎疾病，下列有關二者之比較何者正確？,前者是對腸內共生菌有強烈發炎反應，後者是因為對麥類食物過敏所引起,前者可能與NOD-2分子失去功能有關，後者主要與HLA-DQ2分子的表現有關,IFN-γ所引起的發炎反應，在這二種疾病都扮演重要角色,利用廣泛性抗生素去掉大部分共生菌，皆可治療這二種疾病,,C,C,standard,,False,104090_5301.pdf,104090_MOD5301.pdf
MOEX-104090-5301-Q066,104,第二次,104090,5301,66,微生物免疫學/寄生蟲學,微生物免疫/寄生蟲,,下列有關補體的敘述，何者錯誤？,補體是一種蛋白質,補體會參與專一性和非專一性防禦作用,干擾素也是補體的一種,補體可以溶解細菌的細胞膜,,C,C,standard,,False,104090_5301.pdf,104090_MOD5301.pdf
MOEX-104090-5301-Q067,104,第二次,104090,5301,67,微生物免疫學/寄生蟲學,微生物免疫/寄生蟲,,嬰幼兒施打破傷風類毒素疫苗後產生免疫保護時，會啟動特異性免疫反應並且有長期的免疫 記憶。這項免疫反應主要是由下列那一種免疫細胞間的互動所引發的？,樹突細胞（dendritic cells）藉由MHC class I分子和CD4 T cells進行非抗原特異性結合,巨噬細胞（macrophages）藉由MHC class I分子和CD8 T cells進行非抗原特異性結合,樹突細胞藉由MHC class II分子和CD4 T cells進行抗原特異性結合,巨噬細胞藉由MHC class II分子和CD8 T cells進行抗原特異性結合,,C,C,standard,,False,104090_5301.pdf,104090_MOD5301.pdf
MOEX-104090-5301-Q068,104,第二次,104090,5301,68,微生物免疫學/寄生蟲學,微生物免疫/寄生蟲,,志明和春嬌結婚後發現他們的祖母是表姊妹。他們生下的女兒小英特別容易得到肺炎鏈球菌 和嗜血桿菌的感染。免疫學檢查發現小英的 IgM 血清濃度正常但缺乏其他 isotype 的抗體， 並且其抗體的抗原結合部位缺乏高頻率突變導入的多樣性。小英最可能有下列何種疾病？,Selective IgA deficiency,Bruton's agammaglobulinemia,Hyper IgE syndrome,Autosomal inherited defect in the AID（activation-induced cytidine deaminase） gene,,D,D,standard,,False,104090_5301.pdf,104090_MOD5301.pdf
MOEX-104090-5301-Q069,104,第二次,104090,5301,69,微生物免疫學/寄生蟲學,微生物免疫/寄生蟲,,臨床醫師目前無法使用下列那一項方式來治療過敏性氣喘？,抗IgE 抗體（anti-IgE antibodies）,類固醇（corticosteroid）,減敏療法（desensitization immunotherapy）,注射IL-12提升TH1細胞活性,,D,D,standard,,False,104090_5301.pdf,104090_MOD5301.pdf
MOEX-104090-5301-Q070,104,第二次,104090,5301,70,未分類,,,志明（血型B型）和春嬌（血型AB型）結婚後生下女兒小英（血型A型）。他們的下一個小 孩血型為B型的機會正常狀態下為多少百分比？,0,25,33,50,,D,D,standard,,False,104090_5301.pdf,104090_MOD5301.pdf
MOEX-104090-5301-Q071,104,第二次,104090,5301,71,微生物免疫學/寄生蟲學,微生物免疫/寄生蟲,,某些微生物感染而引起自體免疫疾病，其致病機轉為何？,引起人體特殊HLA抗原的表現，進而導致自體免疫性,由於感染抗原與組織抗原之分子類似性（molecular mimicry），導致自體免疫性,"高內皮小靜脈細胞（high endothelial venule, HEV）被活化，進而導致自體免疫性",胸腺之中央移除（central deletion）機轉受影響，進而導致自體免疫性,,B,B,standard,,False,104090_5301.pdf,104090_MOD5301.pdf
MOEX-104090-5301-Q072,104,第二次,104090,5301,72,微生物免疫學/寄生蟲學,微生物免疫/寄生蟲,,一位患有重症肌無力（myasthenia gravis）的孕婦，剛剛平安產下3100公克的小女嬰，但是 隨即發現小女嬰呼吸較淺，四肢力量也較差，因此迅速被送入新生兒加護病房治療。小女嬰 的病因為何？,母親傳給她的抗乙醯膽鹼受體抗體（anti-acetylcholine receptor antibody）致病,母親的TR1細胞（TR1 cells）引起之免疫反應,母親的TH3細胞（TH3 cells）引起之免疫反應,母親傳給她的抗Ro抗體（anti-Ro antibody）及抗La抗體（anti-La antibody）所致病,,A,A,standard,,False,104090_5301.pdf,104090_MOD5301.pdf
MOEX-104090-5301-Q073,104,第二次,104090,5301,73,微生物免疫學/寄生蟲學,微生物免疫/寄生蟲,,Anti-VEGF（anti-vascular endothelium growth factor）抗體在治療大腸癌之作用機轉是下列 那一項？,抑制血管新生,抑制吞噬細胞作用,促進T細胞增生,促進自然殺手NK細胞增生,,A,A,standard,,False,104090_5301.pdf,104090_MOD5301.pdf
MOEX-104090-5301-Q074,104,第二次,104090,5301,74,微生物免疫學/寄生蟲學,微生物免疫/寄生蟲,,組織移植種入身體免疫特區（immunologically privileged sites）時，能夠長期存活，下列那 一項不屬於這種免疫特區？,大腦,小腦,睪丸,肌肉,,D,D,standard,,False,104090_5301.pdf,104090_MOD5301.pdf
MOEX-104090-5301-Q075,104,第二次,104090,5301,75,微生物免疫學/寄生蟲學,微生物免疫/寄生蟲,,下列有關羅阿絲蟲（Loa loa）感染人體的敘述，何者錯誤？,成蟲主要寄生在皮下組織,成蟲移行時常會引起劇痛,微絲蟲（microfilaria）會出現在血液內,大多數病患之嗜酸性白血球會明顯增高,,B,B,standard,,False,104090_5301.pdf,104090_MOD5301.pdf
MOEX-104090-5301-Q076,104,第二次,104090,5301,76,微生物免疫學/寄生蟲學,微生物免疫/寄生蟲,,下列何種人體寄生蟲感染較常導致臨床上出現嚴重貧血症狀？,日本血吸蟲（Schistosoma japonicum）,班氏絲蟲（Wuchereria bancrofti）,十二指腸鉤蟲（Ancylostoma duodenale）,廣東住血線蟲（Angiostrongylus cantonensis）,,C,C,standard,,False,104090_5301.pdf,104090_MOD5301.pdf
MOEX-104090-5301-Q077,104,第二次,104090,5301,77,微生物免疫學/寄生蟲學,微生物免疫/寄生蟲,,有一間歇性腹瀉（chronic intermittent diarrhea）的病患，在其糞便中發現大小約2.3 mm的 蟲體，除口、腹吸盤特徵外，在生殖孔附近有第三吸盤，該病患最可能感染下列何種寄生 蟲？,人雙口吸蟲（Gastrodiscoides hominis）,異形吸蟲（Heterophyes heterophyes）,槍狀肝吸蟲（Dicrocoelium dendriticum）,橫川吸蟲（Metagonimus yokogawai）,,B,B,standard,,False,104090_5301.pdf,104090_MOD5301.pdf
MOEX-104090-5301-Q078,104,第二次,104090,5301,78,微生物免疫學/寄生蟲學,微生物免疫/寄生蟲,,曼森裂頭絛蟲（Spirometra mansonoides）那些發育時期的蟲體可以感染人？①六鈎幼蟲卵 ②似囊尾幼蟲（cysticercoid） ③原尾幼蟲（procercoid） ④長尾幼蟲（plerocercoid）,①②,①③,②④,③④,,D,D,standard,,False,104090_5301.pdf,104090_MOD5301.pdf
MOEX-104090-5301-Q079,104,第二次,104090,5301,79,微生物免疫學/寄生蟲學,微生物免疫/寄生蟲,,王先生奉派駐任中非共和國外交官服務二年，近日因腹部腫脹及週期性發燒而返國就醫，經 髓穿刺可見巨噬細胞內有寄生物。依據上述結果，王先生最可能感染何種寄生蟲？,杜氏利什曼原蟲（Leishmania donovani）,熱帶利什曼原蟲（Leishmania tropica）,岡比亞錐蟲（Trypanosoma brucei gambiense）,枯西氏錐蟲（Trypanosoma cruzi）,,A,A,standard,,False,104090_5301.pdf,104090_MOD5301.pdf
MOEX-104090-5301-Q080,104,第二次,104090,5301,80,微生物免疫學/寄生蟲學,微生物免疫/寄生蟲,,下列有關陰道滴蟲（Trichomonas vaginalis）或其引起的病症，何者錯誤？,性伴侶中，男性如果沒有症狀可不必投藥，只需治療出現症狀的女方即可,沒有保蟲宿主（reservoir host）,女性患者之症狀包括陰道搔癢、白帶增多且常呈黃綠色等,根據非洲的研究顯示，陰道滴蟲症（vaginal trichomoniasis）患者感染HIV的機率較高,,A,A,standard,,False,104090_5301.pdf,104090_MOD5301.pdf
MOEX-104090-5301-Q081,104,第二次,104090,5301,81,微生物免疫學/寄生蟲學,微生物免疫/寄生蟲,,黑水熱（blackwater fever）通常與何種寄生蟲之感染有關？,日本血吸蟲（Schistosoma japonicum）,杜氏利什曼原蟲（Leishmania donovani）,班氏絲蟲（Wuchereria bancrofti）,惡性瘧原蟲（Plasmodium falciparum）,,D,D,standard,,False,104090_5301.pdf,104090_MOD5301.pdf
MOEX-104090-5301-Q082,104,第二次,104090,5301,82,微生物免疫學/寄生蟲學,微生物免疫/寄生蟲,,下列有關蜱媒介人畜共通萊姆病（Lyme disease）之敘述，何者錯誤？,高度流行區內常有共同感染（co-infection）巴貝氏原蟲（Babesia spp.）,其致病原為伯氏疏螺旋體（Borrelia burgdorferi）,感染早期以遊走性紅斑（erythema migrans）為主要病癥,人類感染之早期診斷以血液抹片鏡檢為主,,D,D,standard,,False,104090_5301.pdf,104090_MOD5301.pdf
MOEX-104090-5301-Q083,104,第二次,104090,5301,83,公共衛生學,公共衛生,,下面有關參數（parameter）信賴區間估計的敘述何者正確？,95% 單尾信賴區間與 95% 雙尾信賴區間的顯著水準 α 不同,簡單線性迴歸係數的 95% 信賴區間沒有包含 0 代表該解釋變項與反應變項有顯著的線性 關係,勝算比（Odds Ratio）的 95% 信賴區間沒有包含 0 代表該解釋變項與反應變項有關聯,檢定學生近視的比例是否與 10 年前相同，用信賴區間法進行檢定與假說檢定之 Z 檢定結 論不同,,B,B,standard,,False,104090_5301.pdf,104090_MOD5301.pdf
MOEX-104090-5301-Q084,104,第二次,104090,5301,84,公共衛生學,公共衛生,,下列那一項因素不會造成某慢性疾病的發生率產生變動？,潛伏期,疾病診斷技術,環境因素,生活習慣,,#,A|B|C|D,all_credit,第84題一律給分。,False,104090_5301.pdf,104090_MOD5301.pdf
MOEX-104090-5301-Q085,104,第二次,104090,5301,85,未分類,,,下列那一選項能夠增加統計檢定力（statistical power）？,採用雙盲（double-blind）,隨機分派（randomization）,增加樣本數（sample size）,使用對照組（control）,,C,C,standard,,False,104090_5301.pdf,104090_MOD5301.pdf
MOEX-104090-5301-Q086,104,第二次,104090,5301,86,公共衛生學,公共衛生,,某研究者想探討失業率與自殺率的關係，所以在 319 縣市中收集去年之年平均失業率與年平 均自殺率資料，下面統計分析方法何者最恰當？,線性迴歸（Linear Regression）,變異數分析（ANOVA）,羅吉斯迴歸（Logistic Regression）,列聯表分析（Contingency Table）,,A,A,standard,,False,104090_5301.pdf,104090_MOD5301.pdf
MOEX-104090-5301-Q087,104,第二次,104090,5301,87,公共衛生學,公共衛生,,下列那一種研究設計不屬於觀察型流行病學？,病例對照研究法,世代追蹤研究法,生態相關研究法,臨床試驗,,D,D,standard,,False,104090_5301.pdf,104090_MOD5301.pdf
MOEX-104090-5301-Q088,104,第二次,104090,5301,88,解剖學,上肢,上肢,所謂「健康工人效應（healthy worker effect）」是指會造成何種偏差（bias）？,選樣上偏差（selection bias）,資料上偏差（information bias）,干擾（confounding）,測量上偏差（measurement error）,,A,A,standard,,False,104090_5301.pdf,104090_MOD5301.pdf
MOEX-104090-5301-Q089,104,第二次,104090,5301,89,公共衛生學,公共衛生,,下列那一項為病例對照研究的主要缺點？,生態謬誤,回憶偏差,診斷標準改變,不適合研究稀有疾病,,B,B,standard,,False,104090_5301.pdf,104090_MOD5301.pdf
MOEX-104090-5301-Q090,104,第二次,104090,5301,90,解剖學,上肢,上肢,環保署公布之空氣污染指標值（PSI），乃是將測得之各項污染物濃度換算成副指標，再以 其中何者公布之？,所有污染物副指標中最大值,所有污染物副指標中最小值,所有污染物副指標之總和,所有污染物副指標之平均,,A,A,standard,,False,104090_5301.pdf,104090_MOD5301.pdf
MOEX-104090-5301-Q091,104,第二次,104090,5301,91,未分類,,,空氣污染物除了會對動植物造成影響外，也可能損壞建築物。損毀建築物的原因，最主要是 來自下列那一項污染物？,CO,NOx,O3,碳氫化物,,B,B,standard,,False,104090_5301.pdf,104090_MOD5301.pdf
MOEX-104090-5301-Q092,104,第二次,104090,5301,92,未分類,,,下列何者屬於衍生性空氣污染物？,二氧化硫,一氧化碳,一氧化氮,臭氧,,D,D,standard,,False,104090_5301.pdf,104090_MOD5301.pdf
MOEX-104090-5301-Q093,104,第二次,104090,5301,93,未分類,,,風險評估的四個組成，包括：危害界定、劑量效應、風險本質特性化和下列那一項？,經濟評估,技術評估,暴露評估,溝通評估,,C,C,standard,,False,104090_5301.pdf,104090_MOD5301.pdf
MOEX-104090-5301-Q094,104,第二次,104090,5301,94,解剖學,胸腔,胸腔,有效風險溝通之團隊組成，建議由四種專家為基礎共同組成，包括：,主題事件專家、投資報酬分析專家、實地溝通專業人員和風險及決策分析專家,主題事件專家、行為科學專家、實地溝通專業人員和臨床心理學專家,主題事件專家、投資報酬分析專家、技術專業人員和風險及決策分析專家,主題事件專家、行為科學專家、實地溝通專業人員和風險及決策分析專家,,D,D,standard,,False,104090_5301.pdf,104090_MOD5301.pdf
MOEX-104090-5301-Q095,104,第二次,104090,5301,95,未分類,,,健康行為改變的PRECEDE-PROCEED模式中，下列那一項是屬於增強因素（reinforcing factor）？,資源整合運用,重要他人支持,態度信念改變,支持環境的重建,,B,B,standard,,False,104090_5301.pdf,104090_MOD5301.pdf
MOEX-104090-5301-Q096,104,第二次,104090,5301,96,未分類,,,針對衛生教育計畫本身執行過程給予評核，如教學活動安排時間是否合適、教學者能否熟用 教學法、學習者是否全程參與教學活動等，是屬於下列那一種衛生教育的評價？,結果評價,過程評價,衝擊評價,成效評價,,B,B,standard,,False,104090_5301.pdf,104090_MOD5301.pdf
MOEX-104090-5301-Q097,104,第二次,104090,5301,97,未分類,,,當我們面對壓力時，以下何者最具有緩衝壓力（stress-buffering）的功能？,自我效能,楷模典範,社會支持,自我增能,,C,C,standard,,False,104090_5301.pdf,104090_MOD5301.pdf
MOEX-104090-5301-Q098,104,第二次,104090,5301,98,未分類,,,基於疾病與傷害本身的特異性以及民眾對醫療保健服務需求的特殊性，使得醫療服務市場有 一些不同於一般市場。下列何項不屬於醫療保健服務市場之特性？,需求與結果的不確定性,資訊不對等,消費者對醫療服務提供者提供之診治項目的種類、數量、價格有主導權,醫療提供者不一定會追求利潤極大，而可能以病人的需要為最重要的考量,,C,C,standard,,False,104090_5301.pdf,104090_MOD5301.pdf
MOEX-104090-5301-Q099,104,第二次,104090,5301,99,微生物免疫學/寄生蟲學,微生物免疫/寄生蟲,,與醫療品質相關的通報系統，分為政策推動與政策鼓勵兩大類，以下何者不屬於政策推動之 通報系統？,癌症登記系統,癌症篩檢系統,院內感染監測資訊系統,全國藥品不良反應通報系統,,B,B,standard,,False,104090_5301.pdf,104090_MOD5301.pdf
MOEX-104090-5301-Q100,104,第二次,104090,5301,100,未分類,,,進行人體試驗時，接受試驗者同意前，醫療機構應先告知的事項，不包括下列那一事項？,試驗目的及方法,可能產生之副作用及危險,預期試驗效果,接受試驗者撤回同意時，須經主治醫師之同意,,D,D,standard,,False,104090_5301.pdf,104090_MOD5301.pdf
MOEX-105020-5301-Q001,105,第一次,105020,5301,1,解剖學,神經解剖,神經解剖,丘腦之血流主要來自下列何者之深部分支（deep branch）？,中大腦動脈（middle cerebral artery）,椎動脈（vertebral artery）,後大腦動脈（posterior cerebral artery）,前大腦動脈（anterior cerebral artery）,,C,C,standard,,False,105020_5301.pdf,105020_MOD5301.pdf
MOEX-105020-5301-Q002,105,第一次,105020,5301,2,解剖學,神經解剖,神經解剖,Corpus callosum之血流主要來自下列何者？,前大腦動脈（anterior cerebral artery）,中大腦動脈（middle cerebral artery）,基底動脈（basilar artery）,前脈絡叢動脈（anterior choroidal artery）,,A,A,standard,,False,105020_5301.pdf,105020_MOD5301.pdf
MOEX-105020-5301-Q003,105,第一次,105020,5301,3,解剖學,神經解剖,神經解剖,下列何種小腦構造在腦壓升高時容易脫疝（herniation），進而壓迫腦幹？,inferior vermis,flocculonodular lobe,扁桃體（tonsil）,下小腦腳（inferior cerebellar peduncle）,,C,C,standard,,False,105020_5301.pdf,105020_MOD5301.pdf
MOEX-105020-5301-Q004,105,第一次,105020,5301,4,解剖學,神經解剖,神經解剖,下列何者不是副交感神經核？,上唾液核（superior salivatory nucleus）,迷走神經背運動核（dorsal motor nucleus of vagus nerve）,三叉神經運動核（trigeminal motor nucleus）,Edinger-Westphal nucleus,,C,C,standard,,False,105020_5301.pdf,105020_MOD5301.pdf
MOEX-105020-5301-Q005,105,第一次,105020,5301,5,解剖學,神經解剖,神經解剖,①小腦 ②內耳 ③腦幹等三個構造中，何者受損可能造成暈眩（vertigo）？,僅①②,僅②③,僅②,①②③,,D,D,standard,,False,105020_5301.pdf,105020_MOD5301.pdf
MOEX-105020-5301-Q006,105,第一次,105020,5301,6,解剖學,神經解剖,神經解剖,下列何者由上、中咽縮肌間通過？,舌咽神經（glossopharyngeal nerve）,喉內神經（internal laryngeal nerve）,喉上動脈（superior laryngeal artery）,喉返神經（recurrent laryngeal nerve）,,A,A,standard,,False,105020_5301.pdf,105020_MOD5301.pdf
MOEX-105020-5301-Q007,105,第一次,105020,5301,7,組織學,組織學,,下列有關上頸神經節（superior cervical ganglion）的敘述，何者錯誤？,不在頸動脈鞘（carotid sheath）內,頭最長肌（longus capitis）通常在它的前面,節後神經與CN IX及CN X共同形成咽神經叢（pharyngeal plexus）,節後神經會經由CN V的分支到唾液腺,,B,B,standard,,False,105020_5301.pdf,105020_MOD5301.pdf
MOEX-105020-5301-Q008,105,第一次,105020,5301,8,組織學,組織學,,下頜下腺（submandibular gland）位於下列何處？,肌三角（muscular triangle）,頸動脈三角（carotid triangle）,二腹肌三角（digastric triangle）,頦下三角（submental triangle）,,C,C,standard,,False,105020_5301.pdf,105020_MOD5301.pdf
MOEX-105020-5301-Q009,105,第一次,105020,5301,9,解剖學,神經解剖,神經解剖,與聽覺傳遞有關的神經節是：,耳神經節（otic ganglion）,前庭神經節（vestibular ganglion）,螺旋神經節（spiral ganglion）,翼腭神經節（pterygopalatine ganglion）,,C,C,standard,,False,105020_5301.pdf,105020_MOD5301.pdf
MOEX-105020-5301-Q010,105,第一次,105020,5301,10,組織學,組織學,,重建鼻中隔（nasal septum）時需要修復①鼻骨 ②隔軟骨 ③下鼻甲骨 ④篩骨 ⑤犁骨 ⑥額骨等六個構造中的那些？,①③⑥,②④⑤,③④⑥,①②⑤,,#,B|D,multiple_accepted,第10題答B、D給分，,False,105020_5301.pdf,105020_MOD5301.pdf
MOEX-105020-5301-Q011,105,第一次,105020,5301,11,解剖學,神經解剖,神經解剖,下列何者不控制附著於舌骨（hyoid bone）的肌肉？,面神經（facial nerve）,舌咽神經（glossopharyngeal nerve）,舌下神經（hypoglossal nerve）,第五顱神經第三支,,B,B,standard,,False,105020_5301.pdf,105020_MOD5301.pdf
MOEX-105020-5301-Q012,105,第一次,105020,5301,12,解剖學,胸腔,胸腔,左側胸骨旁第2肋間處的穿刺傷最可能傷害下列何者？,右心室（right ventricle）,右心房（right atrium）,上腔靜脈（superior vena cava）,肺動脈幹（pulmonary trunk）,,D,D,standard,,False,105020_5301.pdf,105020_MOD5301.pdf
MOEX-105020-5301-Q013,105,第一次,105020,5301,13,解剖學,胸腔,胸腔,在心臟後方，位於肺靜脈（pulmonary vein）及上腔靜脈（superior vena cava）基部的是：,心包膜橫竇（transverse pericardial sinus）,心包膜斜竇（oblique pericardial sinus）,冠狀竇（coronary sinus）,心包膜腔橫膈面（diaphragmic surface of pericardial cavity）,,B,B,standard,,False,105020_5301.pdf,105020_MOD5301.pdf
MOEX-105020-5301-Q014,105,第一次,105020,5301,14,解剖學,腹部,腹部,位於膽囊與圓韌帶裂隙（fissure for ligamentum teres）間的是肝臟的那個部分？,左葉,右葉,方形葉（quadrate lobe）,尾葉（caudate lobe）,,C,C,standard,,False,105020_5301.pdf,105020_MOD5301.pdf
MOEX-105020-5301-Q015,105,第一次,105020,5301,15,解剖學,神經解剖,神經解剖,膈神經（phrenic nerve）起自那個脊髓段位？,C3～5,C7～T2,T3～5,T6～10,,A,A,standard,,False,105020_5301.pdf,105020_MOD5301.pdf
MOEX-105020-5301-Q016,105,第一次,105020,5301,16,解剖學,腹部,腹部,下列何者不是腰神經叢的分支？,髂腹下神經（iliohypogastric nerve）,髂腹股溝神經（ilioinguinal nerve）,後股皮神經（posterior femoral cutaneous nerve）,閉孔神經（obturator nerve）,,C,C,standard,,False,105020_5301.pdf,105020_MOD5301.pdf
MOEX-105020-5301-Q017,105,第一次,105020,5301,17,胚胎學,胚胎學,,下列何者供應膀胱血液？,卵巢動脈,陰道動脈,直腸中動脈,陰部內動脈,,B,B,standard,,False,105020_5301.pdf,105020_MOD5301.pdf
MOEX-105020-5301-Q018,105,第一次,105020,5301,18,組織學,組織學,,下列何者是骨盆橫膈（pelvic diaphragm）的一部分？,提肛肌（levator ani）,閉孔內肌（obturator internus）,會陰深橫肌（deep transverse perineal muscle）,尿道外括約肌（external urethral sphincter）,,A,A,standard,,False,105020_5301.pdf,105020_MOD5301.pdf
MOEX-105020-5301-Q019,105,第一次,105020,5301,19,解剖學,骨盆與會陰,骨盆與會陰,下列何者之分支不供應陰囊（scrotum）？,提睪肌動脈（cremasteric artery）,股動脈（femoral artery）,陰莖球動脈（artery of the bulb of penis）,髂內動脈（internal iliac artery）,,C,C,standard,,False,105020_5301.pdf,105020_MOD5301.pdf
MOEX-105020-5301-Q020,105,第一次,105020,5301,20,解剖學,腹部,腹部,下列何者出現於骨盆且直接源自腰神經叢（lumbar plexus）？,臀上神經（superior gluteal nerve）,至閉孔內肌之神經（nerve to obturator internus）,閉孔神經（obturator nerve）,骨盆內臟神經（pelvic splanchnic nerve）,,C,C,standard,,False,105020_5301.pdf,105020_MOD5301.pdf
MOEX-105020-5301-Q021,105,第一次,105020,5301,21,解剖學,腹部,腹部,直腸乙狀結腸交接處（rectosigmoid junction）位於下列那個節段？,第一薦椎（S1）,第二薦椎（S2）,第三薦椎（S3）,第四薦椎（S4）,,C,C,standard,,False,105020_5301.pdf,105020_MOD5301.pdf
MOEX-105020-5301-Q022,105,第一次,105020,5301,22,解剖學,骨盆與會陰,骨盆與會陰,下列何者是主要造成子宮前傾（anteflexion）的構造？,闊韌帶（broad ligament）,主韌帶（cardinal ligament）,子宮圓韌帶（round ligament of the uterus）,子宮薦韌帶（uterosacral ligament）,,C,C,standard,,False,105020_5301.pdf,105020_MOD5301.pdf
MOEX-105020-5301-Q023,105,第一次,105020,5301,23,解剖學,腹部,腹部,下列何者在小腿沒有血管伴行？,腓腸神經（sural nerve）,腓深神經（deep fibular nerve）,腓淺神經（superficial fibular nerve）,脛神經（tibial nerve）,,C,C,standard,,False,105020_5301.pdf,105020_MOD5301.pdf
MOEX-105020-5301-Q024,105,第一次,105020,5301,24,解剖學,腹部,腹部,下列何者不共同形成跟腱（calcaneal tendon）？,腓腸肌（gastrocnemius）,比目魚肌（soleus）,膕肌（popliteus）,蹠肌（plantaris）,,C,C,standard,,False,105020_5301.pdf,105020_MOD5301.pdf
MOEX-105020-5301-Q025,105,第一次,105020,5301,25,解剖學,下肢,下肢,下列何者同時跨過髖關節（hip joint）與膝關節（knee joint）？,縫匠肌（sartorius）,內收大肌（adductor magnus）,股外側肌（vastus lateralis）,股內側肌（vastus medialis）,,A,A,standard,,False,105020_5301.pdf,105020_MOD5301.pdf
MOEX-105020-5301-Q026,105,第一次,105020,5301,26,解剖學,上肢,上肢,下列何者受損會導致手指無法內收（adduction）夾住紙片？,橈神經的深支（deep branch of radial nerve）,橈神經的淺支（superficial branch of radial nerve）,尺神經的深支（deep branch of ulnar nerve）,尺神經的淺支（superficial branch of ulnar nerve）,,C,C,standard,,False,105020_5301.pdf,105020_MOD5301.pdf
MOEX-105020-5301-Q027,105,第一次,105020,5301,27,組織學,組織學,,腋神經（axillary nerve）受損時，會造成下列那一塊旋轉套（rotator cuff）肌肉無力？,棘上肌（supraspinatus muscle）,棘下肌（infraspinatus muscle）,肩胛下肌（subscapularis muscle）,小圓肌（teres minor）,,D,D,standard,,False,105020_5301.pdf,105020_MOD5301.pdf
MOEX-105020-5301-Q028,105,第一次,105020,5301,28,解剖學,上肢,上肢,下列何者由尺神經（ulnar nerve）支配？,拇指對掌肌（opponens pollicis）,外展拇指短肌（abductor pollicis brevis）,屈拇指短肌（flexor pollicis brevis）,內收拇指肌（adductor pollicis）,,D,D,standard,,False,105020_5301.pdf,105020_MOD5301.pdf
MOEX-105020-5301-Q029,105,第一次,105020,5301,29,胚胎學,胚胎學,,下列有關骶尾畸胎瘤（sacrococcygeal teratoma）之敘述，何者正確？,由外胚層和中胚層的細胞組成,原條（primitive streak）閉鎖不全所造成,產前的超音波檢查不易發現,常發生於男性新生兒,,#,A|B|C|D,all_credit,第29題一律給分，,False,105020_5301.pdf,105020_MOD5301.pdf
MOEX-105020-5301-Q030,105,第一次,105020,5301,30,胚胎學,胚胎學,,下列何者作為前腭唇裂（cleft lip and palate）和後腭唇裂分界的指標？,盲孔（foramen cecum）,門齒窩（incisive fossa）,大腭管（greater palatine canal）,卵圓孔（foramen ovale）,,B,B,standard,,False,105020_5301.pdf,105020_MOD5301.pdf
MOEX-105020-5301-Q031,105,第一次,105020,5301,31,解剖學,骨盆與會陰,骨盆與會陰,下列何者由輸尿管芽（ureteric bud）形成？,鮑氏囊（Bowman's capsule）,近曲小管（proximal convoluted tubule）,絲球體（glomerulus）,集尿小管（collecting tubule）,,D,D,standard,,False,105020_5301.pdf,105020_MOD5301.pdf
MOEX-105020-5301-Q032,105,第一次,105020,5301,32,組織學,組織學,,下列何者不是衍生自軸下區肌節（hypaxial division of myotomes）？,頭夾肌（splenius capitis muscle）,中斜角肌（middle scalene muscle）,肋間肌（intercostal muscle）,腰方肌（quadratus lumborum muscle）,,A,A,standard,,False,105020_5301.pdf,105020_MOD5301.pdf
MOEX-105020-5301-Q033,105,第一次,105020,5301,33,組織學,組織學,,有關冷凍割斷術（freeze fracture technique），下列敘述何者錯誤？,細胞膜之內葉層（inner leaflet）與外葉層（outer leaflet）間，可呈現為P面（P-face）與 E面（E-face）,可觀察細胞膜內的結構,P面（P-face）即為膜外葉層（outer leaflet）的內面,P面（P-face）所含蛋白質顆粒較E面（E-face）多,,C,C,standard,,False,105020_5301.pdf,105020_MOD5301.pdf
MOEX-105020-5301-Q034,105,第一次,105020,5301,34,組織學,組織學,,有關蝕骨細胞（osteoclast）的敘述，下列何者錯誤？,位於吸收陷窩（Howship's lacunae）,多核,細胞質內具有許多溶酶體（lysosomes）,細胞質呈嗜鹼性,,D,D,standard,,False,105020_5301.pdf,105020_MOD5301.pdf
MOEX-105020-5301-Q035,105,第一次,105020,5301,35,組織學,組織學,,在一般情況下，下列那些基質（matrix）不會進行鈣化（calcification）？①彈性軟骨 （elastic cartilage） ②透明軟骨（hyaline cartilage） ③纖維軟骨（fibrocartilage）,①②,①③,②③,①②③,,B,B,standard,,False,105020_5301.pdf,105020_MOD5301.pdf
MOEX-105020-5301-Q036,105,第一次,105020,5301,36,組織學,組織學,,有關骨骼肌和平滑肌的比較，下列敘述何者錯誤？,骨骼肌是多核細胞，平滑肌是單核細胞,骨骼肌細胞核位在細胞的周邊，平滑肌細胞核位在中央,骨骼肌具有橫紋，平滑肌則無,骨骼肌可經有絲分裂增殖，平滑肌則否,,D,D,standard,,False,105020_5301.pdf,105020_MOD5301.pdf
MOEX-105020-5301-Q037,105,第一次,105020,5301,37,組織學,組織學,,脾靜脈竇（splenic sinuses）的管壁內襯主要由下列那種細胞構成？,巨噬細胞（macrophages）,桿狀內皮細胞（rod-shaped endothelial cells）,纖維母細胞（fibroblasts）,網狀細胞（ reticular cells）,,B,B,standard,,False,105020_5301.pdf,105020_MOD5301.pdf
MOEX-105020-5301-Q038,105,第一次,105020,5301,38,組織學,組織學,,穿孔型微血管（fenestrated capillaries）出現於下列何者？,肌肉,肺,膽囊,大腦皮質,,C,C,standard,,False,105020_5301.pdf,105020_MOD5301.pdf
MOEX-105020-5301-Q039,105,第一次,105020,5301,39,組織學,組織學,,胃賁門部（cardiac portion）上皮那類細胞最多？,表面黏膜細胞（surface mucous cells）,腸內分泌細胞（enteroendocrine cells）,壁細胞（parietal cells）,再生幹細胞（regenerative stem cells）,,A,A,standard,,False,105020_5301.pdf,105020_MOD5301.pdf
MOEX-105020-5301-Q040,105,第一次,105020,5301,40,組織學,組織學,,和血液中鈣離子濃度調節有關的細胞是：,松果腺主細胞（pinealocytes）,甲狀腺濾泡細胞（thyroid follicular cells）,腎上腺嗜鉻細胞（chromaffin cells）,副甲狀腺主細胞（chief cells of parathyroid gland）,,D,D,standard,,False,105020_5301.pdf,105020_MOD5301.pdf
MOEX-105020-5301-Q041,105,第一次,105020,5301,41,微生物免疫學/寄生蟲學,微生物免疫/寄生蟲,,有關男性生殖系統之組織，下列敘述何者錯誤？,萊迪氏細胞腫瘤（Leydig cell tumors）大多屬良性,精子及精原細胞（spermatogenic cells）內具有特定分子，被免疫系統辨識為外來而非自 身的,男性結紮手術是將輸精管（ductus deferens）分離、綁緊並切斷,"良性前列腺腫大（benign prostatic hypertrophy, BPH）好發於其周圍區（peripheral zone）",,D,D,standard,,False,105020_5301.pdf,105020_MOD5301.pdf
MOEX-105020-5301-Q042,105,第一次,105020,5301,42,微生物免疫學/寄生蟲學,微生物免疫/寄生蟲,,炭疽桿菌edema factor、霍亂毒素及百日咳毒素，有何共同處？,都抑制寄主細胞的蛋白質合成,“可導致細胞內cAMP濃度增高”,有脂肪酵素活性（phospholipase C），可以溶化細胞膜,都能引起寄主腹瀉（diarrhea）,,B,B,standard,,False,105020_5301.pdf,105020_MOD5301.pdf
MOEX-105020-5301-Q043,105,第一次,105020,5301,43,微生物免疫學/寄生蟲學,微生物免疫/寄生蟲,,有關志賀氏桿菌（Shigella）的敘述，下列何者錯誤？,桿菌性痢疾（bacillary dysentery）的主要病原菌,痢疾志賀氏桿菌（Shigella dysenteriae）可產生Shiga toxin,具侵犯性，會侵入腸壁細胞並擴散至鄰近細胞,引發感染需要超過108的菌量,,D,D,standard,,False,105020_5301.pdf,105020_MOD5301.pdf
MOEX-105020-5301-Q044,105,第一次,105020,5301,44,微生物免疫學/寄生蟲學,微生物免疫/寄生蟲,,下列有關傷寒（typhoid fever）及其病原菌的敘述，何者錯誤？,傷寒桿菌（Salmonella typhi）可在人體的吞噬細胞內存活並繁殖,病人的糞便檢體在發病第一週細菌培養常呈陽性結果,傷寒帶原者，細菌多潛伏於膽囊,菌體的Vi莢膜多 體（Vi capsular polysaccharides）可以作為疫苗,,B,B,standard,,False,105020_5301.pdf,105020_MOD5301.pdf
MOEX-105020-5301-Q045,105,第一次,105020,5301,45,微生物免疫學/寄生蟲學,微生物免疫/寄生蟲,,下列那一項是Streptococcus pyogenes的superantigen？,M-protein,F-protein,heat-labile toxin（speA）,Streptolysin S,,C,C,standard,,False,105020_5301.pdf,105020_MOD5301.pdf
MOEX-105020-5301-Q046,105,第一次,105020,5301,46,未分類,,,下列那一種Staphylococcal enterotoxin最易導致pseudomembranous enterocolitis？,Enterotoxin A,Enterotoxin B,Enterotoxin C,Enterotoxin D,,B,B,standard,,False,105020_5301.pdf,105020_MOD5301.pdf
MOEX-105020-5301-Q047,105,第一次,105020,5301,47,微生物免疫學/寄生蟲學,微生物免疫/寄生蟲,,一般細菌中能產生芽胞的桿菌，革蘭氏染色結果為：,紅色,綠色,深紫色,黃色,,C,C,standard,,False,105020_5301.pdf,105020_MOD5301.pdf
MOEX-105020-5301-Q048,105,第一次,105020,5301,48,微生物免疫學/寄生蟲學,微生物免疫/寄生蟲,,下列有關Bacillus anthracis臨床診斷感染之敘述，那一項錯誤？,可直接利用革蘭氏染色法檢查檢體中細菌的特徵,臨床檢體中之細菌是桿狀但不會有莢膜（capsule）之形成,可利用gamma phage造成細菌溶解,可採用DFA test檢測細胞壁多醣體,,B,B,standard,,False,105020_5301.pdf,105020_MOD5301.pdf
MOEX-105020-5301-Q049,105,第一次,105020,5301,49,微生物免疫學/寄生蟲學,微生物免疫/寄生蟲,,下列何種病毒感染會造成單核球增多、嗜異性抗體（heterophile antibody）陰性以及肝炎的 症狀？,Epstein-Barr virus,Human herpesvirus-6,Human T-cell lymphotropic virus type 1,Cytomegalovirus,,#,A|D,multiple_accepted,第49題答A、D給分，,False,105020_5301.pdf,105020_MOD5301.pdf
MOEX-105020-5301-Q050,105,第一次,105020,5301,50,微生物免疫學/寄生蟲學,微生物免疫/寄生蟲,,下列關於HIV（Human immunodeficiency virus）的敘述，何者錯誤？,M-tropic病毒會利用CXCR4當作其細胞的受器之一,T-tropic病毒通常會隨著病人病程的進展而增加,Kaposi’s sarcoma是常見於愛滋病人的癌症,CD4 T細胞數目降至200/µL 以下，易出現伺機性感染,,A,A,standard,,False,105020_5301.pdf,105020_MOD5301.pdf
MOEX-105020-5301-Q051,105,第一次,105020,5301,51,微生物免疫學/寄生蟲學,微生物免疫/寄生蟲,,膿性指頭炎（whitlow）是由那一種病毒所引起？,Cytomegalovirus,Herpes simplex virus,Human papillomavirus,Human herpesvirus-6,,B,B,standard,,False,105020_5301.pdf,105020_MOD5301.pdf
MOEX-105020-5301-Q052,105,第一次,105020,5301,52,微生物免疫學/寄生蟲學,微生物免疫/寄生蟲,,下列有關Parvoviridae的敘述，何者錯誤？,Adenovirus-associated virus屬於這一科的病毒,雙股DNA病毒,沒有外套（envelope）,結構屬於二十面體的病毒,,B,B,standard,,False,105020_5301.pdf,105020_MOD5301.pdf
MOEX-105020-5301-Q053,105,第一次,105020,5301,53,微生物免疫學/寄生蟲學,微生物免疫/寄生蟲,,下列何種病毒具有雙層蛋白衣（double-layered capsid），需經胰蛋白酶消化成ISVP （intermediate/infectious subviral particle）後才會增強其感染能力？,諾羅病毒（Norovirus）,輪狀病毒（Rotavirus）,副流感病毒（Parainfluenza virus）,麻疹病毒（Measles virus）,,#,A|B|C|D,all_credit,第53題一律給分，,False,105020_5301.pdf,105020_MOD5301.pdf
MOEX-105020-5301-Q054,105,第一次,105020,5301,54,微生物免疫學/寄生蟲學,微生物免疫/寄生蟲,,感染下列何種病毒，有機會經多年後復發引起亞急性硬化全腦炎（subacute sclerosing panencephalitis)？,麻疹病毒（Measles virus）,腮腺炎病毒（Mumps virus）,立百病毒（Nipah virus）,亨得拉病毒（Hendra virus）,,A,A,standard,,False,105020_5301.pdf,105020_MOD5301.pdf
MOEX-105020-5301-Q055,105,第一次,105020,5301,55,微生物免疫學/寄生蟲學,微生物免疫/寄生蟲,,有關Corynebacterium jeikeium之敘述，下列何者錯誤？,常由菌血症之住院病人所分離,免疫功能不全之患者易受感染,對大部分常用抗生素具感受性,屬於嗜脂性棒狀桿菌（Lipophilic Corynebacteria）,,C,C,standard,,False,105020_5301.pdf,105020_MOD5301.pdf
MOEX-105020-5301-Q056,105,第一次,105020,5301,56,微生物免疫學/寄生蟲學,微生物免疫/寄生蟲,,現在已知的肝炎病毒中，下列那一項敘述錯誤？,A型和E型傳染途徑為糞口傳染,A、C、D與E型之核酸均為RNA，唯有B型為部分雙股環狀（partially double-stranded cricular）DNA,B和C型可導致慢性肝炎,D型肝炎需A型之幫助來傳染和複製,,D,D,standard,,False,105020_5301.pdf,105020_MOD5301.pdf
MOEX-105020-5301-Q057,105,第一次,105020,5301,57,微生物免疫學/寄生蟲學,微生物免疫/寄生蟲,,關於subcutaneous mycoses及其致病原之關聯，下列何者正確？,Sporotrichosis-Chaetomium spp.,Chromoblastomycosis- Madurella spp.,Eumycotic mycetoma-Aspergillus nidulans,Subcutaneous zygomycosis-Sporothrix schenckii,,C,C,standard,,False,105020_5301.pdf,105020_MOD5301.pdf
MOEX-105020-5301-Q058,105,第一次,105020,5301,58,微生物免疫學/寄生蟲學,微生物免疫/寄生蟲,,血清D-arabinitol含量主要用來偵測下列何種病原菌之感染？,Histoplasma capsulatum,Penicillium marneffei,Cryptococcus neoformans,Candida albicans,,D,D,standard,,False,105020_5301.pdf,105020_MOD5301.pdf
MOEX-105020-5301-Q059,105,第一次,105020,5301,59,未分類,,,HIV-1各分離株（isolates）之間常有變異性，尤其那個基因差異最大？,env,gag,pol,LTR,,A,A,standard,,False,105020_5301.pdf,105020_MOD5301.pdf
MOEX-105020-5301-Q060,105,第一次,105020,5301,60,微生物免疫學/寄生蟲學,微生物免疫/寄生蟲,,一位52歲男性病患因長期胃痛至某醫學中心求診。醫師安排做胃鏡檢查，發現該病人在胃幽 門處有潰瘍，並採取若干胃黏膜組織，送細菌室培養。針對這些檢體，最適合的氣體培養環 境為何？,大氣環境（含約20%氧氣）,無氧環境,高氧環境（含約50%氧氣）,低氧環境（含約5%氧氣）,,D,D,standard,,False,105020_5301.pdf,105020_MOD5301.pdf
MOEX-105020-5301-Q061,105,第一次,105020,5301,61,微生物免疫學/寄生蟲學,微生物免疫/寄生蟲,,承上題，診斷此菌感染的其他方法，如吹氣法、酵素偵測法，是檢測此菌所產生的那種酵 素？,蛋白酶（protease）,尿素酶（urease）,核酸酶（nuclease）,凝血酶（coagulase）,,B,B,standard,,False,105020_5301.pdf,105020_MOD5301.pdf
MOEX-105020-5301-Q062,105,第一次,105020,5301,62,微生物免疫學/寄生蟲學,微生物免疫/寄生蟲,,"下列何種細胞不是抗原呈獻細胞（antigen-presenting cell, APC）？",B細胞,CD4+ T細胞,巨噬細胞（macrophage）,蘭格翰細胞（Langerhans' cells）,,B,B,standard,,False,105020_5301.pdf,105020_MOD5301.pdf
MOEX-105020-5301-Q063,105,第一次,105020,5301,63,微生物免疫學/寄生蟲學,微生物免疫/寄生蟲,,有關抗體多變區（variable domain）重鏈與輕鏈基因在進行V(D)J片段重組 （recombination）時的順序，下列何者正確？,V-J joining早於V-D joining,V-J joining早於D-J joining,D-J joining早於V-J joining,V-D joining早於D-J joining,,C,C,standard,,False,105020_5301.pdf,105020_MOD5301.pdf
MOEX-105020-5301-Q064,105,第一次,105020,5301,64,微生物免疫學/寄生蟲學,微生物免疫/寄生蟲,,B細胞發育過程中第一個表現之抗體蛋白是：,δ重鏈（δ heavy chain）,µ重鏈（µ heavy chain）,κ輕鏈（κ light chain）,λ輕鏈（λ light chain）,,B,B,standard,,False,105020_5301.pdf,105020_MOD5301.pdf
MOEX-105020-5301-Q065,105,第一次,105020,5301,65,微生物免疫學/寄生蟲學,微生物免疫/寄生蟲,,有關毒殺性T細胞（cytotoxic T lymphocyte，CTL）與自然殺手細胞（natural killer cell， NK）之敘述，何者正確？,CTL與NK皆可利用perforin及granzyme分子毒殺標的細胞,NK需要辨認MHC class I與專一性抗原才可活化其毒殺機制,CTL只需要辨認MHC class I本身即可活化其毒殺機制,CTL與NK皆可分化變成記憶性細胞,,A,A,standard,,False,105020_5301.pdf,105020_MOD5301.pdf
MOEX-105020-5301-Q066,105,第一次,105020,5301,66,微生物免疫學/寄生蟲學,微生物免疫/寄生蟲,,對於剛成熟的B細胞（mature naive B cell）與記憶性B細胞的敘述，下列何者最正確？,成熟B細胞的細胞膜上有IgG抗體,成熟B細胞已經結合辨識過抗原了,記憶性B細胞存在於胸腺中數量最多,記憶性B細胞產生的抗體通常較具高親和力,,D,D,standard,,False,105020_5301.pdf,105020_MOD5301.pdf
MOEX-105020-5301-Q067,105,第一次,105020,5301,67,組織學,組織學,,樹突細胞可以誘導調節性T細胞的分化，下列那個分子與此功能無直接關聯？,IL-10,TGF-β,"Indoleamine 2, 3 dioxygenase（IDO）",IL-6,,D,D,standard,,False,105020_5301.pdf,105020_MOD5301.pdf
MOEX-105020-5301-Q068,105,第一次,105020,5301,68,微生物免疫學/寄生蟲學,微生物免疫/寄生蟲,,Fas的基因剔除小鼠（gene knockout mice）會產生何種自體免疫病變？,發炎性腸道疾病（inflammatory bowel disease）,淋巴球增生疾病（lymphoproliferative disease）,類風濕性關節炎（rheumatoid arthritis）,去髓鞘病變（demyelinating disease）,,B,B,standard,,False,105020_5301.pdf,105020_MOD5301.pdf
MOEX-105020-5301-Q069,105,第一次,105020,5301,69,微生物免疫學/寄生蟲學,微生物免疫/寄生蟲,,偵測病毒雙股RNA的主要受器為下列何者？,Toll-like receptor 3,Toll-like receptor 7,Toll-like receptor 6,Toll-like receptor 4,,A,A,standard,,False,105020_5301.pdf,105020_MOD5301.pdf
MOEX-105020-5301-Q070,105,第一次,105020,5301,70,微生物免疫學/寄生蟲學,微生物免疫/寄生蟲,,最常見的性聯遺傳型嚴重混合性免疫缺損（XSCID）病患細胞中，產生基因突變的白血球分 子應該歸為於下列那一種類？,細胞激素接受體的訊息傳遞分子,細胞骨架的組成分子,細胞游走（migration）所需要的粘著分子,血球產生活性氧自由基的酵素,,A,A,standard,,False,105020_5301.pdf,105020_MOD5301.pdf
MOEX-105020-5301-Q071,105,第一次,105020,5301,71,微生物免疫學/寄生蟲學,微生物免疫/寄生蟲,,有關結核菌素引發之過敏反應的敘述，下列何者最正確？,IgE為主要參與反應的抗體,由活化之T淋巴細胞主導,常於接種結核菌素後半小時內發作,發現有大量嗜酸性球浸潤,,B,B,standard,,False,105020_5301.pdf,105020_MOD5301.pdf
MOEX-105020-5301-Q072,105,第一次,105020,5301,72,微生物免疫學/寄生蟲學,微生物免疫/寄生蟲,,由於體超突變機轉（somatic hypermutation）使得在發育中心（germinal center）的B淋巴 球能產生出對抗原結合性更高的抗體，但是此過程之中也偶而會有產生自體抗體的B淋巴 球，這時免疫系統如何處理？,這些產生自體抗體的B淋巴球，停留於發育中心並不離開，以便於將來遇到自體抗原時再 產生自體抗體,這些產生自體抗體的B淋巴球，因與補體結合而活化增生,這些產生自體抗體的B淋巴球，會遇到巨噬細胞而被清除,這些產生自體抗體的B淋巴球，在缺乏T細胞幫助之下凋亡，因而被清除,,D,D,standard,,False,105020_5301.pdf,105020_MOD5301.pdf
MOEX-105020-5301-Q073,105,第一次,105020,5301,73,微生物免疫學/寄生蟲學,微生物免疫/寄生蟲,,下列有關腫瘤抗原的敘述，何者錯誤？,突變後的self-antigens,部分是胎兒時期表現的蛋白,部分是正常的細胞生長因子接受器,與抗原蛋白質之醣化修飾作用無關,,D,D,standard,,False,105020_5301.pdf,105020_MOD5301.pdf
MOEX-105020-5301-Q074,105,第一次,105020,5301,74,組織學,組織學,,類固醇藥物（corticosteroids）之作用，下列何者錯誤？,促進白血球（leukocytes）凋亡（apoptosis）,促進細胞激素（cytokines）產生,抑制白血球（leukocytes）遷移（migration）,抑制前列腺素（prostaglandins）的產生,,B,B,standard,,False,105020_5301.pdf,105020_MOD5301.pdf
MOEX-105020-5301-Q075,105,第一次,105020,5301,75,微生物免疫學/寄生蟲學,微生物免疫/寄生蟲,,下列有關蟯蟲（Enterobius vermicularis）感染的敘述，何者錯誤？,蟲卵可藉空氣傳播感染人體,感染後易干擾夜間睡眠,婦女感染後有可能引起骨盆腔腹膜炎（chronic pelvic peritonitis）,最正確的診斷方式為檢查患者糞便中的蟲卵,,D,D,standard,,False,105020_5301.pdf,105020_MOD5301.pdf
MOEX-105020-5301-Q076,105,第一次,105020,5301,76,微生物免疫學/寄生蟲學,微生物免疫/寄生蟲,,熱帶肺部嗜酸性白血球增多症（tropical pulmonary eosinophilia）的病患常呈現下列特徵， 何者除外？,血清中呈現高效價抗絲蟲抗體,除肺部外，末梢血液中之嗜酸性白血球也增多,大量微絲蟲（microfilaria）會出現在末梢血液中,用diethylcarbamazine治療有效,,C,C,standard,,False,105020_5301.pdf,105020_MOD5301.pdf
MOEX-105020-5301-Q077,105,第一次,105020,5301,77,微生物免疫學/寄生蟲學,微生物免疫/寄生蟲,,朱先生近年來因業務關係而經常前往中國大陸、泰國及越南等地區，其本人嗜食生魚片及魚 生粥，日前因腹部不適及出現黃疸病症（jaundice）而就醫，經醫院檢查發現有膽管阻塞， 並經手術取出數條蟲體。依據上述結果，朱先生最不可能感染何種寄生蟲？,中華肝吸蟲（Clonorchis sinensis）,貓肝吸蟲（Opisthorchis felineus）,泰國肝吸蟲（Opisthorchis viverrini）,槍狀肝吸蟲（Dicrocoelium dendriticum）,,D,D,standard,,False,105020_5301.pdf,105020_MOD5301.pdf
MOEX-105020-5301-Q078,105,第一次,105020,5301,78,微生物免疫學/寄生蟲學,微生物免疫/寄生蟲,,下列有關廣節裂頭絛蟲（Diphyllobothrium latum）的敘述，何者錯誤？,蟲卵具有卵蓋（operculum）,長尾幼蟲（plerocercoid）具感染人體之能力,感染人體會引起缺鐵性貧血,生活史須經過兩個中間宿主的發育過程,,C,C,standard,,False,105020_5301.pdf,105020_MOD5301.pdf
MOEX-105020-5301-Q079,105,第一次,105020,5301,79,微生物免疫學/寄生蟲學,微生物免疫/寄生蟲,,下列寄生蟲之配對，其生活史中皆無囊體期（cyst stage）者為何？,麥氏唇鞭毛蟲（Chilomastix mesnili）及陰道滴蟲（Trichomonas vaginalis）,雙核阿米巴（Dientamoeba fragilis）及腸道滴蟲［Trichomonas（Pentatrichomonas） hominis］,大腸纖毛蟲（Balantidium coli）及齒齦阿米巴（Entamoeba gingivalis）,嗜碘阿米巴（Iodamoeba bütschlii）及口腔滴蟲（Trichomonas tenax）,,B,B,standard,,False,105020_5301.pdf,105020_MOD5301.pdf
MOEX-105020-5301-Q080,105,第一次,105020,5301,80,組織學,組織學,,下列敘述何者錯誤？,福氏內格里阿米巴（Naegleria fowleri）的患者通常為身體虛弱的老人，發病前一週曾經游 泳,原發性阿米巴腦膜腦炎（primary amebic meningoencephalitis）患者，如未及時診治，通 常在症狀出現後3～6天內死亡,如在患者組織切片中同時發現滋養體（trophozoites）及囊體（cysts），患者最可能是感 染了棘阿米巴（Acanthamoeba spp.）,棘阿米巴（Acanthamoeba spp.）也可能造成角膜炎及皮膚潰瘍,,A,A,standard,,False,105020_5301.pdf,105020_MOD5301.pdf
MOEX-105020-5301-Q081,105,第一次,105020,5301,81,解剖學,頭頸部,頭頸部,下列何者為臨床上常見造成小兒氣喘之致敏原（allergen）？,頭蝨（head louse）,跳蚤（flea）,塵蟎（dust mite）,狗蜱（dog tick）,,C,C,standard,,False,105020_5301.pdf,105020_MOD5301.pdf
MOEX-105020-5301-Q082,105,第一次,105020,5301,82,微生物免疫學/寄生蟲學,微生物免疫/寄生蟲,,病媒蜱（tick）目前仍是許多感染症之病媒，下列何種感染症不是經由病媒蜱所傳播？,巴貝氏原蟲症（babesiosis）,艾利克次體症（ehrlichiosis）,萊姆病（Lyme disease）,戰壕熱（trench fever）,,D,D,standard,,False,105020_5301.pdf,105020_MOD5301.pdf
MOEX-105020-5301-Q083,105,第一次,105020,5301,83,未分類,,,比較兩組病人的存活時間（survival time）可使用下列何種統計方法？,Chi-square test,Student's t test,Mann-Whitney test,Log rank test,,#,A|B|C|D,all_credit,第83題 答A、B、C、D給分，,False,105020_5301.pdf,105020_MOD5301.pdf
MOEX-105020-5301-Q084,105,第一次,105020,5301,84,公共衛生學,公共衛生,,"兩種麻醉藥物死亡率差異的 95% 信賴區間為（-0.142, 0.102），若將檢定之顯著性水準由 0.05 更改為 0.01，其他條件不變下，檢定兩種麻醉藥物的死亡率是否有差異，下列敘述何者 正確？",兩種麻醉藥物的死亡率達統計顯著,兩種麻醉藥物的死亡率未達統計顯著,無法下結論,此檢定的結果有可能犯下型一錯誤（type I error）,,B,B,standard,,False,105020_5301.pdf,105020_MOD5301.pdf
MOEX-105020-5301-Q085,105,第一次,105020,5301,85,公共衛生學,公共衛生,,欲了解停經後婦女長期服用荷爾蒙補充療法（hormone replacement therapy）對身體各器官 系統的影響，以下列何種方式進行研究最適當？,動物模式實驗,隨機分派試驗,世代追蹤研究,病例對照研究,,C,C,standard,,False,105020_5301.pdf,105020_MOD5301.pdf
MOEX-105020-5301-Q086,105,第一次,105020,5301,86,未分類,,,平均值為 150，標準差為 15 之常態分布，經過標準化之後的標準差為何？,0,1,10,15,,B,B,standard,,False,105020_5301.pdf,105020_MOD5301.pdf
MOEX-105020-5301-Q087,105,第一次,105020,5301,87,未分類,,,比較兩組病人某項檢驗數值的平均值（mean）是否有差異，可使用下列何種統計方法？,卡方檢定（Chi-square test）,t檢定（Student's t test）,曼惠特尼檢定（Mann-Whitney test）,符號檢定（Sign test）,,B,B,standard,,False,105020_5301.pdf,105020_MOD5301.pdf
MOEX-105020-5301-Q088,105,第一次,105020,5301,88,公共衛生學,公共衛生,,醫師判讀一項檢查結果時必須知道該檢查的特異度（specificity）。何謂特異度 （specificity）？,檢查結果為陽性的病人中，確實有該項疾病的機率,檢查結果為陰性的病人中，確實沒有該項疾病的機率,有該項疾病的病人中，檢查結果為陽性的機率,沒有該項疾病的病人中，檢查結果為陰性的機率,,D,D,standard,,False,105020_5301.pdf,105020_MOD5301.pdf
MOEX-105020-5301-Q089,105,第一次,105020,5301,89,解剖學,骨盆與會陰,骨盆與會陰,在進行卡方檢定時，若有某一個細格之欲預期值小於或等於5，則須選用何種統計方法較為 適當？,簡單迴歸分析（simple regression）,多變項分析（multivariate analysis）,變異量分析（analysis of variance）,費雪恰當檢定（Fisher’s exact test）,,D,D,standard,,False,105020_5301.pdf,105020_MOD5301.pdf
MOEX-105020-5301-Q090,105,第一次,105020,5301,90,解剖學,上肢,上肢,多環芳香烴（PAH）為空氣中常見污染物，通常以下列那種物質為指標污染物？,benz[a]anthracene（BaA）,benzo[a]pyrene（BaP）,benzo[k]fluoranthene（BkF）,benzo[ghi]perylene（BghiP）,,B,B,standard,,False,105020_5301.pdf,105020_MOD5301.pdf
MOEX-105020-5301-Q091,105,第一次,105020,5301,91,組織學,組織學,,下列職業性癌症之配對，何者錯誤？,掃煙囪—陰囊癌,砷—皮膚癌,苯—白血病,染料工廠—甲狀腺癌,,D,D,standard,,False,105020_5301.pdf,105020_MOD5301.pdf
MOEX-105020-5301-Q092,105,第一次,105020,5301,92,未分類,,,溫室氣體可讓短波輻射光源通過，吸收長波輻射，保存地球表面溫度，下列何者屬於溫室氣 體？,NO2,CO,O3,CFCl3,,C,C,standard,,False,105020_5301.pdf,105020_MOD5301.pdf
MOEX-105020-5301-Q093,105,第一次,105020,5301,93,未分類,,,下列那一類紫外線對人體傷害性最低？,UV-A,UV-B,UV-C,UV-D,,#,A|B|C|D,all_credit,第93題一律給分。,False,105020_5301.pdf,105020_MOD5301.pdf
MOEX-105020-5301-Q094,105,第一次,105020,5301,94,解剖學,胸腔,胸腔,造成塵肺症之危害因素屬於下列何類型？,物理性危害,化學性危害,生物性危害,人體工學危害,,B,B,standard,,False,105020_5301.pdf,105020_MOD5301.pdf
MOEX-105020-5301-Q095,105,第一次,105020,5301,95,解剖學,上肢,上肢,下列那一條神經受影響是主要造成腕道症候群的主因？,尺神經,正中神經,橈神經,腕神經,,B,B,standard,,False,105020_5301.pdf,105020_MOD5301.pdf
MOEX-105020-5301-Q096,105,第一次,105020,5301,96,組織學,組織學,,民眾要能積極地參與社區的公共事務，自發性產生集體行動，並以有組織的社區力量營造社 區的健康，下列何者為最初的要件？,民眾有意識到社區健康問題之重要性,有知名學者的社區健康調查報告,社區內有不少的民間團體,有政府的經費補助,,A,A,standard,,False,105020_5301.pdf,105020_MOD5301.pdf
MOEX-105020-5301-Q097,105,第一次,105020,5301,97,微生物免疫學/寄生蟲學,微生物免疫/寄生蟲,,當政府推動一種新的疫苗接種時，面對一些民眾對疫苗安全抱持疑慮。下列那一項不符合創 新擴散成功的要件？,相容性,相對利益,危害性,成本效益,,C,C,standard,,False,105020_5301.pdf,105020_MOD5301.pdf
MOEX-105020-5301-Q098,105,第一次,105020,5301,98,解剖學,胸腔,胸腔,有關長期照護與醫療照護之比較，下列敘述何者錯誤？,長期照護主要的對象為慢性病患或身心障礙之失能或失智者,醫療照護對象包括急性病患與慢性病患,長期照護以機構式照顧為主,醫療照護之照顧概念主要為治 疾病,,C,C,standard,,False,105020_5301.pdf,105020_MOD5301.pdf
MOEX-105020-5301-Q099,105,第一次,105020,5301,99,未分類,,,醫療品質評估方法中最常被採用的Donabedian之品質評估模式，下列何者不是其評估的主要 構面？,過程（Process）,結構（Structure）,結果（Outcome）,表現（Performance）,,D,D,standard,,False,105020_5301.pdf,105020_MOD5301.pdf
MOEX-105020-5301-Q100,105,第一次,105020,5301,100,解剖學,上肢,上肢,醫師法規範之「擅自執行醫療業務」，不包括下列何者？,非醫師執行應由醫師執行之醫療行為,非醫師執行任何醫療行為,非醫師在醫師指示下，執行不需由醫師親自執行之醫療行為,非醫師在醫師指示下，執行需由醫師親自執行之醫療行為,,C,C,standard,,False,105020_5301.pdf,105020_MOD5301.pdf
MOEX-105100-5301-Q001,105,第二次,105100,5301,1,解剖學,神經解剖,神經解剖,下列何者不是嗅覺傳導路徑的構造？,嗅球,丘腦,uncus,limen insulae,,B,B,standard,,False,105100_5301.pdf,105100_MOD5301.pdf
MOEX-105100-5301-Q002,105,第二次,105100,5301,2,解剖學,神經解剖,神經解剖,有關上小腦腳（superior cerebellar peduncle）之敘述，下列何者錯誤？,含有ventral spinocerebellar tract,含有連接小腦與下橄欖核（inferior olivary nucleus）之神經纖維,含有連接小腦與紅核之神經纖維,含有連接小腦與丘腦之神經纖維,,B,B,standard,,False,105100_5301.pdf,105100_MOD5301.pdf
MOEX-105100-5301-Q003,105,第二次,105100,5301,3,解剖學,頭頸部,頭頸部,上段頸部脊髓之血流，主要來自下列何者？,椎動脈（vertebral artery）,內頸動脈（internal carotid artery）,外頸動脈（external carotid artery）,內胸動脈（internal thoracic artery）,,A,A,standard,,False,105100_5301.pdf,105100_MOD5301.pdf
MOEX-105100-5301-Q004,105,第二次,105100,5301,4,解剖學,神經解剖,神經解剖,下列何者不參與瞳孔光反射？,pretectal area,外膝狀體（lateral geniculate body）,睫狀神經節（ciliary ganglion）,短睫神經（short ciliary nerve）,,B,B,standard,,False,105100_5301.pdf,105100_MOD5301.pdf
MOEX-105100-5301-Q005,105,第二次,105100,5301,5,解剖學,神經解剖,神經解剖,咀嚼肌的本體感覺（proprioception）主要傳入下列核區？,三叉神經脊髓核（spinal trigeminal nucleus）,面神經運動核（facial motor nucleus）,三叉神經中腦核（mesencephalic trigeminal nucleus）,孤立束核（solitary nucleus）,,C,C,standard,,False,105100_5301.pdf,105100_MOD5301.pdf
MOEX-105100-5301-Q006,105,第二次,105100,5301,6,解剖學,頭頸部,頭頸部,在門齒窩（incisive fossa）處注入麻醉劑，主要阻斷下列何神經？,鼻腭神經（nasopalatine n.）,腭大神經（greater palatine n.）,前上齒槽神經（anterior superior alveolar n.）,腭小神經（lesser palatine n.）,,A,A,standard,,False,105100_5301.pdf,105100_MOD5301.pdf
MOEX-105100-5301-Q007,105,第二次,105100,5301,7,解剖學,神經解剖,神經解剖,手術時，不慎切斷動眼神經（oculomotor n.）主幹，下列何種情形最不可能產生？,上眼瞼下垂,瞳孔放大,淚液分泌減少,睫狀肌（ciliary m.）麻痺,,C,C,standard,,False,105100_5301.pdf,105100_MOD5301.pdf
MOEX-105100-5301-Q008,105,第二次,105100,5301,8,解剖學,頭頸部,頭頸部,下列何者不參與形成鼻腔頂部？,額骨（frontal）,上頜骨（maxilla）,篩骨（ethmoid）,蝶骨（sphenoid）,,B,B,standard,,False,105100_5301.pdf,105100_MOD5301.pdf
MOEX-105100-5301-Q009,105,第二次,105100,5301,9,解剖學,頭頸部,頭頸部,3條附著在莖突（styloid process）上的肌肉，受下列六條神經中的那些支配？ ①CN V ②CN VII ③CN IX ④CN X ⑤CN XI ⑥CN XII 3,①②⑤,③④⑥,①④⑤,②③⑥,,D,D,standard,,False,105100_5301.pdf,105100_MOD5301.pdf
MOEX-105100-5301-Q010,105,第二次,105100,5301,10,組織學,組織學,,下列何者攜帶副交感節前神經纖維至耳神經節（otic ganglion）？,鼓索神經（chorda tympani n.）,大岩神經（greater petrosal n.）,小岩神經（lesser petrosal n.）,耳顳神經（auriculotemporal n.）,,C,C,standard,,False,105100_5301.pdf,105100_MOD5301.pdf
MOEX-105100-5301-Q011,105,第二次,105100,5301,11,解剖學,上肢,上肢,下列何者的起點及終點，都在中軸骨骼上？,胸大肌（pectoralis major）,胸小肌（pectoralis minor）,前鋸肌（serratus anterior）,後鋸肌（serratus posterior）,,D,D,standard,,False,105100_5301.pdf,105100_MOD5301.pdf
MOEX-105100-5301-Q012,105,第二次,105100,5301,12,解剖學,上肢,上肢,下列何者受損時，會影響前移（protract）肩胛骨（scapula）的功能？,胸大肌（pectoralis major）,胸小肌（pectoralis minor）,鎖骨下肌（subclavius）,前鋸肌（serratus anterior）,,D,D,standard,,False,105100_5301.pdf,105100_MOD5301.pdf
MOEX-105100-5301-Q013,105,第二次,105100,5301,13,解剖學,胸腔,胸腔,在正常情況下，房室節（atrioventricular node）最靠近下列何處？,右心房與上腔靜脈（superior vena cava）交接處,右心房冠狀竇（coronary sinus）開口處,心房中隔（interatrial septum）接近卵圓窩（oval fossa）處,心房中隔接近冠狀竇開口處,,D,D,standard,,False,105100_5301.pdf,105100_MOD5301.pdf
MOEX-105100-5301-Q014,105,第二次,105100,5301,14,解剖學,腹部,腹部,升結腸的動脈血主要來自：,腹腔動脈幹（celiac trunk）,腸繫膜上動脈（superior mesenteric artery）,腸繫膜下動脈（inferior mesenteric artery）,髂內動脈（internal iliac artery）,,B,B,standard,,False,105100_5301.pdf,105100_MOD5301.pdf
MOEX-105100-5301-Q015,105,第二次,105100,5301,15,解剖學,腹部,腹部,下列那一個器官最不可能出現在通過胃體的橫截面影像上？,肝臟,脾臟,腎臟,空腸,,D,D,standard,,True,105100_5301.pdf,105100_MOD5301.pdf
MOEX-105100-5301-Q016,105,第二次,105100,5301,16,解剖學,胸腔,胸腔,有關腹直肌（rectus abdominis）的敘述，下列何者錯誤？,此肌向上附著在肋軟骨及胸骨，向下附著在恥骨,白線（linea alba）為左右腹直肌間的構造,支配此肌的腹壁下動脈（inferior epigastric artery）起自髂內動脈（internal iliac artery）,胸內動脈（internal thoracic artery）的末稍進入其鞘膜內成為腹壁上動脈（superior epigastric artery）,,C,C,standard,,False,105100_5301.pdf,105100_MOD5301.pdf
MOEX-105100-5301-Q017,105,第二次,105100,5301,17,解剖學,骨盆與會陰,骨盆與會陰,下列何者位於膀胱的側下方？,子宮,前列腺,輸尿管,閉孔內肌,,D,D,standard,,False,105100_5301.pdf,105100_MOD5301.pdf
MOEX-105100-5301-Q018,105,第二次,105100,5301,18,解剖學,骨盆與會陰,骨盆與會陰,手術傷及下列何者最可能切斷卵巢動脈？,懸韌帶（suspensory ligament）,薦棘韌帶（sacrospinous ligament）,主韌帶（cardinal ligament）,卵巢圓韌帶（ovarian ligament）,,A,A,standard,,False,105100_5301.pdf,105100_MOD5301.pdf
MOEX-105100-5301-Q019,105,第二次,105100,5301,19,解剖學,骨盆與會陰,骨盆與會陰,下列何者不是骨盆壁筋膜（parietal pelvic fascia）的構造？,子宮圓韌帶（round ligament of uterus）,主韌帶（cardinal ligament）,子宮薦骨韌帶（utero-sacral ligament）,恥骨子宮頸韌帶（pubo-cervical ligament）,,A,A,standard,,False,105100_5301.pdf,105100_MOD5301.pdf
MOEX-105100-5301-Q020,105,第二次,105100,5301,20,解剖學,骨盆與會陰,骨盆與會陰,與男性陰囊（scrotum）發育同源的女性構造是？,大陰唇（labium majora）,小陰唇（labium minora）,陰蒂（clitoris）,前庭球（bulbs of the vestibule）,,A,A,standard,,False,105100_5301.pdf,105100_MOD5301.pdf
MOEX-105100-5301-Q021,105,第二次,105100,5301,21,解剖學,骨盆與會陰,骨盆與會陰,在坐骨棘（ischial spine）處施行陰部神經阻斷術（pudendal nerve block）時，下列何處的感覺最可能受到影響？,陰道上端（upper vagina）,陰阜（mons pubis）,陰道前庭（vestibule of vagina）,子宮（uterus）,,C,C,standard,,False,105100_5301.pdf,105100_MOD5301.pdf
MOEX-105100-5301-Q022,105,第二次,105100,5301,22,解剖學,解剖學,,車禍腰部受傷造成右小腿外側感覺喪失，最可能是右側那一條腰部脊神經受損？,L2,L3,L4,L5,,D,D,standard,,False,105100_5301.pdf,105100_MOD5301.pdf
MOEX-105100-5301-Q023,105,第二次,105100,5301,23,解剖學,下肢,下肢,內收大肌（adductor magnus）附著於股骨（femur）的下列那一構造？,大轉子（greater trochanter）,小轉子（lesser trochanter）,轉子間線（intertrochanteric line）,粗線（linea aspera）,,D,D,standard,,False,105100_5301.pdf,105100_MOD5301.pdf
MOEX-105100-5301-Q024,105,第二次,105100,5301,24,解剖學,上肢,上肢,下列何者附著於尺骨的鷹嘴突（olecranon）？,橈側伸腕長肌（extensor carpi radialis longus）,尺側伸腕肌（extensor carpi ulnaris）,伸指肌（extensor digitorum）,肘肌（anconeus）,,D,D,standard,,False,105100_5301.pdf,105100_MOD5301.pdf
MOEX-105100-5301-Q025,105,第二次,105100,5301,25,解剖學,上肢,上肢,下列何者穿過旋後肌（supinator）？,橈神經的深支（deep branch of radial nerve）,橈神經的淺支（superficial branch of radial nerve）,尺神經的深支（deep branch of ulnar nerve）,尺神經的淺支（superficial branch of ulnar nerve）,,A,A,standard,,False,105100_5301.pdf,105100_MOD5301.pdf
MOEX-105100-5301-Q026,105,第二次,105100,5301,26,解剖學,胸腔,胸腔,下列何者不是豎脊肌（erector spinae）的一部分？,髂肋肌（iliocostalis）,最長肌（longissimus）,多裂肌（multifidus）,棘肌（spinalis）,,C,C,standard,,False,105100_5301.pdf,105100_MOD5301.pdf
MOEX-105100-5301-Q027,105,第二次,105100,5301,27,解剖學,神經解剖,神經解剖,固定脊髓的齒狀韌帶（denticulate ligament）是由下列何者形成？,硬脊膜的骨膜層（periosteal layer of dural mater）,硬脊膜的腦膜層（meningeal layer of dural mater）,蜘蛛膜（arachnoid mater）,軟膜（pia mater）,,D,D,standard,,False,105100_5301.pdf,105100_MOD5301.pdf
MOEX-105100-5301-Q028,105,第二次,105100,5301,28,解剖學,頭頸部,頭頸部,甲狀腺亢進造成兩眼往右看時，嚴重複視，兩個影像平行；向左看時，並無複視。下列何者最可能受侵犯？,右內直肌,右外直肌,右上直肌,右下直肌,,B,B,standard,,True,105100_5301.pdf,105100_MOD5301.pdf
MOEX-105100-5301-Q029,105,第二次,105100,5301,29,解剖學,骨盆與會陰,骨盆與會陰,下列何染色體具有人類睪丸決定因子（testis-determining factor）？,第5對,第21對,X,Y,,D,D,standard,,False,105100_5301.pdf,105100_MOD5301.pdf
MOEX-105100-5301-Q030,105,第二次,105100,5301,30,胚胎及發育生物學,胚胎及發育生物學,,口咽膜（oropharyngeal membrane）約於胚胎發育至第幾週時會破裂？,2,3,4,5,,C|D,C|D,multiple_answers,第30題答C、D給分,False,105100_5301.pdf,105100_MOD5301.pdf
MOEX-105100-5301-Q031,105,第二次,105100,5301,31,解剖學,頭頸部,頭頸部,下列那一項喉軟骨的發育與第四及第六對咽弓（pharyngeal arch）的軟骨無關？,甲狀軟骨（thyroid cartilage）,會厭軟骨（epiglottis）,杓狀軟骨（arytenoid cartilage）,環狀軟骨（cricoid cartilage）,,ALL,ALL,all_credit,第31題一律給分,False,105100_5301.pdf,105100_MOD5301.pdf
MOEX-105100-5301-Q032,105,第二次,105100,5301,32,解剖學,骨盆與會陰,骨盆與會陰,有關男性假陰陽人（male pseudohermaphroditism）之特徵，下列何者錯誤？,testosterone分泌不足,"染色體是46, XX",不含性染色質（sex chromatin）,睪丸發育可能正常或退化,,B,B,standard,,False,105100_5301.pdf,105100_MOD5301.pdf
MOEX-105100-5301-Q033,105,第二次,105100,5301,33,組織學,組織學,,粒線體（mitochondria）之主要功能為：,製造蛋白質,對新合成蛋白質做修補與包裝,分解外來物質,產生能量,,D,D,standard,,False,105100_5301.pdf,105100_MOD5301.pdf
MOEX-105100-5301-Q034,105,第二次,105100,5301,34,組織學,組織學,,下列何者具有過碘酸－雪夫氏（periodic acid-Schiff，PAS）正反應的特性？,神經纖維（nerve fiber）,膠原纖維（collagen fiber）,彈性纖維（elastic fiber）,網狀纖維（reticular fiber）,,D,D,standard,,False,105100_5301.pdf,105100_MOD5301.pdf
MOEX-105100-5301-Q035,105,第二次,105100,5301,35,解剖學,神經解剖,神經解剖,有關神經組織的組成細胞，下列敘述何項正確？,蒲金氏細胞（Purkinje cell）位於大腦皮質區，負責協調肌肉活動,脈絡叢細胞（cells of choroid plexus）具有纖毛（ciliated）,中樞神經系統內，具有吞噬功能的是微小膠細胞（microglia）,一個許旺氏細胞（Schwann cell）會包覆多條髓鞘軸突（myelinated axons）,,C,C,standard,,False,105100_5301.pdf,105100_MOD5301.pdf
MOEX-105100-5301-Q036,105,第二次,105100,5301,36,組織學,組織學,,下列何種細胞分布在表皮的基底層（stratum basale），會與神經末梢連結，且為機械性受器（mechanoreceptor）？,棘細胞（prickle cells）,黑色素細胞（melanocyte）,蘭氏細胞（Langerhans' cells）,默氏細胞（Merkel's cells）,,D,D,standard,,False,105100_5301.pdf,105100_MOD5301.pdf
MOEX-105100-5301-Q037,105,第二次,105100,5301,37,組織學,組織學,,下列細胞中，何者的主要功能是產生抗體？,巨噬細胞（macrophages）,肥大細胞（mast cells）,漿細胞（plasma cells）,T淋巴細胞（T lymphocytes）,,C,C,standard,,False,105100_5301.pdf,105100_MOD5301.pdf
MOEX-105100-5301-Q038,105,第二次,105100,5301,38,組織學,組織學,,下列有關人類唾液腺結構之敘述，何者錯誤？,耳下腺（parotid gland）為純漿液腺，而頜下腺（submandibular gland）與舌下腺（sublingual gland）則是混合腺體,耳下腺（parotid gland）內的閏管（interealated duct）長度，在三大唾液腺中最長,頜下腺（submandibular gland）的分泌腺泡主要為黏液性，舌下腺（sublingual gland）則主要為漿液性,唾液腺之葉間泌管（interlobar duct）上皮主要為偽複層柱狀上皮（pseudostratified columnar epithelium）或複層立方上皮 （stratified cuboidal epithelium）,,C,C,standard,,False,105100_5301.pdf,105100_MOD5301.pdf
MOEX-105100-5301-Q039,105,第二次,105100,5301,39,解剖學,頭頸部,頭頸部,有關唾液腺腫瘤（tumors of salivary gland），下列敘述何者錯誤？,唾液腺腫瘤通常發生於三大唾液腺（major salivary glands）,僅小部分的唾液腺腫瘤發生於口腔黏膜的小唾液腺（minor salivary glands）,約有80%的唾液腺腫瘤是惡性的,小唾液腺腫瘤（minor salivary gland tumors）最易發生於腭部（palate）,,C,C,standard,,False,105100_5301.pdf,105100_MOD5301.pdf
MOEX-105100-5301-Q040,105,第二次,105100,5301,40,組織學,組織學,,下列有關呼吸道結構之敘述，何者錯誤？,支氣管（bronchus）管壁具有軟骨片和環走平滑肌層,細支氣管（bronchiole）內不具有軟骨片，主要由環走平滑肌層所構成,終末細支氣管（terminal bronchiole）上皮具有多量杯狀細胞（goblet cells）,終末細支氣管（terminal bronchiole）上皮的Clara cells 具有分泌蛋白質的功能，細胞表面不具纖毛,,C,C,standard,,False,105100_5301.pdf,105100_MOD5301.pdf
MOEX-105100-5301-Q041,105,第二次,105100,5301,41,解剖學,骨盆與會陰,骨盆與會陰,精子的去獲能作用（decapacitation）在何處進行？,細精管（seminiferous tubule）,副睪管（epididymis）,輸卵管（oviduct）,輸精管（ductus deferens）,,B,B,standard,,False,105100_5301.pdf,105100_MOD5301.pdf
MOEX-105100-5301-Q042,105,第二次,105100,5301,42,微生物免疫寄生蟲公衛,微生物免疫寄生蟲公衛,,有關馬爾他布魯氏菌（Brucella melitensis）的特徵，下列何者錯誤？,為兼性厭氧菌（facultative anaerobic）,是波浪熱（undulant fever）的致病菌,為革蘭氏陰性桿菌,可在巨噬細胞（macrophages）內生長,,A,A,standard,,False,105100_5301.pdf,105100_MOD5301.pdf
MOEX-105100-5301-Q043,105,第二次,105100,5301,43,微生物免疫寄生蟲公衛,微生物免疫寄生蟲公衛,,有關腦膜炎奈瑟氏菌（Neisseria meningitidis）之敘述，下列何者錯誤？,製作疫苗的成分是莢膜多醣體（capsular polysaccharides）,常由帶菌的動物得到感染,主要經由呼吸道感染,可能引起嚴重敗血症，造成腎上腺（adrenal gland）的損壞,,B,B,standard,,False,105100_5301.pdf,105100_MOD5301.pdf
MOEX-105100-5301-Q044,105,第二次,105100,5301,44,微生物免疫寄生蟲公衛,微生物免疫寄生蟲公衛,,下列何者最常棲居（colonize）於人類之前鼻咽部（anterior nasopharynx）？,破傷風桿菌（Clostridium tetani）,鬆脆類桿菌（Bacteroides fragilis）,金黃色葡萄球菌（Staphylococcus aureus）,幽門螺旋桿菌（Helicobacter pylori）,,C,C,standard,,False,105100_5301.pdf,105100_MOD5301.pdf
MOEX-105100-5301-Q045,105,第二次,105100,5301,45,微生物免疫寄生蟲公衛,微生物免疫寄生蟲公衛,,一男子從東南亞返國一天後開始出現嘔吐、腹瀉症狀，因持續兩天嚴重水瀉而住院。病人隨後出現脫水、酸中毒和低血鉀等症 候，糞便檢體培養出逗點狀彎曲、氧化酶（oxidase）陽性之細菌。此病患最有可能是感染了下列何種細菌？,霍亂弧菌（Vibrio cholerae）,痢疾志賀氏桿菌（Shigella dysenteriae）,幽門桿菌（Helicobacter pylori）,大腸桿菌（Escherichia coli）,,A,A,standard,,False,105100_5301.pdf,105100_MOD5301.pdf
MOEX-105100-5301-Q046,105,第二次,105100,5301,46,微生物免疫寄生蟲公衛,微生物免疫寄生蟲公衛,,有關破傷風梭菌（Clostridium tetani ）之敘述，下列何者正確？,致病是因產生破傷風痙攣毒素（tetanospasmin）抑制神經傳導物質乙醯膽鹼（acetylcholine）的釋放,病菌會藉血流散佈全身，引發全身性破傷風,施打破傷風抗毒素球蛋白（antitoxin globulin）有助於治療破傷風,施打破傷風疫苗預防破傷風，是屬於被動免疫,,C,C,standard,,False,105100_5301.pdf,105100_MOD5301.pdf
MOEX-105100-5301-Q047,105,第二次,105100,5301,47,微生物免疫寄生蟲公衛,微生物免疫寄生蟲公衛,,有關胃幽門桿菌（Helicobacter pylori）之特性，下列何者錯誤？,為革蘭氏陰性菌,為微需氧（microaerophilic）菌,能產生氧化酶（oxidase）以避免菌體被胃酸破壞,可用同位素尿素標識呼吸法（urea breath test）作鑑別診斷,,C,C,standard,,False,105100_5301.pdf,105100_MOD5301.pdf
MOEX-105100-5301-Q048,105,第二次,105100,5301,48,微生物免疫寄生蟲公衛,微生物免疫寄生蟲公衛,,下列何者最常引起人工瓣膜之心內膜炎（endocarditis of artificial valve）？,鏈球菌（Streptococci）,葡萄球菌（Staphylococci）,腸內桿菌科細菌（Enterobacteriaceae）,布魯氏桿菌屬（Brucella spp.）,,B,B,standard,,False,105100_5301.pdf,105100_MOD5301.pdf
MOEX-105100-5301-Q049,105,第二次,105100,5301,49,微生物免疫寄生蟲公衛,微生物免疫寄生蟲公衛,,下列何者屬B群鏈球菌（Group B Streptococci）？,化膿性鏈球菌（Streptococcus pyogenes）,草綠色鏈球菌（viridans streptococci）,無乳鏈球菌（Streptococcus agalactiae）,轉糖鏈球菌（Streptococcus mutans）,,C,C,standard,,False,105100_5301.pdf,105100_MOD5301.pdf
MOEX-105100-5301-Q050,105,第二次,105100,5301,50,微生物免疫寄生蟲公衛,微生物免疫寄生蟲公衛,,有關嗜肺性退伍軍人桿菌（Legionella pneumophila）的敘述，下列何者錯誤？,培養時需在培養基中添加L-胱胺酸（L-cysteine）,可在巨噬細胞（macrophages）內繁殖,會引起龐地克熱（Pontiac fever）和肺炎兩型，而以龐地克熱死亡率較高,經常由中央空調散佈,,C|D,C|D,multiple_answers,第50題答C、D給分,False,105100_5301.pdf,105100_MOD5301.pdf
MOEX-105100-5301-Q051,105,第二次,105100,5301,51,組織學,組織學,,有一位婦人因發燒，伴隨有嚴重的頭痛、肌肉疼痛、腹瀉和眼睛變紅等症狀而就診，經抽血檢驗確定為鉤端螺旋體病 （leptospirosis）。關於此疾病，下列敘述何者錯誤？,其致病菌之宿主有老鼠、狗、豬、牛、馬、羊等動物,此病菌不容易用革蘭氏染色法觀察到,該病菌可長期寄生於動物的腎小管（renal tubules）中,此疾病以壁虱（ticks）為傳播媒介,,D,D,standard,,False,105100_5301.pdf,105100_MOD5301.pdf
MOEX-105100-5301-Q052,105,第二次,105100,5301,52,解剖學,腹部,腹部,下列那一種DNA病毒具有不同的血清型，會造成上呼吸道、結膜以及腸胃道的感染？,乳突瘤病毒（Papillomavirus）,腺病毒（Adenovirus）,痘病毒（Poxvirus）,B19細小病毒（Parvovirus B19）,,B,B,standard,,False,105100_5301.pdf,105100_MOD5301.pdf
MOEX-105100-5301-Q053,105,第二次,105100,5301,53,解剖學,胸腔,胸腔,常用來治療疱疹病毒的阿昔洛韋（Acyclovir）會被病毒的何種酵素磷酸化，進而抑制病毒的複製？,胞苷激酶（cytidine kinase）,胸苷激酶（thymidine kinase）,酪氨酸激酶（tyrosine kinase）,周期蛋白依賴性激酶（cyclin dependent kinase）,,B,B,standard,,False,105100_5301.pdf,105100_MOD5301.pdf
MOEX-105100-5301-Q054,105,第二次,105100,5301,54,生物化學,生物化學,,有關痘病毒（Poxvirus）的敘述，下列何者錯誤？,是最大的人類DNA病毒,完全在細胞質中複製,自己攜帶核醣核酸聚合酶（RNA polymerase），供基因轉錄,動物的痘病毒不會傳給人,,D,D,standard,,False,105100_5301.pdf,105100_MOD5301.pdf
MOEX-105100-5301-Q055,105,第二次,105100,5301,55,解剖學,腹部,神經解剖,下列何種病毒不屬於腸病毒屬（Genus enterovirus）？,脊髓灰白質炎病毒（Poliovirus）,輪狀病毒（Rotavirus）,克沙奇病毒（Coxsackie virus）,埃可病毒（Echovirus）,,B,B,standard,,False,105100_5301.pdf,105100_MOD5301.pdf
MOEX-105100-5301-Q056,105,第二次,105100,5301,56,組織學,組織學,,血球凝集（hemagglutination）試驗，不適用於下列何種病毒的檢測？,呼吸道細胞融合病毒（Respiratory syncytial virus）,腮腺炎病毒（Mumps virus）,副流感病毒（Parainfluenza virus）,麻疹病毒（Measles virus）,,A,A,standard,,False,105100_5301.pdf,105100_MOD5301.pdf
MOEX-105100-5301-Q057,105,第二次,105100,5301,57,生物化學,生物化學,,"關於羊搔癢症傳染性蛋白質（scrapie-like prion protein, PrPSC）的特性，下列何者錯誤？",是由基因突變所產生,對福馬林有抗性,能抵抗80oC高溫,能抵抗紫外線,,ALL,ALL,all_credit,第57題一律給分,False,105100_5301.pdf,105100_MOD5301.pdf
MOEX-105100-5301-Q058,105,第二次,105100,5301,58,微生物免疫寄生蟲公衛,微生物免疫寄生蟲公衛,,EB病毒（Epstein-Barr virus）主要感染B淋巴球；它是以該細胞表面的何種分子為受體（receptor）？,CR2,CD4,CD8,醣蛋白（glycoprotein）,,A|D,A|D,multiple_answers,第58題 答A、D給分,False,105100_5301.pdf,105100_MOD5301.pdf
MOEX-105100-5301-Q059,105,第二次,105100,5301,59,生物化學,生物化學,,棘白菌素（Echinocandins）是一類較新的抗真菌（antifungal）藥物，其中一種卡泊芬淨（Caspofungin）已通過人體試驗供 臨床使用。其抑制真菌之機轉為何？,抑制真菌DNA之合成,抑制真菌麥角固醇（ergosterol）之合成,"抑制真菌1,3-β-葡聚醣（1,3-β-glucans）之合成",抑制真菌幾丁質（chitin）之合成,,C,C,standard,,False,105100_5301.pdf,105100_MOD5301.pdf
MOEX-105100-5301-Q060,105,第二次,105100,5301,60,微生物免疫寄生蟲公衛,微生物免疫寄生蟲公衛,,下列何者是目前最常用來治療甲癬（onychomycosis; tinea unguium）之口服藥物？,特比萘芬（Terbinafine）,制黴菌素（Nystatin）,兩性黴素B (Amphotericin B）,氟胞嘧啶（Flucytosine）,,A,A,standard,,False,105100_5301.pdf,105100_MOD5301.pdf
MOEX-105100-5301-Q061,105,第二次,105100,5301,61,微生物免疫寄生蟲公衛,微生物免疫寄生蟲公衛,,一名男性AIDS患者自廣東鄉下返台後，呈現發燒、咳嗽、肺部有浸潤、淋巴腫脹、輕微貧血等症狀。血液檢體於25℃培養出 類似常見的黴菌，菌絲有分隔（septate hyphae）、分生孢子柄頂端有掃把狀排列之瓶孢子柄（phialides），菌落周邊有紅色 色素擴散，在37℃培養則呈現中裂型酵母菌（fission yeast）。最可能罹患下列那種病症？,念珠菌菌血症（candidemia）,隱球菌症（cryptococcosis）,馬爾尼菲青黴菌症（talaromycosis或penicilliosis marneffei）,肺孢子蟲症（pneumocystosis）,,C,C,standard,,False,105100_5301.pdf,105100_MOD5301.pdf
MOEX-105100-5301-Q062,105,第二次,105100,5301,62,生物化學,生物化學,,當一個B細胞產生的抗體由IgM轉變為IgG時，其機制為：,DNA重組（recombination）,RNA剪接（splicing）,蛋白質裂解（degradation）,新的基因表現（expression of a new gene）,,A,A,standard,,False,105100_5301.pdf,105100_MOD5301.pdf
MOEX-105100-5301-Q063,105,第二次,105100,5301,63,組織學,組織學,,T細胞受器多樣化（T cell receptor diversity）之原因很多，但不包含下列那一項？,V(D)J基因片段連接[V(D)J gene segments joining],N-核苷酸添加（N-nucleotides addition）,P-核苷酸添加（P-nucleotides addition）,體細胞超突變（somatic hypermutation）,,D,D,standard,,False,105100_5301.pdf,105100_MOD5301.pdf
MOEX-105100-5301-Q064,105,第二次,105100,5301,64,微生物免疫寄生蟲公衛,微生物免疫寄生蟲公衛,,下列何種情形下，抗原呈現細胞可以直接活化CD8+ T細胞？,當抗原呈現細胞表現高量MHC class I時,當樹突細胞表現高量B7與4-1BBL時,當抗原呈現細胞分泌高量IFN-γ時,當病毒不能感染抗原呈現細胞時,,B,B,standard,,False,105100_5301.pdf,105100_MOD5301.pdf
MOEX-105100-5301-Q065,105,第二次,105100,5301,65,微生物免疫寄生蟲公衛,微生物免疫寄生蟲公衛,,下列有關Crohn's disease的敘述何者錯誤？,病人體內對腸內共生菌有強烈發炎反應,為第一型輔助性T細胞（T H 1）主導的發炎疾病,使用廣泛性抗生素可治療這種疾病,可能與HLA-DQ2分子功能異常有關,,D,D,standard,,False,105100_5301.pdf,105100_MOD5301.pdf
MOEX-105100-5301-Q066,105,第二次,105100,5301,66,微生物免疫寄生蟲公衛,微生物免疫寄生蟲公衛,,下列何者為減毒性活菌疫苗？,沙克疫苗（小兒麻痺注射疫苗）,流行性感冒疫苗,卡介苗（肺結核疫苗）,破傷風疫苗,,C,C,standard,,False,105100_5301.pdf,105100_MOD5301.pdf
MOEX-105100-5301-Q067,105,第二次,105100,5301,67,微生物免疫寄生蟲公衛,微生物免疫寄生蟲公衛,,會感染人體的致病性微生物種類繁多，但是只有少數被證明與癌症致病機轉有關。下列那一種細胞內感染的微生物有較強的證 據會引起人類的癌症？,腸病毒七十一型,EB病毒（Epstein-Barr virus）,鏈球菌,結核分支桿菌,,B,B,standard,,False,105100_5301.pdf,105100_MOD5301.pdf
MOEX-105100-5301-Q068,105,第二次,105100,5301,68,微生物免疫寄生蟲公衛,微生物免疫寄生蟲公衛,,茂伯騎機車擦傷後，傷口一年多還不癒合而演變成骨髓炎，細菌培養長出非典型分支桿菌。追溯過去病史，他從少年開始就易 受沙門氏菌等長期感染，他最可能罹患那一種類型的原發性免疫缺損？,CD8+ 細胞功能的缺損,IL-12-IFNγ軸心缺損,NK細胞功能的缺損,T H 2 型免疫反應的缺損,,B,B,standard,,False,105100_5301.pdf,105100_MOD5301.pdf
MOEX-105100-5301-Q069,105,第二次,105100,5301,69,醫學一其他科目,醫學一其他科目,,下列那一項疾病的發病機轉與第一型過敏反應最相關？,過敏性氣喘（allergic asthma）,阿瑟氏反應（Arthus reaction）,溶血性貧血（hemolytic anemia）,血清病（serum sickness）,,A,A,standard,,False,105100_5301.pdf,105100_MOD5301.pdf
MOEX-105100-5301-Q070,105,第二次,105100,5301,70,組織學,組織學,,免疫反應攻擊自體組織細胞會產生免疫疾病。依照Coombs和Gell對免疫疾病的分類，下列那一項免疫反應該歸類為第一型的 過敏反應（hypersensitivity）？,全身性紅斑狼瘡的國中女生發生溶血性貧血,十歲男童發現抗血小板抗體引起的牙齦流血傾向,皮下注射過敏原三日後引起皮膚產生硬塊並發熱,吸入風媒花花粉後馬上發生鼻塞和流眼淚,,D,D,standard,,False,105100_5301.pdf,105100_MOD5301.pdf
MOEX-105100-5301-Q071,105,第二次,105100,5301,71,微生物免疫寄生蟲公衛,微生物免疫寄生蟲公衛,,許多新的生物製劑及擬人化的單株抗體已經被發展出來，以治療自體免疫病，但不包括下列那一項？,抗Btk tyrosine kinase抗體（Btk tyrosine kinase monoclonal antibody）治療紅斑性狼瘡（systemic lupus erythematsus）,CTLA4免疫蛋白複合蛋白質（CTLA4-immunoglobulin fusion protein）治療類風濕性關節炎（rheumatoid arthritis）,抗腫瘤壞死因子抗體（TNF-specific monoclonal antibody）治療類風濕性關節炎（rheumatoid arthritis）,抗α4：β1 integrin抗體（α4：β1 integrin-specific monoclonal antibody）治療發炎性腸道疾病（inflammatory bowel disease）,,A,A,standard,,False,105100_5301.pdf,105100_MOD5301.pdf
MOEX-105100-5301-Q072,105,第二次,105100,5301,72,組織學,組織學,,Heat-shock proteins可被用來促進實驗性腫瘤疫苗（tumor vaccine）的作用，其機轉為何？,幫助抗原呈獻細胞（antigen-presenting cell）的增生,促進抗原呈獻細胞（antigen-presenting cell）的co-stimulating molecules的表現,幫助tumor antigen在MHC（major histocompatibility complex）class I分子的呈現,幫助抗原呈獻細胞（antigen-presenting cell）對腫瘤細胞的耐受性,,C,C,standard,,False,105100_5301.pdf,105100_MOD5301.pdf
MOEX-105100-5301-Q073,105,第二次,105100,5301,73,組織學,組織學,,腫瘤細胞在身體內存在並壯大的能力至為驚人，它有許多種方式逃避身體免疫系統的偵查及消滅，而得以繼續長大，這些方式 並不包括下列那一項？,引起調節型T（T reg ）細胞的增加，進而引起免疫反應之轉向,腫瘤細胞不表現或只有極低的胜肽：人類白血球抗原（peptide：MHC）表現,引起延遲性過敏反應（late phase allergic reaction）而形成腫塊長大,腫瘤抗原雖經抗原呈現細胞（APC）表現給T細胞，但會使T細胞對此抗原不反應,,C,C,standard,,False,105100_5301.pdf,105100_MOD5301.pdf
MOEX-105100-5301-Q074,105,第二次,105100,5301,74,微生物免疫寄生蟲公衛,微生物免疫寄生蟲公衛,,下課時兩個小學生互相拿著筆比劃玩耍，一不小心跌倒在一起，其中一位的筆戳到另一位的眼睛，刺入眼中造成傷口，為何傷 者住院後卻出現雙眼同時腫脹，連未受傷眼睛也有炎症情況？,醫療失誤之後感染造成,眼睛是免疫特殊部位（immunologically privileged sites），組織破裂，釋放傷害因子，進而影響到另一未受傷眼睛,眼睛是免疫特殊部位，組織破裂釋出本身抗原時，引起免疫反應，進行攻擊破壞另一未受傷眼睛（sympathetic ophthalmia）,受傷眼睛內產生調節型T淋巴球（T reg cells），將免疫反應導向另一未受傷眼睛,,C,C,standard,,False,105100_5301.pdf,105100_MOD5301.pdf
MOEX-105100-5301-Q075,105,第二次,105100,5301,75,微生物免疫寄生蟲公衛,微生物免疫寄生蟲公衛,,葉先生日前參加日本旅遊而食用壽司及生魚片，當日即感覺上腹部疼痛、噁心及輕微嘔吐現象，返國後就醫檢查發現胃部有線 狀填充物缺陷（threadlike filling defect），並利用胃鏡鏡檢摘除數條寄生蟲體。依據上述結果，葉先生最可能感染下列何種寄 生蟲？,旋毛蟲（Trichinella spiralis）,海獸胃線蟲（Anisakis spp.）,菲律賓毛線蟲（Capillaria philippinensis）,棘顎口線蟲（Gnathostoma spinigerum）,,B,B,standard,,False,105100_5301.pdf,105100_MOD5301.pdf
MOEX-105100-5301-Q076,105,第二次,105100,5301,76,微生物免疫寄生蟲公衛,微生物免疫寄生蟲公衛,,下列何種寄生蟲之感染，其幼蟲在人體內移行（migration）不會經過肺臟？①糞小桿線蟲（Strongyloides stercoralis） ②蟯 蟲（Enterobius vermicularis） ③鞭蟲（Trichuris trichiura）,僅①②,僅①③,僅②③,①②③,,C,C,standard,,False,105100_5301.pdf,105100_MOD5301.pdf
MOEX-105100-5301-Q077,105,第二次,105100,5301,77,組織學,組織學,,下列有關單胞絛蟲（Echinococcus granulosus）感染人體的敘述，共有幾項敘述錯誤？①人為終宿主（final host） ②最容 易在肌肉形成包生囊（hydatid cyst） ③因誤食未熟帶蟲之牛肉而感染 ④感染後數週即迅速發病,1項,2項,3項,4項,,D,D,standard,,False,105100_5301.pdf,105100_MOD5301.pdf
MOEX-105100-5301-Q078,105,第二次,105100,5301,78,微生物免疫寄生蟲公衛,微生物免疫寄生蟲公衛,,下列有關寄生蟲之敘述中，何者錯誤？,除了血吸蟲（schistosomes）外，其他寄生人體的吸蟲類之蟲卵都具有卵蓋（operculum）,野豬是衛氏肺吸蟲（Paragonimus westermani）的保蟲宿主（reservoir host）,生吃美國進口的生鮮蝲蛄（crayfish）有可能感染克氏肺吸蟲（Paragonimus kellicotti）,埃及血吸蟲（Schistosoma haematobium）的慢性感染患者，罹患膀胱癌的機率較高,,B,B,standard,,False,105100_5301.pdf,105100_MOD5301.pdf
MOEX-105100-5301-Q079,105,第二次,105100,5301,79,組織學,組織學,,某科技公司主管林先生於二週前赴美國紐澤西地區參訪旅遊，旅遊期間曾遭受不知名具有八隻腳蟲體叮咬，回國一週後出現發 燒、寒顫、頭痛及肌痛等症狀，經醫院檢驗結果發現血小板減少、輕度溶血性貧血及紅血球內發現有雙核形（binucleate- form）之寄生蟲。依據上述結果，林先生最可能感染何種寄生蟲病？,萊姆病（Lyme disease）,巴貝氏原蟲症（babesiosis）,恙蟲病（scrub typhus）,艾立克次體症（ehrlichiosis）,,B,B,standard,,False,105100_5301.pdf,105100_MOD5301.pdf
MOEX-105100-5301-Q080,105,第二次,105100,5301,80,解剖學,骨盆與會陰,神經解剖,以下關於弓蟲（Toxoplasma gondii）的敘述中，何者錯誤？,人是其終宿主，而貓是其中間宿主,在愛滋病患者可能導致弓蟲性腦炎（Toxoplasma encephalitis）,文獻記載，孕婦得到急性弓蟲症（toxoplasmosis）時，spiramycin為預防其胎兒子宮內感染的用藥之一,弓蟲症在台灣屬第四類法定傳染病,,A,A,standard,,False,105100_5301.pdf,105100_MOD5301.pdf
MOEX-105100-5301-Q081,105,第二次,105100,5301,81,醫學一其他科目,醫學一其他科目,,下列何者為傳播人畜共通萊姆病（Lyme disease）之主要病媒（vector）？,硬蜱屬（Ixodes spp.）,牛蜱屬（Boophilus spp.）,革蜱屬（Dermacentor spp.）,軟蜱屬（Ornithodoros spp.）,,A,A,standard,,False,105100_5301.pdf,105100_MOD5301.pdf
MOEX-105100-5301-Q082,105,第二次,105100,5301,82,微生物免疫寄生蟲公衛,微生物免疫寄生蟲公衛,,錐鼻蟲（Triatoma / kissing bug）可以傳播下列何種寄生蟲？,杜氏利什曼原蟲（Leishmania donovani）,熱帶利什曼原蟲（Leishmania tropica）,岡比亞錐蟲（Trypanosoma brucei gambiense）,枯西氏錐蟲（Trypanosoma cruzi）,,D,D,standard,,False,105100_5301.pdf,105100_MOD5301.pdf
MOEX-105100-5301-Q083,105,第二次,105100,5301,83,醫學一其他科目,醫學一其他科目,,下列對中央極限定理（Central limit theorem）的描述，何者錯誤？,只要樣本數夠大，無論原本母群體是否為常態分布，樣本平均值的抽樣分布會接近常態分布,母群體的平均值若為µ，則樣本平均值抽樣分布的平均值為µ,母群體的標準差若為 σ，則樣本平均值抽樣分布的標準差為σ/n,可透過中央極限定理將樣本平均值的抽樣分布變成標準常態分布,,C,C,standard,,False,105100_5301.pdf,105100_MOD5301.pdf
MOEX-105100-5301-Q084,105,第二次,105100,5301,84,微生物免疫寄生蟲公衛,微生物免疫寄生蟲公衛,,下面環境流行病學研究中常用的生態研究（ecological studies）之敘述何者錯誤？,無法取得個人暴露資料,非常容易控制干擾因子,群體層次的關係不能推論到個體層次,適合新領域研究，想以迅速並花費低的方式來尋求可能的假說,,B,B,standard,,False,105100_5301.pdf,105100_MOD5301.pdf
MOEX-105100-5301-Q085,105,第二次,105100,5301,85,組織學,組織學,,想調查成骨不全症（玻璃娃娃）患者的生活品質，下列那一種抽樣方法最恰當？,簡單隨機抽樣,分層隨機抽樣,滾雪球抽樣,配額抽樣,,C,C,standard,,False,105100_5301.pdf,105100_MOD5301.pdf
MOEX-105100-5301-Q086,105,第二次,105100,5301,86,生理學,生理學,,某麻醉科醫師想比較兩種麻醉藥物（舊藥與新藥）的效果，計畫收集採用舊藥 50 人及新藥 50 位病人在麻醉開始後至手術開 始時的最小血壓值，麻醉科醫師希望可以偵測到兩組最小血壓值差距到 6 mmHg，下列何者做法可以提升統計假設檢定的檢定 力（power）？,將檢定的顯著性水準由 0.05 增加至 0.1,偵測到兩組最小血壓值差距由 6 mmHg 降低到 3 mmHg,樣本更改為收集舊藥 40 人及新藥 60 位病人,樣本更改為收集舊藥 60 人及新藥 40 位病人,,A|B,A|B,multiple_answers,第86題答A、B給分,False,105100_5301.pdf,105100_MOD5301.pdf
MOEX-105100-5301-Q087,105,第二次,105100,5301,87,醫學一其他科目,醫學一其他科目,,新藥上市前，主要以何種研究設計評估其臨床治療效果？,成功病例報告,病例對照研究,隨機分派試驗,世代追蹤研究,,C,C,standard,,False,105100_5301.pdf,105100_MOD5301.pdf
MOEX-105100-5301-Q088,105,第二次,105100,5301,88,生理學,生理學,,有關疾病篩檢之敘述，下列何者正確？,鑑別力好的 Receiver Operating Characteristics（ROC）曲線應該是接近對角線,診斷糖尿病的飯前血糖值標準若由 110 降到 105，偽陽性個案數會減少,若以系列性檢查（tests in series），篩檢一種疾病，則第一個檢查通常會使用特異度（specificity）較高者,選取一個切點（cut-off point）來決定標準值所在時，若增加敏感度（sensitivity），則特異度（specificity）常會下降,,D,D,standard,,False,105100_5301.pdf,105100_MOD5301.pdf
MOEX-105100-5301-Q089,105,第二次,105100,5301,89,醫學一其他科目,醫學一其他科目,,某醫師隨機抽了 50 人的住院資料，每一病人測量「年齡」及「疼痛忍受度」，年齡記錄方法如下：1為 20-25 歲，2為 26-45 歲，3為 46-65 歲，4為 66 歲以上。疼痛忍受度則以 0 到 10 分表示，0 為最不痛，10 為最痛。若想看「年齡」和「疼痛忍受 度」之間的關係，下列統計方法何者最適當？,卡方檢定（Chi-square test）,Spearman相關（Spearman’s correlation）,獨立t檢定（Two-sample t test）,Wilcoxon符號等級檢定（Wilcoxon signed-rank test）,,B,B,standard,,True,105100_5301.pdf,105100_MOD5301.pdf
MOEX-105100-5301-Q090,105,第二次,105100,5301,90,醫學一其他科目,醫學一其他科目,,空氣污染物中所謂的氮氧化物，是指下列何者？,一氧化氮與一氧化二氮,一氧化氮與二氧化氮,一氧化氮與氨氣,二氧化氮與一氧化二氮,,A|B|D,A|B|D,multiple_answers,第90題答A、B、D給分,False,105100_5301.pdf,105100_MOD5301.pdf
MOEX-105100-5301-Q091,105,第二次,105100,5301,91,醫學一其他科目,醫學一其他科目,,巴拉松屬於那一種農藥？,有機氯,有機磷,氨基甲酸鹽,天然產物,,B,B,standard,,False,105100_5301.pdf,105100_MOD5301.pdf
MOEX-105100-5301-Q092,105,第二次,105100,5301,92,解剖學,胸腔,胸腔,以下何種粒徑的粉塵最易進入肺泡引起傷害？,0.001－0.01 微米（µm）,0.01－0.1 微米（µm）,1－10 微米（µm）,10－100 微米（µm）,,B,B,standard,,False,105100_5301.pdf,105100_MOD5301.pdf
MOEX-105100-5301-Q093,105,第二次,105100,5301,93,醫學一其他科目,醫學一其他科目,,當工作環境可能有危害因子存在時，下列何類暴露量管理方式最不宜優先考慮？,以危害性較低物質替代危害性較高物質,使用局部排氣,安排工作輪替以減少暴露時間,配戴個人防護設備,,D,D,standard,,False,105100_5301.pdf,105100_MOD5301.pdf
MOEX-105100-5301-Q094,105,第二次,105100,5301,94,解剖學,腹部,胸腔,在不同的游離輻射物質中，有一種游離輻射污染物由岩石或土壤釋放到室內。那一種癌症與這種物質最相關？,大腸癌,肺癌,乳癌,血癌,,B|D,B|D,multiple_answers,第94題答B、D給分,False,105100_5301.pdf,105100_MOD5301.pdf
MOEX-105100-5301-Q095,105,第二次,105100,5301,95,醫學一其他科目,醫學一其他科目,,在自由社會始終會有些人從事危險性行為或有害健康的生活型態，如何面對並採取實際方法減低其所導致的傷害，即減害的觀 點，在物質濫用的防制中，下列那一項不是國內外政府機構規劃實行的減害措施？,執行反毒教育宣導、尿液篩檢與強制藥物勒戒,提供美沙冬（合成的長效口服鴉片類藥物）替代療法,非法藥物除罪化（特別是大麻），由醫療專業人員督導藥物注射,針頭交換計畫以提高藥癮者接觸乾淨針頭及注射器材管道,,A,A,standard,,False,105100_5301.pdf,105100_MOD5301.pdf
MOEX-105100-5301-Q096,105,第二次,105100,5301,96,醫學一其他科目,醫學一其他科目,,我國縣市政府衛生局每年會針對轄區民眾舉辦複合式成人健康檢查，並篩檢出異常個案加以轉介追蹤，上述的服務措施在公共 衛生三段五級的預防工作中是屬於下列何者？,第二段第三級,第一段第二級,第二段第四級,第三段第二級,,A,A,standard,,False,105100_5301.pdf,105100_MOD5301.pdf
MOEX-105100-5301-Q097,105,第二次,105100,5301,97,醫學一其他科目,醫學一其他科目,,醫院欲開辦免費戒菸班，經宣傳後共募30位吸菸民眾報名參加，下列何理論所提供的知識或技巧不適合負責實施戒菸班課程的 專業人員採用？,跨理論模式 （the transtheoretical model）,計畫行為理論 （theory of planned behavior）,社會認知理論 （social cognitive theory）,社會行銷（social marketing）,,ALL,ALL,all_credit,第97題一律給分,False,105100_5301.pdf,105100_MOD5301.pdf
MOEX-105100-5301-Q098,105,第二次,105100,5301,98,解剖學,胸腔,胸腔,有關愛滋防治政策的倫理性，下列敘述何者錯誤？,為了避免愛滋感染者被歧視，相關通報應該保障當事人隱私,國家免費提供愛滋感染者相關醫療，有助於降低強制篩檢在倫理上的爭議,縱使民眾可能因為陽性的篩檢結果而受到許多心理與社會衝擊，但為了國民健康，國家還是應該強制所有民眾接受愛滋篩檢,醫師不能只因為病人有愛滋病，就拒絕治療病人,,C,C,standard,,False,105100_5301.pdf,105100_MOD5301.pdf
MOEX-105100-5301-Q099,105,第二次,105100,5301,99,組織學,組織學,,下列何者不需要事先取得病人的告知後同意？,手術前抽取病人10cc血液進行HIV檢測,將手術摘取的廢棄人體組織用作國科會的研究,手術中，讓住院醫師負責下刀及縫合,注射顯影劑,,C,C,standard,,False,105100_5301.pdf,105100_MOD5301.pdf
MOEX-105100-5301-Q100,105,第二次,105100,5301,100,醫學一其他科目,醫學一其他科目,,就全世界的人口統計而論，下列那一項疾病被認為是造成5歲以下兒童死亡最重要的單項死因？,Acute respiratory infection,Asthma,Ischemic heart disease,Tuberculosis,,A,A,standard,,False,105100_5301.pdf,105100_MOD5301.pdf
MOEX-106020-5301-Q001,106,第一次,106020,5301,1,解剖學,頭頸部,頭頸部,下列何者的血液，不回流至內頸靜脈（internal jugular vein）？,下岩竇（inferior petrosal sinus）,面靜脈（facial vein）,咽靜脈（pharyngeal vein）,下甲狀腺靜脈（inferior thyroid vein）,,D,D,standard,,False,106020_5301.pdf,106020_MOD5301.pdf
MOEX-106020-5301-Q002,106,第一次,106020,5301,2,解剖學,神經解剖,神經解剖,三叉神經（trigeminal nerve）之分支接受：,第七顱神經所發出之副交感神經纖維伴行，控制瞳孔括約肌（sphincter pupillae）,舌咽神經（glossopharyngeal nerve）所發出之副交感神經纖維伴行，控制耳下腺（parotid gland）,第三顱神經所發出之副交感神經纖維伴行，控制淚腺（lacrimal gland）,舌下神經（hypoglossal nerve）所發出之副交感神經纖維伴行，控制舌下腺（sublingual gland）,,B,B,standard,,False,106020_5301.pdf,106020_MOD5301.pdf
MOEX-106020-5301-Q003,106,第一次,106020,5301,3,解剖學,胸腔,胸腔,壁層胸膜（parietal pleura）的淋巴，最可能回流到下列那個淋巴結（lymph node）？,腋（axillary）,支氣管肺（bronchopulmonary）,氣管支氣管（tracheobronchial）,支氣管縱隔（bronchomediastinal）,,A,A,standard,,False,106020_5301.pdf,106020_MOD5301.pdf
MOEX-106020-5301-Q004,106,第一次,106020,5301,4,解剖學,腹部,神經解剖,胃飽足的感覺主要由下列何者攜帶？,內臟大神經（greater splanchnic nerve）,內臟小神經（lesser splanchnic nerve）,內臟最小神經（least splanchnic nerve）,迷走神經（vagus nerve）,,D,D,standard,,False,106020_5301.pdf,106020_MOD5301.pdf
MOEX-106020-5301-Q005,106,第一次,106020,5301,5,解剖學,骨盆與會陰,腹部,膀胱主要被腹膜覆蓋的部分是：,後面,側下面,上表面,膀胱頸,,C,C,standard,,False,106020_5301.pdf,106020_MOD5301.pdf
MOEX-106020-5301-Q006,106,第一次,106020,5301,6,解剖學,腹部,腹部,直腸上段的淋巴主要匯流入下列那個淋巴結？,髂內淋巴結（internal iliac lymph nodes）,腰淋巴結（lumbar lymph nodes）,腹股溝淺淋巴結（superficial inguinal lymph nodes）,腸繫膜下淋巴結（inferior mesenteric lymph nodes）,,D,D,standard,,False,106020_5301.pdf,106020_MOD5301.pdf
MOEX-106020-5301-Q007,106,第一次,106020,5301,7,解剖學,腹部,腹部,有關大骨盆（greater pelvis）的敘述，下列何者正確？,位於骨盆入口（pelvic inlet）下方,男性較女性寬且淺,內含乙狀結腸（sigmoid colon）,內含腎臟（kidney）,,C,C,standard,,False,106020_5301.pdf,106020_MOD5301.pdf
MOEX-106020-5301-Q008,106,第一次,106020,5301,8,解剖學,上肢,上肢,下列何者不是連接不同骨頭間的韌帶？,胸鎖韌帶（sternoclavicular ligament）,喙肩韌帶（coracoacromial ligament）,喙鎖韌帶（coracoclavicular ligament）,喙肱韌帶（coracohumeral ligament）,,B,B,standard,,False,106020_5301.pdf,106020_MOD5301.pdf
MOEX-106020-5301-Q009,106,第一次,106020,5301,9,解剖學,上肢,上肢,手部鼻煙區（snuff box）觸摸到的脈搏是下列何者的脈動？,橈動脈（radial artery）,尺動脈（ulnar artery）,骨間前動脈（anterior interosseous artery）,骨間後動脈（posterior interosseous artery）,,A,A,standard,,False,106020_5301.pdf,106020_MOD5301.pdf
MOEX-106020-5301-Q010,106,第一次,106020,5301,10,解剖學,上肢,上肢,下列何者受損，最可能造成前臂（forearm）無法伸直（extension）？,肌皮神經（musculocutaneous nerve）,正中神經（median nerve）,尺神經（ulnar nerve）,橈神經（radial nerve）,,D,D,standard,,False,106020_5301.pdf,106020_MOD5301.pdf
MOEX-106020-5301-Q011,106,第一次,106020,5301,11,胚胎及發育生物學,胚胎及發育生物學,,下列何構造損傷，最可能導致感覺型失語症（sensory aphasia）？,上丘（superior colliculus）,弓狀束（arcuate fasciculus）,渥尼克區(Wernicke area),前聯合（anterior commissure）,,C,C,standard,,False,106020_5301.pdf,106020_MOD5301.pdf
MOEX-106020-5301-Q012,106,第一次,106020,5301,12,解剖學,神經解剖,神經解剖,下列何者屬味覺皮質區？,島葉（insula）,枕葉（occipital lobe）,內側額葉（medial frontal lobe）,背外側額葉（dorsal lateral frontal lobe）,,A,A,standard,,False,106020_5301.pdf,106020_MOD5301.pdf
MOEX-106020-5301-Q013,106,第一次,106020,5301,13,解剖學,腹部,神經解剖,有關網狀結構（reticular formation）核群，下列何者以正腎上腺素（norepinephrine）為主要神經傳遞物質？,藍斑核（locus coeruleus）,縫核（raphe nucleus）,腹側被蓋區 (ventral tegmental area）,腳橋網狀核（pedunculopontine reticular nucleus）,,A,A,standard,,False,106020_5301.pdf,106020_MOD5301.pdf
MOEX-106020-5301-Q014,106,第一次,106020,5301,14,解剖學,神經解剖,神經解剖,初級視覺皮質（primary visual cortex）位於下列何Brodmann area？,19,17,22,45,,B,B,standard,,False,106020_5301.pdf,106020_MOD5301.pdf
MOEX-106020-5301-Q015,106,第一次,106020,5301,15,解剖學,頭頸部,頭頸部,甲狀腺（thyroid gland）手術，最可能造成下列何神經受損？,喉內神經（internal laryngeal nerve）,膈神經（phrenic nerve）,頸襻下根（inferior root of ansa cervicalis）,喉返神經（recurrent laryngeal nerve）,,D,D,standard,,False,106020_5301.pdf,106020_MOD5301.pdf
MOEX-106020-5301-Q016,106,第一次,106020,5301,16,解剖學,神經解剖,神經解剖,病患的上眼瞼下垂（ptosis），最可能是由於下列何者受損所造成？,外旋神經（abducent nerve）,滑車神經（trochlear nerve）,視神經（optic nerve）,動眼神經（oculomotor nerve）,,D,D,standard,,False,106020_5301.pdf,106020_MOD5301.pdf
MOEX-106020-5301-Q017,106,第一次,106020,5301,17,解剖學,頭頸部,頭頸部,上頜竇的開口（opening of maxillary sinus）位於鼻腔側壁何處？,篩泡（ethmoidal bulla）,半月裂（semilunar hiatus）,下鼻道（inferior nasal meatus）,上鼻道（superior nasal meatus）,,B,B,standard,,False,106020_5301.pdf,106020_MOD5301.pdf
MOEX-106020-5301-Q018,106,第一次,106020,5301,18,解剖學,頭頸部,頭頸部,有關顳頜關節（temporomandibular joint）之敘述，下列何者正確？,莖突下頜韌帶（stylomandibular ligament）附著在下頜骨的舌部（lingula of mandible）,蝶骨下頜韌帶（sphenomandibular ligament）附著在下頜角（angle of mandible）,翼外肌（lateral pterygoid muscle）收縮造成下頜骨的前引（protrusion）,顳頜關節的關節盤是由彈性軟骨（elastic cartilage）構成,,C,C,standard,,False,106020_5301.pdf,106020_MOD5301.pdf
MOEX-106020-5301-Q019,106,第一次,106020,5301,19,解剖學,胸腔,胸腔,心肌梗塞時產生左前胸或左上臂的轉移痛，此體表位置的感覺，由下列何者傳導？,迷走神經,膈神經,交感神經幹,肋間神經,,D,D,standard,,False,106020_5301.pdf,106020_MOD5301.pdf
MOEX-106020-5301-Q020,106,第一次,106020,5301,20,解剖學,胸腔,胸腔,右側乳房淋巴系統，通常不會直接匯入：,鎖骨下淋巴幹（subclavian trunk）,胸管（thoracic duct）,腋淋巴結（axillary lymph nodes）,胸骨旁淋巴結（parasternal lymph nodes）,,B,B,standard,,False,106020_5301.pdf,106020_MOD5301.pdf
MOEX-106020-5301-Q021,106,第一次,106020,5301,21,解剖學,胸腔,胸腔,有關構造與橫膈開口的對應，下列何者正確？,胸管－食道裂孔,奇靜脈－主動脈裂孔,迷走神經－下腔靜脈裂孔,交感神經幹－主動脈裂孔,,B,B,standard,,False,106020_5301.pdf,106020_MOD5301.pdf
MOEX-106020-5301-Q022,106,第一次,106020,5301,22,解剖學,胸腔,胸腔,心臟傳導系統中，竇房結（SA node）與房室結（AV node）的血管供應配對，下列何者正確？,右冠狀動脈、左迴旋支,右冠狀動脈、右冠狀動脈,右冠狀動脈、左前降支,左迴旋支、左前降支,,B,B,standard,,False,106020_5301.pdf,106020_MOD5301.pdf
MOEX-106020-5301-Q023,106,第一次,106020,5301,23,解剖學,下肢,下肢,位於腰大肌（psoas major muscle）內側的腰神經叢分支是：,股神經（femoral nerve）,生殖股神經（genitofemoral nerve）,髂腹股溝神經（iliohypogastric nerve）,閉孔神經（obturator nerve）,,D,D,standard,,False,106020_5301.pdf,106020_MOD5301.pdf
MOEX-106020-5301-Q024,106,第一次,106020,5301,24,解剖學,骨盆與會陰,骨盆與會陰,子宮摘除手術結紮子宮動脈（uterine artery）後，仍有出血現象，此血液最可能來自下列何者的分支？,上膀胱動脈（superior vesical artery）,下直腸動脈（inferior rectal artery）,卵巢動脈（ovarian artery）,閉孔動脈（obturator artery）,,C,C,standard,,False,106020_5301.pdf,106020_MOD5301.pdf
MOEX-106020-5301-Q025,106,第一次,106020,5301,25,解剖學,骨盆與會陰,骨盆與會陰,下列何者不形成骨盆入口（pelvic inlet）的界限？,薦岬（promontory）,髂嵴（iliac crest）,恥骨嵴（pubic crest）,弓狀線（arcuate line）,,B,B,standard,,False,106020_5301.pdf,106020_MOD5301.pdf
MOEX-106020-5301-Q026,106,第一次,106020,5301,26,解剖學,下肢,下肢,下列那三塊肌肉的肌腱一起附著於脛骨粗隆的內側（medial side of tibial tuberosity）？,股薄肌（gracilis）、縫匠肌（sartorius）、半膜肌（semimembranosus）,股薄肌（gracilis）、縫匠肌（sartorius）、半腱肌（semitendinosus）,股二頭肌（biceps femoris）、半膜肌（semimembranosus）、半腱肌（semitendinosus）,內收長肌（adductor longus）、內收短肌（adductor brevis）、內收大肌（adductor magnus）,,B,B,standard,,False,106020_5301.pdf,106020_MOD5301.pdf
MOEX-106020-5301-Q027,106,第一次,106020,5301,27,解剖學,解剖學,,下列何者與旋後肌（supinator）由相同的神經支配？,旋前圓肌（pronator teres）,旋前方肌（pronator quadratus）,伸拇指短肌（extensor pollicis brevis）,外展拇指短肌（abductor pollicis brevis）,,C,C,standard,,False,106020_5301.pdf,106020_MOD5301.pdf
MOEX-106020-5301-Q028,106,第一次,106020,5301,28,解剖學,上肢,上肢,下列何者附著於肩胛棘（spine of scapula）？,斜方肌（trapezius muscle）,提肩胛肌（levator scapulae muscle）,後上鋸肌（serratus posterior superior muscle）,後下鋸肌（serratus posterior inferior muscle）,,A,A,standard,,False,106020_5301.pdf,106020_MOD5301.pdf
MOEX-106020-5301-Q029,106,第一次,106020,5301,29,解剖學,腹部,腹部,胚胎發育至第幾週時，肝細胞（hepatocyte）開始製造膽汁（bile）？,第4週,第8週,第12週,第16週,,C,C,standard,,False,106020_5301.pdf,106020_MOD5301.pdf
MOEX-106020-5301-Q030,106,第一次,106020,5301,30,解剖學,骨盆與會陰,骨盆與會陰,有關女性假陰陽人（female pseudohermaphroditism）具有特徵之敘述，下列何者錯誤？,男性荷爾蒙分泌太多,"染色體46, XX",肇因於腎上腺萎縮,外生殖器官男性化,,C,C,standard,,False,106020_5301.pdf,106020_MOD5301.pdf
MOEX-106020-5301-Q031,106,第一次,106020,5301,31,解剖學,腹部,腹部,靜脈血液通常為缺氧血，但是下列何項例外？,肝靜脈（hepatic vein）,門靜脈（portal vein）,臍靜脈（umbilical vein）,子宮靜脈（uterine vein）,,C,C,standard,,False,106020_5301.pdf,106020_MOD5301.pdf
MOEX-106020-5301-Q032,106,第一次,106020,5301,32,解剖學,胸腔,胸腔,下列何處的肌肉組織不是衍生自中胚層（mesoderm）？,肋間（intercostal region）,虹膜（iris）,心臟（heart）,消化道（digestive tract）,,B,B,standard,,False,106020_5301.pdf,106020_MOD5301.pdf
MOEX-106020-5301-Q033,106,第一次,106020,5301,33,組織學,組織學,,有關部分分泌腺體（merocrine gland）之敘述，下列敘述何者正確？,分泌產物常與整個細胞一起釋出,分泌產物常與細胞頂端部分一起釋出,為乳腺之脂類的分泌方式,為唾液腺之分泌方式,,D,D,standard,,False,106020_5301.pdf,106020_MOD5301.pdf
MOEX-106020-5301-Q034,106,第一次,106020,5301,34,組織學,組織學,,有關軟骨的敘述，下列何者錯誤？,透明軟骨（hyaline cartilage）具有軟骨細胞（chondrocyte）與軟骨膜（perichondrium）,纖維軟骨（fibrocartilage）具有軟骨母細胞（chondroblast）與軟骨膜（perichondrium）,彈性軟骨（elastic cartilage）具有軟骨細胞（chondrocyte）與軟骨母細胞（chondroblast）,纖維軟骨（fibrocartilage）具有軟骨細胞（chondrocyte）與纖維母細胞（fibroblast）,,B,B,standard,,False,106020_5301.pdf,106020_MOD5301.pdf
MOEX-106020-5301-Q035,106,第一次,106020,5301,35,解剖學,神經解剖,神經解剖,有關巴金森氏症（Parkinson’s disease），下列敘述何者錯誤？,為大腦黑質（substantia nigra）及基底核（basal ganglia）中神經元的多巴胺（dopamine）分泌不足所造成,患者腦中之退化神經元中常含有由神經絲（neurofilaments）與特定蛋白質交織而成的內含體（Lewy bodies）,通常會直接投予（口服或注射）多巴胺（dopamine）治療,腦神經元退化後，通常會有明顯的神經膠樣變性（gliosis）,,A|C,A|C,multiple_answers,第35題答A、C給分,False,106020_5301.pdf,106020_MOD5301.pdf
MOEX-106020-5301-Q036,106,第一次,106020,5301,36,組織學,組織學,,在毛囊（hair follicle）的橫切面中看到①內根鞘（internal root sheath） ②外根鞘（external root sheath） ③髓質 （medulla） ④皮質（cortex） ⑤玻璃膜（glassy membrane）等構造，這些構造由內而外依序為：,①→②→③→④→⑤,①→③→②→④→⑤,③→①→②→④→⑤,③→④→①→②→⑤,,D,D,standard,,False,106020_5301.pdf,106020_MOD5301.pdf
MOEX-106020-5301-Q037,106,第一次,106020,5301,37,組織學,組織學,,以下何者不位於腸腺（crypts of Lieberkühn）？,再生幹細胞（regenerative stem cells）,杯狀細胞（goblet cells）,壁細胞（parietal cells）,潘氏細胞（Paneth cells）,,C,C,standard,,False,106020_5301.pdf,106020_MOD5301.pdf
MOEX-106020-5301-Q038,106,第一次,106020,5301,38,組織學,組織學,,下列關於食道的敘述，何者正確？,上食道之外肌層（muscularis externa）僅含有平滑肌,黏膜層（mucosa layer）具許多杯狀細胞（goblet cells）,具黏膜下腺（submucosal gland）,胸腔段有漿膜（serosa）包覆,,C,C,standard,,False,106020_5301.pdf,106020_MOD5301.pdf
MOEX-106020-5301-Q039,106,第一次,106020,5301,39,組織學,組織學,,甲狀腺上皮細胞內將碘化甲狀腺球蛋白（iodinated thyroglobulin）分解成甲狀腺素的胞器是：,溶酶體（lysosomes）,過氧化酶體（peroxisomes）,粒線體（mitochondria）,高爾基氏體（Golgi complex）,,A,A,standard,,False,106020_5301.pdf,106020_MOD5301.pdf
MOEX-106020-5301-Q040,106,第一次,106020,5301,40,組織學,組織學,,下列何組織具有腦砂（brain sand）？,腎上腺,甲狀腺,腦下垂體,松果腺,,D,D,standard,,False,106020_5301.pdf,106020_MOD5301.pdf
MOEX-106020-5301-Q041,106,第一次,106020,5301,41,解剖學,骨盆與會陰,骨盆與會陰,在男性的生殖輔助腺體（accessory glands）中，體積最大的是：,前列腺（prostate gland）,精囊（seminal vesicles）,尿道球腺（bulbourethral glands）,尿道腺（urethral glands）,,A,A,standard,,False,106020_5301.pdf,106020_MOD5301.pdf
MOEX-106020-5301-Q042,106,第一次,106020,5301,42,微生物免疫寄生蟲公衛,微生物免疫寄生蟲公衛,,有關肺炎鏈球菌（Streptococcus pneumoniae）的敘述，下列何者錯誤？,在血液培養盤上菌落周圍，呈現草綠色的溶血環,具抗吞噬的能力的莢膜（capsule）是此菌重要的致病因子,"具group C多醣類，可與C-反應蛋白質（C-reactive protein, CRP）發生反應",對奧普托辛（optochin）敏感，且可被膽汁溶解,,C,C,standard,,False,106020_5301.pdf,106020_MOD5301.pdf
MOEX-106020-5301-Q043,106,第一次,106020,5301,43,微生物免疫寄生蟲公衛,微生物免疫寄生蟲公衛,,關於白喉棒狀桿菌（Corynebacterium diphtheriae）之敘述，下列何者正確？,為革蘭氏陰性桿菌,其主要毒力因子為一種A-B 毒素,貓、狗等動物為主要傳染源,主要經由食物傳染,,B,B,standard,,False,106020_5301.pdf,106020_MOD5301.pdf
MOEX-106020-5301-Q044,106,第一次,106020,5301,44,微生物免疫寄生蟲公衛,微生物免疫寄生蟲公衛,,有關脂多醣（lipopolysaccharides）內毒素（endotoxin）導致病人死亡的敘述，下列何者錯誤？,甲氧西林抗藥性金黃色葡萄球菌（Methicillin-Resistant Staphylococcus aureus）產生之內毒素是可能的禍首,廣泛的血管內凝固（disseminated intravascular coagulation），可能是致死原因之一,病人可能死於低血壓（hypotension）,可引起發燒及休克，導致死亡,,A,A,standard,,False,106020_5301.pdf,106020_MOD5301.pdf
MOEX-106020-5301-Q045,106,第一次,106020,5301,45,微生物免疫寄生蟲公衛,微生物免疫寄生蟲公衛,,有關使用抗生素所引起之偽膜性腸炎（pseudomembranous colitis）的敘述，下列何者錯誤？,常由艱難梭菌（Clostridium difficile）所引起,非皆為外源性（exogenous）感染之疾病,糞便移植（fecal transplantation）通常不具療效,可以甲硝達唑（Metronidazole）或萬古黴素（Vancomycin）治療,,C,C,standard,,False,106020_5301.pdf,106020_MOD5301.pdf
MOEX-106020-5301-Q046,106,第一次,106020,5301,46,解剖學,骨盆與會陰,骨盆與會陰,下列疾病，何者極少由砂眼披衣菌（Chlamydia trachomatis）所引起？,嬰兒肺炎（infant pneumonia）,腦膜炎（meningitis）,生殖道及尿道感染（urogenital infections）,淋巴肉芽腫（lymphogranuloma venereum）,,B,B,standard,,False,106020_5301.pdf,106020_MOD5301.pdf
MOEX-106020-5301-Q047,106,第一次,106020,5301,47,微生物免疫寄生蟲公衛,微生物免疫寄生蟲公衛,,肺炎退伍軍人桿菌（Legionella pneumophila）初次分離培養（primary culture）時，需要添加下列那種成分？,甘油（glycerol）,橄欖油（olive oil）,L-半胱胺酸（L-cysteine）,菸鹼酸（nicotinic acid）,,C,C,standard,,False,106020_5301.pdf,106020_MOD5301.pdf
MOEX-106020-5301-Q048,106,第一次,106020,5301,48,組織學,組織學,,下列那一種致病菌能在上皮細胞（epithelial cells）內複製，並藉由形成肌動蛋白尾（actin tail）移動至緊鄰細胞內？,白喉棒狀桿菌（Corynebacterium diphtheriae）,單核球增生李斯特菌（Listeria monocytogenes）,綠膿假單胞桿菌（Pseudomonas aeruginosa）,肺炎克雷白氏菌（Klebsiella pneumoniae）,,B,B,standard,,False,106020_5301.pdf,106020_MOD5301.pdf
MOEX-106020-5301-Q049,106,第一次,106020,5301,49,生物化學,生物化學,,淚水中含有下列那一種成分，可分解胜肽聚醣（peptidoglycan）？,乳鐵蛋白質（Lactoferrin）,溶菌酶（Lysozyme）,乳過氧化物酶（Lactoperoxidase）,澱粉酶（Amylase）,,B,B,standard,,False,106020_5301.pdf,106020_MOD5301.pdf
MOEX-106020-5301-Q050,106,第一次,106020,5301,50,微生物免疫寄生蟲公衛,微生物免疫寄生蟲公衛,,關於結核桿菌（Mycobacterium tuberculosis）之敘述，下列何者正確？,齧齒類動物（rodents）為此菌之傳播者,此菌不易染色，但一旦染上後，即使用酸性溶液也不易脫色,此菌具移動性且會形成內孢子（endospores）,此菌能產生外毒素（exotoxin）以避免吞噬細胞之吞食,,B,B,standard,,False,106020_5301.pdf,106020_MOD5301.pdf
MOEX-106020-5301-Q051,106,第一次,106020,5301,51,微生物免疫寄生蟲公衛,微生物免疫寄生蟲公衛,,下列何者是最易造成人體內源性感染（endogenous infection）的厭氧菌？,產氣莢膜梭菌（Clostridium perfringens）,鬆脆類桿菌（Bacteroides fragilis）,短雙歧桿菌（Bifidobacterium breve）,炭疽桿菌（Bacillus anthracis）,,B,B,standard,,False,106020_5301.pdf,106020_MOD5301.pdf
MOEX-106020-5301-Q052,106,第一次,106020,5301,52,生物化學,生物化學,,關於傳染性蛋白質（prion）所引起之疾病的敘述，下列何者錯誤？,潛伏期很長,會引起激烈的免疫反應,可經由眼角膜移植傳染,病人常會有失智（dementia）症狀,,B,B,standard,,False,106020_5301.pdf,106020_MOD5301.pdf
MOEX-106020-5301-Q053,106,第一次,106020,5301,53,微生物免疫寄生蟲公衛,微生物免疫寄生蟲公衛,,某一老人照護中心發生群聚感染，有25位長者出現水樣下痢、噁心及嘔吐等，症狀持續12至60小時不等。此最可能由下列何 種病毒所引起？,巨細胞病毒（Cytomegalovirus）,漢坦病毒（Hantaan virus）,諾羅病毒（Norovirus）,B型肝炎病毒（Hepatitis B virus）,,C,C,standard,,False,106020_5301.pdf,106020_MOD5301.pdf
MOEX-106020-5301-Q054,106,第一次,106020,5301,54,微生物免疫寄生蟲公衛,微生物免疫寄生蟲公衛,,有關狂犬病（rabies）之敘述，下列何者正確？,是被感染了狂犬病細菌的病狗咬傷所引起的,最初的入侵部位為肌肉；最終之感染部位為心臟,最好的預防策略是對動物施打疫苗,病原細菌入侵僅數天即嚴重發病,,C,C,standard,,False,106020_5301.pdf,106020_MOD5301.pdf
MOEX-106020-5301-Q055,106,第一次,106020,5301,55,組織學,組織學,,欲由登革熱患者身上分離病毒時，取患者下列那種檢體最適合？,喉頭拭子（throat swab）,血液,皮膚,肛門拭子（anal swab）,,B,B,standard,,False,106020_5301.pdf,106020_MOD5301.pdf
MOEX-106020-5301-Q056,106,第一次,106020,5301,56,微生物免疫寄生蟲公衛,微生物免疫寄生蟲公衛,,"關於人類免疫缺陷病毒（Human immunodeficiency virus, HIV）致病機轉之敘述，下列何者錯誤？",可造成巨噬細胞（macrophage）功能變差,會引起CD4 T淋巴球（lymphocyte）減少,感染B淋巴球，造成免疫功能下降,CD8 T淋巴球/CD4 T淋巴球比例上升,,C,C,standard,,False,106020_5301.pdf,106020_MOD5301.pdf
MOEX-106020-5301-Q057,106,第一次,106020,5301,57,解剖學,腹部,胸腔,下列何者為最常造成人類病毒性心臟炎（carditis）的病原？,流行性感冒病毒（Influenza virus）,單純疱疹病毒（Herpes simplex virus）,B型克沙奇病毒（Coxsackie B virus）,71型腸病毒（Enterovirus 71）,,C,C,standard,,False,106020_5301.pdf,106020_MOD5301.pdf
MOEX-106020-5301-Q058,106,第一次,106020,5301,58,微生物免疫寄生蟲公衛,微生物免疫寄生蟲公衛,,某病人之組織檢體培養在攝氏25度，觀察到具有約3～6 µm大小之桶狀關節孢子（barrel-shaped arthroconidia）。最可能罹患 下列那種疾病？,芽生黴菌症（Blastomycosis）,球黴菌症（Coccidioidomycosis）,莢膜組織胞漿菌症（Histoplasmosis capsulati）,副球黴菌症（Paracoccidioidomycosis）,,B,B,standard,,False,106020_5301.pdf,106020_MOD5301.pdf
MOEX-106020-5301-Q059,106,第一次,106020,5301,59,組織學,組織學,,關於抗黴菌（antifungal）藥物之主要作用機制的敘述，下列何者正確？,氟胞嘧啶（Flucytosine）抑制核酸合成,糞殼菌素（Sordarins）抑制細胞壁合成,華光黴素（Nikkomycin）抑制細胞膜合成,聚乙烯（Polyenes）抑制蛋白質合成,,A,A,standard,,False,106020_5301.pdf,106020_MOD5301.pdf
MOEX-106020-5301-Q060,106,第一次,106020,5301,60,組織學,組織學,,所謂透明黴菌（hyaline molds）是指一群在病灶組織中，呈現下列那種共同性質的真菌？,產生有分隔之菌絲,產生無分枝之菌絲,與青黴菌屬（Penicillium）之形態相似,產生具色素之菌絲,,A,A,standard,,False,106020_5301.pdf,106020_MOD5301.pdf
MOEX-106020-5301-Q061,106,第一次,106020,5301,61,微生物免疫寄生蟲公衛,微生物免疫寄生蟲公衛,,下列何者為目前已知皮下真菌病（subcutaneous mycosis）中，具有兩型性（dimorphic）之病原菌？,疣狀毛癬菌（Trichopyton verrucosum）,申克孢子絲菌（Sporothrix schenckii）,副冠耳黴（Conidiobolus coronatus）,蛙糞黴（Basidiobolus ranarum）,,B,B,standard,,False,106020_5301.pdf,106020_MOD5301.pdf
MOEX-106020-5301-Q062,106,第一次,106020,5301,62,組織學,組織學,,在正常健康人體周邊血（peripheral blood）中之何種細胞最多？,T淋巴細胞,B淋巴細胞,漿細胞（plasma cell）,自然殺手細胞,,A,A,standard,,False,106020_5301.pdf,106020_MOD5301.pdf
MOEX-106020-5301-Q063,106,第一次,106020,5301,63,微生物免疫寄生蟲公衛,微生物免疫寄生蟲公衛,,B細胞中抗體分子類型轉換（class switch）無法順利進行，而導致高IgM症候群（hyper-IgM syndrome），常是因為那一個基 因的缺損所致？,terminal deoxynucleotidyl transferase（TdT）,Bruton's tyrosine kinase（Btk）,CD40 ligand（CD40L）,recombination-activating gene（RAG）,,C,C,standard,,False,106020_5301.pdf,106020_MOD5301.pdf
MOEX-106020-5301-Q064,106,第一次,106020,5301,64,生物化學,生物化學,,未曾活化之B細胞（naïve B cell）細胞膜上出現IgD，其機制為何？,免疫球蛋白基因重組（recombination of Ig variable gene segments）,免疫球蛋白基因超變異轉換重組（Ig gene hypermutation）,免疫球蛋白重鏈RNA剪接（Ig heavy chain RNA splicing）,免疫球蛋白輕鏈RNA剪接（Ig light chain RNA splicing）,,C,C,standard,,False,106020_5301.pdf,106020_MOD5301.pdf
MOEX-106020-5301-Q065,106,第一次,106020,5301,65,微生物免疫寄生蟲公衛,微生物免疫寄生蟲公衛,,在抗原受器基因重組（antigen receptor gene rearrangement）時，N-核苷酸添加（N-nucleotide addition）多變方式 （diversity）於下列那一種重組時，其發生之機會為最低？,抗體重鏈基因（Ig heavy chain gene）,抗體輕鏈基因（Ig light chain gene）,T細胞受器α-鏈基因（TCR α-chain gene）,T細胞受器β-鏈基因（TCR β-chain gene）,,B,B,standard,,False,106020_5301.pdf,106020_MOD5301.pdf
MOEX-106020-5301-Q066,106,第一次,106020,5301,66,組織學,組織學,,第十七型輔助性T細胞（T H 17）需要何種細胞激素的持續存在，才能夠維持其功能？,IL-12,IL-23,IL-10,IFN-γ,,B,B,standard,,False,106020_5301.pdf,106020_MOD5301.pdf
MOEX-106020-5301-Q067,106,第一次,106020,5301,67,組織學,組織學,,經過多年的研究，終於發現藥物X可以促進轉錄因子FoxP3的表現，而轉錄因子FoxP3主要表現在CD4+ T細胞上，且這些T細 胞會分泌IL-10及TGF-β，並且表現CTLA-4分子。藥物X最不可能用來控制那種疾病？,移植排斥,紅斑性狼瘡,氣喘,腫瘤,,D,D,standard,,False,106020_5301.pdf,106020_MOD5301.pdf
MOEX-106020-5301-Q068,106,第一次,106020,5301,68,解剖學,腹部,腹部,下列何者不是第四型的過敏反應？,結核病,類肉瘤病（sarcoidosis）,B型肝炎,痲瘋（leprosy）,,C,C,standard,,False,106020_5301.pdf,106020_MOD5301.pdf
MOEX-106020-5301-Q069,106,第一次,106020,5301,69,組織學,組織學,,Wiskott-Aldrich syndrome 的病患經常會出現出血瘀青的現象，依照其致病機制，下列何種藥劑或治療方法對這類型病患的出 血症狀最不可能有效？,第八凝血因子,血小板濃厚血漿,基因治療,幹細胞移植,,A,A,standard,,False,106020_5301.pdf,106020_MOD5301.pdf
MOEX-106020-5301-Q070,106,第一次,106020,5301,70,生理學,生理學,,人體內那一種抗體濃度增加，容易引起第一型過敏反應？,IgA,IgE,IgG,IgM,,B,B,standard,,False,106020_5301.pdf,106020_MOD5301.pdf
MOEX-106020-5301-Q071,106,第一次,106020,5301,71,微生物免疫寄生蟲公衛,微生物免疫寄生蟲公衛,,調節型T細胞（T reg cells）在人類的自體免疫疾病的致病機轉及調控方面，有何角色？,"在紅斑性狼瘡疾患（systemic lupus erythematosus, SLE），抑制初始淋巴球（naïve lymphocytes）之歸處（homing）",在多發性硬化症（multiple sclerosis）疾患，呈現功能缺失現象,在類風濕性關節炎（rheumatoid arthritis）疾患，呈現功能過高現象,在人類的自體免疫疾病的致病機轉方面，並無角色,,B,B,standard,,False,106020_5301.pdf,106020_MOD5301.pdf
MOEX-106020-5301-Q072,106,第一次,106020,5301,72,醫學一其他科目,醫學一其他科目,,下列關於 tumor antigens 的敘述，那一項錯誤？,多數為 self-antigens,可以是 tumor specific,只會在腫瘤生長前期表現,可以是突變的 self-antigens,,C,C,standard,,False,106020_5301.pdf,106020_MOD5301.pdf
MOEX-106020-5301-Q073,106,第一次,106020,5301,73,組織學,組織學,,免疫系統能夠偵查出腫瘤細胞的存在，並且盡力消滅它。免疫系統與腫瘤互動的階段依先後次序為何？,逃避期（escape phase）→平衡期（equilibrium phase）→腫瘤之免疫調節期（immunoediting）,逃避期→消滅期（elimination phase）→平衡期,平衡期→逃避期→消滅期,消滅期→平衡期→逃避期,,D,D,standard,,False,106020_5301.pdf,106020_MOD5301.pdf
MOEX-106020-5301-Q074,106,第一次,106020,5301,74,組織學,組織學,,腎臟移植時發生超急性排斥（hyperacute rejection），其原因是抗體攻擊腎臟的何種細胞或組織？,血管內皮細胞（vascular endothelium）,腎膈細胞（mesangial cell）,腎小管上皮細胞（renal tubular epithelial cell）,鮑氏囊（Bowman's capsule）,,A,A,standard,,False,106020_5301.pdf,106020_MOD5301.pdf
MOEX-106020-5301-Q075,106,第一次,106020,5301,75,解剖學,胸腔,胸腔,下列有關蟠尾絲蟲（Onchocerca volvulus）感染人體的敘述，有幾項敘述是正確的？①微絲蟲（microfilaria）也會出現在尿液 中 ②微絲蟲（microfilaria）可能引起失明 ③病患皮膚可能呈現豹皮花紋（leopard skin） ④病患肺部可能有硬幣大小的結 節病變（coin lesion）,1項,2項,3項,4項,,C,C,standard,,False,106020_5301.pdf,106020_MOD5301.pdf
MOEX-106020-5301-Q076,106,第一次,106020,5301,76,組織學,組織學,,下列有關旋毛蟲（Trichinella spiralis）感染的敘述，有幾項是正確的？①食入未熟之帶蟲豬肉為人類常見的感染途徑 ②蟲體 在骨骼肌發育及囊化 ③感染後最早出現的症狀為肌肉痛 ④豬為終宿主也同時為中間宿主,1項,2項,3項,4項,,C,C,standard,,False,106020_5301.pdf,106020_MOD5301.pdf
MOEX-106020-5301-Q077,106,第一次,106020,5301,77,解剖學,腹部,腹部,下列何種人體寄生蟲之絲狀幼蟲的尾端會呈現分叉狀（notched tail）？,美洲鉤蟲（Necator americanus）,十二指腸鉤蟲（Ancylostoma duodenale）,糞小桿線蟲（Strongyloides stercoralis）,蟯蟲（Enterobius vermicularis）,,C,C,standard,,False,106020_5301.pdf,106020_MOD5301.pdf
MOEX-106020-5301-Q078,106,第一次,106020,5301,78,解剖學,腹部,腹部,下列有關中華肝吸蟲（Clonorchis sinensis）感染人體的敘述，何者錯誤？,因食入帶蟲淡水魚肉而感染,其囊幼（metacercaria）具感染人體之能力,其蟲卵易與橫川吸蟲（Metagonimus yokogawai）蟲卵區分,在慢性重度感染者可能引發膽管癌,,C,C,standard,,False,106020_5301.pdf,106020_MOD5301.pdf
MOEX-106020-5301-Q079,106,第一次,106020,5301,79,微生物免疫寄生蟲公衛,微生物免疫寄生蟲公衛,,俗稱的片山熱（Katayama fever）是由何種寄生蟲感染引起的？,橫川吸蟲（Metagonimus yokogawai）,日本血吸蟲（Schistosoma japonicum）,中華肝吸蟲（Clonorchis sinensis）,衛氏肺吸蟲（Paragonimus westermani）,,B,B,standard,,False,106020_5301.pdf,106020_MOD5301.pdf
MOEX-106020-5301-Q080,106,第一次,106020,5301,80,解剖學,骨盆與會陰,腹部,下列敘述中，何者錯誤？,大腸纖毛蟲（Balantidium coli）及梨形鞭毛蟲（Giardia lamblia）之滋養體（trophozoites）都具有兩個細胞核,目前治療陰道滴蟲症（vaginal trichomoniasis）的首選用藥為metronidazole,自來水廠之過濾及一般氯處理殺菌方式，即可移除及殺死水中隱胞子蟲（Cryptosporidium spp.）的卵囊,野外露營如果無法煮沸飲水，可利用碘液處理方式殺死水中梨形鞭毛蟲（Giardia lamblia）的囊體,,C,C,standard,,False,106020_5301.pdf,106020_MOD5301.pdf
MOEX-106020-5301-Q081,106,第一次,106020,5301,81,解剖學,腹部,腹部,下列有關阿米巴之敘述中，何者錯誤？,利用PCR技術可鑑別痢疾阿米巴（Entamoeba histolytica）及迪斯帕阿米巴（Entamoeba dispar）,Metronidazole為痢疾阿米巴症之首選治療藥物,痢疾阿米巴（Entamoeba histolytica）的滋養體（trophozoites）會吞噬紅血球,人體寄生性阿米巴之寄生部位均在大腸,,D,D,standard,,False,106020_5301.pdf,106020_MOD5301.pdf
MOEX-106020-5301-Q082,106,第一次,106020,5301,82,解剖學,腹部,腹部,下列那些原蟲的感染型（infective form）通常具有四個細胞核？,梨形鞭毛蟲（Giardia lamblia）及大腸阿米巴（Entamoeba coli）,梨形鞭毛蟲（Giardia lamblia）及痢疾阿米巴（Entamoeba histolytica）,哈氏阿米巴（Entamoeba hartmanni）及嗜碘阿米巴（Iodamoeba bütschlii）,微小阿米巴（Endolimax nana）及雙核阿米巴（Dientamoeba fragilis）,,B,B,standard,,False,106020_5301.pdf,106020_MOD5301.pdf
MOEX-106020-5301-Q083,106,第一次,106020,5301,83,醫學一其他科目,醫學一其他科目,,某一世代研究探討吸菸與某疾病的關係，各追蹤吸菸與非吸菸者 3000 名，研究期間發現吸菸者有 60 名罹患該疾病，非吸菸 者有 15 名。該疾病有多少比例可歸因吸菸所引起的？,1.5%,2%,45%,75%,,D,D,standard,,False,106020_5301.pdf,106020_MOD5301.pdf
MOEX-106020-5301-Q084,106,第一次,106020,5301,84,微生物免疫寄生蟲公衛,微生物免疫寄生蟲公衛,,下列何者最能描述流行病學（epidemiology）的定義？,經由建立動物模式（animal model）來研究疾病的成因及治療方法,對人群中疾病頻率分布（distribution）及其決定因子（determinants）的研究,探討隨機變異（random variation）特性的理論統計學研究,針對疫情（epidemic）的研究，不具傳染性的疾病即不屬於流行病學研究的對象,,B,B,standard,,False,106020_5301.pdf,106020_MOD5301.pdf
MOEX-106020-5301-Q085,106,第一次,106020,5301,85,醫學一其他科目,醫學一其他科目,,關於獨立樣本平均值的檢定，下列何者錯誤？,兩個獨立樣本平均值的檢定可用t檢定,三個以上獨立樣本平均值的檢定可用變異數分析,樣本平均值的抽樣分布需要符合常態分布的假設,p值若小於顯著水準，代表接受虛無假說,,D,D,standard,,False,106020_5301.pdf,106020_MOD5301.pdf
MOEX-106020-5301-Q086,106,第一次,106020,5301,86,微生物免疫寄生蟲公衛,微生物免疫寄生蟲公衛,,假設有一個城市正在流行A型流行性感冒，10% 的家庭媽媽有感染，10% 的家庭爸爸有感染，2% 的家庭爸媽同時感染，若A 事件為媽媽有感染，B事件為爸爸有感染，則P（A|B）＝？,0.1,0.002,0.2,0.005,,C,C,standard,,False,106020_5301.pdf,106020_MOD5301.pdf
MOEX-106020-5301-Q087,106,第一次,106020,5301,87,醫學一其他科目,醫學一其他科目,,利用配對方式選擇病例對照研究，下列何者錯誤？,需事先決定干擾因子,可降低已知干擾因子的影響,無法控制配對因子之干擾作用,需做配對分析,,C,C,standard,,False,106020_5301.pdf,106020_MOD5301.pdf
MOEX-106020-5301-Q088,106,第一次,106020,5301,88,醫學一其他科目,醫學一其他科目,,一般而言，若某數據之分布為右偏（skew to right）時，則下列敘述何者正確？,眾數＞中位數＞平均數,眾數＞平均數＞中位數,平均數＞眾數＞中位數,平均數＞中位數＞眾數,,D,D,standard,,False,106020_5301.pdf,106020_MOD5301.pdf
MOEX-106020-5301-Q089,106,第一次,106020,5301,89,生理學,生理學,,某研究者對飲酒與血壓間之關係頗有興趣，為了探討兩者間之相關性，將研究對象按飲酒量區分為若干組，然後比較各組樣本 血壓平均值之差異，分析資料後，得到的結果如下表所示： 該研究總共的研究樣本數目為？,40,39,36,12,,A,A,standard,,True,106020_5301.pdf,106020_MOD5301.pdf
MOEX-106020-5301-Q090,106,第一次,106020,5301,90,醫學一其他科目,醫學一其他科目,,下列那一描述，最不適用於致癌物之風險評估？,假設劑量反應有閾值存在,進行不確定分析,考量長期暴露狀況,利用斜率因子計算致癌風險,,A,A,standard,,False,106020_5301.pdf,106020_MOD5301.pdf
MOEX-106020-5301-Q091,106,第一次,106020,5301,91,醫學一其他科目,醫學一其他科目,,游離輻射之有效劑量（effective dose）的單位為何？,格雷（Gray）,雷得（Rad）,西弗（Sievert）,居里（Curie）,,C,C,standard,,False,106020_5301.pdf,106020_MOD5301.pdf
MOEX-106020-5301-Q092,106,第一次,106020,5301,92,微生物免疫寄生蟲公衛,微生物免疫寄生蟲公衛,,第一個經研究證實疫苗注射與人類癌症之預防有相關的是下列那一項疫苗注射？,牛痘疫苗,沙克疫苗,人類乳突病毒疫苗,B型肝炎疫苗,,D,D,standard,,False,106020_5301.pdf,106020_MOD5301.pdf
MOEX-106020-5301-Q093,106,第一次,106020,5301,93,解剖學,腹部,神經解剖,氯乙烯單體會造成下列那一項職業性癌症？,白血病,肺癌,肝血管肉瘤,腦瘤,,C,C,standard,,False,106020_5301.pdf,106020_MOD5301.pdf
MOEX-106020-5301-Q094,106,第一次,106020,5301,94,解剖學,腹部,胸腔,在人體方面，鉻尚未被證實導致以下何種疾病？,胃癌,肺癌,皮膚炎,鼻中膈穿孔,,A,A,standard,,False,106020_5301.pdf,106020_MOD5301.pdf
MOEX-106020-5301-Q095,106,第一次,106020,5301,95,醫學一其他科目,醫學一其他科目,,以下那一種方法可以提高一個人的自我效能？,給予社會制裁,給予展現成功之自我挑戰經驗,給予後果嚴重度性之威脅,給予社會規範及依從動機,,B,B,standard,,False,106020_5301.pdf,106020_MOD5301.pdf
MOEX-106020-5301-Q096,106,第一次,106020,5301,96,醫學一其他科目,醫學一其他科目,,下列那個項目不是推動健康城市的特點？,市政部門主導,創新,跨部門合作,承諾健康,,A,A,standard,,False,106020_5301.pdf,106020_MOD5301.pdf
MOEX-106020-5301-Q097,106,第一次,106020,5301,97,醫學一其他科目,醫學一其他科目,,當吸菸者到醫院戒菸門診進行戒菸時，醫師評估發現吸菸者已有戒菸動機，故採用增強戒菸動機策略以堅定其戒菸的意願。此 吸菸者是處於那一個戒菸階段？,懵懂期（pre-contemplation phase）,深思期（contemplation phase ）,準備期（preparation phase）,行動期（action phase）,,B,B,standard,,False,106020_5301.pdf,106020_MOD5301.pdf
MOEX-106020-5301-Q098,106,第一次,106020,5301,98,醫學一其他科目,醫學一其他科目,,我國2014年國民醫療保健支出佔國內生產毛額之比率（NHE／GDP），下列何者比較接近？,4.2%,5.2%,6.2%,7.2%,,C,C,standard,,False,106020_5301.pdf,106020_MOD5301.pdf
MOEX-106020-5301-Q099,106,第一次,106020,5301,99,醫學一其他科目,醫學一其他科目,,"下列何者不是評估身體功能障礙中日常生活活動（activities of daily living, ADLs）的項目？",洗澡及穿衣,準備食物與打電話,室內走動,進食,,B,B,standard,,False,106020_5301.pdf,106020_MOD5301.pdf
MOEX-106020-5301-Q100,106,第一次,106020,5301,100,解剖學,胸腔,胸腔,下列何者不是衛生福利部所轄的財團法人機構？,財團法人董氏基金會,財團法人器官捐贈移植登錄中心,財團法人藥害救濟基金會,財團法人醫院評鑑暨醫療品質策進會,,A,A,standard,,False,106020_5301.pdf,106020_MOD5301.pdf
MOEX-106100-1301-Q001,106,第二次,106100,1301,1,解剖學,神經解剖,神經解剖,下列何者不屬於功能性的邊緣系統（limbic system）？,杏仁體（amygdala）,小腦齒狀核（dentate nucleus of cerebellum）,海馬回（hippocampus）,下視丘（hypothalamus）,,B,B,standard,,False,106100_1301.pdf,106100_MOD1301.pdf
MOEX-106100-1301-Q002,106,第二次,106100,1301,2,解剖學,腹部,腹部,藍斑核（locus coeruleus）神經元釋放下列何種神經傳導物質？,血清張力素（serotonin）,乙醯膽鹼（acetylcholine）,正腎上腺素（norepinephrine）,腎上腺素（epinephrine）,,C,C,standard,,False,106100_1301.pdf,106100_MOD1301.pdf
MOEX-106100-1301-Q003,106,第二次,106100,1301,3,解剖學,頭頸部,頭頸部,咽部壁上的縱走肌肉收縮會對咽產生何種作用？,鬆弛,上提,下壓,內收,,B,B,standard,,False,106100_1301.pdf,106100_MOD1301.pdf
MOEX-106100-1301-Q004,106,第二次,106100,1301,4,解剖學,頭頸部,頭頸部,下列何者收縮，可使舌頭變窄？,舌內在橫肌（intrinsic transverse muscle）,舌內在垂直肌（intrinsic vertical muscle）,頦舌肌（genioglossus muscle）,舌骨舌肌（hyoglossus muscle）,,A,A,standard,,False,106100_1301.pdf,106100_MOD1301.pdf
MOEX-106100-1301-Q005,106,第二次,106100,1301,5,組織學,組織學,,翼管神經（nerve of pterygoid canal）不包含：,交感神經之節後纖維,副交感神經之節前纖維,來自於岩小神經（lesser petrosal nerve）之神經纖維,來自於岩深神經（deep petrosal nerve）之神經纖維,,C,C,standard,,False,106100_1301.pdf,106100_MOD1301.pdf
MOEX-106100-1301-Q006,106,第二次,106100,1301,6,解剖學,胸腔,胸腔,正常成年人之肋骨緣（costal margin）是由下列第幾肋骨（rib）所構成？,3～4,5～6,7～10,11～12,,C,C,standard,,False,106100_1301.pdf,106100_MOD1301.pdf
MOEX-106100-1301-Q007,106,第二次,106100,1301,7,解剖學,腹部,腹部,有關消化道靜脈回流的敘述，下列何者錯誤？,胃小彎處的靜脈直接回流入肝門靜脈（hepatic portal vein）中,腸繫膜上靜脈（superior mesenteric vein）與脾靜脈（splenic vein）會合形成肝門靜脈（hepatic portal vein）,腸繫膜下靜脈（inferior mesenteric vein）的血匯入脾靜脈（splenic vein）,胰頭（head of pancreas）的靜脈血先進入脾靜脈（splenic vein）後再匯入肝門靜脈（hepatic portal vein）,,D,D,standard,,False,106100_1301.pdf,106100_MOD1301.pdf
MOEX-106100-1301-Q008,106,第二次,106100,1301,8,組織學,組織學,,有關鼠蹊韌帶（inguinal ligament）的敘述，下列何者錯誤？,外端附著於髂前下棘（anterior inferior iliac spine）,內端附著於恥骨結節（pubic tubercle）,由腹外斜肌（external abdominal oblique muscle）的腱膜形成,淺鼠蹊環（superficial inguinal ring）位於其上方,,A,A,standard,,False,106100_1301.pdf,106100_MOD1301.pdf
MOEX-106100-1301-Q009,106,第二次,106100,1301,9,解剖學,骨盆與會陰,骨盆與會陰,骨盆入口（pelvic inlet）骨折最容易傷及下列何者？,髂骨嵴（iliac crest）,恥骨梳（pecten pubis）,髂骨前下棘（anterior inferior iliac spine）,坐骨棘（ischial spine）,,B,B,standard,,False,106100_1301.pdf,106100_MOD1301.pdf
MOEX-106100-1301-Q010,106,第二次,106100,1301,10,解剖學,下肢,下肢,下列那兩塊肌肉之遠端，附著於髂脛徑（iliotibial tract）？,髂肌（iliacus）與腰大肌（psoas major）,闊筋膜張肌（tensor fasciae latae）與臀大肌（gluteus maximus）,半膜肌（semimembranosus）與半腱肌（semitendinosus）,股二頭肌（biceps femoris）與股四頭肌（quadriceps femoris）,,B,B,standard,,False,106100_1301.pdf,106100_MOD1301.pdf
MOEX-106100-1301-Q011,106,第二次,106100,1301,11,解剖學,上肢,上肢,下列何者是臂神經叢後索（posterior cord）支配闊背肌（latissimus dorsi）的分支？,肩胛背神經（dorsal scapular nerve）,下肩胛下神經（lower subscapular nerve）,長胸神經（long thoracic nerve）,胸背神經（thoracodorsal nerve）,,D,D,standard,,False,106100_1301.pdf,106100_MOD1301.pdf
MOEX-106100-1301-Q012,106,第二次,106100,1301,12,解剖學,下肢,下肢,膝關節受傷扯斷脛側副韌帶（tibial collateral ligament），下列何者最可能同時受損？,髕骨（patella）,腓骨（fibula）,內側關節盤（medial meniscus）,外側關節盤（lateral meniscus）,,C,C,standard,,False,106100_1301.pdf,106100_MOD1301.pdf
MOEX-106100-1301-Q013,106,第二次,106100,1301,13,解剖學,解剖學,,下列何者不屬於紋狀體（corpus striatum）？,尾狀核（caudate nucleus）,殼部（putamen）,黑質（substantia nigra）,蒼白球（globus pallidus）,,C,C,standard,,False,106100_1301.pdf,106100_MOD1301.pdf
MOEX-106100-1301-Q014,106,第二次,106100,1301,14,解剖學,神經解剖,神經解剖,大腦初級聽覺皮質（primary auditory cortex）之傳入訊息，主要來自何處？,內側膝狀體（medial geniculate body）,上丘（superior colliculus）,斜方體（trapezoid body）,丘腦枕部（pulvinar of thalamus）,,A,A,standard,,False,106100_1301.pdf,106100_MOD1301.pdf
MOEX-106100-1301-Q015,106,第二次,106100,1301,15,解剖學,神經解剖,神經解剖,下列何構造不位於中腦（midbrain）？,上小腦腳交叉（superior cerebellar peduncle decussation）,黑質（substantia nigra）,內側膝狀體（medial geniculate body）,下丘（inferior colliculus）,,C,C,standard,,False,106100_1301.pdf,106100_MOD1301.pdf
MOEX-106100-1301-Q016,106,第二次,106100,1301,16,解剖學,神經解剖,神經解剖,下列何者由腦幹（brainstem）背側發出？,動眼神經（oculomotor nerve）,外旋神經（abducens nerve）,滑車神經（trochlear nerve）,副神經（accessory nerve）,,C,C,standard,,False,106100_1301.pdf,106100_MOD1301.pdf
MOEX-106100-1301-Q017,106,第二次,106100,1301,17,解剖學,頭頸部,頭頸部,下列何者不是由頸襻（ansa cervicalis）上、下根（superior and inferior roots）的分支支配？,胸骨舌骨肌（sternohyoid muscle）,肩胛舌骨肌（omohyoid muscle）,胸骨甲狀肌（sternothyroid muscle）,甲狀舌骨肌（thyrohyoid muscle）,,D,D,standard,,False,106100_1301.pdf,106100_MOD1301.pdf
MOEX-106100-1301-Q018,106,第二次,106100,1301,18,解剖學,上肢,上肢,下列何者起自第五頸神經根（C5 root），且在頸部經常穿過中斜角肌（middle scalene muscle）後支配肩胛 提肌（levator scapulae muscle）？,肩胛上神經（suprascapular nerve）,胸長神經（long thoracic nerve）,背肩胛神經（dorsal scapular nerve）,鎖骨下肌神經（nerve to subclavius）,,C,C,standard,,False,106100_1301.pdf,106100_MOD1301.pdf
MOEX-106100-1301-Q019,106,第二次,106100,1301,19,解剖學,頭頸部,頭頸部,有關頭部神經或血管路徑的敘述，下列何者正確？,眼動脈（ophthalmic artery）穿過眶上裂（superior orbital fissure）,顏面神經（facial nerve）穿過莖乳孔（stylomastoid foramen）,三叉神經上頜支（maxillary division of trigeminal nerve）穿過卵圓孔（foramen ovale）,前庭耳蝸神經（vestibulocochlear nerve）穿過頸靜脈孔（jugular foramen）,,B,B,standard,,False,106100_1301.pdf,106100_MOD1301.pdf
MOEX-106100-1301-Q020,106,第二次,106100,1301,20,解剖學,胸腔,胸腔,當以食指穿入心包橫竇（transverse pericardial sinus），那些血管會位於食指之前？,肺動脈與下腔靜脈,主動脈與上腔靜脈,主動脈與肺動脈,肺靜脈與上腔靜脈,,C,C,standard,,False,106100_1301.pdf,106100_MOD1301.pdf
MOEX-106100-1301-Q021,106,第二次,106100,1301,21,解剖學,胸腔,胸腔,左肺門附近的構造中，下列何者的位置最高？,肺動脈,肺靜脈,左支氣管,肺韌帶（pulmonary ligament）,,A,A,standard,,False,106100_1301.pdf,106100_MOD1301.pdf
MOEX-106100-1301-Q022,106,第二次,106100,1301,22,解剖學,胸腔,胸腔,下列何者不發出肋間動脈？,頭臂動脈幹（brachiocephalic trunk）,內胸動脈（internal thoracic artery）,肌膈動脈（musculophrenic artery）,胸主動脈（thoracic aorta）,,A,A,standard,,False,106100_1301.pdf,106100_MOD1301.pdf
MOEX-106100-1301-Q023,106,第二次,106100,1301,23,解剖學,胸腔,胸腔,有關上縱隔（superior mediastinum）內，神經走向之敘述，下列何者正確？,右喉返神經（right reccurent laryngeal nerve）繞經右頭臂靜脈（right brachiocephalic vein）向上,左喉返神經（left reccurent laryngeal nerve）繞經左鎖骨下動脈（left subclavian artery）向上,右膈神經位於上腔靜脈（superior vena cava）和縱膈肋膜（mediastinal part of parietal pleura）間,左膈神經沿降主動脈（descendig aorta）下行,,C,C,standard,,False,106100_1301.pdf,106100_MOD1301.pdf
MOEX-106100-1301-Q024,106,第二次,106100,1301,24,解剖學,胸腔,胸腔,正常年輕男性呈上身直立姿勢時，肺動脈瓣之前體表投影位最接近下列何處？,左側第三肋間,左側第五肋間,右側第四肋間,右側第六肋間,,A,A,standard,,False,106100_1301.pdf,106100_MOD1301.pdf
MOEX-106100-1301-Q025,106,第二次,106100,1301,25,解剖學,腹部,腹部,胰臟體部腫瘤壓迫下腸繫膜靜脈（inferior mesentery vein）接近脾靜脈（splenic vein）處，下列何者最有可 能因阻塞而膨大？,左胃靜脈（left gastric vein）,左結腸靜脈（left colic vein）,左胃網膜靜脈（left gastroepiploic vein）,左腎靜脈（left renal vein）,,B,B,standard,,False,106100_1301.pdf,106100_MOD1301.pdf
MOEX-106100-1301-Q026,106,第二次,106100,1301,26,解剖學,骨盆與會陰,腹部,下列何者的形成與腹內斜肌（internal oblique muscle）最有關？,腹股溝深環（deep inguinal ring）,精索內筋膜（internal spermastic fascia）,腔隙韌帶（lacunar ligament）,聯合腱（conjoint tendon）,,D,D,standard,,False,106100_1301.pdf,106100_MOD1301.pdf
MOEX-106100-1301-Q027,106,第二次,106100,1301,27,解剖學,骨盆與會陰,骨盆與會陰,有關骨盆橫膈（pelvic diaphragm）的敘述，下列何者錯誤？,外形呈現漏斗狀,位於會陰（perineum）的頂部,由提肛肌（levator ani muscle）和尾骨肌（coccygeus）及其筋膜組成,排便時其肌肉收縮，幫助排出糞便,,D,D,standard,,False,106100_1301.pdf,106100_MOD1301.pdf
MOEX-106100-1301-Q028,106,第二次,106100,1301,28,解剖學,骨盆與會陰,骨盆與會陰,下列何構造是會陰淺凹（superficial perineal pouch）的上界？,提肛肌筋膜（fascia of the levator ani muscle）,會陰膜（perineal membrane）,淺會陰筋膜（superficial perineal fascia）,球海綿體肌筋膜（fascia of the ischiocavernosus muscle）,,B,B,standard,,False,106100_1301.pdf,106100_MOD1301.pdf
MOEX-106100-1301-Q029,106,第二次,106100,1301,29,解剖學,下肢,下肢,足底深弓動脈（deep plantar artery）主要由下列何者分支？,弓狀動脈（arcuate artery）,足背動脈（dorsalis pedis artery）,足底內側動脈（medial plantar artery）,足底外側動脈（lateral plantar artery）,,B|D,B|D,multiple_answers,第29題答B、D給分,False,106100_1301.pdf,106100_MOD1301.pdf
MOEX-106100-1301-Q030,106,第二次,106100,1301,30,解剖學,上肢,上肢,有關上肢的橈骨粗隆（radial tuberosity）與尺骨粗隆（ulnar tuberosity），分別是那兩塊肌肉的止端 （insertion site）？,前者是肱二頭肌（biceps brachii），後者是肱肌（brachialis）,前者是肱二頭肌（biceps brachii），後者是肱三頭肌（triceps brachii）,前者是肱肌（brachialis），後者是肱三頭肌（triceps brachii）,前者是橈側屈腕肌（flexor carpi radialis），後者是尺側屈腕肌（flexor carpi ulnaris）,,A,A,standard,,False,106100_1301.pdf,106100_MOD1301.pdf
MOEX-106100-1301-Q031,106,第二次,106100,1301,31,解剖學,上肢,上肢,背部，右肩胛骨內側緣與脊椎的棘突（spinous process of vertebra）間外傷出血，最可能直接傷及下列何者 的分支？,肩胛上動脈（suprascapular artery）,肩胛下動脈（subscapular artery）,頸深動脈（deep cervical artery）,頸橫動脈（transverse cervical artery）,,D,D,standard,,False,106100_1301.pdf,106100_MOD1301.pdf
MOEX-106100-1301-Q032,106,第二次,106100,1301,32,胚胎及發育生物學,胚胎及發育生物學,,下列何者在胚胎早期發育中最晚出現？,羊膜（amnion）,卵黃囊（yolk sac）,初級絨毛（primary chorionic villus）,原條（primitive streak）,,D,D,standard,,False,106100_1301.pdf,106100_MOD1301.pdf
MOEX-106100-1301-Q033,106,第二次,106100,1301,33,胚胎及發育生物學,胚胎及發育生物學,,下列有關耳朵（ear）發育之敘述，何者錯誤？,外耳道（external acoustic meatus）源自第一對咽溝（pharyngeal groove）,鼓膜主要來自第一對咽膜（pharyngeal membrane）與咽囊（pharyngeal pouch）及間葉組織 （mesenchyme）,鼓室（tympanic cavity）源自第一對咽囊（pharyngeal pouch）,第一對咽囊（pharyngeal pouch）向下與第二對咽囊連通形成耳咽管（auditory tube）並開口於鼻咽,,D,D,standard,,False,106100_1301.pdf,106100_MOD1301.pdf
MOEX-106100-1301-Q034,106,第二次,106100,1301,34,解剖學,腹部,腹部,下列有關脾臟（spleen）發育之敘述，何項錯誤？,最早出現於背側胃繫膜（dorsal mesogastrium）之間,源自前腸（foregut）內胚層（endoderm）,原先位於胃之背側，後來因胃之旋轉而移至左側,曾為造血器官,,B,B,standard,,False,106100_1301.pdf,106100_MOD1301.pdf
MOEX-106100-1301-Q035,106,第二次,106100,1301,35,組織學,組織學,,心臟傳導系統的蒲金氏纖維（Purkinje fibers）為下列何者特化而成？,心肌細胞（cardiac muscle cell）,神經細胞（nerve cell）,纖維母細胞（fibroblast）,內皮細胞（endothelial cell）,,A,A,standard,,False,106100_1301.pdf,106100_MOD1301.pdf
MOEX-106100-1301-Q036,106,第二次,106100,1301,36,解剖學,神經解剖,神經解剖,有關成體腦區與胚胎時期腦泡（brain vesicle）發育起源之關聯，何者錯誤？,橋腦（pons）－後腦（rhombencephalon）,小腦（cerebellum）－前腦（prosencephalon）,視丘（thalamus）－前腦（prosencephalon）,頂蓋（tectum）－中腦（mesencephalon）,,B,B,standard,,False,106100_1301.pdf,106100_MOD1301.pdf
MOEX-106100-1301-Q037,106,第二次,106100,1301,37,組織學,組織學,,成人中樞神經系統中，下列何者最常形成原發型腫瘤？,神經母細胞（neuroblasts）,淋巴細胞（lymphocytes）,纖維性星狀膠細胞（fibrous astrocytes）,寡突神經膠質細胞（oligodendrocytes）,,C,C,standard,,False,106100_1301.pdf,106100_MOD1301.pdf
MOEX-106100-1301-Q038,106,第二次,106100,1301,38,組織學,組織學,,在組織切片中，下列那一構造是纖維軟骨（fibrocartilage）才有，而規則緻密結締組織中沒有？,纖維母細胞（fibroblasts）,膠原纖維（collagen fibers）,基質（matrix）,陷窩（lacuna）,,D,D,standard,,False,106100_1301.pdf,106100_MOD1301.pdf
MOEX-106100-1301-Q039,106,第二次,106100,1301,39,組織學,組織學,,可以讓相鄰的骨細胞（osteocytes）進行物質交換的構造是什麼？,緊密接合（tight junction）,黏連接合（adhering junction）,胞橋小體（desmosome）,間隙接合（gap junction）,,D,D,standard,,False,106100_1301.pdf,106100_MOD1301.pdf
MOEX-106100-1301-Q040,106,第二次,106100,1301,40,組織學,組織學,,派亞氏斑（Peyer's patch）具有下列何種特徵？,是微血管聚集形成的構造,是內分泌細胞聚集形成的構造,是淋巴球聚集形成的構造,是神經細胞聚集形成的構造,,C,C,standard,,False,106100_1301.pdf,106100_MOD1301.pdf
MOEX-106100-1301-Q041,106,第二次,106100,1301,41,組織學,組織學,,下列有關胃腺壁細胞（parietal cells）的敘述，何者錯誤？,具有胞內小管系統（intracellular canaliculi）和微絨毛（microvilli）,不存在於賁門（cardiac region）,可在胞質內合成鹽酸（HCl）,可分泌鹽酸（HCl）和內在因子（intrinsic factor），幫助維生素B 吸收 12,,C,C,standard,,False,106100_1301.pdf,106100_MOD1301.pdf
MOEX-106100-1301-Q042,106,第二次,106100,1301,42,組織學,組織學,,有關肝臟之組織，下列何者錯誤？,肝細胞中的脂蛋白複體（lipoprotein complex）在電鏡下呈密心小泡（dense-cored vesicle）形態,肝細胞脂蛋白複體（lipoprotein complex）的脂質部分是由平滑內質網產生，蛋白質部分由粗糙內質網產生,供應肝之血液循環不良時，肝門管小葉第一區（zone 1 of liver acinus）的細胞最先死亡且最後再生,對毒物及膽汁淤滯（bile stasis）最慢反應的細胞是位於肝門管小葉第三區（zone 3 of liver acinus）,,C,C,standard,,False,106100_1301.pdf,106100_MOD1301.pdf
MOEX-106100-1301-Q043,106,第二次,106100,1301,43,組織學,組織學,,有關呼吸系統之組織發生病變，下列敘述何者錯誤？,囊腫性纖維化（cystic fibrosis）是一種好發於小孩與年輕人的遺傳性、慢性阻塞呼吸疾病,肺泡巨噬細胞（alveolar macrophage）可吞噬並分解結核桿菌（Mycobacterium tuberculosis）,終末支氣管（terminal bronchiole）之後的空氣間隙呈永久性擴張（permanent enlargement）會導致肺氣腫 （emphysema）,慢性支氣管炎（chronic bronchitis）或支氣管擴張（bronchiectasis）時，部分呼吸上皮會轉化為複層扁平上 皮（stratified squamous epithelium）,,A|B,A|B,multiple_answers,第43題答A、B給分,False,106100_1301.pdf,106100_MOD1301.pdf
MOEX-106100-1301-Q044,106,第二次,106100,1301,44,組織學,組織學,,下列何種細胞與交感神經元同源？,腎上腺嗜鉻細胞（chromaffin cells）,腎上腺皮質細胞（adrenocortical cells）,副甲狀腺主細胞（parathyroid chief cells）,甲狀腺濾泡細胞（thyroid follicular cells）,,A,A,standard,,False,106100_1301.pdf,106100_MOD1301.pdf
MOEX-106100-1301-Q045,106,第二次,106100,1301,45,胚胎及發育生物學,胚胎及發育生物學,,副睪（epididymis）之內襯上皮屬於：,偽複層柱狀上皮（pseudostratified columnar epithelium ）,複層扁平上皮（stratified squamous epithelium）,多層柱狀上皮（stratified columnar epithelium）,移形上皮（transitional epithelium）,,A,A,standard,,False,106100_1301.pdf,106100_MOD1301.pdf
MOEX-106100-1301-Q046,106,第二次,106100,1301,46,組織學,組織學,,關於虹膜（iris）的敘述，何項錯誤？,虹膜屬於眼球之纖維層（tunica fibrosa）,眼球之前房及後房（anterior & posterior chamber）是以虹膜為界限,虹膜的開口（即瞳孔pupil）藉由平滑肌作用控制,虹膜基質內含血管及神經纖維,,A,A,standard,,False,106100_1301.pdf,106100_MOD1301.pdf
MOEX-106100-1301-Q047,106,第二次,106100,1301,47,組織學,組織學,,腎上腺髓質（adrenal medulla）的細胞，因接受下列那一神經的刺激而釋放腎上腺素？,postganglionic sympathetic neuron,postganglionic parasympathetic neuron,preganglionic sympathetic neuron,preganglionic parasympathetic neuron,,C,C,standard,,False,106100_1301.pdf,106100_MOD1301.pdf
MOEX-106100-1301-Q048,106,第二次,106100,1301,48,解剖學,腹部,腹部,下列對referred pain的敘述，何者最恰當？,referred pain的發生，最常見的原因是內臟神經與體神經的傳入纖維在延腦區會合所致,胃與胰臟發炎造成的referred pain不會發生於背部,膽囊炎患者常有右肩部疼痛的現象，即是一種referred pain,右手拇指受傷常因referred pain而使左手拇指亦感覺疼痛,,C,C,standard,,False,106100_1301.pdf,106100_MOD1301.pdf
MOEX-106100-1301-Q049,106,第二次,106100,1301,49,組織學,組織學,,無論是交感神經或副交感神經興奮的作用，均可促進下列那一個腺體的分泌？,salivary glands,adrenal glands,gastric glands,acini of pancreas,,A,A,standard,,False,106100_1301.pdf,106100_MOD1301.pdf
MOEX-106100-1301-Q050,106,第二次,106100,1301,50,解剖學,神經解剖,神經解剖,下列何者與大腦的運動皮層一起計畫和設計動作的進行程序（planning and programming movements）？,小腦半球的內部（medial part）,小腦半球的側部（lateral part）,小腦蚓部（vermis）,小腦小葉（flocculonodular lobe）,,B,B,standard,,False,106100_1301.pdf,106100_MOD1301.pdf
MOEX-106100-1301-Q051,106,第二次,106100,1301,51,解剖學,神經解剖,神經解剖,有關運動控制（motor control），下列敘述何者正確？,只有來自大腦運動皮層的神經元可以控制骨骼肌收縮,α運動神經元細胞本體位於大腦運動皮層,基底核（basal nuclei）的神經元與骨骼肌有興奮和抑制的突觸連結,基底核（basal nuclei）與小腦負責計畫和設計隨意動作（voluntary movement）的進行程序,,D,D,standard,,False,106100_1301.pdf,106100_MOD1301.pdf
MOEX-106100-1301-Q052,106,第二次,106100,1301,52,解剖學,神經解剖,神經解剖,聽覺受器位於下列何處？,middle ear,external auditory canal,tympanic membrane,inner ear,,D,D,standard,,False,106100_1301.pdf,106100_MOD1301.pdf
MOEX-106100-1301-Q053,106,第二次,106100,1301,53,醫學一其他科目,醫學一其他科目,,下列何者與味蕾感覺訊號的傳遞，較不相關？,trigeminal nerve,facial nerve,glossopharyngeal nerve,vagus nerve,,A,A,standard,,False,106100_1301.pdf,106100_MOD1301.pdf
MOEX-106100-1301-Q054,106,第二次,106100,1301,54,組織學,組織學,,骨骼肌細胞的肌漿網（sarcoplasmic reticulum）膜上的何種受器（receptor）活化時，可將肌漿網內的鈣離子 釋放至細胞質中，啟動肌肉收縮？,nicotinic receptor,muscarinic receptor,dihydropyridine receptor,ryanodine receptor,,D,D,standard,,False,106100_1301.pdf,106100_MOD1301.pdf
MOEX-106100-1301-Q055,106,第二次,106100,1301,55,組織學,組織學,,下列有關myosin light-chain phosphatase之功能敘述，何者正確？,造成myosin light-chain的磷酸化，促使cross-bridge cycling進行,造成myosin light-chain的去磷酸化，抑制cross-bridge cycling進行,與Ca2+結合，促使cross-bridge cycling進行,抑制Ca2+釋放至細胞質，抑制cross-bridge cycling進行,,B,B,standard,,False,106100_1301.pdf,106100_MOD1301.pdf
MOEX-106100-1301-Q056,106,第二次,106100,1301,56,組織學,組織學,,有關von Willebrand factor之敘述，下列何者錯誤？,主要由血管平滑肌細胞製造,血管壁受損時，可和血小板結合,可直接活化血小板,可調控凝血第八因子（factor VIII）,,A,A,standard,,False,106100_1301.pdf,106100_MOD1301.pdf
MOEX-106100-1301-Q057,106,第二次,106100,1301,57,解剖學,腹部,胸腔,主動瓣脈逆流（aortic regurgitation）的病人，可藉由下列何種代償作用減緩循環缺失（circulatory insufficiency）的嚴重性？,右心室肥大,血量增加,腎臟排出鹽和水的量增加,心房利鈉肽（atrial natriuretic peptide）分泌增加,,B,B,standard,,False,106100_1301.pdf,106100_MOD1301.pdf
MOEX-106100-1301-Q058,106,第二次,106100,1301,58,組織學,組織學,,兩血管兩端壓力差、血液黏稠度、管線長度等條件均一致的狀況下，單位時間內流經管徑為4公分血管的血流 量為2公分血管之血流量的幾倍？,2倍,4倍,8倍,16倍,,D,D,standard,,False,106100_1301.pdf,106100_MOD1301.pdf
MOEX-106100-1301-Q059,106,第二次,106100,1301,59,生理學,生理學,,若心室壁上的乳突肌（papillary muscle）麻痺或腱索（chordae tendinae）受損，最可能造成下列何種現象？,房室瓣無法開啟,房室瓣狹窄,心室血液逆流回心房,心室電位傳導異常,,C,C,standard,,False,106100_1301.pdf,106100_MOD1301.pdf
MOEX-106100-1301-Q060,106,第二次,106100,1301,60,生理學,生理學,,人體攝取下列何種食物時，所造成之呼吸商（respiratory quotient）最高？,僅含有碳水化合物之食物,僅含有脂肪之食物,僅含有蛋白質之食物,混含碳水化合物、脂肪、蛋白質之食物,,A,A,standard,,False,106100_1301.pdf,106100_MOD1301.pdf
MOEX-106100-1301-Q061,106,第二次,106100,1301,61,組織學,組織學,,下列各種氣體在肺泡（alveolus）與肺泡微血管（alveolar capillary）內血液之間進行氣體交換（gas exchange）時，何者屬於擴散限制性（diffusion-limited）過程？①一氧化二氮（N O）在正常人體內 ②二 2 氧化碳（CO ）在正常人體內 ③一氧化碳（CO）在正常人體內 ④氧氣（O ）在正常人體內 ⑤氧氣 2 2 （O ）在肺水腫患者（pulmonary edema）體內 2,僅①②⑤,僅①②④,僅③④⑤,僅③⑤,,D,D,standard,,False,106100_1301.pdf,106100_MOD1301.pdf
MOEX-106100-1301-Q062,106,第二次,106100,1301,62,解剖學,胸腔,胸腔,貧血（anemia）患者，其血紅素（hemoglobin）濃度僅達正常值之50%，此外並無其它心肺功能異常。此人 進行正常換氣（ventilation）時，與健康的人相比較，下列那些參數顯著偏低？①體動脈血中氧分壓 ②體動脈血中氧合血紅素飽和百分比 ③肺泡內氧分壓 ④供給周邊組織的氧氣量,僅②③④,僅①②④,僅②④,僅④,,D,D,standard,,False,106100_1301.pdf,106100_MOD1301.pdf
MOEX-106100-1301-Q063,106,第二次,106100,1301,63,解剖學,腹部,腹部,下列何者對於抑制胃的活動力（motility）與排空（emptying）作用最強？,胃內僅含碳水化合物之食物,胃壁擴張,進入十二指腸內之高脂食物,胃泌素（gastrin）,,C,C,standard,,False,106100_1301.pdf,106100_MOD1301.pdf
MOEX-106100-1301-Q064,106,第二次,106100,1301,64,解剖學,腹部,腹部,對血清素（serotonin）的敘述，下列何者正確？,大腦和腸道分泌大多為不同之亞型（subtype）,消化道分泌量約占全身產量的90%,由胱胺酸（cystine）所合成,主要由胃的 parietal cells 所分泌,,B,B,standard,,False,106100_1301.pdf,106100_MOD1301.pdf
MOEX-106100-1301-Q065,106,第二次,106100,1301,65,生理學,生理學,,下列有關尿液濃縮的敘述，何者錯誤？,尿素在腎臟髓質組織間液的濃度會影響腎臟髓質垂直性滲透壓梯度,抗利尿激素（antidiuretic hormone）可以促進集尿管的尿素轉運蛋白（urea transpoter; UT）再吸收管內液 中的尿素,尿素可經由尿素轉運蛋白（urea transpoter; UT）UT-A1與UT-A3促進尿液濃縮,低蛋白飲食會增加腎臟尿液濃縮的能力,,D,D,standard,,False,106100_1301.pdf,106100_MOD1301.pdf
MOEX-106100-1301-Q066,106,第二次,106100,1301,66,生理學,生理學,,下列關於腎小管對於腎絲球濾過液中的葡萄糖再吸收之敘述，何者錯誤？,正常狀況下，腎絲球濾過液中的葡萄糖的再吸收發生於近端小管與遠端小管,屬於一種次級主動運輸（secondary active transport）,當血糖超過300 mg/dL以上時，有可能在尿液中測到葡萄糖,一旦腎絲球的葡萄糖濾過率超過腎小管對於葡萄糖的最大運輸（transport maximum of glucose），即可能 在尿液中測得葡萄糖,,A,A,standard,,False,106100_1301.pdf,106100_MOD1301.pdf
MOEX-106100-1301-Q067,106,第二次,106100,1301,67,組織學,組織學,,皮質醇（cortisol）對促進那一種血球數目增加的作用最強？,嗜酸性球（eosinophils）,T細胞（T cells）,淋巴球（lymphocytes）,紅血球（RBC）,,D,D,standard,,False,106100_1301.pdf,106100_MOD1301.pdf
MOEX-106100-1301-Q068,106,第二次,106100,1301,68,組織學,組織學,,"胰臟β細胞的細胞膜表面是那一種葡萄糖轉運蛋白（glucose transporter, GLUT）負責將葡萄糖導入細胞內？",GLUT1,GLUT2,GLUT3,GLUT4,,B,B,standard,,False,106100_1301.pdf,106100_MOD1301.pdf
MOEX-106100-1301-Q069,106,第二次,106100,1301,69,生物化學,生物化學,,下列何者不屬於胰島素在數秒內會產生的急性作用？,刺激胰島素敏感性細胞合成蛋白質作用,增加胰島素敏感性細胞對葡萄糖的吸收作用,增加鉀離子進入胰島素敏感性細胞內,增加胰島素敏感性細胞的胺基酸吸收作用,,A,A,standard,,False,106100_1301.pdf,106100_MOD1301.pdf
MOEX-106100-1301-Q070,106,第二次,106100,1301,70,解剖學,腹部,腹部,下列那一個腺體所分泌之激素多為脂溶性？,胃（stomach）,心臟（heart）,胰臟（pancreas）,腎上腺皮質（adrenal cortex）,,D,D,standard,,False,106100_1301.pdf,106100_MOD1301.pdf
MOEX-106100-1301-Q071,106,第二次,106100,1301,71,組織學,組織學,,下列何種激素最不可能促進骨骼質量（bone mass）的增加？,growth hormone,testosterone,estrogen,cortisol,,D,D,standard,,False,106100_1301.pdf,106100_MOD1301.pdf
MOEX-106100-1301-Q072,106,第二次,106100,1301,72,醫學一其他科目,醫學一其他科目,,在正常月經週期排卵後，若未受孕，其黃體可存活大約幾日？,1,5,14,28,,ALL,ALL,all_credit,第72題一律給分,False,106100_1301.pdf,106100_MOD1301.pdf
MOEX-106100-1301-Q073,106,第二次,106100,1301,73,解剖學,骨盆與會陰,骨盆與會陰,在人類卵巢濾泡（follicle）成熟過程中，於何階段出現cumulus oophorus？,primary follicle,mature follicle,preantral follicle,early antral follicle,,B,B,standard,,False,106100_1301.pdf,106100_MOD1301.pdf
MOEX-106100-1301-Q074,106,第二次,106100,1301,74,生理學,生理學,,酵素反應在受質濃度極低時，所測得的初始反應速率會與受質濃度成正比，此反應速率常數應為下列何者？,k cat,k ×K cat m,V /K max m,1/K m,,C,C,standard,,False,106100_1301.pdf,106100_MOD1301.pdf
MOEX-106100-1301-Q075,106,第二次,106100,1301,75,生理學,生理學,,下列那一個胺基酸不會吸收波長為280 nm的紫外光？,苯丙胺酸（phenylalanine）,天冬醯胺（asparagine）,酪胺酸（tyrosine）,色胺酸（tryptophan）,,B,B,standard,,False,106100_1301.pdf,106100_MOD1301.pdf
MOEX-106100-1301-Q076,106,第二次,106100,1301,76,生物化學,生物化學,,最常見於蛋白質之三級結構內部的共價交互作用為：,氫鍵（hydrogen bond）,凡德瓦爾力（van der Waals interaction）,離子交互作用（ionic interaction）,雙硫鍵（disulfide bond）,,D,D,standard,,False,106100_1301.pdf,106100_MOD1301.pdf
MOEX-106100-1301-Q077,106,第二次,106100,1301,77,醫學一其他科目,醫學一其他科目,,丙酮酸脫氫酶複合物（pyruvate dehydrogenase complex）含有下列那些輔酶參與其催化反應？,thiamine pyrophosphate（TPP）、NAD+及硫辛酸（lipoic acid）,FAD、NAD+及生物素（biotin）,thiamine pyrophosphate（TPP）、FAD及輔酶Q（coenzyme Q）,thiamine pyrophosphate（TPP）、NAD+及生物素（biotin）,,A,A,standard,,False,106100_1301.pdf,106100_MOD1301.pdf
MOEX-106100-1301-Q078,106,第二次,106100,1301,78,生物化學,生物化學,,膽固醇是下列何種維生素（vitamin）合成的前驅物？,A,D,E,K,,B,B,standard,,False,106100_1301.pdf,106100_MOD1301.pdf
MOEX-106100-1301-Q079,106,第二次,106100,1301,79,解剖學,胸腔,胸腔,在A、B兩種未知的細菌雙股DNA中，我們測得其胸腺嘧啶（thymidine）的成分分別占了16%與31%，下列敘 述何者錯誤？,A細菌的腺嘌呤（adenosine）約占其DNA組成的16%,A細菌的胞嘧啶（cytosine）約占其DNA組成的34%,B細菌的胞嘧啶（cytosine）約占其DNA組成的31%,推測A細菌比B細菌更有可能是在高溫溫泉地生存,,C,C,standard,,False,106100_1301.pdf,106100_MOD1301.pdf
MOEX-106100-1301-Q080,106,第二次,106100,1301,80,醫學一其他科目,醫學一其他科目,,下列那一個分子最不可能經由嘌呤回收（purine salvage）途徑再利用？,adenine,guanine,xanthine,hypoxanthine,,C,C,standard,,False,106100_1301.pdf,106100_MOD1301.pdf
MOEX-106100-1301-Q081,106,第二次,106100,1301,81,生物化學,生物化學,,"AZT（3'-azido-2',3'-dideoxythymidine）臨床上被用為治療感染HIV-1病毒之病患。主要作用為下列何者？",反轉錄酶（reverse transcriptase）的不可逆抑制劑,DNA聚合酶甲型（DNA polymerase α）的競爭性抑制劑,做為反轉錄酶（reverse transcriptase）催化DNA合成反應中的鏈終結者（chain terminator）,RNase A活性的抑制劑,,C,C,standard,,False,106100_1301.pdf,106100_MOD1301.pdf
MOEX-106100-1301-Q082,106,第二次,106100,1301,82,生物化學,生物化學,,在人類細胞中，DNA複製（DNA replication）時是以何種物質為初始引子（primer）？,DNA,RNA,蛋白質,不需引子,,B,B,standard,,False,106100_1301.pdf,106100_MOD1301.pdf
MOEX-106100-1301-Q083,106,第二次,106100,1301,83,微生物免疫寄生蟲公衛,微生物免疫寄生蟲公衛,,大腸桿菌的乳糖操縱子（lac operon）上含有β-半乳糖苷酶（β-galactosidase），透性酶（permease），乙 醯基轉移酶（transacetylase）基因。此外在該操縱子的上游有一調控基因I（I gene）。請配對下列各基因 （a～c）之功能？,"a-I, b-III, c-II","a-II, b-III, c-I","a-II, b-I, c-III","a-III, b-I, c-II",,D,D,standard,,False,106100_1301.pdf,106100_MOD1301.pdf
MOEX-106100-1301-Q084,106,第二次,106100,1301,84,生物化學,生物化學,,RecA蛋白質是SOS反應（SOS response) 的主要調控因子，其作用機制為何？,與聚合全酶（polymerase holoenzyme）結合，可使LexA抑制子（repressor）脫離操縱基因（operator）,使操縱基因（operator）彎曲，致使LexA抑制子（repressor）與操縱子（operon）分離,使LexA抑制子（repressor）自我裂解（self-cleavage），並解除其對操縱子（operon）的抑制作用,與LexA抑制子（repressor）競爭結合到操縱基因（operator）上，同時扮演活化子（activator）的功能,,C,C,standard,,False,106100_1301.pdf,106100_MOD1301.pdf
MOEX-106100-1301-Q085,106,第二次,106100,1301,85,生物化學,生物化學,,關於原核細胞蛋白質合成的啟始階段（initiation stage），下列敘述何者正確？,fMet-tRNA fMet可同時使用在蛋白質合成的啟始（initiation）與延伸（elongation）階段 i,fMet-tRNA fMet結合在80S起始複合體的P位置（P site） i,mRNA 5'端的Shine-Dalgarno sequence會與30S核糖體（30S ribosome）中的16S rRNA 3'端配對,起始因子（initiation factor）IF1會促進fMet-tRNA fMet結合在A位置 i,,C,C,standard,,False,106100_1301.pdf,106100_MOD1301.pdf
MOEX-106100-1301-Q086,106,第二次,106100,1301,86,生物化學,生物化學,,在細胞中，管家基因 （housekeeping genes）的種類繁多，但個別基因的表現量不同。下列何者是調控管家 基因表現的最主要機制？,各基因產物合成率一致，但其降解速率各異,各基因所轉錄的mRNA量一致，但其轉譯的速率各異,各基因的啟動子對RNA聚合酶的親和力各異,各基因表現的程度受到不同的誘導或抑止因子所調節,,C,C,standard,,False,106100_1301.pdf,106100_MOD1301.pdf
MOEX-106100-1301-Q087,106,第二次,106100,1301,87,生物化學,生物化學,,下列那種酶在肌細胞中含量較低，無法有效進行糖合成作用（gluconeogenesis）？,丙酮酸脫氫酶（pyruvate dehydrogenase）,磷酸果糖磷激酶-1（phosphofructokinase-1）,肝醣合成酶（glycogen synthase）,葡萄糖6-磷酸酶（glucose 6-phosphatase）,,D,D,standard,,False,106100_1301.pdf,106100_MOD1301.pdf
MOEX-106100-1301-Q088,106,第二次,106100,1301,88,解剖學,腹部,腹部,病人無法進食時，因為肝臟可以進行gluconeogenesis，一般仍不至於發生低血糖，下列何種物質無法被轉化 為glucose？,lactate,alanine,glycerol,ethanol,,D,D,standard,,False,106100_1301.pdf,106100_MOD1301.pdf
MOEX-106100-1301-Q089,106,第二次,106100,1301,89,醫學一其他科目,醫學一其他科目,,玻尿酸（hyaluronic acid）是關節滑液的組成之一，是下列何種雙醣分子（disaccharide unit）的聚合物？,galactose及glucose,glucose及N-acetylglucosamine,D-glucuronic acid及fructose,D-glucuronic acid及N-acetylglucosamine,,D,D,standard,,False,106100_1301.pdf,106100_MOD1301.pdf
MOEX-106100-1301-Q090,106,第二次,106100,1301,90,生理學,生理學,,下列關於類固醇激素受體（steroid hormone receptor）作用的敘述，何者錯誤？,熱休克蛋白（heat shock protein）會與受體之類固醇結合區結合，抑制受體活性,類固醇激素受體不屬於細胞膜上的受體,與類固醇配體（steroidal ligand）結合後構型改變，與熱休克蛋白解離後活化,受體活化後會與DNA上hormone response elements（HREs）結合，幫助基因表現,,A,A,standard,,False,106100_1301.pdf,106100_MOD1301.pdf
MOEX-106100-1301-Q091,106,第二次,106100,1301,91,解剖學,腹部,腹部,在肝臟細胞膜（plasma membrane）中，下列何種脂質含量最低？,膽鹼磷脂（phosphatidylcholine）,鞘磷脂（sphingolipids）,心磷脂（cardiolipin）,膽固醇（cholesterol）,,C,C,standard,,False,106100_1301.pdf,106100_MOD1301.pdf
MOEX-106100-1301-Q092,106,第二次,106100,1301,92,組織學,組織學,,下列何種ATPase負責維持哺乳類動物體中最大的離子濃度梯度（gradient）？,鈉離子-鉀離子三磷酸腺苷酶（Na+-K+ ATPase）,紅血球陰離子運輸器（anion transporter）,氫離子-鉀離子三磷酸腺苷酶（H+-K+ ATPase）,鈣離子三磷酸腺苷酶（Ca2+ATPase）,,C,C,standard,,False,106100_1301.pdf,106100_MOD1301.pdf
MOEX-106100-1301-Q093,106,第二次,106100,1301,93,組織學,組織學,,下列有關尿素循環（urea cycle）的敘述，何者錯誤？,尿素循環主要於肝臟中進行,尿素循環的產物之一為草醯乙酸（oxaloacetate）,尿素循環的一部分反應於粒線體內進行，另一部分反應則在細胞質中進行,在人體中，尿素循環可將含氮的代謝物轉變為尿素,,B,B,standard,,False,106100_1301.pdf,106100_MOD1301.pdf
MOEX-106100-1301-Q094,106,第二次,106100,1301,94,生物化學,生物化學,,胺基酸最主要是經由下列何種代謝路徑間接產生葡萄糖（glucose）?,pentose phosphate pathway,urea cycle,oxidative phosphorylation,citric acid cycle,,D,D,standard,,False,106100_1301.pdf,106100_MOD1301.pdf
MOEX-106100-1301-Q095,106,第二次,106100,1301,95,組織學,組織學,,一新生兒發生非常嚴重乳酸中毒（lactic acidosis），進一步檢查發現有丙酮酸脫氫酵素（pyruvate dehydrogenase）缺乏，下列敘述何者正確？,在有氧狀況下，丙酮酸轉化為乳酸（lactic acid）及乙醇（ethanol）,在無氧狀況下，丙酮酸在粒線體轉化為乙醯輔酶A（acetyl-CoA）,丙酮酸脫氫酵素是由三種酵素複合體結合而成,神經系統不會受到影響,,C,C,standard,,False,106100_1301.pdf,106100_MOD1301.pdf
MOEX-106100-1301-Q096,106,第二次,106100,1301,96,組織學,組織學,,下列關於人類細胞內受質階層磷酸化（substrate-level phosphorylation）與氧化磷酸化（oxidative phosphorylation）生化反應進行之位點（compartments）分布，何者正確？,受質階層磷酸化只在粒線體中進行，氧化磷酸化在細胞質中進行,受質階層磷酸化只在細胞質中進行，氧化磷酸化在粒線體中進行,受質階層磷酸化可分別在細胞質及粒線體中進行，氧化磷酸化在粒線體中進行,受質階層磷酸化與氧化磷酸化皆只在粒線體中進行,,C,C,standard,,False,106100_1301.pdf,106100_MOD1301.pdf
MOEX-106100-1301-Q097,106,第二次,106100,1301,97,生物化學,生物化學,,下列關於細胞週期蛋白質（cyclin）之敘述何者錯誤？,在細胞週期中能被活化和分解,是催化蛋白質磷酸化酵素的調控因子,能與泛肽素（ubiquitin）連結,能直接催化蛋白質的磷酸化的一種激酶（kinase）,,D,D,standard,,False,106100_1301.pdf,106100_MOD1301.pdf
MOEX-106100-1301-Q098,106,第二次,106100,1301,98,組織學,組織學,,有關ADP-核糖基化（ADP-ribosylation）的修飾以調節其訊息傳遞的敘述，下列何者正確？,Gs的甲型次單元（α subunit），受霍亂毒素（cholera toxin）的修飾,Gs上甲型次單元（α subunit），受pertussin toxin的修飾,細胞膜受體，受pertussin toxin的修飾,磷脂酶（phospholipase）受霍亂毒素（cholera toxin）的修飾,,A,A,standard,,False,106100_1301.pdf,106100_MOD1301.pdf
MOEX-106100-1301-Q099,106,第二次,106100,1301,99,解剖學,腹部,胸腔,心房利鈉肽（Atrial natriuretic factor: ANF）是調節體液平衡的配體（ligand），其受體為下列何種類型？,第一型受體酪胺酸磷酸酶（receptor tyrosine kinase classⅠ）,第二型受體酪胺酸磷酸酶（receptor tyrosine kinase classⅡ）,膜鑲嵌型鳥苷酸環化酶（guanylyl cyclase）受體,乙型腎上腺素受體（β-adrenergic receptor）,,C,C,standard,,False,106100_1301.pdf,106100_MOD1301.pdf
MOEX-106100-1301-Q100,106,第二次,106100,1301,100,微生物免疫寄生蟲公衛,微生物免疫寄生蟲公衛,,大腸桿菌DNA複製（DNA replication）的DNA聚合酶無法用於聚合酶鏈鎖反應（polymerase chain reaction; PCR）的主要原因為何？,熱穩定性（thermal stability）差,DNA模板（template）的選擇性差,不具有3'核酸外切酶（3' exonuclease）活性,DNA合成的準確性不足,,A,A,standard,,False,106100_1301.pdf,106100_MOD1301.pdf
MOEX-107020-5301-Q001,107,第一次,107020,5301,1,解剖學,神經解剖,神經解剖,腦中風病患到院時兩眼同時看向右側，下列何者最可能受破壞？,右側paramedian pontine reticular formation（PPRF）,右側大腦半球之額葉（frontal lobe）,右側動眼神經（oculomotor nerve）,右側上丘（superior colliculus）,,B,B,standard,,False,107020_5301.pdf,107020_MOD5301.pdf
MOEX-107020-5301-Q002,107,第一次,107020,5301,2,解剖學,神經解剖,神經解剖,下列何者不參與角膜反射（corneal reflex）？,三叉神經感覺核,面神經運動核,上丘,三叉神經視枝（ophthalmic division of trigeminal nerve）,,C,C,standard,,False,107020_5301.pdf,107020_MOD5301.pdf
MOEX-107020-5301-Q003,107,第一次,107020,5301,3,解剖學,頭頸部,頭頸部,下列何者由源自C1的神經透過舌下神經（CN XII）來支配？,胸骨舌骨肌（sternohyoid m.）,頦舌骨肌（geniohyoid m.）,胸骨甲狀肌（sternothyroid m.）,莖突舌骨肌（stylohyoid m.）,,B,B,standard,,False,107020_5301.pdf,107020_MOD5301.pdf
MOEX-107020-5301-Q004,107,第一次,107020,5301,4,組織學,組織學,,車禍造成胸鎖乳突肌上1/3處的撕裂傷後，下頜骨角（angle of mandible）處的皮膚感覺喪失，下列何者最可 能受傷？,頦神經（mental nerve）,面神經（facial nerve）,枕小神經（lesser occipital nerve）,耳大神經（great auricular nerve）,,D,D,standard,,False,107020_5301.pdf,107020_MOD5301.pdf
MOEX-107020-5301-Q005,107,第一次,107020,5301,5,解剖學,上肢,上肢,肋間神經（intercostal nerve）之外側皮支（lateral cutaneous branch），一般由下列何處鑽出？,肋骨角（costal angle）,肩胛骨線（scapular line）,正中腋線（midaxillary line）,正中鎖骨線（midclavicular line）,,C,C,standard,,False,107020_5301.pdf,107020_MOD5301.pdf
MOEX-107020-5301-Q006,107,第一次,107020,5301,6,解剖學,腹部,腹部,下列何者匯入乳糜池（cisterna chyli）？ ①腸淋巴幹（intestinal lymphatic trunk） ②左腰淋巴幹（left lumbar lymphatic trunk） ③右腰淋巴幹（right lumbar lymphatic trunk）,僅①,僅①②,僅①③,①②③,,D,D,standard,,False,107020_5301.pdf,107020_MOD5301.pdf
MOEX-107020-5301-Q007,107,第一次,107020,5301,7,解剖學,腹部,腹部,下列何者構成弓狀線（arcuate line）下方腹直肌前的鞘膜（rectus sheath anterior to the rectus abdominis）？ ①Scarpa's fascia ②腹外斜肌（external abdominal oblique muscle）的腱膜 （aponeurosis） ③腹內斜肌（internal abdominal oblique muscle）的腱膜 ④腹橫肌（transversus abdominis）的腱膜,①,僅②,僅②③,②③④,,D,D,standard,,False,107020_5301.pdf,107020_MOD5301.pdf
MOEX-107020-5301-Q008,107,第一次,107020,5301,8,解剖學,骨盆與會陰,骨盆與會陰,下列何者不附著於坐骨棘（ischial spine）上？,尾骨肌（coccygeus）,梨狀肌（piriformis）,上孖肌（superior gemellus）,薦棘韌帶（sacrospinous ligament）,,B,B,standard,,False,107020_5301.pdf,107020_MOD5301.pdf
MOEX-107020-5301-Q009,107,第一次,107020,5301,9,解剖學,下肢,下肢,下列何者附著於脛骨粗隆（tibial tuberosity）？,薦粗隆韌帶（sacrotuberous ligament）,脛側副韌帶（tibial collateral ligament）,腓側副韌帶（fibular collateral ligament）,膝韌帶（patellar ligament）,,D,D,standard,,False,107020_5301.pdf,107020_MOD5301.pdf
MOEX-107020-5301-Q010,107,第一次,107020,5301,10,解剖學,上肢,上肢,下列那些肌肉與肋骨連結且與呼吸有關？,斜方肌（trapezius）、闊背肌（latissimus dorsi）,大菱形肌（rhomboideus major）、提肩胛肌（levator scapulae）,上後鋸肌（serratus posterior superior）、下後鋸肌（serratus posterior inferior）,頭夾肌（splenius capitis）、頸夾肌（splenius cervicis）,,C,C,standard,,False,107020_5301.pdf,107020_MOD5301.pdf
MOEX-107020-5301-Q011,107,第一次,107020,5301,11,解剖學,解剖學,,左側L5～S1腰椎間盤突出，突出位置偏中間，壓到的脊神經是：,L4,L5及S1,S1,Co1,,C,C,standard,,False,107020_5301.pdf,107020_MOD5301.pdf
MOEX-107020-5301-Q012,107,第一次,107020,5301,12,解剖學,神經解剖,神經解剖,關於韁核（habenular nucleus）的敘述，下列何者錯誤？,位於丘腦上部（epithalamus）,與丘腦髓紋（stria medullaris thalami）相連接,經由韁核腳間核神經路徑（habenular-interpeduncular tract）將訊息傳入中腦（midbrain）,與短期記憶（short term memory）形成密切關聯,,D,D,standard,,False,107020_5301.pdf,107020_MOD5301.pdf
MOEX-107020-5301-Q013,107,第一次,107020,5301,13,解剖學,神經解剖,神經解剖,關於楔狀核（cuneate nucleus）之敘述，下列何者錯誤？,可傳遞上肢震動覺,發出楔狀核小腦徑（cuneocerebellar tract）,可將感覺訊息傳入丘腦（thalamus）,位於延髓（medulla oblongata）,,B,B,standard,,False,107020_5301.pdf,107020_MOD5301.pdf
MOEX-107020-5301-Q014,107,第一次,107020,5301,14,解剖學,神經解剖,神經解剖,下列何構造不位於小腦橋腦角（cerebellopontine angle）？,顏面神經（facial nerve）,外旋神經（abducens nerve）,前庭耳蝸神經（vestibulocochlear nerve）,中間神經（nervus intermedius）,,B,B,standard,,False,107020_5301.pdf,107020_MOD5301.pdf
MOEX-107020-5301-Q015,107,第一次,107020,5301,15,解剖學,神經解剖,神經解剖,有關運動系統之敘述，下列何者錯誤？,大腦額葉（frontal lobe）與頂葉（parietal lobe）皆可發出神經纖維形成皮質脊髓徑（corticospinal tract）,前庭脊髓徑（vestibulospinal tract）主要興奮屈肌群（flexor muscles）,網狀系統（reticular formation）可參與運動的調控,支配右側咀嚼肌之上運動神經元（upper motor neuron）來自兩側大腦半球,,B,B,standard,,False,107020_5301.pdf,107020_MOD5301.pdf
MOEX-107020-5301-Q016,107,第一次,107020,5301,16,組織學,組織學,,關於聽小骨之敘述，下列何者錯誤？,鎚骨（malleus）接在鼓膜（tympanic membrane）,砧骨（incus）與鎚骨（malleus）之間互相關節,鐙骨（stapes）接到卵圓窗（oval window）,鼓膜張肌（tensor tympani muscle）的肌腱附著在砧骨（incus）,,D,D,standard,,False,107020_5301.pdf,107020_MOD5301.pdf
MOEX-107020-5301-Q017,107,第一次,107020,5301,17,解剖學,胸腔,胸腔,有關頸部交感神經幹（sympathetic trunk）之敘述，下列何者正確？,頸部交感神經幹無灰交通枝（gray rami communicantes）,下頸神經節與第一胸神經節（first thoracic ganglion）經常合併而成星狀神經節（stellate ganglion）,上頸神經節會發出灰交通枝（gray rami communicantes）至第五、六頸脊神經（cervical spinal nerves）,中頸神經節不發出心神經（cardiac nerves）,,B,B,standard,,False,107020_5301.pdf,107020_MOD5301.pdf
MOEX-107020-5301-Q018,107,第一次,107020,5301,18,組織學,組織學,,下列那一肌肉收縮，可上提第二肋骨（second rib）？,前斜角肌（anterior scalene muscle）,中斜角肌（middle scalene muscle）,後斜角肌（posterior scalene muscle）,鎖骨下肌（subclavius muscle）,,C,C,standard,,False,107020_5301.pdf,107020_MOD5301.pdf
MOEX-107020-5301-Q019,107,第一次,107020,5301,19,解剖學,頭頸部,頭頸部,下列何者不參與形成前顱窩（anterior cranial fossa）？,顳骨（temporal bone）,篩骨（ethmoid bone）,蝶骨（sphenoid bone）,額骨（frontal bone）,,A,A,standard,,False,107020_5301.pdf,107020_MOD5301.pdf
MOEX-107020-5301-Q020,107,第一次,107020,5301,20,解剖學,胸腔,胸腔,下列那一條動脈是升主動脈（ascending aorta）的分支？,內胸動脈（internal thoracic artery）,冠狀動脈（coronary artery）,支氣管動脈（bronchial artery）,肋間動脈（intercostal artery）,,B,B,standard,,False,107020_5301.pdf,107020_MOD5301.pdf
MOEX-107020-5301-Q021,107,第一次,107020,5301,21,解剖學,上肢,上肢,在病人上身直立姿勢進行肋膜穿刺術時，下列那一個位置最有可能刺傷肺臟？,鎖骨中線（midclavicular line）第8肋間,肩胛線（scapular line）第9肋間,腋中線（midaxillary line）第9肋間,胸椎旁第10肋間,,B,B,standard,,False,107020_5301.pdf,107020_MOD5301.pdf
MOEX-107020-5301-Q022,107,第一次,107020,5301,22,胚胎及發育生物學,胚胎及發育生物學,,肚臍的皮節（dermatome）是：,L1,T12,T10,T8,,C,C,standard,,False,107020_5301.pdf,107020_MOD5301.pdf
MOEX-107020-5301-Q023,107,第一次,107020,5301,23,解剖學,胸腔,胸腔,下列何者不會壓迫食道，形成生理性狹窄處而影響吞嚥？,主動脈弓,支氣管,肺動脈,橫膈,,C,C,standard,,False,107020_5301.pdf,107020_MOD5301.pdf
MOEX-107020-5301-Q024,107,第一次,107020,5301,24,解剖學,胸腔,胸腔,下列何者不屬縱隔（mediastinum）構造？,食道,胸腺,肺臟,胸主動脈,,C,C,standard,,False,107020_5301.pdf,107020_MOD5301.pdf
MOEX-107020-5301-Q025,107,第一次,107020,5301,25,解剖學,腹部,腹部,下列那兩條靜脈的連接，組成門脈系統與體循環系統的吻合（portal-systemic anastomosis）？,腹壁上靜脈與旋髂淺靜脈（superior epigastric and superficial circumflex iliac vein）,副臍靜脈與腹壁淺靜脈（paraumbilical veins and superficial epigastric vein）,脾靜脈與下腸繫膜靜脈（splenic vein and inferior mesenteric vein）,右與左胃網膜靜脈（right and left gastroepiploic vein）,,B,B,standard,,False,107020_5301.pdf,107020_MOD5301.pdf
MOEX-107020-5301-Q026,107,第一次,107020,5301,26,解剖學,腹部,腹部,脾臟破裂進行緊急手術，於脾動脈（splenic artery）發源處結紮該動脈以利止血，術後，下列何者的血流不 受影響？,背胰動脈（dorsal pancreatic artery）,短胃動脈（short gastric artery）,左胃動脈（left gastric artery）,左胃網膜動脈（left gastroomental artery）,,C,C,standard,,False,107020_5301.pdf,107020_MOD5301.pdf
MOEX-107020-5301-Q027,107,第一次,107020,5301,27,解剖學,骨盆與會陰,骨盆與會陰,下列何者不是內髂動脈（internal iliac artery）的分支？,臍動脈（umbilical artery）,正中薦動脈（median sacral）,臀上動脈（superior gluteal artery）,陰部動脈（pudenal artery）,,B|D,B|D,multiple_answers,第27題答B、D給分,False,107020_5301.pdf,107020_MOD5301.pdf
MOEX-107020-5301-Q028,107,第一次,107020,5301,28,解剖學,骨盆與會陰,骨盆與會陰,男性球尿道腺（bulbourethral gland）感染發炎時，下列何者因位置關係最可能被感染？,會陰淺橫肌（superficial transverse perineal muscle）,球海綿體肌（bulbospongiosus muscle）,外尿道括約肌（external urethral sphincter muscle）,坐骨海綿體肌（ischiocavernosus muscle）,,C,C,standard,,False,107020_5301.pdf,107020_MOD5301.pdf
MOEX-107020-5301-Q029,107,第一次,107020,5301,29,解剖學,下肢,下肢,下列選項中，心臟科醫師會優先選擇，由何處進入施行心臟冠狀動脈的氣球擴張術（percutaneous transluminal coronary angioplasty）？,股動脈（femoral artery）,股靜脈（femoral vein）,大隱靜脈（great saphenous vein）,小隱靜脈（small saphenous vein）,,A,A,standard,,False,107020_5301.pdf,107020_MOD5301.pdf
MOEX-107020-5301-Q030,107,第一次,107020,5301,30,解剖學,上肢,上肢,橈神經（radial nerve）在大圓肌（teres major）下方處受到傷害，通常也會傷及與其伴行的那一條血管？,肱動脈（brachial artery）,深肱動脈（deep brachial artery）,前迴旋肱動脈（anterior circumflex humeral artery）,後迴旋肱動脈（posterior circumflex humeral artery）,,B,B,standard,,False,107020_5301.pdf,107020_MOD5301.pdf
MOEX-107020-5301-Q031,107,第一次,107020,5301,31,組織學,組織學,,下列何者位於脊椎管腔（vertebral canal）內，且向上連至顱底的頂蓋膜（tectorial membrane）？,髓核（nucleus pulposus）,環狀纖維（annulus fibrosus）,前縱韌帶（anterior longitudinal ligament）,後縱韌帶（posterior longitudinal ligament）,,D,D,standard,,False,107020_5301.pdf,107020_MOD5301.pdf
MOEX-107020-5301-Q032,107,第一次,107020,5301,32,解剖學,頭頸部,頭頸部,呼吸器官的原基（respiratory primordium）起源於下列何者的尾端（caudal end）？,第一咽囊（pharyngeal pouch）,第二咽囊（pharyngeal pouch）,第三咽囊（pharyngeal pouch）,第四咽囊（pharyngeal pouch）,,D,D,standard,,False,107020_5301.pdf,107020_MOD5301.pdf
MOEX-107020-5301-Q033,107,第一次,107020,5301,33,解剖學,腹部,腹部,下列何種器官由前腸（foregut）衍生而來？,脾臟（spleen）,膽囊（gallbladder）,闌尾（appendix）,空腸（jejunum）,,B,B,standard,,False,107020_5301.pdf,107020_MOD5301.pdf
MOEX-107020-5301-Q034,107,第一次,107020,5301,34,胚胎及發育生物學,胚胎及發育生物學,,"下列何者分泌穆勒氏抑制物（Müllerian inhibiting substance, MIS），使副中腎管（paramesonephric duct） 退化？",睪丸支持細胞（Sertoli cell）,睪丸間質細胞（Leydig cell）,原始生殖細胞（primordial germ cell）,濾泡細胞（follicular cell）,,A,A,standard,,False,107020_5301.pdf,107020_MOD5301.pdf
MOEX-107020-5301-Q035,107,第一次,107020,5301,35,解剖學,胸腔,胸腔,下列那一項構造，位於胚胎之胸心包膜（pleuropericardial membrane）內？,膈神經（phrenic nerve）,肺芽（lung bud）,背側主動脈（dorsal aorta）,食道（esophagus）,,A,A,standard,,False,107020_5301.pdf,107020_MOD5301.pdf
MOEX-107020-5301-Q036,107,第一次,107020,5301,36,胚胎及發育生物學,胚胎及發育生物學,,在中樞神經系統的發育中，下列何者是衍生自基板神經母細胞（neuroblasts of basal plates）：,背角（dorsal horn）,下丘（inferior colliculus）,薄核（gracile nucleus）,紅核（red nucleus）,,D,D,standard,,False,107020_5301.pdf,107020_MOD5301.pdf
MOEX-107020-5301-Q037,107,第一次,107020,5301,37,組織學,組織學,,血小板不具有下列何者？,細胞核（nucleus）,微絲（microfilament）,高爾基氏體（Golgi apparatus）,粒線體（mitochondria）,,A,A,standard,,False,107020_5301.pdf,107020_MOD5301.pdf
MOEX-107020-5301-Q038,107,第一次,107020,5301,38,組織學,組織學,,有關肌肉組織的敘述，下列何者正確？,心肌內的細絲（thin filaments）和中間絲（intermediate filaments）會附著至緻密體（dense body）,平滑肌缺乏T-tubule，而是藉由小凹（caveolae）和小泡（vesicle）運輸鈣離子,骨骼肌內的T-tubule是位在肌節（sarcomere）的M-line,骨骼肌的細胞間接合處會形成閏盤（intercalated discs）,,B,B,standard,,False,107020_5301.pdf,107020_MOD5301.pdf
MOEX-107020-5301-Q039,107,第一次,107020,5301,39,解剖學,上肢,上肢,下列何者不屬於彈性動脈（elastic artery）？,主動脈（aorta）,頭臂動脈（brachiocephalic artery）,肺動脈幹（pulmonary trunk）,肱動脈（brachial artery）,,D,D,standard,,False,107020_5301.pdf,107020_MOD5301.pdf
MOEX-107020-5301-Q040,107,第一次,107020,5301,40,組織學,組織學,,下列何種構造之主成分不是由膠原組織（collagenous tissues）組成？,動脈瓣（aortic valves）,中型靜脈瓣膜（valves of medium-sized vein）,腱索（chordae tendineae）,蒲金氏纖維（Purkinje fibers）,,D,D,standard,,False,107020_5301.pdf,107020_MOD5301.pdf
MOEX-107020-5301-Q041,107,第一次,107020,5301,41,解剖學,腹部,腹部,製造血液中白蛋白（albumin）的主要場所為？,小腸,脾臟,胰臟,肝臟,,D,D,standard,,False,107020_5301.pdf,107020_MOD5301.pdf
MOEX-107020-5301-Q042,107,第一次,107020,5301,42,解剖學,腹部,腹部,下列關於闌尾（appendix）之敘述，何項錯誤？,起自盲腸的小型盲端管狀憩室（diverticulum）,黏膜層（mucosa layer）之內襯上皮為複層扁平上皮（stratified squamous epithelium）,有相當多的淋巴組織在黏膜下層（submucosa layer）,外肌層（muscularis externa）有環走及縱走兩層,,B,B,standard,,False,107020_5301.pdf,107020_MOD5301.pdf
MOEX-107020-5301-Q043,107,第一次,107020,5301,43,解剖學,神經解剖,神經解剖,下列何者會因神經刺激而釋放出腎上腺素：,腎上腺皮質絲球帶（zona glomerulosa）,腎上腺皮質束狀帶（zona fasciculata）,腎上腺髓質（adrenal medulla）,腎上腺皮質網狀帶（zona reticularis）,,C,C,standard,,False,107020_5301.pdf,107020_MOD5301.pdf
MOEX-107020-5301-Q044,107,第一次,107020,5301,44,組織學,組織學,,下列何者不出現在陰莖（penis）主幹的皮膚？,汗腺（sweat gland）,皮脂腺（sebaceous gland）,平滑肌（smooth muscle）,脂肪細胞（adipocyte）,,D,D,standard,,False,107020_5301.pdf,107020_MOD5301.pdf
MOEX-107020-5301-Q045,107,第一次,107020,5301,45,組織學,組織學,,子宮頸口（uterine external os）的上皮組織屬於下列何者？,單層柱狀上皮組織（simple columnar epithelium）,未角質化複層扁平上皮組織（nonkeratinized stratified squamous epithelium）,移形上皮細胞（transitional epithelium）,單層立方上皮組織（simple cuboidal epithelium）,,B,B,standard,,False,107020_5301.pdf,107020_MOD5301.pdf
MOEX-107020-5301-Q046,107,第一次,107020,5301,46,組織學,組織學,,有關眼球睫狀體（ciliary body），下列敘述何項錯誤？,睫狀體位於虹膜（iris）與脈絡膜（choroids）之間,睫狀肌（ciliary muscle）由骨骼肌所構成,睫狀體上皮（ciliary epithelium）可以分泌水樣液（aqueous humor）,水狀液由史萊姆氏管（canal of Schlemm）回收,,B,B,standard,,False,107020_5301.pdf,107020_MOD5301.pdf
MOEX-107020-5301-Q047,107,第一次,107020,5301,47,解剖學,腹部,腹部,與位在視網膜顳側（temporal portion of the retina）光感受細胞相聯繫的神經節細胞（ganglion cells），通 常投射至視丘那一核區？,contralateral lateral geniculate nucleus,ipsilateral lateral geniculate nucleus,contralateral medial geniculate nucleus,ipsilateral medial geniculate nucleus,,B,B,standard,,False,107020_5301.pdf,107020_MOD5301.pdf
MOEX-107020-5301-Q048,107,第一次,107020,5301,48,解剖學,腹部,腹部,當最大的光線強度刺激時，會使視網膜上的光感受細胞（photoreceptor cells）膜電位趨近於下列何者？,鈉離子的平衡電位,鉀離子的平衡電位,鈣離子的平衡電位,0 mV,,B,B,standard,,False,107020_5301.pdf,107020_MOD5301.pdf
MOEX-107020-5301-Q049,107,第一次,107020,5301,49,解剖學,神經解剖,神經解剖,因腦瘤壓迫造成無法看到左眼內側視野及右眼外側視野的影像。此患者被腦瘤所壓迫的位置最可能為下列何 者？,右眼的視神經（optic nerve）,視交叉（optic chiasm）,左側的視神經路徑（optic tract）,右側的視神經路徑（optic tract）,,C,C,standard,,True,107020_5301.pdf,107020_MOD5301.pdf
MOEX-107020-5301-Q050,107,第一次,107020,5301,50,醫學一其他科目,醫學一其他科目,,下視丘（hypothalamus）的那一個核區為人體生物時鐘（biological clock）之主要節律點（pacemaker）？,paraventricular nucleus,preoptic nucleus,ventromedial nucleus,suprachiasmatic nucleus,,D,D,standard,,False,107020_5301.pdf,107020_MOD5301.pdf
MOEX-107020-5301-Q051,107,第一次,107020,5301,51,解剖學,神經解剖,神經解剖,下列那一個大腦運動區位於體感覺區的後方，並且負責眼手的協調？,primary motor cortex,premotor cortex,supplementary motor cortex,parietal-lobe association cortex,,D,D,standard,,False,107020_5301.pdf,107020_MOD5301.pdf
MOEX-107020-5301-Q052,107,第一次,107020,5301,52,解剖學,神經解剖,神經解剖,下列何者是負責掌控手指肌肉執行精細動作的最主要運動路徑？,側皮質脊髓路徑（lateral corticospinal tract）,腹皮質脊髓路徑（ventral corticospinal tract）,網狀脊髓路徑（reticulospinal tract）,紅核脊髓路徑（rubrospinal tract）,,A,A,standard,,False,107020_5301.pdf,107020_MOD5301.pdf
MOEX-107020-5301-Q053,107,第一次,107020,5301,53,生物化學,生物化學,,下列那一個路徑是以glutamate為傳遞物質的興奮性路徑？,subthalamic nucleus → globus pallidus internal segment,globus pallidus internal segment → thalamus,globus pallidus external segment → globus pallidus internal segment,putamen → globus pallidus external segment,,A,A,standard,,False,107020_5301.pdf,107020_MOD5301.pdf
MOEX-107020-5301-Q054,107,第一次,107020,5301,54,解剖學,腹部,腹部,下列何種鈣離子通道（calcium channel）是所有肌細胞皆具有的，並負責釋出鈣離子啟動收縮？,肌漿網膜上ryanodine receptor,肌細胞膜上ligand-gated Ca2+ channel,肌漿網膜上dihydropyridine receptor,肌細胞膜上L-type Ca2+ channel,,A,A,standard,,False,107020_5301.pdf,107020_MOD5301.pdf
MOEX-107020-5301-Q055,107,第一次,107020,5301,55,組織學,組織學,,相較於紅肌，有關白肌之敘述，下列何者正確？,收縮速率較慢,較慢產生疲勞,肌纖維直徑較小,粒線體含量較少,,D,D,standard,,False,107020_5301.pdf,107020_MOD5301.pdf
MOEX-107020-5301-Q056,107,第一次,107020,5301,56,組織學,組織學,,長跑馬拉松選手在訓練後血液帶氧量增高的主要原因為何？,氧氣溶解在血清中的量上升,紅血球內含之血紅素（hemoglobin）帶三價鐵比例增加,紅血球內2-BPG (biphosphate glycerate) 量增加,紅血球數目增加,,D,D,standard,,False,107020_5301.pdf,107020_MOD5301.pdf
MOEX-107020-5301-Q057,107,第一次,107020,5301,57,解剖學,胸腔,胸腔,林小姐因出現頭昏、噁心、嘔吐被送至急診室，當時呼吸頻率為13次／分，體循環動脈血液分析數值分別 為：PaO ＝98 mmHg，PaCO ＝38 mmHg，SaO ＝70%，Hb＝14 g/100 mL。根據上述的結果，推測可 2 2 2 能為下列何種病患之特徵？,一氧化碳中毒,大量失血,呼吸衰竭,高山症,,A,A,standard,,False,107020_5301.pdf,107020_MOD5301.pdf
MOEX-107020-5301-Q058,107,第一次,107020,5301,58,解剖學,胸腔,胸腔,若頸動脈竇（carotid sinus）及主動脈弓（aortic arch）上的感壓受器（baroreceptor）放電頻率（firing rate）增加，則下列何者正確？,其訊號經由迷走（vagus）神經傳遞，中止於視丘（thalamus）,其作用會興奮交感神經，使血管收縮（vasoconstriction）,其作用會抑制副交感神經，降低心輸出量,其作用會造成血管擴張（vasodilation）、心跳降低,,D,D,standard,,False,107020_5301.pdf,107020_MOD5301.pdf
MOEX-107020-5301-Q059,107,第一次,107020,5301,59,解剖學,胸腔,胸腔,從事慢跑等耐力運動時，心輸出量（cardiac output）可能增加 4～7 倍。此時身體可利用下列那些作用來增 加心輸出量？①興奮動脈感壓受器（arterial baroreceptors），使其放電頻率增加 ②增加吸氣的深度及頻 率 ③興奮交感神經 ④興奮副交感神經 ⑤促進骨骼肌小動脈擴張,①②③,①③⑤,②③⑤,②④⑤,,C,C,standard,,False,107020_5301.pdf,107020_MOD5301.pdf
MOEX-107020-5301-Q060,107,第一次,107020,5301,60,組織學,組織學,,有關血液中二氧化碳之運輸，下列敘述何者正確？,在肺泡微血管（alveolar capillary）中，碳酸氫根離子（HCO -）自紅血球流出（efflux） 3,在周邊微血管（peripheral capillary）中，碳酸氫根離子（HCO -）自紅血球流出（efflux） 3,主要依賴氯-碳酸氫根共同轉運蛋白（Cl-- HCO - cotransporter）之協助 3,血液中二氧化碳主要以碳酸根離子（CO 2-）之形式存在 3,,B,B,standard,,False,107020_5301.pdf,107020_MOD5301.pdf
MOEX-107020-5301-Q061,107,第一次,107020,5301,61,解剖學,胸腔,胸腔,用力呼氣（forced expiration）時，最不易發生下列何種現象？,"肋膜內壓（intrapleural pressure, P ）不會高於大氣壓力（atmospheric pressure, P ） ip atm",內肋間神經（internal intercostal nerve）興奮,延髓（medulla oblongata）內有些腹側呼吸群神經元（ventral respiratory group neuron）興奮,無論如何用力，部分細支氣管（bronchiole）內的氣體無法被呼出,,A,A,standard,,False,107020_5301.pdf,107020_MOD5301.pdf
MOEX-107020-5301-Q062,107,第一次,107020,5301,62,解剖學,胸腔,胸腔,有關肺臟的表面活性劑（surfactant）的敘述，下列何者正確？,由呼吸性細支氣管（respiratory bronchiole）所分泌,糖皮質素（glucocorticoid）會促進胎兒在出生前肺內表面活性劑的產生,其在小肺泡（alveolus）內的密度遠比大肺泡內低,能增加肺泡（alveolus）的彈性回復力（elastic recoil）,,A|B,A|B,multiple_answers,第62題答A、B給分,False,107020_5301.pdf,107020_MOD5301.pdf
MOEX-107020-5301-Q063,107,第一次,107020,5301,63,解剖學,神經解剖,神經解剖,人類的嘔吐中樞（vomiting center）位於何處？,大腦（cerebrum）,小腦（cerebellum）,腦幹（brainstem）,脊髓（spinal cord）,,C,C,standard,,False,107020_5301.pdf,107020_MOD5301.pdf
MOEX-107020-5301-Q064,107,第一次,107020,5301,64,組織學,組織學,,有關脂肪的消化和吸收過程的敘述，下列何者錯誤？,小於10個碳分子的脂肪酸主要由淋巴管匯集進入肝臟,單酸甘油酯經擴散作用進入上皮細胞,脂肪酸和單酸甘油酯在平滑內質網中變成三酸甘油酯,腸上皮細胞內的三酸甘油酯可被蛋白質包覆,,A,A,standard,,False,107020_5301.pdf,107020_MOD5301.pdf
MOEX-107020-5301-Q065,107,第一次,107020,5301,65,解剖學,骨盆與會陰,神經解剖,若泌尿道阻塞而導致鮑氏囊淨水壓（hydrostatic pressure of the Bowman's capsule）增高時，腎絲球過濾率 （glomerular filtration rate）最可能因此而產生下列何種改變？,反射性增加,快速增加並逐漸趨於穩定,減少,不受影響,,C,C,standard,,False,107020_5301.pdf,107020_MOD5301.pdf
MOEX-107020-5301-Q066,107,第一次,107020,5301,66,組織學,組織學,,關於腎小管功能的描述，下列何者錯誤？,經由分泌（secretion）作用，腎小管可以將某物質加到腎絲球過濾液中,經由超過濾（ultrafiltration）作用，腎小管可以將某物質自腎絲球過濾液中回收,因為腎小管不會對菊糖（inulin）進行分泌或回收，所以菊糖的廓清率（clearance）會等於腎絲球過濾率,腎小管對於物質的主動運輸有其上限，即為運輸最大量（transport maximum）,,B,B,standard,,False,107020_5301.pdf,107020_MOD5301.pdf
MOEX-107020-5301-Q067,107,第一次,107020,5301,67,生理學,生理學,,合成腎上腺皮質素（cortisol）所需要的21-β hydroxylase 缺乏，不會產生下列何種變化？,促腎上腺皮質激素（ACTH）分泌會代償性的增加,如為女性患者可能會造成腎上腺性徵異常綜合症（adrenogenital syndrome）,腎上腺皮質分泌的雄性素（androgen）會隨之增加,皮質酮（corticosterone）的分泌會代償性的增加,,D,D,standard,,False,107020_5301.pdf,107020_MOD5301.pdf
MOEX-107020-5301-Q068,107,第一次,107020,5301,68,組織學,組織學,,若一病人在進行甲狀腺切除手術時，不慎將其副甲狀腺一併切除，下列何現象最不可能發生？,短時間內會造成血鈣和磷濃度降低,會造成神經肌肉系統過度興奮（hyperexcitability）,造成手足抽搐（tetany）,造成腎臟排泄血中磷含量之功能下降,,A,A,standard,,False,107020_5301.pdf,107020_MOD5301.pdf
MOEX-107020-5301-Q069,107,第一次,107020,5301,69,解剖學,腹部,神經解剖,有關壓力（stress）造成身體主要反應之敘述，下列何者正確？,會刺激交感神經系統分泌正腎上腺素，但不影響腎上腺分泌腎上腺素,糖皮質素（glucocorticoid hormone）的分泌增加較正腎上腺素為快,會刺激糖皮質素（glucocorticoid hormone）的分泌,會刺激胰島素大量分泌,,C,C,standard,,False,107020_5301.pdf,107020_MOD5301.pdf
MOEX-107020-5301-Q070,107,第一次,107020,5301,70,生理學,生理學,,在一實驗犬的研究中，由靜脈灌流含過量醛固酮（aldosterone）的溶液，將其血中醛固酮濃度提升20倍，下 列現象何者最不可能發生？,短期而言（五天以內），會造成平均動脈壓升高,造成尿中鈉排泄速率增加的作用，可持續兩週以上,短期而言（五天以內），會造成細胞外液體積增加,長期而言（兩週以上），平均動脈壓會回復到灌流前的數值,,B,B,standard,,False,107020_5301.pdf,107020_MOD5301.pdf
MOEX-107020-5301-Q071,107,第一次,107020,5301,71,組織學,組織學,,一位36歲女性，因近來常覺頭痛，測其血壓為180/110 mmHg，但身體其他部位並未發現明顯異常現象，腹 部電腦斷層掃描發現她右側腎上腺有一個2 cm的腫瘤，而血液中發現K+異常的低。下列何者在其血液中的濃 度最可能偏高？,ACTH,aldosterone,renin,catecholamine,,B|D,B|D,multiple_answers,第71題答B、D給分,False,107020_5301.pdf,107020_MOD5301.pdf
MOEX-107020-5301-Q072,107,第一次,107020,5301,72,生理學,生理學,,有關人類正常月經週期（menstrual cycle）中黃體期之敘述，下列何者最不恰當？,progesterone抑制myometrial contraction,estrogen抑制anterior pituitary中FSH和LH的分泌,progesterone抑制anterior pituitary中FSH和LH的分泌,progesterone促進許多濾泡的生成,,D,D,standard,,False,107020_5301.pdf,107020_MOD5301.pdf
MOEX-107020-5301-Q073,107,第一次,107020,5301,73,組織學,組織學,,下列那一組織的產物對於精液（semen）組成的成分貢獻最小？,seminal vesicle,prostate gland,bulbourethral gland,urethra,,D,D,standard,,False,107020_5301.pdf,107020_MOD5301.pdf
MOEX-107020-5301-Q074,107,第一次,107020,5301,74,生物化學,生物化學,,下列那一種胺基酸最有可能在蛋白質結構中參與順式胜肽鍵（cis peptide bond）的形成？,組胺酸（histidine）,丙胺酸（alanine）,脯胺酸（proline）,甘胺酸（glycine）,,C,C,standard,,False,107020_5301.pdf,107020_MOD5301.pdf
MOEX-107020-5301-Q075,107,第一次,107020,5301,75,生物化學,生物化學,,下列何者為形成蛋白質二級結構（如α-螺旋）的最主要原因？,疏水性（hydrophobic）交互作用,靜電作用,分子內氫鍵（hydrogen bond）,兩條α-螺旋鏈之間的雙硫鍵（disulfide bond）,,C,C,standard,,False,107020_5301.pdf,107020_MOD5301.pdf
MOEX-107020-5301-Q076,107,第一次,107020,5301,76,生物化學,生物化學,,以凝膠電泳法（gel electrophoresis）分離蛋白質時，加入SDS（sodium dodecyl sulfate）的目的為何？,用以決定一個蛋白質的等電點（isoelectric point）,用以決定一個蛋白質的特異活性（specific activity）,用以保護蛋白質的生物結構和活性,用以決定蛋白質分子量,,D,D,standard,,False,107020_5301.pdf,107020_MOD5301.pdf
MOEX-107020-5301-Q077,107,第一次,107020,5301,77,胚胎及發育生物學,胚胎及發育生物學,,懷孕前期常需補充葉酸（folic acid），下列有關葉酸的敘述，何者錯誤？,葉酸參與核苷酸deoxythymidine 5'-monophosphate（dTMP）的合成,葉酸為構成輔酶A（coenzyme A）的基本元素之一,四氫葉酸（H folate）為一種具有生物活性的葉酸型式 4,四氫葉酸（H folate）是由6-methylpterin、p-aminobenzoate與glutamate所組成 4,,B,B,standard,,False,107020_5301.pdf,107020_MOD5301.pdf
MOEX-107020-5301-Q078,107,第一次,107020,5301,78,生物化學,生物化學,,下列關於鋅離子（zinc ion）的敘述，何者錯誤？,鋅離子可與leucine結合後形成leucine zipper，為RNA聚合酶的主要輔助因子,味覺素（gustin）為含鋅離子的唾液蛋白質，缺乏時會抑制味蕾發育與味覺敏銳度,鋅離子參與T細胞與單核球分泌細胞素（cytokines）的過程，缺乏時動物的免疫力會下降,在鉛中毒中，鉛會取代δ-aminolevulinate dehydratase中的鋅離子，會抑制血基質（heme）的合成,,A,A,standard,,False,107020_5301.pdf,107020_MOD5301.pdf
MOEX-107020-5301-Q079,107,第一次,107020,5301,79,醫學一其他科目,醫學一其他科目,,遺傳性的orotic aciduria疾病會造成嚴重的貧血及生長障礙，病患可以攝取下列何種物質加以治療？,uridine,thymine,adenosine,allopurinol,,A,A,standard,,False,107020_5301.pdf,107020_MOD5301.pdf
MOEX-107020-5301-Q080,107,第一次,107020,5301,80,生理學,生理學,,下列關於戊糖磷酸途徑（pentose phosphate pathway）的敘述，何者錯誤？,產生NADPH供還原反應使用,產物可轉換成ribose-5-phosphate供核苷酸合成使用,反應中glucose-6-phosphate dehydrogenase缺乏會導致蠶豆症的發生,該反應速率限制酵素（rate limiting enzyme）為6-phospho-gluco-lactonase,,D,D,standard,,False,107020_5301.pdf,107020_MOD5301.pdf
MOEX-107020-5301-Q081,107,第一次,107020,5301,81,生物化學,生物化學,,"AZT（3'-azido-2',3'-dideoxythymidine）可用以治療human immunodeficiency virus（HIV）的感染，其作用 是：",病毒蛋白質水解酶（protease）的抑制劑,DNA polymerase的競爭性抑制劑,反轉錄酵素（reverse transcriptase）合成DNA鏈的終止者,RNase H的抑制劑,,C,C,standard,,False,107020_5301.pdf,107020_MOD5301.pdf
MOEX-107020-5301-Q082,107,第一次,107020,5301,82,微生物免疫寄生蟲公衛,微生物免疫寄生蟲公衛,,下列有關V(D)J recombination的敘述，何者錯誤？,參與抗體多樣性的生成,其反應機制與同源重組（homologous recombination）相似,recombination activating gene 1（RAG1）參與作用,recombination activating gene 2（RAG2）參與作用,,B,B,standard,,False,107020_5301.pdf,107020_MOD5301.pdf
MOEX-107020-5301-Q083,107,第一次,107020,5301,83,生物化學,生物化學,,當原核生物之DNA受到大量損害進行DNA修補時，須生產修補（repair）相關之蛋白質，此時下列何種蛋白 質會被分解，以啟動修補蛋白質基因之轉錄？,RecA,LexA,UvrA,Lac repressor,,B,B,standard,,False,107020_5301.pdf,107020_MOD5301.pdf
MOEX-107020-5301-Q084,107,第一次,107020,5301,84,生物化學,生物化學,,下列那一種抗生素（antibiotic）不會抑制細菌的蛋白質合成？,氨苄青黴素（ampicillin）,鏈黴素（streptomycin）,氯黴素（chloramphenicol）,四環素（tetracycline）,,A,A,standard,,False,107020_5301.pdf,107020_MOD5301.pdf
MOEX-107020-5301-Q085,107,第一次,107020,5301,85,組織學,組織學,,下列那一種真核細胞調控蛋白質（eukaryotic regulatory proteins）會與增強子（enhancer）結合，以促進基 因轉錄？,轉錄活化子（transcription activators）,輔活化子（coactivators）,TATA-結合蛋白（TATA-binding proteins; TBP）,基準轉錄因子（basal transcription factors）,,A,A,standard,,False,107020_5301.pdf,107020_MOD5301.pdf
MOEX-107020-5301-Q086,107,第一次,107020,5301,86,醫學一其他科目,醫學一其他科目,,遺傳密碼（codon）與反密碼（anticodon）的相互作用是經由那一種化學鍵相結合？,氫鍵（hydrogen bond）,離子鍵（ionic bond）,肽鍵（peptide bond）,縮醛鍵（acetal bond）,,A,A,standard,,False,107020_5301.pdf,107020_MOD5301.pdf
MOEX-107020-5301-Q087,107,第一次,107020,5301,87,生物化學,生物化學,,在動物細胞內，下列何者為葡萄糖進行無氧糖解（anaerobic glycolysis）之淨產物？,ATP和pyruvate,ATP和lactate,NAD+和ethanol,ATP和acetyl-CoA,,B,B,standard,,False,107020_5301.pdf,107020_MOD5301.pdf
MOEX-107020-5301-Q088,107,第一次,107020,5301,88,生物化學,生物化學,,下列關於克式循環（Krebs cycle，亦稱citric acid cycle或TCA cycle）的敘述，何者正確？,在克式循環過程中，oxaloacetate淨消耗（net consumption）為零,在克式循環過程中，不涉及受質階層磷酸化（substrate-level phosphorylation）,一次的克式循環會產生一個分子的二氧化碳,一次的克式循環會產生四個分子的FADH 2,,A,A,standard,,False,107020_5301.pdf,107020_MOD5301.pdf
MOEX-107020-5301-Q089,107,第一次,107020,5301,89,醫學一其他科目,醫學一其他科目,,D-glucose是還原糖（reducing sugar），其anomeric carbon可被氧化，下列何者為其氧化產物？,dextrose,D-sorbitol,D-gluconic acid,D-glucuronic acid,,C,C,standard,,False,107020_5301.pdf,107020_MOD5301.pdf
MOEX-107020-5301-Q090,107,第一次,107020,5301,90,生物化學,生物化學,,脂肪酸生合成之速率決定步驟（rate-limiting step）為：,從acetate合成acetyl-CoA,acetyl-CoA與malonyl-CoA的縮合反應（condensation）,acetyl-CoA carboxylase所催化合成malonyl-CoA的反應步驟,使malonate轉變為malonyl-CoA的反應步驟,,C,C,standard,,False,107020_5301.pdf,107020_MOD5301.pdf
MOEX-107020-5301-Q091,107,第一次,107020,5301,91,解剖學,腹部,胸腔,心血管疾病的病人使用aspirin預防血栓發生，減少中風及心肌梗塞，下列敘述何者錯誤？,aspirin抑制cyclooxygenase,可減少thromboxanes合成,可減少prostaglandins合成,可減少膽固醇的生合成,,D,D,standard,,False,107020_5301.pdf,107020_MOD5301.pdf
MOEX-107020-5301-Q092,107,第一次,107020,5301,92,生物化學,生物化學,,膜蛋白質最常以共價鍵結合下列何種脂質（lipid），而附著在細胞膜外層上？,硬脂酸（stearic acid）,神經鞘氨醇（sphingosine）,糖基化磷脂醯肌醇（glycosyl phosphatidylinositol; GPI）,磷脂醯肌醇（phosphatidylinositol）,,C,C,standard,,False,107020_5301.pdf,107020_MOD5301.pdf
MOEX-107020-5301-Q093,107,第一次,107020,5301,93,生物化學,生物化學,,下列何者是細菌和植物合成芳香族胺基酸（aromatic amino acids）過程中，重要的中間產物？,purine,chorismate,pyrimidine,p-aminobenzoic acid,,B,B,standard,,False,107020_5301.pdf,107020_MOD5301.pdf
MOEX-107020-5301-Q094,107,第一次,107020,5301,94,組織學,組織學,,Glutathione在細胞內參與氧化還原反應，它是由那三種胺基酸所構成之三胜肽（tripeptide）?,"methionine, glutamate, cysteine","glutamate, cysteine, glycine","alanine, methionine, glutamate","arginine, aspartic acid, methionine",,B,B,standard,,False,107020_5301.pdf,107020_MOD5301.pdf
MOEX-107020-5301-Q095,107,第一次,107020,5301,95,組織學,組織學,,粒線體氧化磷酸化的過程所產生H O ，可由下列那一種酵素去除？ 2 2,glutathione reductase,glutathione peroxidase,superoxide dismutase,pyruvate dehydrogenase,,B,B,standard,,False,107020_5301.pdf,107020_MOD5301.pdf
MOEX-107020-5301-Q096,107,第一次,107020,5301,96,組織學,組織學,,"腫瘤缺氧時，缺氧性誘導轉錄因子（hypoxia inducible transcription factor-1, HIF-1）會被活化，下列相關敘 述何者錯誤？",HIF-1的活性可以被延胡索酸（fumarate）誘發,HIF-1可以刺激糖解反應（glycolysis），讓腫瘤細胞可以在缺氧環境下存活,"HIF-1也會增加血管內皮細胞生長素（vascular endothelial growth factor, VEGF）表達，促進腫瘤血管新生","HIF-1活化不會減少活性氧化物（reactive oxygen species, ROS）的形成",,D,D,standard,,False,107020_5301.pdf,107020_MOD5301.pdf
MOEX-107020-5301-Q097,107,第一次,107020,5301,97,生理學,生理學,,動物緊張時，血糖可能會升高，此生理反應包含一聯串的訊息傳遞過程，包括protein kinase A磷酸化，以致 於活化glycogenolysis，下列有關此訊息傳遞過程之敘述何者錯誤？,norepinephrine及epinephrine作用於細胞膜上受體,受體直接活化Ras,活化G protein，進而活化adenylyl cyclase,增加cAMP，進而活化protein kinase A,,B,B,standard,,False,107020_5301.pdf,107020_MOD5301.pdf
MOEX-107020-5301-Q098,107,第一次,107020,5301,98,生物化學,生物化學,,胰島素可經由MAP kinase cascade影響其調控基因的表現，參與的訊息傳遞分子依其作用之先後排序，下列 何者正確？,insulin receptor，IRS-1，Grb2-Sos，Ras-Raf-1，MEK，ERK,insulin receptor，Ras-Raf-1，Grb2-Sos，ERK，IRS-1，MEK,insulin receptor，Grb2-Sos，Ras-Raf-1，MEK，IRS-1，ERK,insulin receptor，IRS-1，Grb2-Sos，Ras-Raf-1，ERK，MEK,,A,A,standard,,False,107020_5301.pdf,107020_MOD5301.pdf
MOEX-107020-5301-Q099,107,第一次,107020,5301,99,生物化學,生物化學,,血中腎上腺素（epineprine）濃度上升時會抑制肝臟或肌肉的何種代謝作用？,肝臟的糖解作用（glycolysis）,肌肉的糖解作用（glycolysis）,肝臟的葡萄糖新生作用（gluconeogenesis）,肌肉的肝糖分解作用（glycogenolysis）,,A,A,standard,,False,107020_5301.pdf,107020_MOD5301.pdf
MOEX-107020-5301-Q100,107,第一次,107020,5301,100,生物化學,生物化學,,下列有關聚合酶鏈鎖反應（polymerase chain reaction; PCR）的敘述，何者錯誤？,擴大的DNA片段（amplified DNA fragments）是可以被選殖的,同一組引子（primers）通常可以同時擴增多個基因體中的位點,被擴增DNA片段的範圍（DNA boundaries）是取決於一對引子在DNA模板的相對位置,一根毛髮上的毛囊（hair follicle）所萃取出的DNA就足夠為PCR的模板,,B,B,standard,,False,107020_5301.pdf,107020_MOD5301.pdf
MOEX-107100-1301-Q001,107,第二次,107100,1301,1,解剖學,神經解剖,神經解剖,下列何者不經由下小腦腳（inferior cerebellar peduncle）進入小腦？,前庭小腦徑（vestibulocerebellar tract）,橄欖核小腦徑（olivocerebellar tract）,背側脊髓小腦徑（dorsal spinocerebellar tract）,腹側脊髓小腦徑（ventral spinocerebellar tract）,,D,D,standard,,False,107100_1301.pdf,107100_MOD1301.pdf
MOEX-107100-1301-Q002,107,第二次,107100,1301,2,解剖學,神經解剖,神經解剖,有關三叉神經之敘述，下列何者錯誤？,含一般體運動傳出神經纖維,其分支攜帶副交感神經纖維,含本體感覺神經纖維,其神經核分布於延腦、橋腦與中腦,,A,A,standard,,False,107100_1301.pdf,107100_MOD1301.pdf
MOEX-107100-1301-Q003,107,第二次,107100,1301,3,解剖學,頭頸部,頭頸部,下列何者受到傷害，最可能造成病人口咽處黏膜一般感覺缺失？,迷走神經（vagus nerve）,舌咽神經（glossopharyngeal nerve）,頸襻（ansa cervicalis）,喉返神經（recurrent laryngeal nerve）,,B,B,standard,,False,107100_1301.pdf,107100_MOD1301.pdf
MOEX-107100-1301-Q004,107,第二次,107100,1301,4,解剖學,頭頸部,頭頸部,下列何者的收縮與張口動作最無關係？,內翼肌（medial pterygoid muscle）,外翼肌（lateral pterygoid muscle）,下頜舌骨肌（mylohyoid muscle）,頦舌肌（geniohyoid muscle）,,A|D,A|D,multiple_answers,第4題答A、D給分,False,107100_1301.pdf,107100_MOD1301.pdf
MOEX-107100-1301-Q005,107,第二次,107100,1301,5,解剖學,神經解剖,神經解剖,鼓膜張肌（tensor tympani）由何神經支配？,第五顱神經第三支,副神經（accessory nerve）之顱根（cranial root），轉經迷走神經（vagus nerve）,第八顱神經,第七顱神經,,A,A,standard,,False,107100_1301.pdf,107100_MOD1301.pdf
MOEX-107100-1301-Q006,107,第二次,107100,1301,6,解剖學,胸腔,胸腔,肺韌帶（pulmonary ligament）位於肺臟何處？,尖端（apex）,基底面（base）,肋骨面（costal surface）,根部（root）,,D,D,standard,,False,107100_1301.pdf,107100_MOD1301.pdf
MOEX-107100-1301-Q007,107,第二次,107100,1301,7,解剖學,腹部,腹部,主胰管（major pancreatic duct）與膽管（common bile duct）共同開口於十二指腸何處？,上段（superior part）,下行段（descending part）,下段（inferior part）,上行段（ascending part）,,B,B,standard,,False,107100_1301.pdf,107100_MOD1301.pdf
MOEX-107100-1301-Q008,107,第二次,107100,1301,8,解剖學,腹部,胸腔,橫膈的右腳（right crus of the diaphragm）圍繞著下列那一個構造？,主動脈,下腔靜脈,食道,肝門靜脈,,C,C,standard,,False,107100_1301.pdf,107100_MOD1301.pdf
MOEX-107100-1301-Q009,107,第二次,107100,1301,9,解剖學,骨盆與會陰,骨盆與會陰,下列何者最可能緊貼在排空後的膀胱上方？,直腸,子宮,陰道,輸卵管,,B,B,standard,,False,107100_1301.pdf,107100_MOD1301.pdf
MOEX-107100-1301-Q010,107,第二次,107100,1301,10,解剖學,下肢,下肢,下列何者伴行小隱靜脈（small saphenous vein），且傳遞小腿後外側與小腳趾的皮膚感覺？,隱神經（saphenous nerve）,腓腸神經（sural nerve）,腓深神經（deep fibular nerve）,腓淺神經（superficial fibular nerve）,,B,B,standard,,False,107100_1301.pdf,107100_MOD1301.pdf
MOEX-107100-1301-Q011,107,第二次,107100,1301,11,解剖學,頭頸部,頭頸部,車禍頸部受傷，造成右手拇指感覺喪失，其餘四指正常，最可能是右側那一條頸部脊神經受損？,C5,C6,C7,C8,,B,B,standard,,False,107100_1301.pdf,107100_MOD1301.pdf
MOEX-107100-1301-Q012,107,第二次,107100,1301,12,解剖學,下肢,下肢,踩到玻璃劃破足底外側動脈（lateral plantar artery）造成出血，如果採用加壓止血法，按壓下列何處最為適 當？,股三角（femoral triangle）,膕窩（popliteal fossa）,跗骨隧道（tarsal tunnel）,足背（dorsalis pedis）,,C,C,standard,,False,107100_1301.pdf,107100_MOD1301.pdf
MOEX-107100-1301-Q013,107,第二次,107100,1301,13,解剖學,神經解剖,神經解剖,關於背側脊髓小腦徑（dorsal spinocerebellar tract）之敘述，下列何者錯誤？,背側脊髓小腦徑主要經由下小腦腳（inferior cerebellar peduncle）進入小腦,可將訊息傳入脊髓小腦（spinocerebellum）,背側脊髓小腦徑位於脊髓（spinal cord）之背側束（dorsal funiculus）,背側脊髓小腦徑主要將訊息傳入同側小腦,,C,C,standard,,False,107100_1301.pdf,107100_MOD1301.pdf
MOEX-107100-1301-Q014,107,第二次,107100,1301,14,解剖學,神經解剖,神經解剖,聽覺傳導路徑（auditory pathway）之敘述，下列何者錯誤？,初級聽覺皮質（primary auditory cortex）位於顳葉（temporal lobe）,上橄欖核（superior olivary nucleus）參與聽覺之傳導,右邊內耳之聽覺訊息可傳入左右兩邊之內側膝狀體（medial geniculate body）,左邊內側膝狀體（medial geniculate body）之聽覺訊息，可傳入左右兩邊之初級聽覺皮質（primary auditory cortex）,,D,D,standard,,False,107100_1301.pdf,107100_MOD1301.pdf
MOEX-107100-1301-Q015,107,第二次,107100,1301,15,解剖學,神經解剖,神經解剖,關於面神經（facial nerve）之敘述，下列何者錯誤？,面神經核（facial nucleus）位於橋腦（pons）,右側面神經核（facial nucleus）損傷，可導致右側顏面表情肌全麻痺（right facial palsy）,面神經核（facial nucleus）之神經元，屬於下運動神經元（lower motor neuron）,面神經（facial nerve）可傳遞咀嚼肌之本體感覺（proprioception）,,D,D,standard,,False,107100_1301.pdf,107100_MOD1301.pdf
MOEX-107100-1301-Q016,107,第二次,107100,1301,16,解剖學,神經解剖,神經解剖,有關海馬系統（hippocampal formation）之最主要傳出纖維（efferent fiber），可形成下列何構造？,穹束（fornix）,胼胝體（corpus callosum）,終紋（stria terminalis）,丘腦髓紋（stria medullaris thalami）,,A,A,standard,,False,107100_1301.pdf,107100_MOD1301.pdf
MOEX-107100-1301-Q017,107,第二次,107100,1301,17,解剖學,胸腔,胸腔,上頸神經節（superior cervical ganglion）相對於下列何脊椎骨高度？,第一、二頸椎,第四頸椎,第六頸椎,第一胸椎,,A,A,standard,,False,107100_1301.pdf,107100_MOD1301.pdf
MOEX-107100-1301-Q018,107,第二次,107100,1301,18,解剖學,頭頸部,頭頸部,有關舌骨上肌（suprahyoid muscles）之敘述，下列何者正確？,二腹肌的後腹（posterior belly of digastric muscle）由顏面神經（facial nerve）支配,二腹肌的前腹（anterior belly of digastric muscle）由舌下神經（hypoglossal nerve）支配,下頜舌骨肌（mylohyoid muscle）由舌下神經（hypoglossal nerve）支配,莖突舌骨肌（stylohyoid muscle）由下頜神經（mandibular nerve）支配,,A,A,standard,,False,107100_1301.pdf,107100_MOD1301.pdf
MOEX-107100-1301-Q019,107,第二次,107100,1301,19,解剖學,頭頸部,頭頸部,顏面靜脈（facial vein）的感染，最可能經由下列何血管擴散至顱內的海綿竇（cavernous sinus）？,下頜後靜脈（retromandibular vein）,上眼靜脈（superior ophthalmic vein）,舌靜脈（lingual vein）,上頜靜脈（maxillary vein）,,B,B,standard,,False,107100_1301.pdf,107100_MOD1301.pdf
MOEX-107100-1301-Q020,107,第二次,107100,1301,20,解剖學,胸腔,胸腔,在心搏週期（cardiac cycle）中，血流進入冠狀動脈最主要是在：,肺動脈瓣打開時,左心室收縮時,主動脈瓣關閉時,右心房舒張時,,C,C,standard,,False,107100_1301.pdf,107100_MOD1301.pdf
MOEX-107100-1301-Q021,107,第二次,107100,1301,21,解剖學,胸腔,胸腔,引發咳嗽反射最敏感的呼吸道黏膜位於：,隆凸（carina）,氣管（trachea）,主支氣管（main bronchus）,節支氣管（segmental bronchus）,,A,A,standard,,False,107100_1301.pdf,107100_MOD1301.pdf
MOEX-107100-1301-Q022,107,第二次,107100,1301,22,解剖學,胸腔,胸腔,右側頭臂靜脈（brachiocephalic vein）匯入上腔靜脈（superior vena cava）的位置，對應於體表最有可能 在：,胸骨柄（manubrium）右緣,胸骨柄（manubrium）左緣,胸骨體（body）正下方,右側第三肋間,,A,A,standard,,False,107100_1301.pdf,107100_MOD1301.pdf
MOEX-107100-1301-Q023,107,第二次,107100,1301,23,解剖學,胸腔,胸腔,下列何者不是主動脈的直接分支？,食道動脈（esophageal artery）,後肋間動脈（posterior intercostal artery）,支氣管動脈（bronchial artery）,內胸動脈（internal thoracic artery）,,D,D,standard,,False,107100_1301.pdf,107100_MOD1301.pdf
MOEX-107100-1301-Q024,107,第二次,107100,1301,24,解剖學,胸腔,胸腔,下列何者最不可能由右冠狀動脈供應？,右心房,房室結,節制帶（moderator band）,房室束,,D,D,standard,,False,107100_1301.pdf,107100_MOD1301.pdf
MOEX-107100-1301-Q025,107,第二次,107100,1301,25,解剖學,腹部,腹部,下列何者不直接匯入下腔靜脈（inferior vena cava）？,左腎靜脈（left renal vein）,左肝靜脈（left hepatic vein）,左腎上腺靜脈（left suprarenal vein）,"左第三、四腰靜脈（left L3, 4 lumbar veins）",,C,C,standard,,False,107100_1301.pdf,107100_MOD1301.pdf
MOEX-107100-1301-Q026,107,第二次,107100,1301,26,解剖學,骨盆與會陰,骨盆與會陰,下列何者不存在精索（spermatic cord）內？,髂腹下神經（iliohypogastric nerve）,輸精管（ductus deferens）,提睪肌動脈（cremasteric artery）,鞘突遺跡（vestige of vaginal process）,,A,A,standard,,False,107100_1301.pdf,107100_MOD1301.pdf
MOEX-107100-1301-Q027,107,第二次,107100,1301,27,解剖學,骨盆與會陰,骨盆與會陰,有關男女性生殖器官之配對，下列何者不是同源構造？,陰莖頭（glans of penis）- 陰蒂頭（glans of clitoris）,陰莖海綿球（bulb of corpus spongiosum）- 前庭球（vestibular bulb）,陰囊（scrotum）- 大陰唇（labia majora）,前列腺（prostate gland）- 前庭腺（vestibular gland）,,B|D,B|D,multiple_answers,第27題答B、D給分,False,107100_1301.pdf,107100_MOD1301.pdf
MOEX-107100-1301-Q028,107,第二次,107100,1301,28,解剖學,骨盆與會陰,骨盆與會陰,穿過陰莖腳（crura）走入陰莖海綿體（corpus cavernosum）內，去支配陰莖勃起組織的動脈是：,陰莖球體動脈（arteries of the bulb of the penis）,陰莖深動脈（deep arteries of the penis）,陰莖背動脈（dorsal arteries of the penis）,陰部外動脈（external pudendal arteries）,,B,B,standard,,False,107100_1301.pdf,107100_MOD1301.pdf
MOEX-107100-1301-Q029,107,第二次,107100,1301,29,解剖學,下肢,下肢,供應及支配下肢內收肌群（adductor muscles）的血管與神經，分別是：,閉孔動脈（obturator artery）與閉孔神經（obturator nerve）,閉孔動脈（obturator artery）與股神經（femoral nerve）,深股動脈（deep femoral artery）與閉孔神經（obturator nerve）,深股動脈（deep femoral artery）與股神經（femoral nerve）,,A|C,A|C,multiple_answers,第29題答A、C給分,False,107100_1301.pdf,107100_MOD1301.pdf
MOEX-107100-1301-Q030,107,第二次,107100,1301,30,解剖學,上肢,上肢,當患者出現翼狀肩胛骨（winging of the scapula）的症狀時，最常見的原因是由於那一條神經與其支配的肌 肉受損所引發？,腋神經（axillary nerve）與三角肌（deltoid muscle）,長胸神經（long thoracic nerve）與前鋸肌（serratus anterior）,肩胛上神經（suprascapular nerve）與棘上肌（supraspinatus）,下肩胛下神經（inferior subscapular nerve）與大圓肌（teres major）,,B,B,standard,,False,107100_1301.pdf,107100_MOD1301.pdf
MOEX-107100-1301-Q031,107,第二次,107100,1301,31,解剖學,上肢,上肢,正常情形下，肌皮神經（musculocutaneous nerve）的末端會形成那一條皮神經？,上臂內側皮神經（medial cutaneous nerve of arm）,前臂內側皮神經（medial cutaneous nerve of forearm）,前臂外側皮神經（lateral cutaneous nerve of forearm）,前臂後側皮神經（posterior cutaneous nerve of forearm）,,C,C,standard,,False,107100_1301.pdf,107100_MOD1301.pdf
MOEX-107100-1301-Q032,107,第二次,107100,1301,32,胚胎及發育生物學,胚胎及發育生物學,,下列何者不是由內細胞團（inner cell mass）衍生而成？,滋養層（trophoblast）,卵黃囊（yolk sac）,接合莖（connecting stalk）,羊膜（amnion）,,A,A,standard,,False,107100_1301.pdf,107100_MOD1301.pdf
MOEX-107100-1301-Q033,107,第二次,107100,1301,33,解剖學,胸腔,胸腔,下列何者參與形成初始橫膈（primordial diaphragm），在早期胎兒橫膈（early fetal diaphragm）時占大部 分，而在新生嬰兒之橫膈（neonate's diaphragm）只佔相當小的部分？,胸腹膜（pleuroperitoneal membrane）,橫中隔（septum transversum）,食道繫膜（mesoesophagus）,原始縱隔（primitive mediastinum）,,A,A,standard,,False,107100_1301.pdf,107100_MOD1301.pdf
MOEX-107100-1301-Q034,107,第二次,107100,1301,34,解剖學,胸腔,胸腔,下列何者是下呼吸道（lower respiratory tract）最常見的先天異常（the most common birth defect）？,喉閉鎖（laryngeal atresia）,氣管食道瘻管（tracheoesophageal fistula）,喉氣管食道裂（laryngotracheoesophageal cleft）,氣管狹窄（tracheal stenosis）,,B,B,standard,,False,107100_1301.pdf,107100_MOD1301.pdf
MOEX-107100-1301-Q035,107,第二次,107100,1301,35,胚胎及發育生物學,胚胎及發育生物學,,輸尿管（ureter）的胚胎起源為何？,後腎中胚層（metanephric mesoderm）,原腎（pronephros）,中腎（mesonephros）,後腎憩室（metanephric diverticulum）,,D,D,standard,,False,107100_1301.pdf,107100_MOD1301.pdf
MOEX-107100-1301-Q036,107,第二次,107100,1301,36,胚胎及發育生物學,胚胎及發育生物學,,腦部發育過程中，下列何者不是衍生自翼板（alar plate）？,橄欖核（olivary nucleus）,楔核（cuneate nucleus）,紅核（red nucleus）,下丘（inferior colliculus）,,C,C,standard,,False,107100_1301.pdf,107100_MOD1301.pdf
MOEX-107100-1301-Q037,107,第二次,107100,1301,37,生物化學,生物化學,,下列有關粒線體之敘述何者錯誤？,粒線體以分裂方式（division）增加數目,粒線體之基質（matrix）具有DNA與RNA,粒線體之基質顆粒（matrix granules）可儲存雙價離子,粒線體具單層膜,,D,D,standard,,False,107100_1301.pdf,107100_MOD1301.pdf
MOEX-107100-1301-Q038,107,第二次,107100,1301,38,組織學,組織學,,下列那些軟骨組織可進行附加性生長（appositional growth）？①透明軟骨（hyaline cartilage） ②彈性軟 骨（elastic cartilage） ③纖維軟骨（fibrocartilage）,①②,①③,②③,①②③,,A,A,standard,,False,107100_1301.pdf,107100_MOD1301.pdf
MOEX-107100-1301-Q039,107,第二次,107100,1301,39,組織學,組織學,,紅血球生成過程中，下列何者不再具有分裂能力？,正母紅血球（normoblasts）,前母紅血球（proerythroblasts）,嗜鹼性母紅血球（basophilic erythroblasts）,多染性母紅血球（polychromatophilic erythroblasts）,,A,A,standard,,False,107100_1301.pdf,107100_MOD1301.pdf
MOEX-107100-1301-Q040,107,第二次,107100,1301,40,解剖學,神經解剖,神經解剖,下列何者不含有腦脊髓液（cerebrospinal fluid）？,大池（cisterna magna）,硬腦膜下腔（subdural space）,蜘蛛腦膜下腔（subarachnoid space）,脊髓中央管（central canal of spinal cord）,,B,B,standard,,False,107100_1301.pdf,107100_MOD1301.pdf
MOEX-107100-1301-Q041,107,第二次,107100,1301,41,組織學,組織學,,動脈硬化斑塊（atheromatous plaques）常見特徵為：,內膜（tunica intima）有許多平滑肌細胞增生,中膜（tunica media）有許多彈性板（elastic lamellae）出現,外膜（tunica adventitia）顯著變厚,三層構造均有顯著的平滑肌細胞增生、脂質（lipid）堆積和膠原蛋白（collagen）大量合成,,A,A,standard,,False,107100_1301.pdf,107100_MOD1301.pdf
MOEX-107100-1301-Q042,107,第二次,107100,1301,42,組織學,組織學,,下列何者是膽囊所沒有的構造？,黏膜肌層（muscularis mucosa）,固有層（lamina propria）,外肌層（muscularis externa）,外膜（adventitia）,,A,A,standard,,False,107100_1301.pdf,107100_MOD1301.pdf
MOEX-107100-1301-Q043,107,第二次,107100,1301,43,解剖學,腹部,腹部,結腸（colon）不具備下列那一項特徵？,杯狀細胞（goblet cells）,單層柱狀上皮（simple columnar epithelium）,潘氏細胞（Paneth cells）,淋巴小結（lymphatic nodules）,,C,C,standard,,False,107100_1301.pdf,107100_MOD1301.pdf
MOEX-107100-1301-Q044,107,第二次,107100,1301,44,解剖學,神經解剖,神經解剖,鼻腔的嗅覺區（olfactory region）不具下列那一種細胞？,雙極神經元（bipolar neuron）,杯狀細胞（goblet cell）,基底細胞（basal cell）,支持細胞（sustentacular cell）,,B,B,standard,,False,107100_1301.pdf,107100_MOD1301.pdf
MOEX-107100-1301-Q045,107,第二次,107100,1301,45,組織學,組織學,,腦下垂體不具有下列何種組織構造？,閏管（intercalated duct）,竇狀微血管（sinusoidal capillaries）,嫌色細胞（chromophobes）,嗜色細胞（chromophils）,,A,A,standard,,False,107100_1301.pdf,107100_MOD1301.pdf
MOEX-107100-1301-Q046,107,第二次,107100,1301,46,胚胎及發育生物學,胚胎及發育生物學,,精子成型過程（spermiogenesis）是指下列何項？,由精母細胞（spermatogonia）轉換為初級精母細胞（primary spermatocytes）,精原細胞脫離塞托利氏細胞（Sertoli cell）,精子在副睪（epididymis）內轉換為具有受精能力之精子（spermatozoa）,由精細胞（spermatid）轉換為成熟之精子（spermatozoa）,,D,D,standard,,False,107100_1301.pdf,107100_MOD1301.pdf
MOEX-107100-1301-Q047,107,第二次,107100,1301,47,解剖學,腹部,神經解剖,有關人類的彩色視覺，下列何者是最恰當的敘述？,正常人類視網膜上的M型錐細胞（M cones）主要吸收紅光,人類視覺的三原色是指紅色、綠色與黃色,人類男性與女性色盲發生的比率為1：1,錐細胞（cone）辨別紅色與綠色的基因，同時位於X染色體上且位置相近,,D,D,standard,,False,107100_1301.pdf,107100_MOD1301.pdf
MOEX-107100-1301-Q048,107,第二次,107100,1301,48,解剖學,腹部,腹部,當光線進入視網膜時，最先經過下列何種細胞？,rod or cone cells,bipolar cells,ganglion cells,horizontal cells,,C,C,standard,,False,107100_1301.pdf,107100_MOD1301.pdf
MOEX-107100-1301-Q049,107,第二次,107100,1301,49,解剖學,腹部,腹部,在昏暗的環境下，視網膜桿狀細胞（rod cell）外部區段（outer segment）產生的鈉離子內流（influx）電流 主要是因為下列那一物質的作用？,cAMP,cGMP,傳導素（transducin）,all-trans retinal,,B,B,standard,,False,107100_1301.pdf,107100_MOD1301.pdf
MOEX-107100-1301-Q050,107,第二次,107100,1301,50,解剖學,神經解剖,神經解剖,當考生正專注於國家考試試題時，額葉測得的腦波最可能是下列何者？,alpha rhythm,beta rhythm,theta rhythm,delta rhythm,,B,B,standard,,False,107100_1301.pdf,107100_MOD1301.pdf
MOEX-107100-1301-Q051,107,第二次,107100,1301,51,解剖學,神經解剖,神經解剖,由右耳傳入中樞神經系統的auditory input，將傳至何處？,右側之postcentral gyrus,兩側之posterior temporal gyrus,兩側之superior temporal gyrus,右側之posterior temporal gyrus,,C,C,standard,,False,107100_1301.pdf,107100_MOD1301.pdf
MOEX-107100-1301-Q052,107,第二次,107100,1301,52,生理學,生理學,,瘦素（leptin）會抑制食慾，使得體重得以維持恆定，是因為其促進下列何種傳導物質，進而抑制進食中樞所 致？,α-melanocyte stimulating hormone（α-MSH）,neuropeptide Y（NPY）,orexin,agouti-related peptide（AgRP）,,A,A,standard,,False,107100_1301.pdf,107100_MOD1301.pdf
MOEX-107100-1301-Q053,107,第二次,107100,1301,53,醫學一其他科目,醫學一其他科目,,有關右眼之外側視野訊息之敘述，何者正確？,經由right optic nerve傳遞，在optic chiasm交叉，然後經由left optic tract傳至左側thalamus,經由right optic nerve傳遞，在optic chiasm不交叉，然後經由right optic tract傳至右側thalamus,經由right optic tract傳遞，在optic chiasm交叉，然後經由left optic radiation傳至左側thalamus,經由right optic tract傳遞，在optic chiasm不交叉，然後經由right optic radiation傳至右側thalamus,,A,A,standard,,False,107100_1301.pdf,107100_MOD1301.pdf
MOEX-107100-1301-Q054,107,第二次,107100,1301,54,組織學,組織學,,活化下列何種位於運動終板（motor end plate）上的受器，可啟動骨骼肌細胞的動作電位（action potential）？,nicotinic receptor,muscarinic receptor,dihydropyridine receptor,ryanodine receptor,,A,A,standard,,False,107100_1301.pdf,107100_MOD1301.pdf
MOEX-107100-1301-Q055,107,第二次,107100,1301,55,生理學,生理學,,在平滑肌收縮過程中，Ca2+與下列何者結合後才能促使cross-bridge cycling進行，並啟動收縮？,actin,myosin,troponin,calmodulin,,D,D,standard,,False,107100_1301.pdf,107100_MOD1301.pdf
MOEX-107100-1301-Q056,107,第二次,107100,1301,56,醫學一其他科目,醫學一其他科目,,下列何者可直接促進血塊形成（clot formation）？,thrombin使fibrinogen→fibrin,plasminogen→plasmin,tissue factor活化factor XII,Ca2+和factor IXa活化factor V,,A,A,standard,,False,107100_1301.pdf,107100_MOD1301.pdf
MOEX-107100-1301-Q057,107,第二次,107100,1301,57,解剖學,胸腔,胸腔,若血液黏滯係數（blood viscosity）增加時，最可能直接引起下列那一改變？,周邊總阻力（total peripheral resistance）增加,小動脈（arterioles）半徑增加,平均動脈壓（mean arterial pressure）下降,心搏量（stroke volume）增加,,A,A,standard,,False,107100_1301.pdf,107100_MOD1301.pdf
MOEX-107100-1301-Q058,107,第二次,107100,1301,58,組織學,組織學,,下列何者最有可能引起血壓下降？,活化小動脈血管平滑肌β 腎上腺素型受器（β adrenergic receptors） 1 1,開啟小動脈血管平滑肌細胞上鈣離子通道（calcium channel）,增加小動脈一氧化氮（NO）的量,活化血管張力素轉換酶（angiotensin-converting enzyme）,,C,C,standard,,False,107100_1301.pdf,107100_MOD1301.pdf
MOEX-107100-1301-Q059,107,第二次,107100,1301,59,組織學,組織學,,下列何者降低時，可增加淋巴的流速？,微血管靜水壓（hydrostatic pressure）,微血管通透性（permeability）,血漿膠體滲透壓（colloid osmotic pressure）,組織間液膠體滲透壓（colloid osmotic pressure）,,C,C,standard,,False,107100_1301.pdf,107100_MOD1301.pdf
MOEX-107100-1301-Q060,107,第二次,107100,1301,60,解剖學,胸腔,胸腔,下列有關肺部發生纖維化（fibrosis）後肺功能變化之敘述，何者錯誤？,肺活量（vital capacity）減少,功能性肺餘容量（functional residual capacity）增加,運動時，常呈現淺快呼吸型態（rapid shallow breathing）,第一秒用力呼氣容積（FEV ）通常會減少 1,,B,B,standard,,False,107100_1301.pdf,107100_MOD1301.pdf
MOEX-107100-1301-Q061,107,第二次,107100,1301,61,解剖學,胸腔,胸腔,下列有關肺氣腫（emphysema）之敘述，何者錯誤？,彈性回縮力（elastic recoil）增加,肺順應性（lung compliance）增加,功能性肺餘容量（functional residual capacity）增加,用力呼氣時，呼氣氣流速度（expiratory flow rate）降低,,A,A,standard,,False,107100_1301.pdf,107100_MOD1301.pdf
MOEX-107100-1301-Q062,107,第二次,107100,1301,62,組織學,組織學,,下列何種過程最需要肺臟的參與？,釋出血清素（serotonin）進入血液中,活化舒緩激肽（bradykinin）,將血纖維蛋白原（fibrinogen）轉變為血纖維蛋白（fibrin）,將血管收縮素I（angiotension I）轉變為血管收縮素II（angiotension II）,,D,D,standard,,False,107100_1301.pdf,107100_MOD1301.pdf
MOEX-107100-1301-Q063,107,第二次,107100,1301,63,解剖學,神經解剖,神經解剖,下列何者不屬於消化道的內在神經系統（intrinsic nervous system）？,interstitial cell of Cajal（ICC）,myenteric plexus,nodose ganglion,submucosal plexus,,C,C,standard,,False,107100_1301.pdf,107100_MOD1301.pdf
MOEX-107100-1301-Q064,107,第二次,107100,1301,64,解剖學,腹部,腹部,下列那種膽汁成分之相對比例，最易導致膽結石的產生？,膽鹽30%、卵磷脂60%、膽固醇10%,膽鹽40%、卵磷脂55%、膽固醇5%,膽鹽80%、卵磷脂10%、膽固醇10%,膽鹽60%、卵磷脂25%、膽固醇15%,,ALL,ALL,all_credit,第64題一律給分,False,107100_1301.pdf,107100_MOD1301.pdf
MOEX-107100-1301-Q065,107,第二次,107100,1301,65,生理學,生理學,,某病患主訴最近常覺得口渴，身體檢查時發現其呼吸有acetone的果香味、空腹血糖值高達380 mg/dL。相對 於正常人，該病患尿液不會有下列何者變化？,尿液的pH值較正常人低,尿液之NH +排出量較正常人多 4,24小時之尿液排出量較正常人多,尿液之HCO - 排出量較正常人多 3,,D,D,standard,,False,107100_1301.pdf,107100_MOD1301.pdf
MOEX-107100-1301-Q066,107,第二次,107100,1301,66,組織學,組織學,,關於近端腎小管的鈉離子再吸收的敘述，下列何者錯誤？,在頂膜（apical membrane）鈉離子會與葡萄糖、磷離子等被協同轉運（cotransporter）吸收,基底外側膜（basolateral membrane）會利用鈉－鉀－氯協同轉運蛋白（Na-K-2Cl cotransporter）運送至 組織間液,經由被動轉運（passive transport），一小部分的鈉離子會經由細胞間緊密連接（tight junction）重新回到 腎小管腔內,過濾到腎小管的鈉離子約有60%會在近端腎小管被再吸收回體循環,,B,B,standard,,False,107100_1301.pdf,107100_MOD1301.pdf
MOEX-107100-1301-Q067,107,第二次,107100,1301,67,生理學,生理學,,下列何者是用來判斷病人是否罹患甲狀腺功能低下（hypothyroidism）的最佳指標？,血漿中甲狀腺素結合球蛋白（thyroxine-binding globulin）濃度降低,血漿中甲狀腺素總量（total plasma T ，T ，RT ）降低 4 3 3,血漿中游離態甲狀腺素濃度降低,血漿中甲狀腺刺激素（thyroid stimulating hormone）濃度降低,,C,C,standard,,False,107100_1301.pdf,107100_MOD1301.pdf
MOEX-107100-1301-Q068,107,第二次,107100,1301,68,醫學一其他科目,醫學一其他科目,,酮酸中毒患者體內酮體（ketone body）是由下列那些物質構成？①乙醯乙酸（acetoacetate） ②β-羥丁酸 （β-hydroxybutyrate） ③丙酮（acetone） ④α-酮戊二酸（α-ketoglutarate）,①②③④,僅①②④,僅①②③,僅③④,,C,C,standard,,False,107100_1301.pdf,107100_MOD1301.pdf
MOEX-107100-1301-Q069,107,第二次,107100,1301,69,醫學一其他科目,醫學一其他科目,,人體內，vitamin D 轉為25-hydroxycholecalciferol主要是在下列何種器官中進行？ 3,skin,kidney,liver,parathyroid gland,,C,C,standard,,False,107100_1301.pdf,107100_MOD1301.pdf
MOEX-107100-1301-Q070,107,第二次,107100,1301,70,生理學,生理學,,"下列關於促腎上腺皮質激素（adrenocorticotropic hormone, ACTH）和腎上腺皮質醇（cortisol）的分泌特性 之敘述，何者錯誤？",兩者分泌均會隨晝夜生物時鐘（circadian rhythm）而改變,每日皮質醇產生量最多的時間主要是在入夜睡眠時間,調控促腎上腺皮質激素分泌晝夜變化主要部位在下視丘的suprachiasmatic nuclei,皮質醇的分泌主要受到促腎上腺皮質激素的分泌變化所調控,,B,B,standard,,False,107100_1301.pdf,107100_MOD1301.pdf
MOEX-107100-1301-Q071,107,第二次,107100,1301,71,組織學,組織學,,一位35歲女性主訴畏寒、水腫、無月經且時有乳汁分泌。血液分析發現甲狀腺激素數值過低，則此病患之無 月經及泌乳現象最可能由於下列何種激素之影響？,下視丘所分泌之多巴胺（dopamine）刺激腦下垂體分泌泌乳素（prolactin）,下視丘所分泌之性釋素（GnRH）刺激腦下垂體分泌促黃體素（LH）,下視丘所分泌之甲釋素（TRH）刺激腦下垂體分泌泌乳素（prolactin）,下視丘所分泌之多巴胺（dopamine）刺激腦下垂體分泌促黃體素（LH）,,C,C,standard,,False,107100_1301.pdf,107100_MOD1301.pdf
MOEX-107100-1301-Q072,107,第二次,107100,1301,72,生理學,生理學,,雌激素（estrogen）分泌量在月經週期（menstrual cycle）中何時最高？其主要作用為何？,濾泡期（follicular phase）；促進濾泡生長,排卵（ovulation）前約24小時；促進黃體刺激素潮放（LH surge）,黃體期（luteal phase）；促進子宮內膜增厚,經期（menstruation）；促進子宮內膜崩潰,,B,B,standard,,False,107100_1301.pdf,107100_MOD1301.pdf
MOEX-107100-1301-Q073,107,第二次,107100,1301,73,生理學,生理學,,濾泡促素（FSH）主要是由睪丸塞托萊氏細胞（Sertoli cells）所分泌的何種激素調控？,抑制素（inhibin）,雌激素（estrogen）,睪固酮（testosterone）,助孕酮（progesterone）,,A|B,A|B,multiple_answers,第 73題答A、B給分,False,107100_1301.pdf,107100_MOD1301.pdf
MOEX-107100-1301-Q074,107,第二次,107100,1301,74,組織學,組織學,,下列何種蛋白質結構的變異，是導致成骨不全症（osteogenesis imperfecta）的原因？,纖黏蛋白（fibronectin）,骨橋蛋白（osteopontin）,角質蛋白（keratin）,膠原蛋白（collagen）,,D,D,standard,,False,107100_1301.pdf,107100_MOD1301.pdf
MOEX-107100-1301-Q075,107,第二次,107100,1301,75,生物化學,生物化學,,在某些蛋白質中含有-Ser-Gly-Pro-Gly-的胺基酸序列，最有可能形成下列何種蛋白質的二級結構？,β-turn,α-helix,β-sheet,zinc finger,,A,A,standard,,False,107100_1301.pdf,107100_MOD1301.pdf
MOEX-107100-1301-Q076,107,第二次,107100,1301,76,生物化學,生物化學,,下列那個實驗技術可用於評估蛋白質的分子量？,十二烷基硫酸鈉聚丙烯醯胺凝膠電泳（SDS polyacrylamide gel electrophoresis）,等電聚焦分離凝膠電泳（isoelectric focusing gel electrophoresis）,離子交換樹脂管柱層析法（ion-exchange chromatography）,紫外-可見光分光度法（ultraviolet-visible spectroscopy）,,A,A,standard,,False,107100_1301.pdf,107100_MOD1301.pdf
MOEX-107100-1301-Q077,107,第二次,107100,1301,77,醫學一其他科目,醫學一其他科目,,乙醯輔酶A（acetyl coenzyme A）分子中，乙醯基與coenzyme A之鍵結為：,amide,Schiff 's base,acid anhydride,thioester,,D,D,standard,,False,107100_1301.pdf,107100_MOD1301.pdf
MOEX-107100-1301-Q078,107,第二次,107100,1301,78,解剖學,腹部,腹部,生雞蛋的蛋白中之avidin會影響人類腸道對下列何種維生素的吸收？,folate,biotin,cobalamin,pyridoxine,,B,B,standard,,False,107100_1301.pdf,107100_MOD1301.pdf
MOEX-107100-1301-Q079,107,第二次,107100,1301,79,生物化學,生物化學,,DNA的序列中，下列何者較易被甲基化？,TATA box,CpG site,CAAT box,Telomere,,B,B,standard,,False,107100_1301.pdf,107100_MOD1301.pdf
MOEX-107100-1301-Q080,107,第二次,107100,1301,80,生物化學,生物化學,,下列何者是B-型 DNA雙螺旋的最適詮釋？,右旋；每一鹼基對之間的間距為3.6 Å,右旋；每一鹼基對之間的間距為3.4 Å,左旋；每一鹼基對之間的間距為3.4 Å,左旋；每一鹼基對之間的間距為3.6 Å,,B,B,standard,,False,107100_1301.pdf,107100_MOD1301.pdf
MOEX-107100-1301-Q081,107,第二次,107100,1301,81,生物化學,生物化學,,下列何種酵素不直接參與大腸桿菌的methyl-directed mismatch repair？,DNA glycosylase,DNA helicaseⅡ,DNA ligase,DNA polymeraseⅢ,,A,A,standard,,False,107100_1301.pdf,107100_MOD1301.pdf
MOEX-107100-1301-Q082,107,第二次,107100,1301,82,微生物免疫寄生蟲公衛,微生物免疫寄生蟲公衛,,大腸桿菌（E. coli）在DNA複製過程中，延遲股（lagging strand）之合成，下列敘述何者正確？,主要是由DNA聚合酶Ⅰ型負責催化反應,是一種持續性的合成反應,由 3'端向5' 端的方向進行合成反應,需先合成岡崎片段（Okazaki fragment）,,D,D,standard,,False,107100_1301.pdf,107100_MOD1301.pdf
MOEX-107100-1301-Q083,107,第二次,107100,1301,83,生物化學,生物化學,,在第一型內含子（group I intron）剪接（splicing）的過程中，需要下列何者協助？,鳥嘌呤核苷（guanine nucleoside）或鳥嘌呤核苷酸（guanine nucleotide）,接合酶（ligase）,小核RNAs（small nuclear RNAs）和接合酶（ligase）,ATP、NAD+和小核RNAs（small nuclear RNAs）,,A,A,standard,,False,107100_1301.pdf,107100_MOD1301.pdf
MOEX-107100-1301-Q084,107,第二次,107100,1301,84,組織學,組織學,,在網狀紅血球（reticulocytes）缺乏鐵時會抑制血紅素（hemoglobin）之合成，其作用機轉主要是：,對cAMP responsive element binding protein（CREBP）進行磷酸化,對steroid responsive element binding protein（SREBP）進行磷酸化,對真核起始因子2（eIF2）進行磷酸化,對真核起始因子4E（eIF4E）進行磷酸化,,C,C,standard,,False,107100_1301.pdf,107100_MOD1301.pdf
MOEX-107100-1301-Q085,107,第二次,107100,1301,85,生物化學,生物化學,,假設由900核苷酸配對（base pairs）所組成的DNA片段，不含非轉譯部分（untranslated region）。其相對 應的mRNA所轉譯產生的多胜肽（polypeptide）之分子量約為多少？,900,"5,000","30,000","100,000",,C,C,standard,,False,107100_1301.pdf,107100_MOD1301.pdf
MOEX-107100-1301-Q086,107,第二次,107100,1301,86,生物化學,生物化學,,關於真核生物基因表現的敘述，下列何者錯誤？,mRNA的表現主要是由RNA polymerase II負責,mRNA的3'端會進行磷酸化（phosphorylation）以穩定其結構,DNA上之CpG island的甲基化可造成基因無法表現,histones上的乙醯化程度可影響基因的表現,,B,B,standard,,False,107100_1301.pdf,107100_MOD1301.pdf
MOEX-107100-1301-Q087,107,第二次,107100,1301,87,生物化學,生物化學,,將一莫耳（mole）葡萄糖經由糖解作用（glycolysis）產生兩莫耳丙酮酸（pyruvate）的過程中，淨需要：,四莫耳ATP,一莫耳NAD+,一莫耳磷酸根（inorganic phosphate）,兩莫耳ADP,,D,D,standard,,False,107100_1301.pdf,107100_MOD1301.pdf
MOEX-107100-1301-Q088,107,第二次,107100,1301,88,生物化學,生物化學,,下列醣類分子均為葡萄糖聚合物，何者具有（β1→4）glycosidic bond？,amylose,glycogen,cellulose,dextran,,C,C,standard,,False,107100_1301.pdf,107100_MOD1301.pdf
MOEX-107100-1301-Q089,107,第二次,107100,1301,89,生物化學,生物化學,,遇緊急狀況時，腎上腺素（epinephrine）分泌增加，調控肝臟及骨骼肌的醣類代謝以提升血糖及骨骼肌運 動，下列相關敘述何者錯誤？,增加骨骼肌的肝醣分解（glycogenolysis）,增加骨骼肌的糖解作用（glycolysis）,增加肝臟的糖解作用（glycolysis）,增加肝臟的糖質新生作用（gluconeogenesis）,,C,C,standard,,False,107100_1301.pdf,107100_MOD1301.pdf
MOEX-107100-1301-Q090,107,第二次,107100,1301,90,生理學,生理學,,嵌入型的膜蛋白（integral membrane protein）能夠被下列何種溶液萃取出來？,鹼性或酸性的緩衝溶液,能移除陽離子的螯合劑（chelating agent）溶液,含介面活性劑（surfactant）的溶液,高濃度的鹽溶液,,C,C,standard,,False,107100_1301.pdf,107100_MOD1301.pdf
MOEX-107100-1301-Q091,107,第二次,107100,1301,91,組織學,組織學,,關於通過細胞膜的促進性擴散作用（facilitated diffusion），下列敘述何者正確？,經由專一性膜蛋白質的作用，降低溶質通過細胞膜的活化能,經由專一性膜蛋白質的作用，增加擴散性溶質之穿膜濃度梯度的大小,被運載溶質的極性會影響脂雙層之特性,細胞利用此機轉運輸氧氣、氮氣或甲烷等氣體通過細胞膜,,A,A,standard,,False,107100_1301.pdf,107100_MOD1301.pdf
MOEX-107100-1301-Q092,107,第二次,107100,1301,92,組織學,組織學,,下列何者不是血小板活化因子（platelet activating factor）的特性？,它是一種醚甘油磷酯（ether glycerophospholipid）,其結構含有一個烷基（alkyl group）以醚鏈（ether linkage）鍵結在甘油的C1位置,其結構含有一個醋酸鹽基（acetate group）以酯鏈（ester linkage）鍵結在甘油的C2位置,它比縮醛磷脂（plasmalogen）更不易溶於水,,D,D,standard,,False,107100_1301.pdf,107100_MOD1301.pdf
MOEX-107100-1301-Q093,107,第二次,107100,1301,93,組織學,組織學,,在哺乳類細胞中，N5-甲基四氫葉酸（N5-methyl tetrahydrofolate；N5-methyl H folate）直接參與下列那一 4 種胺基酸的生合成？,isoleucine,leucine,lysine,methionine,,D,D,standard,,False,107100_1301.pdf,107100_MOD1301.pdf
MOEX-107100-1301-Q094,107,第二次,107100,1301,94,生物化學,生物化學,,下列那一組胺基酸直接參與肌酸（creatine）的生合成？,"tyrosine, glycine, glutamine","glutamate, cysteine, glycine","glycine, arginine, methionine","aspartate, glycine, cysteine",,C,C,standard,,False,107100_1301.pdf,107100_MOD1301.pdf
MOEX-107100-1301-Q095,107,第二次,107100,1301,95,組織學,組織學,,在粒線體中，NADH經由電子傳遞鏈（electron transport chain）進行氧化時，氫離子（H+）如何移轉？,由粒線體內外膜間的間隙運送至細胞質,由細胞質運送至粒線體內外膜間的間隙,由粒線體內外膜間的間隙運送至粒線體基質（matrix）,由粒線體基質（matrix）運送至粒線體內外膜間的間隙,,D,D,standard,,False,107100_1301.pdf,107100_MOD1301.pdf
MOEX-107100-1301-Q096,107,第二次,107100,1301,96,醫學一其他科目,醫學一其他科目,,在電子傳遞鏈中，下列何種物質會將其所攜帶的電子直接傳遞給氧分子（O ）？ 2,NADH,FADH 2,Coenzyme Q,Cytochrome C,,ALL,ALL,all_credit,第96題一律給分,False,107100_1301.pdf,107100_MOD1301.pdf
MOEX-107100-1301-Q097,107,第二次,107100,1301,97,生理學,生理學,,下列關於受體酵素（receptor enzyme）的敘述何者正確？,通常不是膜蛋白質,對細胞質內的受質（substrate）具有酵素活性,對細胞外的配體（ligand）具有酵素活性,在細胞外具有受質（substrate）結合位,,B,B,standard,,False,107100_1301.pdf,107100_MOD1301.pdf
MOEX-107100-1301-Q098,107,第二次,107100,1301,98,生理學,生理學,,關於介白素（interleukins）之訊息傳遞何者正確？,其受體主要是絲胺酸激酶型受器（receptor serine kinase）,活化轉錄因子STATs（signal transducers and activators of transcription）,主要是活化cAMP,主要由G protein參與反應,,B,B,standard,,False,107100_1301.pdf,107100_MOD1301.pdf
MOEX-107100-1301-Q099,107,第二次,107100,1301,99,生物化學,生物化學,,糖皮質激素（glucocorticoids）主要是以下列何種方式進入細胞，調節基因轉錄作用？,與細胞膜上之受體結合再進入細胞，直接結合在DNA序列上,與細胞膜上之受體結合後，經由訊息傳遞路徑,直接通過細胞膜，進入細胞後直接結合在DNA序列上,直接通過細胞膜，進入細胞後和受體結合，再結合在DNA序列上,,D,D,standard,,False,107100_1301.pdf,107100_MOD1301.pdf
MOEX-107100-1301-Q100,107,第二次,107100,1301,100,生物化學,生物化學,,與利用質體（plasmid）作為選殖基因載體相比，下列何者是利用yeast artificial chromosome（YAC）作為 載體的優點？,在宿主細胞中，重組DNA分子放大效果最佳,送入任何宿主細胞之效率佳,使基因在宿主細胞中蛋白質合成效率更好,有選殖更大DNA片段之功能,,D,D,standard,,False,107100_1301.pdf,107100_MOD1301.pdf
MOEX-108030-1301-Q001,108,第一次,108030,1301,1,解剖學,神經解剖,神經解剖,有關⼩腦的敘述，下列何者錯誤？,背側脊髓⼩腦徑（dorsal spinocerebellar tract）主要由nucleus thoracicus（⼜稱 Clarke's column或 nucleus dorsalis）發出,背側脊髓⼩腦徑（dorsal spinocerebellar tract）左右交叉後由下⼩腦腳（inferior cerebellar peduncle）進 入⼩腦,上⼩腦腳（superior cerebellar peduncle）含有進、出⼩腦的神經纖維,中⼩腦腳（middle cerebellar peduncle）含橋腦核（pontine nucleus）發出之神經纖維,,B,B,standard,,False,108030_1301.pdf,108030_MOD1301.pdf
MOEX-108030-1301-Q002,108,第一次,108030,1301,2,解剖學,頭頸部,頭頸部,甲狀腺切除⼿術不慎傷及喉外神經（external laryngeal nerve），下列何肌的功能最可能受損？,環狀甲骨肌（cricothyroid muscle）,甲狀杓骨肌（thyroarytenoid muscle）,後環杓肌（posterior cricoarytenoid muscle）,外側環杓肌（lateral cricoarytenoid muscle）,,A,A,standard,,False,108030_1301.pdf,108030_MOD1301.pdf
MOEX-108030-1301-Q003,108,第一次,108030,1301,3,解剖學,頭頸部,頭頸部,下列何者的分泌物最不可能流經過半⽉裂孔（hiatus semilunaris）？,額竇（frontal sinus）,前篩竇（anterior ethmoidal sinus）,上頜竇（maxillary sinus）,蝶竇（sphenoid sinus）,,D,D,standard,,False,108030_1301.pdf,108030_MOD1301.pdf
MOEX-108030-1301-Q004,108,第一次,108030,1301,4,解剖學,神經解剖,神經解剖,兩眼同時看向正上⽅，為何種神經之作⽤？,眼神經（ophthalmic nerve）,滑⾞神經（trochlear nerve）,動眼神經（oculomotor nerve）,外展神經（abducent nerve）,,C,C,standard,,False,108030_1301.pdf,108030_MOD1301.pdf
MOEX-108030-1301-Q005,108,第一次,108030,1301,5,解剖學,胸腔,胸腔,胸骨柄正中間處的穿刺傷，最可能傷及下列何者？,主動脈⼸（aortic arch）,左⼼室（left ventricle）,肺動脈幹（pulmonary trunk）,上腔靜脈（superior vena cava）,,A,A,standard,,False,108030_1301.pdf,108030_MOD1301.pdf
MOEX-108030-1301-Q006,108,第一次,108030,1301,6,解剖學,腹部,胸腔,下列何者是臍靜脈（umbilical vein）的殘跡？,肝鐮韌帶（falciform ligament）,肝圓韌帶（ligamentum teres）,冠狀韌帶（coronary ligament）,正中臍韌帶（median umbilical ligament）,,B,B,standard,,False,108030_1301.pdf,108030_MOD1301.pdf
MOEX-108030-1301-Q007,108,第一次,108030,1301,7,解剖學,胸腔,胸腔,下列何者穿過橫膈中央腱（central tendon of diaphragm）？,主動脈,下腔靜脈,食道,肝⾨靜脈,,B,B,standard,,False,108030_1301.pdf,108030_MOD1301.pdf
MOEX-108030-1301-Q008,108,第一次,108030,1301,8,解剖學,骨盆與會陰,骨盆與會陰,陰部神經（pudendal nerve）位於坐骨肛⾨窩（ischioanal fossa）的何處？,內側壁,外側壁,上側壁,後側壁,,B,B,standard,,False,108030_1301.pdf,108030_MOD1301.pdf
MOEX-108030-1301-Q009,108,第一次,108030,1301,9,解剖學,下肢,下肢,下列何者⾛在下肢的內側？,⼤隱靜脈（great saphenous vein）,⼩隱靜脈（small saphenous vein）,膕靜脈（popliteal vein）,股靜脈（femoral vein）,,A,A,standard,,False,108030_1301.pdf,108030_MOD1301.pdf
MOEX-108030-1301-Q010,108,第一次,108030,1301,10,解剖學,上肢,上肢,肱骨外科頸（surgical neck of humerus）骨折，最可能傷及那⼀條神經？,肌⽪神經（musculocutaneous nerve）,正中神經（median nerve）,尺神經（ulnar nerve）,腋神經（axillary nerve）,,D,D,standard,,False,108030_1301.pdf,108030_MOD1301.pdf
MOEX-108030-1301-Q011,108,第一次,108030,1301,11,解剖學,下肢,下肢,腳踝內側割裂，傷及繞過內踝的跗骨隧道（tarsal tunnel）內的所有肌腱，下列腳趾的何種動作最可能受影 響？,屈曲（flexion）,伸直（extension）,內收（adduction）,外展（abduction）,,A,A,standard,,False,108030_1301.pdf,108030_MOD1301.pdf
MOEX-108030-1301-Q012,108,第一次,108030,1301,12,解剖學,神經解剖,神經解剖,下列何者之功能與邊緣系統（limbic system）最不相關？,齒狀迴（dentate gyrus）,穹束（fornix）,乳頭體（mamillary body）,杏仁核（amygdala）,,D,D,standard,,False,108030_1301.pdf,108030_MOD1301.pdf
MOEX-108030-1301-Q013,108,第一次,108030,1301,13,解剖學,神經解剖,神經解剖,關於視覺⽪質（visual cortex）的敘述，下列何者錯誤？,視覺聯合⽪質（visual association cortex）位於額葉（frontal lobe）,初級視覺⽪質（primary visual cortex）位於枕葉（occipital lobe）,視覺聯合⽪質（visual association cortex）可參與顏⾊判定與辨別,初級視覺⽪質（primary visual cortex）接受外側膝狀體（lateral geniculate body）傳入之訊息,,A,A,standard,,False,108030_1301.pdf,108030_MOD1301.pdf
MOEX-108030-1301-Q014,108,第一次,108030,1301,14,解剖學,神經解剖,神經解剖,正常⼈⼀側眼睛受到強光照射，雙眼瞳孔收縮，有關此反應之敘述，下列何者錯誤？,此為瞳孔光反射（pupillary light reflex）,頂蓋前區（pretectal area）參與其機轉,後聯合（posterior commissure）參與其機轉,三叉神經（trigeminal nerve）之眼神經（ophthalmic nerve）參與其機轉,,D,D,standard,,False,108030_1301.pdf,108030_MOD1301.pdf
MOEX-108030-1301-Q015,108,第一次,108030,1301,15,解剖學,神經解剖,神經解剖,關於前庭神經核（vestibular nuclei）的敘述，下列何者錯誤？,可發出前庭脊髓徑（vestibulospinal tract）,部分神經纖維併入內側縱束（medial longitudinal fasciculus）,主要與⼩腦齒狀核（dentate nucleus）相連繫,可參與前庭眼球反射（vestibulo-ocular reflex）,,C,C,standard,,False,108030_1301.pdf,108030_MOD1301.pdf
MOEX-108030-1301-Q016,108,第一次,108030,1301,16,組織學,組織學,,海⾺（hippocampus）最主要之傳入纖維（afferent fiber）來⾃何處？,內⿐⽪質（entorhinal cortex）,扣帶迴（cingulate gyrus）,杏仁核（amygdala）,韁核（habenular nucleus）,,A,A,standard,,False,108030_1301.pdf,108030_MOD1301.pdf
MOEX-108030-1301-Q017,108,第一次,108030,1301,17,解剖學,頭頸部,頭頸部,刺激淚腺（lacrimal gland）分泌的副交感節後神經纖維（parasympathetic postganglionic fibers）源⾃於下 列何者？,睫狀神經節（ciliary ganglion）,膝神經節（geniculate ganglion）,翼腭神經節（pterygopalatine ganglion）,⽿神經節（otic ganglion）,,C,C,standard,,False,108030_1301.pdf,108030_MOD1301.pdf
MOEX-108030-1301-Q018,108,第一次,108030,1301,18,解剖學,頭頸部,頭頸部,下列那⼀頸部筋膜（fascia）位於舌骨下肌（infrahyoid muscles）後⾯，並覆蓋在甲狀腺（thyroid gland） 表⾯？,包圍層（investing layer）,頸動脈鞘（carotid sheath）,氣管前層（pretracheal layer）,椎前層（prevertebral layer）,,C,C,standard,,False,108030_1301.pdf,108030_MOD1301.pdf
MOEX-108030-1301-Q019,108,第一次,108030,1301,19,解剖學,頭頸部,神經解剖,下列何者⽀配前、中顱窩（anterior and middle cranial fossae）的硬腦膜（dura mater）及⼩腦天幕 （tentorium cerebelli）？,舌咽神經（glossopharyngeal nerve）,三叉神經（trigeminal nerve）,迷⾛神經（vagus nerve）,舌下神經（hypoglossal nerve）,,B,B,standard,,False,108030_1301.pdf,108030_MOD1301.pdf
MOEX-108030-1301-Q020,108,第一次,108030,1301,20,胚胎及發育生物學,胚胎及發育生物學,,在胎兒時期，卵圓孔（oval foramen）可溝通下列何者？,主動脈與肺動脈,右⼼房與右⼼室,右⼼房與左⼼房,右⼼室與左⼼室,,C,C,standard,,False,108030_1301.pdf,108030_MOD1301.pdf
MOEX-108030-1301-Q021,108,第一次,108030,1301,21,解剖學,胸腔,胸腔,下肺葉病灶刺激貼著縱隔及橫膈中央的壁層胸膜⽽引起頸部疼痛，最有可能是下列那⼀條神經所引發之痛？,肋間神經,迷⾛神經,膈神經,交感神經幹,,C,C,standard,,False,108030_1301.pdf,108030_MOD1301.pdf
MOEX-108030-1301-Q022,108,第一次,108030,1301,22,解剖學,胸腔,胸腔,下列何者不負責乳腺之⾎液供應？,肋間動脈（intercostal artery）,內胸動脈（internal thoracic artery）,外胸動脈（lateral thoracic artery）,肋下動脈（subcostal artery）,,D,D,standard,,False,108030_1301.pdf,108030_MOD1301.pdf
MOEX-108030-1301-Q023,108,第一次,108030,1301,23,解剖學,胸腔,胸腔,施⾏⼼包膜穿刺術（pericardiocentesis）時，由那⼀個位置下針，可減低刺破肋膜腔（pleural cavity）之機 會？,胸骨右側第六肋間,胸骨左側第三肋間,胸骨劍突（sternal xiphoid process）與左肋下緣交點,胸骨右側第四肋間,,C,C,standard,,False,108030_1301.pdf,108030_MOD1301.pdf
MOEX-108030-1301-Q024,108,第一次,108030,1301,24,解剖學,上肢,上肢,正常年輕男性直立姿勢時，⼼尖（apex）之體表投影位置，最有可能在：,第四肋間鎖骨中線外側,左側乳頭處,第六肋間前腋線外側,第五肋間鎖骨中線內側,,D,D,standard,,False,108030_1301.pdf,108030_MOD1301.pdf
MOEX-108030-1301-Q025,108,第一次,108030,1301,25,解剖學,腹部,腹部,上腸繫膜淋巴結（superior mesenteric lymph nodes），最不可能引流來⾃下列何處的淋巴？,胰脾淋巴結（pancreaticosplenic lymph node）,腸繫膜淋巴結（mesenteric lymph node）,中結腸腸淋巴結（middle colic lymph node）,腸管旁淋巴結（juxta-intestinal lymph node）,,A,A,standard,,False,108030_1301.pdf,108030_MOD1301.pdf
MOEX-108030-1301-Q026,108,第一次,108030,1301,26,解剖學,下肢,下肢,下列何者不受腰神經叢（lumbar plexus）受損影響？,腹橫肌（transversus abdominis muscle）,提睪肌（cremaster muscle）,⾁膜肌（dartos muscle）,閉孔外肌（obturator externus）,,C,C,standard,,False,108030_1301.pdf,108030_MOD1301.pdf
MOEX-108030-1301-Q027,108,第一次,108030,1301,27,解剖學,骨盆與會陰,骨盆與會陰,下列何者不連接於⼦宮體的兩側？,卵巢韌帶（ovary ligament）,⼦宮圓韌帶（round ligament of the uterus）,闊韌帶（broad ligament）,主韌帶（cardinal ligamnet）,,D,D,standard,,False,108030_1301.pdf,108030_MOD1301.pdf
MOEX-108030-1301-Q028,108,第一次,108030,1301,28,解剖學,骨盆與會陰,骨盆與會陰,下列何者不是陰部神經（pudendal nerve）的分⽀？,陰莖背神經（dorsal nerve of penis）,下直腸神經（inferior rectal nerve）,前陰囊神經（anterior scrotal nerve）,後陰囊神經（posterior scrotal nerve）,,C,C,standard,,False,108030_1301.pdf,108030_MOD1301.pdf
MOEX-108030-1301-Q029,108,第一次,108030,1301,29,解剖學,下肢,下肢,下肢的內側迴旋股動脈（medial circumflex femoral artery）與外側迴旋股動脈（lateral circumflex femoral artery）是下列何者的直接分⽀？,股動脈（femoral artery）,深股動脈（deep femoral artery）,前者是股動脈（femoral artery），後者是深股動脈（deep femoral artery),前者是深股動脈（deep femoral artery），後者是股動脈（femoral artery）,,B,B,standard,,False,108030_1301.pdf,108030_MOD1301.pdf
MOEX-108030-1301-Q030,108,第一次,108030,1301,30,解剖學,上肢,上肢,肩胛上切迹（suprascapular notch）處的肩胛上神經（suprascapular nerve)受傷時，那兩塊肌⾁會直接受到 影響？,棘下肌（infraspinatus）與⼩圓肌（teres minor）,三⾓肌（deltoid muscle）與⼩圓肌（teres minor）,棘上肌（supraspinatus）與棘下肌（infraspinatus）,棘上肌（supraspinatus）與肩胛下肌（subscapularis）,,C,C,standard,,False,108030_1301.pdf,108030_MOD1301.pdf
MOEX-108030-1301-Q031,108,第一次,108030,1301,31,解剖學,神經解剖,神經解剖,下列何者是單⼀並沒有成對的構造？,脊髓前動脈（anterior spinal artery）與⼤腦前交通動脈（anterior communicating artery）,脊髓後動脈（posterior spinal artery）與⼤腦後交通動脈（posterior communicating artery）,脊髓前動脈（anterior spinal artery）與⼤腦後交通動脈（posterior communicating artery）,脊髓後動脈（posterior spinal artery）與⼤腦前交通動脈（anterior communicating artery）,,A,A,standard,,False,108030_1301.pdf,108030_MOD1301.pdf
MOEX-108030-1301-Q032,108,第一次,108030,1301,32,胚胎及發育生物學,胚胎及發育生物學,,下列何者會製造⼈類絨⽑膜促性腺激素（human chorionic gonadotrophin）？,腦下腺（pituitary gland）前葉,融合滋養層（syncytiotrophoblast）,黃體（corpus luteum）,蛻膜（decidua）,,B,B,standard,,False,108030_1301.pdf,108030_MOD1301.pdf
MOEX-108030-1301-Q033,108,第一次,108030,1301,33,胚胎及發育生物學,胚胎及發育生物學,,胚胎發育第四週時，橫中隔（septum transversum）的位置是相對於下列何種體節（somite）之⾼度？,枕節,頸節,胸節,腰節,,B,B,standard,,False,108030_1301.pdf,108030_MOD1301.pdf
MOEX-108030-1301-Q034,108,第一次,108030,1301,34,胚胎及發育生物學,胚胎及發育生物學,,下列有關膀胱（urinary bladder）的敘述，何者錯誤？,內襯上⽪的胚胎起源是內胚層（endoderm）,膀胱三⾓（trigone）起源於後腎管（metanephric duct）,六歲時進入⼤骨盆（greater pelvis）,在胚胎時期與尿囊（allantois）相連,,B,B,standard,,False,108030_1301.pdf,108030_MOD1301.pdf
MOEX-108030-1301-Q035,108,第一次,108030,1301,35,胚胎及發育生物學,胚胎及發育生物學,,有關動脈韌帶（ligamentum arteriosum）的敘述，何者正確？,位於主動脈⼸（aortic arch）與肺動脈幹（pulmonary trunk）間,胎兒出⽣後由臍動脈（umbilical artery）閉鎖形成,胚胎時期只攜帶缺氧⾎,連接肺動脈（pulmonary artery）與肺靜脈（pulmonary vein）,,A,A,standard,,False,108030_1301.pdf,108030_MOD1301.pdf
MOEX-108030-1301-Q036,108,第一次,108030,1301,36,胚胎及發育生物學,胚胎及發育生物學,,下列何者衍⽣⾃脊索（notochord）？,椎體（body of vertebra）,髓核（nucleus pulposus）,纖維環（anulus fibrosus）,椎⼸（vertebral arch）,,B,B,standard,,False,108030_1301.pdf,108030_MOD1301.pdf
MOEX-108030-1301-Q037,108,第一次,108030,1301,37,組織學,組織學,,下列何者主要是由骨骼肌細胞的細胞膜（plasma membrane）所組成？,肌纖維膜（sarcolemma）,肌外膜（epimysium）,肌內膜（endomysium）,肌束膜（perimysium）,,A,A,standard,,False,108030_1301.pdf,108030_MOD1301.pdf
MOEX-108030-1301-Q038,108,第一次,108030,1301,38,組織學,組織學,,下列胞器，何者不具有膜（membrane）的構造？,核仁（nucleolus）,胞內體（endosome）,過氧化質體（peroxisome）,內質網（endoplasmic reticulum）,,A,A,standard,,False,108030_1301.pdf,108030_MOD1301.pdf
MOEX-108030-1301-Q039,108,第一次,108030,1301,39,組織學,組織學,,下列關於脂肪組織（adipose tissue）的敘述，何者正確？,⽩⾊脂肪組織（white adipose tissue）主要是產⽣熱能，棕⾊脂肪組織（brown adipose tissue）主要是儲 存能量,脂肪細胞中的脂肪⼩滴（lipid droplet）是由漿膜（plasma membrane）包裹起來,⽩⾊脂肪細胞（white adipocyte）中有很多⼩顆的脂肪⼩滴（lipid droplet），⽽棕⾊脂肪細胞內的則為⼀ ⼤顆,棕⾊脂肪組織（brown adipose tissue）在新⽣兒含量多且分布廣，隨著成⻑會逐漸減少,,D,D,standard,,False,108030_1301.pdf,108030_MOD1301.pdf
MOEX-108030-1301-Q040,108,第一次,108030,1301,40,解剖學,神經解剖,神經解剖,下列有關神經元（neuron）對受傷（injury）後反應的敘述，何者錯誤？,在神經受傷處遠端的軸突（axon）會出現順⾏性退化（anterograde degeneration）,神經損傷導致神經元細胞體內尼⽒⼩體（Nissl body）的消失，稱為染⾊質溶解（chromatolysis）,在周邊神經系統，於神經受傷處會有單核球衍⽣之吞噬細胞（monocyte-derived macrophage）的聚集,在中樞神經系統，於神經受傷處主要由寡樹突膠細胞（oligodendrocyte）負責髓鞘（myelin）的分解清除,,D,D,standard,,False,108030_1301.pdf,108030_MOD1301.pdf
MOEX-108030-1301-Q041,108,第一次,108030,1301,41,解剖學,腹部,腹部,下列何種器官內不具有淋巴⼩結（lymphatic nodules）？,胸腺（thymus）,脾臟（spleen）,⼩腸（small intestine）,扁桃體（tonsil）,,A,A,standard,,False,108030_1301.pdf,108030_MOD1301.pdf
MOEX-108030-1301-Q042,108,第一次,108030,1301,42,組織學,組織學,,在肛⾨直腸連接處（anorectal junction）的位置，會觀察到下列何項構造？,直腸（rectum）上⽪有許多杯狀細胞（goblet cells）,直腸（rectum）上⽪為複層扁平上⽪（stratified squamous epithelium）,肛⾨（anus）有Peyer's patch,肛⾨（anus）肌外層的縱⾛肌⾁（longitudinal layer of muscularis externa）有顯著加厚作為內括約肌 （internal sphincter）,,A,A,standard,,False,108030_1301.pdf,108030_MOD1301.pdf
MOEX-108030-1301-Q043,108,第一次,108030,1301,43,組織學,組織學,,下列何者是屬於胃腺（gastric gland proper）的細胞？,壁細胞（parietal cells）,微皺襞細胞（M cells/microfold cells）,Paneth⽒細胞（Paneth cells）,杯狀細胞（goblet cells）,,A,A,standard,,False,108030_1301.pdf,108030_MOD1301.pdf
MOEX-108030-1301-Q044,108,第一次,108030,1301,44,胚胎及發育生物學,胚胎及發育生物學,,下列有關構成表⽪（epidermis）的細胞敘述，何者錯誤？,⾓質細胞（keratinocyte）是表⽪中含量最多的細胞,⿊⾊素細胞（melanocyte）的細胞體主要分布在表⽪的基底層（stratum basale）,默克⽿⽒細胞（Merkel's cell）主要分布在表⽪的棘狀層（stratum spinosum）,蘭格罕⽒細胞（Langerhans' cell）具有樹突狀突起（dendritic process），是⼀種抗原呈現細胞（antigen- presenting cell）,,C,C,standard,,False,108030_1301.pdf,108030_MOD1301.pdf
MOEX-108030-1301-Q045,108,第一次,108030,1301,45,組織學,組織學,,下列何種濾泡（follicle）不具有透明帶（zona pellucida）？,成熟濾泡（mature follicle）,次級濾泡（secondary follicle）,初級濾泡（primary follicle）,原始濾泡（primordial follicle）,,D,D,standard,,False,108030_1301.pdf,108030_MOD1301.pdf
MOEX-108030-1301-Q046,108,第一次,108030,1301,46,解剖學,骨盆與會陰,骨盆與會陰,精液（semen）不含下列何者之分泌產物？,前列腺（prostate gland）,陰莖海綿體（corpus cavernosum）,尿道球腺（bulbourethral gland）,精囊（seminal vesicle）,,B,B,standard,,False,108030_1301.pdf,108030_MOD1301.pdf
MOEX-108030-1301-Q047,108,第一次,108030,1301,47,解剖學,腹部,腹部,下列①⾄④項中那些物質運輸⽅向是由⾼濃度到低濃度？ ①鈣離⼦經由幫浦（Ca2+ ATPase） 回收⾄肌漿網（sarcoplasmic reticulum） ②鈉離⼦經由鈉-葡萄糖共同轉運蛋⽩（sodium-glucose cotransporter）進入⼩腸表⽪細胞內 ③近端腎⼩管氫離⼦經由鈉-氫逆向運輸（Na+-H+ countertransport）分泌⾄管腔 ④鉀離⼦經由滲漏性鉀離⼦通道（leak K+ channels）流出細胞,①③,②③,②④,①②,,C,C,standard,,False,108030_1301.pdf,108030_MOD1301.pdf
MOEX-108030-1301-Q048,108,第一次,108030,1301,48,組織學,組織學,,氣味受器（odorant receptors）主要位於下列何處？,嗅球（olfactory bulb）之⽑叢狀細胞（tufted cells）上,嗅球（olfactory bulb）之僧帽細胞（mitral cells）上,嗅覺⽪質（olfactory cortex）的感覺神經元上,嗅覺上⽪（olfactory epithelium）內的感覺神經元上,,D,D,standard,,False,108030_1301.pdf,108030_MOD1301.pdf
MOEX-108030-1301-Q049,108,第一次,108030,1301,49,組織學,組織學,,Caudate nucleus主導下列何種功能？,情緒控制,動作執⾏,調控⾃律神經,記憶能⼒,,A|B,A|B,multiple_answers,第49題答A、B給分,False,108030_1301.pdf,108030_MOD1301.pdf
MOEX-108030-1301-Q050,108,第一次,108030,1301,50,解剖學,腹部,腹部,下列有關視神經盤（optic disc）的敘述，何者錯誤？,視神經盤和黃斑（macula densa）是視網膜（retina）上兩個不同的構造,視神經盤富含光感受器（photoreceptor）,視神經盤為視神經（optic nerve）聚集處,視神經盤導致視野（visual field）上的盲點（blind spot）,,B,B,standard,,False,108030_1301.pdf,108030_MOD1301.pdf
MOEX-108030-1301-Q051,108,第一次,108030,1301,51,組織學,組織學,,下列那⼀種肌細胞具有最低的ATPase活性？,slow oxidative fibers,smooth muscle fibers,fast-oxidative glycolytic fibers,fast-glycolytic fibers,,B,B,standard,,False,108030_1301.pdf,108030_MOD1301.pdf
MOEX-108030-1301-Q052,108,第一次,108030,1301,52,組織學,組織學,,骨骼肌收縮時tropomyosin發⽣結構變化，會導致下列何種反應？,Ca2+ 離開troponin後啟動骨骼肌收縮,暴露出actin上的myosin結合位置，使骨骼肌收縮,分解ATP產⽣能量使actin與myosin結合，並產⽣滑動,tropomyosin與myosin接合，啟動骨骼肌收縮,,B,B,standard,,False,108030_1301.pdf,108030_MOD1301.pdf
MOEX-108030-1301-Q053,108,第一次,108030,1301,53,醫學一其他科目,醫學一其他科目,,因⾞禍⽽急需輸⾎患者的⾎型為AB型，在場三⼈中，⼩李⾎型是A型，⼩吳是B型，⼩何是O型，下列敘述何 者正確？,只有⼩李及⼩吳可捐⾎給患者,只有⼩何可捐⾎給患者,三⼈均可捐⾎給患者,三⼈均不可捐⾎給患者,,C,C,standard,,False,108030_1301.pdf,108030_MOD1301.pdf
MOEX-108030-1301-Q054,108,第一次,108030,1301,54,解剖學,腹部,腹部,正常情況下，下列何種⾎漿蛋⽩主要由肝臟⽣成？,protein C,von Willebrand factor（vWF）,granulocyte-colony stimulating factor（G-CSF）,interferon gamma,,A,A,standard,,False,108030_1301.pdf,108030_MOD1301.pdf
MOEX-108030-1301-Q055,108,第一次,108030,1301,55,醫學一其他科目,醫學一其他科目,,⼼臟舒張期時的⼼雜⾳（murmur）可由下列何者引起？,房室瓣狹窄、主動脈瓣狹窄,房室瓣閉鎖不全、主動脈瓣閉鎖不全,房室瓣狹窄、主動脈瓣閉鎖不全,房室瓣閉鎖不全、主動脈瓣狹窄,,C,C,standard,,False,108030_1301.pdf,108030_MOD1301.pdf
MOEX-108030-1301-Q056,108,第一次,108030,1301,56,組織學,組織學,,下列何者最可能增加⼼肌細胞的收縮⼒（contractility）？,促進肌漿網（sarcoplasmic reticulum）上的鈣離⼦幫浦（Ca2+ ATPase）的活性,抑制肌漿網（sarcoplasmic reticulum）上ryanodine receptors的作⽤,抑制細胞膜上鈉－鉀幫浦（Na+-K+ ATPase）的作⽤,增加細胞膜上鈉－鈣交換蛋⽩（Na+-Ca2+ exchanger）的活性,,C,C,standard,,False,108030_1301.pdf,108030_MOD1301.pdf
MOEX-108030-1301-Q057,108,第一次,108030,1301,57,組織學,組織學,,下列那⼀個敘述最符合在休息狀態下，⼼房纖維顫動（atrial fibrillation）的病患之⾝體情況？,⼼電圖上P波較正常⼈明顯,⼼電圖上QRS波正常但R-R間隔不規則,⼼室充⾎（ventricular filling）效率明顯下降了30～40%或更多,因為房室結（A-V node）傳導的延遲，⼼室跳動速率明顯下降,,B,B,standard,,True,108030_1301.pdf,108030_MOD1301.pdf
MOEX-108030-1301-Q058,108,第一次,108030,1301,58,生理學,生理學,,下列何者在動脈粥狀硬化（atherosclerosis）患者會有增加的現象？①收縮壓（systolic pressure） ②舒 張壓（diastolic pressure） ③脈搏壓（pulse pressure） ④動脈順應性（compliance）,僅①②③,僅①③,僅②③,①②③④,,A|B,A|B,multiple_answers,第58題答A、B給分,False,108030_1301.pdf,108030_MOD1301.pdf
MOEX-108030-1301-Q059,108,第一次,108030,1301,59,解剖學,胸腔,胸腔,下列何者不屬於肺氣腫（emphysema）應有的變化？,呼吸道阻⼒增加（increased airway resistance）,擴散容積增加（increased diffusing capacity）,總肺容量增加（increased total lung capacity）,通氣灌流失衡（ventilation perfusion mismatch）,,B,B,standard,,False,108030_1301.pdf,108030_MOD1301.pdf
MOEX-108030-1301-Q060,108,第一次,108030,1301,60,生理學,生理學,,登⼭者進入⾼海拔地區時，動脈氧分壓降為80 mmHg時，最主要是發⽣下列何種反應所造成？,呼吸性酸⾎症（respiratory acidosis）,"紅⾎球減少製造 2,3-⼆磷⽢油酯（2,3-diphosphoglycerate），以便增加⾎紅素對氧氣親和⼒",主動脈體（aortic body）因缺氧⽽抑制神經衝動,每分鐘通氣量（ventilation）增加,,ALL,ALL,all_credit,第60題一律給分,False,108030_1301.pdf,108030_MOD1301.pdf
MOEX-108030-1301-Q061,108,第一次,108030,1301,61,解剖學,胸腔,胸腔,下列何者氧分壓 最⾼？,肺泡（alveolus）,肺泡微⾎管（alveolar capillary）內⾎液,體動脈⾎（systemic arterial blood）,呼出氣體（expired air）,,D,D,standard,,False,108030_1301.pdf,108030_MOD1301.pdf
MOEX-108030-1301-Q062,108,第一次,108030,1301,62,解剖學,腹部,腹部,下列何者最具有刺激胃黏膜增⽣（growth of the gastric mucosa）的功能？,膽囊收縮素（cholecystokinin）,胃泌素（gastrin）,運動素（motilin）,胰泌素（secretin）,,B,B,standard,,False,108030_1301.pdf,108030_MOD1301.pdf
MOEX-108030-1301-Q063,108,第一次,108030,1301,63,組織學,組織學,,下列何者最可能導致食道遲緩不能症（achalasia）？,nitric oxide及vasoactive intestinal polypeptide分泌過多,食道的myenteric plexus缺損,會厭軟骨（epiglottis）之功能缺陷,幽⾨狹窄（pylorostenosis）,,B,B,standard,,False,108030_1301.pdf,108030_MOD1301.pdf
MOEX-108030-1301-Q064,108,第一次,108030,1301,64,生理學,生理學,,在不分泌唾液的狀況下，下列那些營養成分在⼈體中仍可被消化？①醣類 ②脂肪 ③蛋⽩質,僅①②,僅②③,僅①③,①②③,,D,D,standard,,False,108030_1301.pdf,108030_MOD1301.pdf
MOEX-108030-1301-Q065,108,第一次,108030,1301,65,組織學,組織學,,下列有關第⼆型⽔通道蛋⽩（aquaporin 2）之敘述，何者正確？,其轉位⾄細胞膜之現象是受⾎管加壓素(vasopressin)所調控,主要存在於亨利⽒環下降枝（descending limb of loop of Henle）,協助⽔分⼦由⾼張（hypertonic）向低張（hypotonic）處移動,負責進⾏⽔分的主動運輸（active transport）,,A,A,standard,,False,108030_1301.pdf,108030_MOD1301.pdf
MOEX-108030-1301-Q066,108,第一次,108030,1301,66,解剖學,腹部,腹部,下列何者最不常作為腎⼩管之管腔內氫離⼦的酸鹼緩衝物質？,HCO - 3,HPO 2- 4,NH 3,C H COO- 3 7,,D,D,standard,,False,108030_1301.pdf,108030_MOD1301.pdf
MOEX-108030-1301-Q067,108,第一次,108030,1301,67,解剖學,腹部,腹部,下列有關腎⼩管葡萄糖再吸收的描述，何者正確？,遠端腎⼩管頂膜（apical membrane）利⽤第⼀型葡萄糖運輸蛋⽩（glucose transporter 1）再吸收葡萄糖,遠端腎⼩管基底外側膜（basolateral membrane）利⽤第⼀型鈉依賴性葡萄糖運輸蛋⽩（sodium- dependent glucose transporter 1）再吸收葡萄糖,近端腎⼩管頂膜（apical membrane）主要利⽤第⼆型鈉依賴性葡萄糖運輸蛋⽩（sodium-dependent glucose transporter 2）再吸收葡萄糖,近端腎⼩管基底外側膜（basolateral membrane）主要利⽤第⼀型葡萄糖運輸蛋⽩（glucose transporter 1）再吸收葡萄糖,,C,C,standard,,False,108030_1301.pdf,108030_MOD1301.pdf
MOEX-108030-1301-Q068,108,第一次,108030,1301,68,生理學,生理學,,下列何者最不會隨晝夜⽣物時鐘⽽改變？,體溫,⽪質醇（cortisol）分泌,褪⿊激素（melatonin）分泌,胰島素分泌,,D,D,standard,,False,108030_1301.pdf,108030_MOD1301.pdf
MOEX-108030-1301-Q069,108,第一次,108030,1301,69,組織學,組織學,,下列何者是steroidogenic acute regulatory protein的主要功能？,促使膽固醇轉變成妊烯醇酮（pregnenolone）,促使膽固醇進入細胞內,促使膽固醇送入粒線體內,促使膽固醇轉變成低密度脂蛋⽩（low density lipoprotein）,,C,C,standard,,False,108030_1301.pdf,108030_MOD1301.pdf
MOEX-108030-1301-Q070,108,第一次,108030,1301,70,組織學,組織學,,下列那⼀種激素主要是進入細胞內與其受器（receptor）結合⽽產⽣作⽤？,thyroid hormone,insulin,growth hormone,atrial natriuretic peptide（ANP）,,A,A,standard,,False,108030_1301.pdf,108030_MOD1301.pdf
MOEX-108030-1301-Q071,108,第一次,108030,1301,71,解剖學,頭頸部,神經解剖,下列有關以激素治療因⼿術切除腦下垂體腫瘤（pituitary adenoma）所導致前葉功能全⾯性降低之敘述，何 者正確？,只補充雄性素（androgen）即可恢復病患精⼦製造能⼒,不需要補充甲狀腺素（thyroid hormone）,需補充抗利尿激素（ADH）以防⽌尿崩症,當處於壓⼒（stress）狀況時，需補充額外之腎上腺⽪質素（cortisol）,,D,D,standard,,False,108030_1301.pdf,108030_MOD1301.pdf
MOEX-108030-1301-Q072,108,第一次,108030,1301,72,組織學,組織學,,⾎睪屏障（blood testis barrier）具有保護下列何種細胞之功能？,Leydig cells,myoid cells,fibroblasts,primary spermatocytes,,D,D,standard,,False,108030_1301.pdf,108030_MOD1301.pdf
MOEX-108030-1301-Q073,108,第一次,108030,1301,73,醫學一其他科目,醫學一其他科目,,下列何者對於乳汁⽣成（milk synthesis）扮演最重要的⾓⾊？,oxytocin,prolactin,progesterone,prostaglandins,,B,B,standard,,False,108030_1301.pdf,108030_MOD1301.pdf
MOEX-108030-1301-Q074,108,第一次,108030,1301,74,醫學一其他科目,醫學一其他科目,,某多胜肽（polypeptide）在其等電點pH（isolelectric pH）的溶液中，該多胜肽的電荷為何？,胺基（amino）和羧基（carboxyl）末端（termini）皆帶正電荷,胺基和羧基末端皆不帶電荷,淨電荷為零,帶有四個淨電荷,,C,C,standard,,False,108030_1301.pdf,108030_MOD1301.pdf
MOEX-108030-1301-Q075,108,第一次,108030,1301,75,醫學一其他科目,醫學一其他科目,,下列那⼀種⽣化實驗技術無法直接應⽤於蛋⽩質⾝分鑑定？,⻄⽅墨點法（Western blot analysis）,質譜法（mass spectrometry）,分⼦篩管柱層析法（size-exclusion chromatography）,胺基端序列分析（N-terminal sequencing）,,C,C,standard,,False,108030_1301.pdf,108030_MOD1301.pdf
MOEX-108030-1301-Q076,108,第一次,108030,1301,76,組織學,組織學,,下列A到D蛋⽩質的混合物，在適當的條件下，以凝膠過濾⾊層分析法（gel filtration chromatography）分離 時，第⼆順位沖提出來的蛋⽩質為何？,"細胞⾊素c（cytochrome c）Mr=13,000","免疫球蛋⽩G（immunoglobulin G）Mr=145,000","核醣核酸酶A（ribonuclease A）Mr=13,700","核醣核酸聚合酶（RNA polymerase）Mr=450,000",,B,B,standard,,False,108030_1301.pdf,108030_MOD1301.pdf
MOEX-108030-1301-Q077,108,第一次,108030,1301,77,醫學一其他科目,醫學一其他科目,,下列那⼀種維⽣素的化學結構含有鈷離⼦（cobalt ion）？,vitamin K,vitamin E,vitamin B 6,vitamin B 12,,D,D,standard,,False,108030_1301.pdf,108030_MOD1301.pdf
MOEX-108030-1301-Q078,108,第一次,108030,1301,78,組織學,組織學,,維⽣素A（vitamin A）會與細胞中下列那⼀類蛋⽩質直接結合，以調控基因表達？,calcitriol receptor,receptor tyrosine kinases,nuclear retinoid receptors,G protein-coupled receptors,,C,C,standard,,False,108030_1301.pdf,108030_MOD1301.pdf
MOEX-108030-1301-Q079,108,第一次,108030,1301,79,微生物免疫寄生蟲公衛,微生物免疫寄生蟲公衛,,霍亂弧菌（Vibrio cholerae）會產出霍亂毒素（cholera toxin），催化Gsα（即stimulatory G蛋⽩α次單元） 之 ADP-ribosylation，⽽使Gsα的GTPase活性受抑制，下列有關此毒素作⽤在病⼈腸內上⽪細胞之敘述何者錯 誤？,細胞中Gsα無法活化下游效應物（effectors）,細胞中Gsα與Gs蛋⽩βγ次單元的重新結合（re-association）受到抑制,細胞中adenylyl cyclase持續活化,細胞中cAMP增加,,A,A,standard,,False,108030_1301.pdf,108030_MOD1301.pdf
MOEX-108030-1301-Q080,108,第一次,108030,1301,80,生理學,生理學,,下列有關酵素異常的敘述，何者最可能導致痛風（gout）的發⽣？,缺乏citrate synthase,5-phosphoribosyl-1-pyrophosphate synthetase活性降低,hypoxanthine-guanine phosphoribosyltransferase活性降低,glucose 6-phosphatase表現量上升,,C,C,standard,,False,108030_1301.pdf,108030_MOD1301.pdf
MOEX-108030-1301-Q081,108,第一次,108030,1301,81,微生物免疫寄生蟲公衛,微生物免疫寄生蟲公衛,,在⼤腸桿菌中，下列何者為Dam甲基化酶（Dam methylase）所扮演的功能？,甲基化尿嘧啶（uracil），使之轉化為胸腺嘧啶（thymine）,對DNA模板股（template strand）的修飾，以便DNA修復系統的辨認,去除模板股（template strand）上的錯誤配對,修復編碼股（coding strand）上的錯誤配對,,B,B,standard,,False,108030_1301.pdf,108030_MOD1301.pdf
MOEX-108030-1301-Q082,108,第一次,108030,1301,82,生物化學,生物化學,,⼤腸桿菌的DNA polymerase I本⾝不具有下列何種活性？,含3'→5'外切酵素（exonuclease）活性,含DNA gyrase活性,含5'→3'DNA聚合酵素（polymerase）活性,含5'→3'外切酵素（exonuclease）活性,,B,B,standard,,False,108030_1301.pdf,108030_MOD1301.pdf
MOEX-108030-1301-Q083,108,第一次,108030,1301,83,生物化學,生物化學,,下列何者是真核細胞組蛋⽩去⼄醯酶（histone deacetylase）之主要功能？,調節基因之轉錄,增加組蛋⽩之濃度,減少mRNA轉譯之作⽤,增加真核起始因⼦2（eIF2）蛋⽩質之穩定性,,A,A,standard,,False,108030_1301.pdf,108030_MOD1301.pdf
MOEX-108030-1301-Q084,108,第一次,108030,1301,84,生物化學,生物化學,,關於真核⽣物DNA複製的敘述，下列何者錯誤？,主要由DNA polymerase I進⾏DNA複製,複製起始需要RNA引⼦（primer）,Helicase可解開雙股螺旋DNA,Replication protein A（ RPA）可與單股DNA結合,,A,A,standard,,False,108030_1301.pdf,108030_MOD1301.pdf
MOEX-108030-1301-Q085,108,第一次,108030,1301,85,生物化學,生物化學,,在⼤腸桿菌中，下列何者為利⽤弱化作⽤（attenuation）以調控⾊胺酸操縱⼦（Trp operon）表現的調控機 制？,弱化機制是調控⾊胺酸⽣合成酵素表現的唯⼀機制,前導肽（leader peptide）直接對RNA聚合酶作⽤，以弱化⾊胺酸⽣合成酵素基因的轉錄表現,前導肽上的⾊胺酸編碼⼦（Trp codons）是主要的遺傳設計，可⽤以偵測細胞中⾊胺酸的含量,當⾊胺酸在細胞中的量很低時，會引發⾊胺酸操縱⼦的弱化作⽤,,C,C,standard,,False,108030_1301.pdf,108030_MOD1301.pdf
MOEX-108030-1301-Q086,108,第一次,108030,1301,86,胚胎及發育生物學,胚胎及發育生物學,,細菌的DNA錯配修復（mismatch repair）主要是利⽤下列何種DNA的修飾反應，以判斷那⼀股為模板股 （template strand）？,⼄醯化（acetylation）,磷酸化（phosphorylation）,甲基化（methylation）,醣化（glycation）,,C,C,standard,,False,108030_1301.pdf,108030_MOD1301.pdf
MOEX-108030-1301-Q087,108,第一次,108030,1301,87,生物化學,生物化學,,有關肝醣合成酶（glycogen synthase）參與肝醣合成之敘述，下列何者正確？,此酵素被磷酸化後可被活化,此酵素只存在於肝臟,利⽤glucose-6-phosphate做為葡萄糖單元的供給者,將葡萄糖殘基以（α1→4）鍵結⾄肝醣鏈（glycogen chain）之非還原端,,D,D,standard,,False,108030_1301.pdf,108030_MOD1301.pdf
MOEX-108030-1301-Q088,108,第一次,108030,1301,88,生物化學,生物化學,,缺乏維⽣素B （thiamine）⽽引起的代謝性乳酸中毒（lactic acidosis）與下列那個酵素的功能異常有關？ 1,異檸檬酸脫氫酶（isocitrate dehydrogenase）,乳酸脫氫酶（lactate dehydrogenase）,蘋果酸脫氫酶（malate dehydrogenase）,丙酮酸脫氫酶複合體（pyruvate dehydrogenase complex）,,D,D,standard,,False,108030_1301.pdf,108030_MOD1301.pdf
MOEX-108030-1301-Q089,108,第一次,108030,1301,89,解剖學,腹部,腹部,⼀位第⼀型糖尿病（type 1 diabetes mellitus）患者注射胰島素（insulin）後，未進食以⾄低⾎糖昏迷，下列 何者是造成低⾎糖的最主要因素？,胰島素增加肝臟組織的第⼀型葡萄糖運輸蛋⽩（GLUT1）的作⽤,胰島素增加肝外組織的第四型葡萄糖運輸蛋⽩（GLUT4）的作⽤,胰島素增加肝臟hexokinase的活性,胰島素增加肝外組織hexokinase的活性,,B,B,standard,,False,108030_1301.pdf,108030_MOD1301.pdf
MOEX-108030-1301-Q090,108,第一次,108030,1301,90,組織學,組織學,,下列何者不是細胞內acetyl-CoA的主要來源？,fatty acids,ketogenic amino acids,pyrimidine,pyruvate,,C,C,standard,,False,108030_1301.pdf,108030_MOD1301.pdf
MOEX-108030-1301-Q091,108,第一次,108030,1301,91,生物化學,生物化學,,下列有關glutathione（GSH）的敘述，何者錯誤 ？,由Glu、Cys及Gly三種胺基酸組成,某些種類的leukotriene的⽣合成需要glutathione的參與,GSH被氧化時，經由雙硫鍵的形成產⽣glutathione disulfide（GSSG）,glutathione reductase利⽤ATP可直接將GSSG還原成2個GSH,,D,D,standard,,False,108030_1301.pdf,108030_MOD1301.pdf
MOEX-108030-1301-Q092,108,第一次,108030,1301,92,解剖學,腹部,腹部,下列那⼀種胺基酸為腎上腺素（epinephrine）⽣合成的前驅物？,glycine,tryptophan,histidine,tyrosine,,D,D,standard,,False,108030_1301.pdf,108030_MOD1301.pdf
MOEX-108030-1301-Q093,108,第一次,108030,1301,93,醫學一其他科目,醫學一其他科目,,下列何種物質可經由轉氨基作⽤（transamination）直接合成glutamic acid？,α-ketoglutarate,pyruvate,acetoacetate,oxaloacetate,,A,A,standard,,False,108030_1301.pdf,108030_MOD1301.pdf
MOEX-108030-1301-Q094,108,第一次,108030,1301,94,生物化學,生物化學,,下列那⼀種胺基酸是⾎清素（serotonin）⽣合成的前驅物？,arginine,glutamic acid,tryptophan,tyrosine,,C,C,standard,,False,108030_1301.pdf,108030_MOD1301.pdf
MOEX-108030-1301-Q095,108,第一次,108030,1301,95,組織學,組織學,,下列關於ATP synthase的敘述，何者錯誤？,位於粒線體內膜,使⽤粒線體內膜兩側的氫離⼦濃度差合成ATP,ATP會在粒線體內膜及外膜之間的間隙中形成,合成ATP的過程中涉及ATP synthase之四級結構變化,,C,C,standard,,False,108030_1301.pdf,108030_MOD1301.pdf
MOEX-108030-1301-Q096,108,第一次,108030,1301,96,醫學一其他科目,醫學一其他科目,,下列關於電⼦傳遞鏈的敘述，何者錯誤？,氧分⼦（O ）為電⼦最終的接受者 2,NADH的氧化發⽣於complex I,Coenzyme Q（CoQ）可協助將電⼦由complex I傳遞⾄complex II,Cytochrome c（Cyt c）可協助將電⼦由complex III傳遞⾄complex IV,,C,C,standard,,False,108030_1301.pdf,108030_MOD1301.pdf
MOEX-108030-1301-Q097,108,第一次,108030,1301,97,生物化學,生物化學,,下列何種情況會刺激DNA合成所需酵素的⽣成，進⽽使細胞週期從G1期進入S期？,p53蛋⽩質被活化,p21蛋⽩質⼤量產⽣,CDK2磷酸化retinoblastoma protein（pRb）,形成pRb-E2F複合體,,C,C,standard,,False,108030_1301.pdf,108030_MOD1301.pdf
MOEX-108030-1301-Q098,108,第一次,108030,1301,98,組織學,組織學,,下列何種蛋⽩質與G蛋⽩（G protein）的訊息傳遞路徑無關？,類固醇受體（steroid receptors）,腺苷酸環化酶（adenylyl cyclase）,磷脂酶C（phospholipase C）,Ras蛋⽩,,A,A,standard,,False,108030_1301.pdf,108030_MOD1301.pdf
MOEX-108030-1301-Q099,108,第一次,108030,1301,99,微生物免疫寄生蟲公衛,微生物免疫寄生蟲公衛,,攜鈣素（Calmodulin）不具有下列那種特性？,與鈣離⼦結合會改變其構型,含有⼀個兩性（amphipathic）的β層（β-sheet）能與標靶蛋⽩質（target protein）相互作⽤,調節許多蛋⽩激酶（protein kinase）的活性,以螺旋-環-螺旋結構（helix-loop-helix motif）與鈣離⼦結合,,B,B,standard,,False,108030_1301.pdf,108030_MOD1301.pdf
MOEX-108030-1301-Q100,108,第一次,108030,1301,100,微生物免疫寄生蟲公衛,微生物免疫寄生蟲公衛,,下列何者是實驗室中⽤來將質體（plasmid）直接轉形（transformation）進入細菌的最常⽤的⽅法？,低電壓電泳法（low-voltage electrophoresis）將質體牽引入細菌中,帶有質體的噬菌體轉染法（transfection）,微注射法（micro-injection）將質體注入細菌中,CaCl 處理細菌後再以熱休克法（heat shock）將質體送入細菌中 2,,D,D,standard,,False,108030_1301.pdf,108030_MOD1301.pdf
MOEX-108100-1301-Q001,108,第二次,108100,1301,1,解剖學,神經解剖,神經解剖,"下列何者與新小腦（neocerebellum, pontocerebellum）皮質無直接聯繫？",橋腦核（pontine nucleus）,小腦齒狀核（dentate nucleus）,下橄欖核（inferior olivary nucleus）,前庭神經核（vestibular nucleus）,,D,D,standard,,False,108100_1301.pdf,108100_ANS1301.pdf
MOEX-108100-1301-Q002,108,第二次,108100,1301,2,解剖學,神經解剖,神經解剖,①額神經（frontal nerve） ②鼻睫神經（nasociliary nerve） ③動眼神經（oculomotor nerve） ④淚神經 （lacrimal nerve） ⑤滑車神經（trochlear nerve） ⑥外旋神經（abducent nerve）等六條神經中，那些不經由總 腱環（common tendinous ring）內進出眼眶？,①③⑤,②③⑥,②④⑥,①④⑤,,D,D,standard,,False,108100_1301.pdf,108100_ANS1301.pdf
MOEX-108100-1301-Q003,108,第二次,108100,1301,3,解剖學,頭頸部,頭頸部,翼腭窩（pterygopalatine fossa）的後上方通往何處？,鼻腔,顳下窩（infratemporal fossa）,中顱窩（middle cranial fossa）,口腔,,C,C,standard,,False,108100_1301.pdf,108100_ANS1301.pdf
MOEX-108100-1301-Q004,108,第二次,108100,1301,4,解剖學,胸腔,胸腔,咳血（hemoptysis）之血液，最可能來自下列何者？,肺動脈（pulmonary artery）,肺靜脈（pulmonary vein）,支氣管動脈（bronchial artery）,支氣管靜脈（bronchial vein）,,C,C,standard,,False,108100_1301.pdf,108100_ANS1301.pdf
MOEX-108100-1301-Q005,108,第二次,108100,1301,5,解剖學,腹部,神經解剖,迷走神經由下列何處進入腹腔？,食道裂孔（esophageal hiatus）,主動脈孔（aortic hiatus）,腔靜脈孔（caval opening）,正中弓狀韌帶（medial arcuate ligament）下,,A,A,standard,,False,108100_1301.pdf,108100_ANS1301.pdf
MOEX-108100-1301-Q006,108,第二次,108100,1301,6,解剖學,骨盆與會陰,骨盆與會陰,有關卵巢動脈（ovarian artery）的敘述，下列何者正確？,為髂內動脈（internal iliac artery）的分支,經由卵巢韌帶（ovarian ligament）進入卵巢,從髂外動脈（external iliac artery）的後方進入骨盆腔,經由懸韌帶（suspensory ligament of ovary）進入卵巢,,D,D,standard,,False,108100_1301.pdf,108100_ANS1301.pdf
MOEX-108100-1301-Q007,108,第二次,108100,1301,7,解剖學,骨盆與會陰,骨盆與會陰,下列何者由梨狀肌（piriformis）的上方進入臀部？,臀上動脈（superior gluteal artery）,臀下動脈（inferior gluteal artery）,坐骨神經（sciatic nerve）,陰部神經（pudendal nerve）,,A,A,standard,,False,108100_1301.pdf,108100_ANS1301.pdf
MOEX-108100-1301-Q008,108,第二次,108100,1301,8,解剖學,下肢,下肢,腓深神經（deep fibular nerve）傷害，最可能導致下列何者無力？,腓長肌（fibularis longus）,腓短肌（fibularis brevis）,脛前肌（tibialis anterior）,脛後肌（tibialis posterior）,,C,C,standard,,False,108100_1301.pdf,108100_ANS1301.pdf
MOEX-108100-1301-Q009,108,第二次,108100,1301,9,解剖學,上肢,上肢,下列何者走在肱骨內上髁（medial epicondyle of humerus）的後方？,肌皮神經（musculocutaneous nerve）,正中神經（median nerve）,尺神經（ulnar nerve）,橈神經（radial nerve）,,C,C,standard,,False,108100_1301.pdf,108100_ANS1301.pdf
MOEX-108100-1301-Q010,108,第二次,108100,1301,10,解剖學,上肢,上肢,腋神經（axillary nerve）受損時，下列那一塊肌肉無力？,三角肌（deltoid muscle）,喙肱肌（coracobrachialis muscle）,肱二頭肌（biceps brachii muscle）,肱三頭肌（triceps brachii muscle）,,A,A,standard,,False,108100_1301.pdf,108100_ANS1301.pdf
MOEX-108100-1301-Q011,108,第二次,108100,1301,11,解剖學,神經解剖,神經解剖,小腦的齒狀核－紅核－丘腦徑（dentato-rubro-thalamic tract），行經下列何構造？,上小腦腳（superior cerebellar peduncle）,中小腦腳（middle cerebellar peduncle）,下小腦腳（inferior cerebellar peduncle）,繩狀體（restiform body）,,A,A,standard,,False,108100_1301.pdf,108100_ANS1301.pdf
MOEX-108100-1301-Q012,108,第二次,108100,1301,12,解剖學,神經解剖,神經解剖,脊髓白質之外側束（lateral funiculus）含有下列何種神經傳導徑路？,背柱內側蹄系（dorsal column-medial lemniscus system）,外側皮質脊髓徑（lateral corticospinal tract）,前庭脊髓徑（vestibulospinal tract）,四疊體脊髓徑（tectospinal tract）,,B,B,standard,,False,108100_1301.pdf,108100_ANS1301.pdf
MOEX-108100-1301-Q013,108,第二次,108100,1301,13,解剖學,神經解剖,神經解剖,精細觸覺主要由下列何種神經徑路傳導？,脊髓網狀徑（spinoreticular tract）,背側脊髓小腦徑（dorsal spinocerebellar tract）,背柱內側蹄系（dorsal column-medial lemniscus system）,前外側系統（anterolateral system）,,C,C,standard,,False,108100_1301.pdf,108100_ANS1301.pdf
MOEX-108100-1301-Q014,108,第二次,108100,1301,14,解剖學,神經解剖,神經解剖,下列何者出現在腦幹的interpeduncular fossa中？,滑車神經（trochlear nerve）,動眼神經（oculomotor nerve）,基底動脈（basilar artery）,腦下垂體（pituitary gland）,,B,B,standard,,False,108100_1301.pdf,108100_ANS1301.pdf
MOEX-108100-1301-Q015,108,第二次,108100,1301,15,解剖學,神經解剖,神經解剖,關於大腦皮質Brodmann area 4之敘述何者錯誤？,可發出皮質脊髓徑（corticospinal tract）,含貝茲細胞（Betz cell）,可接受丘腦腹外側核（ventral lateral nucleus of thalamus）傳入之訊息,位於後中央迴（postcentral gyrus）,,D,D,standard,,False,108100_1301.pdf,108100_ANS1301.pdf
MOEX-108100-1301-Q016,108,第二次,108100,1301,16,解剖學,頭頸部,頭頸部,三叉神經下頜支（mandibular division of trigeminal nerve）受損，最可能影響下列何者之收縮？,腭帆張肌（tensor veli palatini）,腭帆提肌（levator veli palatini）,腭咽肌（palatopharyngeus）,腭舌肌（palatoglossus）,,A,A,standard,,False,108100_1301.pdf,108100_ANS1301.pdf
MOEX-108100-1301-Q017,108,第二次,108100,1301,17,解剖學,頭頸部,頭頸部,下列那一肌肉是由喉外神經（external laryngeal nerve）支配？,後環杓肌（posterior cricoarytenoid muscle）,外側環杓肌（lateral cricoarytenoid muscle）,環甲肌（cricothyroid muscle）,甲杓肌（thyroarytenoid muscle）,,C,C,standard,,False,108100_1301.pdf,108100_ANS1301.pdf
MOEX-108100-1301-Q018,108,第二次,108100,1301,18,解剖學,頭頸部,頭頸部,下列那一硬腦膜靜脈竇（dural venous sinuses）的血液直接注入內頸靜脈（internal jugular vein）？,乙狀竇（sigmoid sinus）,上岩竇（superior petrosal sinus）,橫竇（transverse sinus）,枕竇（occipital sinus）,,A,A,standard,,False,108100_1301.pdf,108100_ANS1301.pdf
MOEX-108100-1301-Q019,108,第二次,108100,1301,19,解剖學,頭頸部,頭頸部,下列何者不是甲狀頸幹（thyrocervical trunk）的分支？,深頸動脈（deep cervical artery）,肩胛上動脈（suprascapular artery）,橫頸動脈（transverse cervical artery）,甲狀腺下動脈（inferior thyroid artery）,,A,A,standard,,False,108100_1301.pdf,108100_ANS1301.pdf
MOEX-108100-1301-Q020,108,第二次,108100,1301,20,解剖學,胸腔,胸腔,房室結（AV node）最靠近下列何處？,節制帶（moderator band）,下腔靜脈與右心房交界,冠狀竇開口（opening of coronary sinus）,界脊（crista terminalis）,,C,C,standard,,False,108100_1301.pdf,108100_ANS1301.pdf
MOEX-108100-1301-Q021,108,第二次,108100,1301,21,解剖學,胸腔,胸腔,有關肺臟淋巴系統敘述，下列何者正確？,位於氣管分支交角下方之淋巴結稱為主動脈弓淋巴結（aortic arch node）,右上肺葉淋巴匯入胸管（thoracic duct）,肺臟淋巴管系統主要與肺動脈伴行,左下肺葉淋巴匯入下氣管支氣管淋巴結（inferior tracheobronchial nodes）,,D,D,standard,,False,108100_1301.pdf,108100_ANS1301.pdf
MOEX-108100-1301-Q022,108,第二次,108100,1301,22,解剖學,胸腔,胸腔,下列那一條肋間靜脈（intercostal vein），通常不匯入奇靜脈（azygos vein）系統？,左側第八肋間靜脈,左側第一肋間靜脈,右側第三肋間靜脈,右側第十肋間靜脈,,B,B,standard,,False,108100_1301.pdf,108100_ANS1301.pdf
MOEX-108100-1301-Q023,108,第二次,108100,1301,23,解剖學,胸腔,胸腔,正常年輕男性直立解剖位置，體表標記（landmark）與體內構造之配對，下列何者正確？,頸靜脈切跡（jugular notch）水平面：C7椎骨,胸骨角（sternal angle）水平面：T2椎骨,劍胸關節（xiphisternal joint）水平面：T9椎骨,男性乳頭：前方第6肋間,,C,C,standard,,False,108100_1301.pdf,108100_ANS1301.pdf
MOEX-108100-1301-Q024,108,第二次,108100,1301,24,解剖學,胸腔,胸腔,下列心臟構造，何者由冠狀動脈供應血流？,心內膜（endocardium）,心包膜外層（parietal layer of pericardium）,心外膜（epicardium）,心瓣膜,,C,C,standard,,False,108100_1301.pdf,108100_ANS1301.pdf
MOEX-108100-1301-Q025,108,第二次,108100,1301,25,解剖學,腹部,腹部,十二指腸近幽門處潰瘍造成出血，可結紮下列那條血管以便止血？,肝總動脈（common heaptic artery）,下胰十二指腸動脈（inferior pancreaticoduodenal artery）,左胃動脈（left gastric artery）,左胃網膜動脈（left gastroomental artery）,,A,A,standard,,False,108100_1301.pdf,108100_ANS1301.pdf
MOEX-108100-1301-Q026,108,第二次,108100,1301,26,解剖學,骨盆與會陰,骨盆與會陰,有關腹股溝管（inguinal canal）的敘述，下列何者正確？,男性腹股溝管通過精索（spermatic cord），女性通過卵巢韌帶（ligament of the ovary）,胚胎期間，鞘突（vaginal process）只發生在男性個體,發生在管內的疝氣，稱為直接型腹股溝疝氣（direct inguinal hernia）,腹橫筋膜（transversalis fascia）圍成腹股溝管深環（deep inguinal ring）頂部的外側1/3,,D,D,standard,,False,108100_1301.pdf,108100_ANS1301.pdf
MOEX-108100-1301-Q027,108,第二次,108100,1301,27,解剖學,骨盆與會陰,骨盆與會陰,當男性準備要射精時，下列何現象不會發生？,外尿道括約肌（external urethral sphincter）收縮,前列腺（prostate gland）收縮,輸精管（ductus deferens）收縮,球尿道腺（bulbourethral gland）收縮,,A,A,standard,,False,108100_1301.pdf,108100_ANS1301.pdf
MOEX-108100-1301-Q028,108,第二次,108100,1301,28,解剖學,骨盆與會陰,骨盆與會陰,會陰體（perineal body）受傷後，下列何者的作用最可能不受影響？ ①球海綿體肌（bulbospongiosus muscle） ②會陰深橫肌（deep transverse perineal muscle） ③會陰淺橫肌（superficical transverse perineal muscle） ④坐骨海綿體肌（ischiocavernosus muscle） ⑤尿道外括約肌（external urethral sphincter muscle）,①③,②④,①⑤,④⑤,,D,D,standard,,False,108100_1301.pdf,108100_ANS1301.pdf
MOEX-108100-1301-Q029,108,第二次,108100,1301,29,解剖學,下肢,下肢,下列何者與內收長肌（adductor longus）由相同的神經支配？,股薄肌（gracilis）,股方肌（quadratus femoris）,恥骨肌（pectineus muscle）,閉孔內肌（obturator internus）,,A,A,standard,,False,108100_1301.pdf,108100_ANS1301.pdf
MOEX-108100-1301-Q030,108,第二次,108100,1301,30,解剖學,上肢,上肢,當發生腕隧道症候群（carpal tunnel syndrome）時，手掌大拇指的那一條肌腱最可能受到影響？,伸拇指長肌（extensor pollicis longus）,屈拇指長肌（flexor pollicis longus）,外展拇指長肌（abductor pollicis longus）,內收拇指肌（adductor pollicis）,,B,B,standard,,False,108100_1301.pdf,108100_ANS1301.pdf
MOEX-108100-1301-Q031,108,第二次,108100,1301,31,胚胎及發育生物學,胚胎及發育生物學,,下列背部肌肉中，何者位於最深層？,頭夾肌（splenius capitis）,頭最長肌（longissimus capitis）,頭半棘肌（semispinalis capitis）,大後頭直肌（rectus capitis posterior major）,,D,D,standard,,False,108100_1301.pdf,108100_ANS1301.pdf
MOEX-108100-1301-Q032,108,第二次,108100,1301,32,組織學,組織學,,精子生成（spermatogenesis）過程中，下列何者在第一次減數分裂（meiosis I）完成時產生？,精原細胞（spermatogonium）,初級精母細胞（primary spermatocyte）,次級精母細胞（secondary spermatocyte）,精細胞（spermatid）,,C,C,standard,,False,108100_1301.pdf,108100_ANS1301.pdf
MOEX-108100-1301-Q033,108,第二次,108100,1301,33,解剖學,胸腔,胸腔,下列那一項構造，與橫膈（diaphragm）的組成無關？,橫中隔（septum transversum）,胸腹膜（pleuroperitoneal membrane）,食道背側繫膜（dorsal mesentery of esophagus）,胸心包膜（pleuropericardial membrane）,,D,D,standard,,False,108100_1301.pdf,108100_ANS1301.pdf
MOEX-108100-1301-Q034,108,第二次,108100,1301,34,解剖學,腹部,腹部,下列關於十二指腸（duodenum）發育之敘述，何者正確？,全部由前腸（foregut）衍生而來,十二指腸環（duodenal loop）連接卵黃柄（yolk stalk）,隨著胃的旋轉，十二指腸環（duodenal loop）會旋轉至左側,因上皮細胞增生而一度閉鎖（obliteration）,,D,D,standard,,False,108100_1301.pdf,108100_ANS1301.pdf
MOEX-108100-1301-Q035,108,第二次,108100,1301,35,胚胎及發育生物學,胚胎及發育生物學,,以下有關性腺（gonad）分化的敘述，何者正確？,性腺索（gonadal cord）在女性發育成原始濾泡（primordial follicles）,皮質索（cortical cord）在男性發育成副睪（epididymis）,性腺索（gonadal cord）在男性發育成細精管（seminiferous tubules）,皮質索（cortical cord）在女性發育成輸卵管（oviduct）,,C,C,standard,,False,108100_1301.pdf,108100_ANS1301.pdf
MOEX-108100-1301-Q036,108,第二次,108100,1301,36,組織學,組織學,,下列有關眼睛（eye）發育的敘述，何者錯誤？,眼裂（optic fissure）位於眼杯（optic cup）的腹側面，並沿著視柄（optic stalk）發育,視網膜中央動脈和靜脈（central artery and vein of retina）是源自遠側端玻璃體血管（hyaloid vessels）的衍生 物,視網膜色素上皮（retinal pigment epithelium）是源自眼杯（optic cup）的外層,視神經（optic nerve）是源自視網膜之神經節細胞軸突（axons of ganglion cells）,,B,B,standard,,False,108100_1301.pdf,108100_ANS1301.pdf
MOEX-108100-1301-Q037,108,第二次,108100,1301,37,組織學,組織學,,下列有關平滑肌細胞（smooth muscle cell）的敘述，何項正確？,緻密體（dense body）可供肌球蛋白絲（myosin filament）直接附著,細胞外有外板（external lamina）包圍,細胞內藉由T小管（T tubule）傳遞鈣離子,細胞之間藉由橋粒（desmosome）連接,,B,B,standard,,False,108100_1301.pdf,108100_ANS1301.pdf
MOEX-108100-1301-Q038,108,第二次,108100,1301,38,組織學,組織學,,下列各種細胞接合（intercellular junction），何者與中間絲（intermediate filaments）連結？,閉鎖小帶（zonula occludens）,黏著小帶（zonula adherens）,黏著斑（macula adherens）,局部黏著（focal adhesions）,,C,C,standard,,False,108100_1301.pdf,108100_ANS1301.pdf
MOEX-108100-1301-Q039,108,第二次,108100,1301,39,組織學,組織學,,長骨（long bone）的軟骨內骨化（endochondral ossification）的初級骨化中心（primary ossification center）位 於何處？,骨幹（diaphysis）,骨骺（epiphysis）,骨幹骺端（metaphysis）,骨內膜（endosteum）,,A,A,standard,,False,108100_1301.pdf,108100_ANS1301.pdf
MOEX-108100-1301-Q040,108,第二次,108100,1301,40,組織學,組織學,,下列有關中樞神經系統（CNS）的神經膠細胞（neuroglia）的敘述，何者正確？,寡突膠細胞（oligodendrocyte）類似周邊神經系統（PNS）的許旺細胞（Schwann cell），負責形成髓鞘 （myelin sheath）,星狀膠細胞（astrocyte）是立方形細胞，分布在脊髓中央管（central canal）和腦室的特化上皮,微小膠細胞（microglia）是在灰質中數目最多的細胞，其分支可與血管接觸,室管膜細胞（ependymal cell）有許多分支，負責吞噬與參與免疫功能,,A,A,standard,,False,108100_1301.pdf,108100_ANS1301.pdf
MOEX-108100-1301-Q041,108,第二次,108100,1301,41,組織學,組織學,,下列氣管（trachea）和支氣管（bronchus）管壁構造之比較，何項正確？,兩者都有彈性纖維（elastic fiber）,兩者的上皮（epithelium）高度相同,兩者都有纖維軟骨（fibrous cartilage）,兩者都沒有平滑肌細胞（smooth muscle cells）,,A,A,standard,,False,108100_1301.pdf,108100_ANS1301.pdf
MOEX-108100-1301-Q042,108,第二次,108100,1301,42,組織學,組織學,,對於胰臟（pancreas）的內分泌部（endocrine portion）之敘述，下列何項正確？,是漿液腺（serous gland）組成,是蘭氏小島（islets of Langerhans）,是泡心細胞（centroacinar cells）組成,組成細胞內部有許多嗜酸性的酶原顆粒（zymogen granules）,,B,B,standard,,False,108100_1301.pdf,108100_ANS1301.pdf
MOEX-108100-1301-Q043,108,第二次,108100,1301,43,解剖學,腹部,腹部,培亞氏斑（Peyer's patches）主要分布在下列何處？,直腸（rectum）,空腸（jejunum）,迴腸（ileum）,十二指腸（duodenum）,,C,C,standard,,False,108100_1301.pdf,108100_ANS1301.pdf
MOEX-108100-1301-Q044,108,第二次,108100,1301,44,組織學,組織學,,下列有關腎臟（kidney）組織結構之敘述，何者錯誤？,腎絲球微血管（glomerular capillary）之內皮細胞（endothelial cell）屬於穿孔型（fenestrated type）,緻密斑（macula densa）是由近直小管（proximal straight tubule）的上皮細胞所特化,近腎絲球細胞（juxtaglomerular cell）主要是由入球小動脈（afferent arteriole）之管壁平滑肌細胞（smooth muscle cell）所特化,皮質和髓質交接處有弓形動脈（arcuate artery）,,B,B,standard,,False,108100_1301.pdf,108100_ANS1301.pdf
MOEX-108100-1301-Q045,108,第二次,108100,1301,45,解剖學,骨盆與會陰,骨盆與會陰,關於子宮壁（uterine wall）的敘述，下列何者正確？,只有子宮內膜（endometrium）會隨月經週期（menstrual cycle）改變,子宮肌層（myometrium）具有二層平滑肌，外層（outer layer）最厚,懷孕時，子宮肌層（myometrium）的平滑肌細胞會肥大（hypertrophy）和增生（hyperplasia）,子宮頸（cervix）平滑肌的含量多於子宮體（uterine body）,,C,C,standard,,False,108100_1301.pdf,108100_ANS1301.pdf
MOEX-108100-1301-Q046,108,第二次,108100,1301,46,組織學,組織學,,下列關於細精管（seminiferous tubule）的敘述，何者正確？,管外具有睪丸支持細胞（Sertoli cell）,具有類肌細胞（myoid cell）可分泌睪固酮（testosterone）,上皮屬於複合型複層上皮（complex stratified epithelium）,管腔底部的細胞為成熟的精細胞（spermatid）,,C,C,standard,,False,108100_1301.pdf,108100_ANS1301.pdf
MOEX-108100-1301-Q047,108,第二次,108100,1301,47,生理學,生理學,,有關guanylyl cyclase的敘述，下列何者正確？,可製造cAMP（cyclic adenosine monophosphate）,可被一氧化氮（nitric oxide）活化,其所催化的反應產物可直接活化protein kinase C,促進血管收縮（vasoconstriction）,,B,B,standard,,False,108100_1301.pdf,108100_ANS1301.pdf
MOEX-108100-1301-Q048,108,第二次,108100,1301,48,組織學,組織學,,在正常情況下，astrocyte不具下列何種功能？,血腦障壁之形成,形成myelin,調節細胞外液之離子濃度,協助提供葡萄糖給神經元,,B,B,standard,,False,108100_1301.pdf,108100_ANS1301.pdf
MOEX-108100-1301-Q049,108,第二次,108100,1301,49,解剖學,神經解剖,神經解剖,下列何者不參與瞳孔對光的反射作用？,midbrain,ciliary ganglion,Edinger-Westphal nucleus,trigeminal nerve,,D,D,standard,,False,108100_1301.pdf,108100_ANS1301.pdf
MOEX-108100-1301-Q050,108,第二次,108100,1301,50,解剖學,神經解剖,神經解剖,下列cranial nerves中，何者只含sensory fibers？,第II腦神經（optic nerve）,第V腦神經（trigeminal nerve）,第VII腦神經（facial nerve）,第X腦神經（vagus nerve）,,A,A,standard,,False,108100_1301.pdf,108100_ANS1301.pdf
MOEX-108100-1301-Q051,108,第二次,108100,1301,51,解剖學,神經解剖,神經解剖,經由多次訓練與學習，投籃可以百發百中，與下列何腦區最為相關？,hippocampus,basal ganglia,substantia nigra,cerebellum,,D,D,standard,,False,108100_1301.pdf,108100_ANS1301.pdf
MOEX-108100-1301-Q052,108,第二次,108100,1301,52,解剖學,神經解剖,神經解剖,下列何處受損會導致病患出現動態顫抖（intention tremor）、動幅障礙（dysmetria）和姿勢不穩（unstable posture）等運動失調症狀？,大腦運動皮質區,小腦,基底核,中腦,,B,B,standard,,False,108100_1301.pdf,108100_ANS1301.pdf
MOEX-108100-1301-Q053,108,第二次,108100,1301,53,解剖學,神經解剖,神經解剖,下運動神經元（lower motor neurons）的損傷會導致下列那一種疾病？,Parkinson’s disease,Huntington’s disease,amyotrophic lateral sclerosis,myasthenia gravis,,C,C,standard,,False,108100_1301.pdf,108100_ANS1301.pdf
MOEX-108100-1301-Q054,108,第二次,108100,1301,54,組織學,組織學,,有關骨骼肌細胞的dihydropyridine receptors之敘述，下列何者正確？,為位於橫管膜（T tubule membrane）上的ligand-gated 鈣離子管道（Ca2+ channel）,為位於肌漿網（sarcoplasmic reticulum）上的voltage-gated鈣離子管道（Ca2+ channel）,為位於橫管膜（T tubule membrane）上的voltage-gated鈣離子管道（Ca2+ channel）,為位於肌漿網（sarcoplasmic reticulum）上的ligand-gated鈣離子管道（Ca2+ channel）,,C,C,standard,,False,108100_1301.pdf,108100_ANS1301.pdf
MOEX-108100-1301-Q055,108,第二次,108100,1301,55,組織學,組織學,,下列有關骨骼肌之敘述，何者錯誤？,收縮力的產生是來自於肌動蛋白（actin）與肌凝蛋白（myosin）的相互作用,鈣離子與calmodulin結合活化myosin light chain kinase而造成收縮,H-band位於肌肉的肌節（sarcomere）的中央,在Z-line兩側的I-band主要是由肌動蛋白（actin）所組成的,,B,B,standard,,False,108100_1301.pdf,108100_ANS1301.pdf
MOEX-108100-1301-Q056,108,第二次,108100,1301,56,組織學,組織學,,下列那種免疫細胞在正常人類血液中最不常見？,嗜酸性球（eosinophil）,淋巴球（lymphocyte）,單核球（monocyte）,肥大細胞（mast cell）,,D,D,standard,,False,108100_1301.pdf,108100_ANS1301.pdf
MOEX-108100-1301-Q057,108,第二次,108100,1301,57,解剖學,胸腔,胸腔,當人體突然大量失血，最不可能發生下列何種狀況？,動脈感壓受器放電頻率（arterial baroreceptor firing rate）增加,支配靜脈的交感神經活性（sympathetic activity）增加,支配心臟的副交感神經活性（parasympathetic activity）減少,週邊血管總阻力（total peripheral resistance）增加,,A,A,standard,,False,108100_1301.pdf,108100_ANS1301.pdf
MOEX-108100-1301-Q058,108,第二次,108100,1301,58,組織學,組織學,,下列有關副交感神經對心血管系統調控的敘述，何者正確？,刺激竇房結（SA node）上F型鈉離子通道（F-type Na+ channels），使細胞膜去極化,直接抑制cAMP 作用，延緩心室肌細胞收縮與放鬆的速率,活化β 腎上腺素受體（β adrenergic receptors），造成血管舒張 2 2,增加竇房結（SA node）上鉀離子通透性，使細胞膜過極化,,D,D,standard,,False,108100_1301.pdf,108100_ANS1301.pdf
MOEX-108100-1301-Q059,108,第二次,108100,1301,59,組織學,組織學,,當微血管前小動脈（precapillary arterioles）收縮時，會產生下列何種顯著變化？,微血管的靜水壓（hydrostatic pressure）增加,微血管的濾過速率（filtration rate）下降,微血管的血漿膠體滲透壓（colloid osmotic pressure）增加,組織間液膠體滲透壓（colloid osmotic pressure）上升,,B,B,standard,,False,108100_1301.pdf,108100_ANS1301.pdf
MOEX-108100-1301-Q060,108,第二次,108100,1301,60,解剖學,胸腔,胸腔,氣體交換（gas exchange）可發生在下列那些位置？①支氣管（bronchi） ②肺泡（alveoli） ③末端細支 氣管（terminal bronchioles） ④呼吸性細支氣管（respiratory bronchioles）,僅①②,僅②④,僅②③④,僅①③④,,B,B,standard,,False,108100_1301.pdf,108100_ANS1301.pdf
MOEX-108100-1301-Q061,108,第二次,108100,1301,61,組織學,組織學,,正常人體之血液分置入甲、乙兩管，同時分別灌入氣體使得兩者之二氧化碳分壓 均為 46 mmHg，甲 管氧分壓 為100 mmHg，乙管氧分壓則為40 mmHg。下列敘述何者正確？,甲、乙兩管內二氧化碳總含量相同,甲管內碳醯胺基血紅素（carbaminohemoglobin）佔全部血紅素（hemoglobin）之比例比乙管低,乙管血液之氣體組成近似於體動脈血（systemic arterial blood）,造成甲、乙兩管內血紅素（hemoglobin）分子特性差異之主要原因為波爾效應（Bohr effect）,,B,B,standard,,False,108100_1301.pdf,108100_ANS1301.pdf
MOEX-108100-1301-Q062,108,第二次,108100,1301,62,解剖學,胸腔,胸腔,張先生到醫院進行各項肺容積之測量，測量結果顯示總肺容量（total lung capacity）為5000毫升，肺餘容積 （residual volume）為300毫升，兩者之間的差值稱之為何？,肺活量（vital capacity）,吸氣儲備容積（inspiratory reserve volume）,潮氣容積（tidal volume）,功能性肺餘容量（functional residual capacity）,,A,A,standard,,False,108100_1301.pdf,108100_ANS1301.pdf
MOEX-108100-1301-Q063,108,第二次,108100,1301,63,解剖學,骨盆與會陰,神經解剖,下列何者參與排便反射？,直腸的壓力感覺受器傳達至黏膜下神經叢,直腸平滑肌受腰椎神經釋放的epinephrine刺激,外肛和內肛括約肌一起受腸神經釋放的nitric oxide刺激,內肛括約肌受到副交感神經釋放的 acetylcholine 刺激,,D,D,standard,,False,108100_1301.pdf,108100_ANS1301.pdf
MOEX-108100-1301-Q064,108,第二次,108100,1301,64,解剖學,腹部,腹部,胰蛋白酶（trypsin）不參與下列那種酵素的活化？,colipase,carboxypeptidase B,elastase,deoxyribonuclease,,D,D,standard,,False,108100_1301.pdf,108100_ANS1301.pdf
MOEX-108100-1301-Q065,108,第二次,108100,1301,65,組織學,組織學,,下列有關腎臟的逆流機制（countercurrent mechanism）的敘述，何者錯誤？,主要是為了形成並維持腎臟髓質垂直性的滲透壓梯度,所需要的能量由亨氏管上升段粗枝（thick ascending limb of loop of Henle）的鈉-鉀腺苷三磷酸酶（Na+-K+ ATPase）提供,亨氏管上升段粗枝會利用鈉-氯協同運輸蛋白（Na+-Cl+ cotransporter）將鈉、氯離子分泌至腎小管管腔,直管（vasa recta）利用逆流交換（countercurrent exchange）的作用維持腎臟髓質垂直性的滲透壓梯度,,C,C,standard,,False,108100_1301.pdf,108100_ANS1301.pdf
MOEX-108100-1301-Q066,108,第二次,108100,1301,66,組織學,組織學,,下列有關腎小管對於鈉離子（Na+）再吸收的敘述，何者錯誤？,近端腎小管主要由鈉－葡萄糖共同轉運蛋白（sodium-glucose cotransporter）負責,亨利氏環的上升段粗枝（thick ascending limb of loop of Henle）由鈉－鉀－氯協同轉運蛋白（Na+-K+-2Cl- cotransporter）負責,亨利氏環的上升段細枝（thin ascending limb of loop of Henle）由上皮鈉通道（epithelial sodium channel）負責,遠曲小管（distal convoluted tubule）由鈉－氯協同轉運蛋白（Na+-Cl- cotransporter）負責,,C,C,standard,,False,108100_1301.pdf,108100_ANS1301.pdf
MOEX-108100-1301-Q067,108,第二次,108100,1301,67,生理學,生理學,,下列激素中，何者的化學結構屬性與其他三者不同？,aldosterone,"1,25-dihydroxycholecalciferol",thyroxine,testosterone,,C,C,standard,,False,108100_1301.pdf,108100_ANS1301.pdf
MOEX-108100-1301-Q068,108,第二次,108100,1301,68,生理學,生理學,,下列有關胰臟β細胞分泌胰島素主要機轉的敘述，何者正確？,血中葡萄糖是經由第四型葡萄糖轉運蛋白進入胰臟β細胞刺激胰島素分泌,ATP敏感性的鉀離子通道打開造成鉀離子的外流是促進胰島素分泌的重要步驟,血中的胺基酸會經由增加β細胞內的cAMP濃度促進胰島素的分泌作用,β細胞內鈣離子的濃度升高與胰島素從分泌囊泡中釋放的作用有關,,D,D,standard,,False,108100_1301.pdf,108100_ANS1301.pdf
MOEX-108100-1301-Q069,108,第二次,108100,1301,69,生理學,生理學,,當血中之鉀離子濃度上升時，下列那一個激素分泌增加最明顯？,anti-diuretic hormone,angiotensinogen,aldosterone,atrial natriuretic peptide,,C,C,standard,,False,108100_1301.pdf,108100_ANS1301.pdf
MOEX-108100-1301-Q070,108,第二次,108100,1301,70,組織學,組織學,,下列有關甲狀腺激素（thyroid hormones）之敘述，何者錯誤？,主要藉由血液中結合蛋白（binding protein）運送至標的細胞（target cell）,游離型（free-form）激素主要藉由結合標的細胞細胞膜上之受器（receptor）,血中半衰期較一般胜肽類（peptide）激素為長,可調控標的細胞之基因轉錄（transcription）,,B,B,standard,,False,108100_1301.pdf,108100_ANS1301.pdf
MOEX-108100-1301-Q071,108,第二次,108100,1301,71,解剖學,骨盆與會陰,骨盆與會陰,催產素（oxytocin）的主要作用為何？,促進子宮鬆弛（uterine relaxation）,促進排乳作用（milk ejection）,抑制黃體分解（luteolysis）,抑制前列腺素 F （PGF ）的分泌 2α 2α,,B,B,standard,,False,108100_1301.pdf,108100_ANS1301.pdf
MOEX-108100-1301-Q072,108,第二次,108100,1301,72,組織學,組織學,,下列有關Klinefelter's syndrome的敘述，何者錯誤？,"細胞之核型（karyotype）多為47, XXY",精蟲數目稀少,其血中之睪固酮（testosterone）分泌量較低,其LH及FSH的分泌量較低,,D,D,standard,,False,108100_1301.pdf,108100_ANS1301.pdf
MOEX-108100-1301-Q073,108,第二次,108100,1301,73,生理學,生理學,,一位38歲男性因性功能障礙求診，抽血檢查結果，testosterone濃度為1.5 ng/mL（正常值為3～8 ng/mL）， prolactin濃度為150 ng/mL（正常成年男性為＜20 ng/mL）。下列何者是最不可能造成此性功能障礙的原因？,服用抑制dopamine分泌的藥物,在腦下腺（pituitary gland）長了腫瘤,在下視丘（hypothalamus）接近腦下腺（pituitary gland）處長了腫瘤,隱睪症（cryptorchidism）,,D,D,standard,,False,108100_1301.pdf,108100_ANS1301.pdf
MOEX-108100-1301-Q074,108,第二次,108100,1301,74,生物化學,生物化學,,下列有關蛋白質結構的敘述，何者正確？,mRNA的選擇性剪切（alternative splicing）不會影響蛋白質的一級結構,點突變（point mutation）不會導致蛋白質二級結構的改變,β-摺板（β-sheet）與α-螺旋（α-helix）在蛋白質結構分類上屬於三級結構,某些蛋白質可能以一種以上的四級結構存在,,D,D,standard,,False,108100_1301.pdf,108100_ANS1301.pdf
MOEX-108100-1301-Q075,108,第二次,108100,1301,75,生物化學,生物化學,,下列有關雙硫鍵（disulfide bond）的敘述，何者錯誤？,甲硫胺酸（methionine）側鏈的硫原子可參與雙硫鍵的形成,蛋白質中的雙硫鍵會在強還原劑的作用下發生斷裂,蛋白質中的雙硫鍵可增加其結構的熱穩定性,雙硫鍵異構酶（disulfide isomerase）可幫助蛋白質摺疊,,A,A,standard,,False,108100_1301.pdf,108100_ANS1301.pdf
MOEX-108100-1301-Q076,108,第二次,108100,1301,76,醫學一其他科目,醫學一其他科目,,以NaOH強鹼滴定含有甘胺酸（glycine）的溶液，在pH＝12時，完成滴定過程，此時甘胺酸的主要化學式為 何？,NH +—CH —COOH 3 2,NH —CH —COO- 2 2,NH —CH +—COO- 2 3,NH +—CH —COO- 3 2,,B,B,standard,,False,108100_1301.pdf,108100_ANS1301.pdf
MOEX-108100-1301-Q077,108,第二次,108100,1301,77,生理學,生理學,,一位女性病患素食多年，患有惡性貧血（pernicious anemia），判斷她有某種含金屬離子的水溶性維生素缺乏 症。關於此維生素的特性，下列敘述何者正確？,此維生素須含有氰基，方能直接參與酵素反應形態,此維生素須含有一鐵離子才帶有活性,此維生素含有鈷離子,小腸壁的細胞會分泌一種結合蛋白質，促進此維生素的吸收,,C,C,standard,,False,108100_1301.pdf,108100_ANS1301.pdf
MOEX-108100-1301-Q078,108,第二次,108100,1301,78,組織學,組織學,,紅血球生成素（erythropoietin; EPO）的作用機制牽涉到JAK-STAT（Janus kinase-signal transducers and activators of transcription）系統。下列敘述何者正確？,EPO受體為JAK蛋白質,EPO與受體結合後，受體蛋白質會被JAK磷酸化,EPO與受體結合後，受體蛋白質會被STAT磷酸化,EPO與受體結合形成的 complex 會移入細胞核內，調控特定基因的表現,,B,B,standard,,False,108100_1301.pdf,108100_ANS1301.pdf
MOEX-108100-1301-Q079,108,第二次,108100,1301,79,生物化學,生物化學,,人類雙股DNA在中性pH水溶液中，溫度由37℃加熱到95℃時，下列敘述何者錯誤？,UV 260 nm的吸光度增加,N-醣苷共價鍵（N-glycosidic bond）發生斷裂現象,雙股螺旋結構解開（unwinds）,DNA不會由水溶液中沉澱出來,,B,B,standard,,False,108100_1301.pdf,108100_ANS1301.pdf
MOEX-108100-1301-Q080,108,第二次,108100,1301,80,生物化學,生物化學,,細胞內DNA複製過程中，為何需要RNA引子（primer）？,提供DNA聚合酶合成反應所需要的3'-端磷酸基,提供DNA聚合酶合成反應所需要的3'-端羥基（OH）,提供DNA聚合酶合成反應所需要的5'-端羥基（OH）,提供DNA聚合酶合成反應所需要的5'-端磷酸基,,B,B,standard,,False,108100_1301.pdf,108100_ANS1301.pdf
MOEX-108100-1301-Q081,108,第二次,108100,1301,81,組織學,組織學,,在人類細胞中每一條染色體有幾個複製原點（replication origin）？,1,2,3,>3,,D,D,standard,,False,108100_1301.pdf,108100_ANS1301.pdf
MOEX-108100-1301-Q082,108,第二次,108100,1301,82,生物化學,生物化學,,下列有關真核細胞Ras蛋白質之敘述，何者錯誤？,基因突變後容易致癌,Ras蛋白質經修飾後會結合至細胞膜上,Ras蛋白質利用其N端氨基與法尼基（farnesyl）之官能基結合,修飾Ras蛋白質之法尼基（farnesyl）之官能基的合成和膽固醇（cholesterol）的合成使用同一前驅物,,C,C,standard,,False,108100_1301.pdf,108100_ANS1301.pdf
MOEX-108100-1301-Q083,108,第二次,108100,1301,83,生物化學,生物化學,,下列那一種RNA聚合酶（RNA polymerase）對α-amanitin最敏感？,RNA polymerase I,RNA polymerase II,RNA polymerase III,reverse transcriptase,,B,B,standard,,False,108100_1301.pdf,108100_ANS1301.pdf
MOEX-108100-1301-Q084,108,第二次,108100,1301,84,生物化學,生物化學,,脊椎動物中，由下列那種酵素合成5S rRNA與tRNA？,RNA polymerase I,RNA polymerase II,RNA polymerase III,ribosomal RNase,,C,C,standard,,False,108100_1301.pdf,108100_ANS1301.pdf
MOEX-108100-1301-Q085,108,第二次,108100,1301,85,醫學一其他科目,醫學一其他科目,,琉璃醣醛酸（hyaluronic acid）是人體含量最多的黏多醣，其分子組成含有下列何種重複單位？,galactose和N-acetylgalactosamine,glucose和fructose,D-glucuronic acid和N-acetylglucosamine,D-glucuronic acid和N-acetylgalactosamine,,C,C,standard,,False,108100_1301.pdf,108100_ANS1301.pdf
MOEX-108100-1301-Q086,108,第二次,108100,1301,86,組織學,組織學,,有關胰島素（insulin）之作用，下列何者正確？,抑制phosphodiesterase活性，使cAMP無法轉變成AMP,"減少肝細胞之fructose-2,6-bisphosphate濃度",抑制肝細胞之糖解作用（glycolysis）,刺激葡萄糖被送入肌肉細胞,,D,D,standard,,False,108100_1301.pdf,108100_ANS1301.pdf
MOEX-108100-1301-Q087,108,第二次,108100,1301,87,生物化學,生物化學,,下列何種醣類代謝產物會影響氧分子與血紅蛋白（hemoglobin）的親和力？,"1,3-bisphosphoglycerate","2,3-bisphosphoglycerate","fructose 1,6-bisphosphate","fructose 2,6-bisphosphate",,B,B,standard,,False,108100_1301.pdf,108100_ANS1301.pdf
MOEX-108100-1301-Q088,108,第二次,108100,1301,88,生物化學,生物化學,,下列何者無法經由受質階層磷酸化（substrate-level phosphorylation）直接合成ATP（或GTP）？,2-phosphoglycerate,phosphoenolpyruvate,succinyl-CoA,"1, 3-bisphosphoglycerate",,A,A,standard,,False,108100_1301.pdf,108100_ANS1301.pdf
MOEX-108100-1301-Q089,108,第二次,108100,1301,89,生物化學,生物化學,,奇數碳的脂肪酸經過β-oxidation後，最後產生的三碳產物會以何種形式直接進入檸檬酸循環（citric acid cycle）？,α-ketoglutarate,succinyl-CoA,oxaloacetate,propionyl-CoA,,B,B,standard,,False,108100_1301.pdf,108100_ANS1301.pdf
MOEX-108100-1301-Q090,108,第二次,108100,1301,90,生物化學,生物化學,,在糖蛋白質（glycoproteins）中，下列何組胺基酸直接參與糖與蛋白質共價鍵的形成？,"甘胺酸、蘇氨酸和絲氨酸（Gly, Thr & Ser）","天門冬醯胺、蘇氨酸和絲氨酸（Asn, Thr & Ser）","麩胺醯胺、絲氨酸和酪氨酸（Gln, Ser & Tyr）","離胺酸、組織胺酸和麩胺酸（Lys, His & Glu）",,B,B,standard,,False,108100_1301.pdf,108100_ANS1301.pdf
MOEX-108100-1301-Q091,108,第二次,108100,1301,91,組織學,組織學,,下列關於血型糖蛋白（glycophorin）之敘述，何者錯誤？,它是紅血球胞膜上的一種鑲嵌穿膜蛋白質（integral membrane protein）,其寡糖連接在該蛋白質之細胞質面（cytoplasmic face）的胺基酸殘基上,它含有一個由非極性胺基酸組成的胜肽片段所形成的穿膜螺旋,血型糖蛋白上帶有決定人類ABO血型的寡糖,,B,B,standard,,False,108100_1301.pdf,108100_ANS1301.pdf
MOEX-108100-1301-Q092,108,第二次,108100,1301,92,組織學,組織學,,下列何者為葡萄糖從小腸腔運輸至其上皮細胞內的機制？,促進性擴散作用（facilitated diffusion）,與鈉離子交換運輸（antiport）,與鈉離子共同運輸（symport）,初級主動運輸作用（primary active transport）,,C,C,standard,,False,108100_1301.pdf,108100_ANS1301.pdf
MOEX-108100-1301-Q093,108,第二次,108100,1301,93,生物化學,生物化學,,葡萄糖生成性（glucogenic）胺基酸可在酵素作用下直接轉變為克氏循環（TCA cycle）的中間產物，下列何 者錯誤？,麩胺酸（glutamate）→α-酮基戊二酸（α-ketoglutarate）,組胺酸（histidine）→ 琥珀醯基輔酶A（succinyl-CoA）,天冬胺酸（aspartate）→草醯乙酸（oxaloacetate）,酪胺酸（tyrosine）→反丁烯二酸（fumarate）,,B,B,standard,,False,108100_1301.pdf,108100_ANS1301.pdf
MOEX-108100-1301-Q094,108,第二次,108100,1301,94,生物化學,生物化學,,若長期攝取含有大量蛋白質但極少量澱粉的食物，則人體會出現下列何種症狀？,尿液中的尿素含量會顯著減少,體內會累積大量脂肪,血液中酮體（ketone bodies）的含量會大幅升高,極可能導致代謝性鹼中毒（metabolic alkalosis）,,C,C,standard,,False,108100_1301.pdf,108100_ANS1301.pdf
MOEX-108100-1301-Q095,108,第二次,108100,1301,95,組織學,組織學,,下列粒線體電子傳遞鏈中，那一種酵素參與電子傳遞鏈最後階段的反應？,cytochrome oxidase,succinate dehydrogenase,ubiquinone:cytochrome c oxidoreductase,NADH dehydrogenase,,A,A,standard,,False,108100_1301.pdf,108100_ANS1301.pdf
MOEX-108100-1301-Q096,108,第二次,108100,1301,96,組織學,組織學,,下列有關被荷爾蒙活化的phospholipase C之敍述，何者錯誤？,"其受質是phosphatidylinositol 4,5-bisphosphate",催化產物之一是diacylglycerol，可活化protein kinase C,由G protein連結之受器所活化,催化產物之一是inositol trisphosphate，可減少細胞質內鈣離子濃度,,D,D,standard,,False,108100_1301.pdf,108100_ANS1301.pdf
MOEX-108100-1301-Q097,108,第二次,108100,1301,97,生理學,生理學,,有關糖皮質激素-受體複合物（glucocorticoid-receptor complex）影響轉錄的敘述，下列何者錯誤？,主要是與其它轉錄因子（transcription factor）結合，進而抑制基因表現,激素-受體複合物是在細胞內形成,結合在它們可辨識的DNA序列上來影響激素反應基因（hormone responsive gene）的轉錄,受體具有典型的DNA結合區域（DNA-binding domain），與激素結合區域（hormone binding domain）不同,,A,A,standard,,False,108100_1301.pdf,108100_ANS1301.pdf
MOEX-108100-1301-Q098,108,第二次,108100,1301,98,組織學,組織學,,下列何者是導致突變的Ras蛋白（Ras mutant）持續活化（constitutive activation）的主要原因？,增加與GDP結合的親和力,不受GTPase-activating proteins（GAP）的調節,降低細胞膜受體與激素的結合能力,增加細胞膜受體與G蛋白的結合能力,,B,B,standard,,False,108100_1301.pdf,108100_ANS1301.pdf
MOEX-108100-1301-Q099,108,第二次,108100,1301,99,生物化學,生物化學,,建立人類的genomic library不可能需要下列那一種材料？,DNA ligase,bacteriophage lambda,reverse transcriptase,restriction enzymes,,C,C,standard,,False,108100_1301.pdf,108100_ANS1301.pdf
MOEX-108100-1301-Q100,108,第二次,108100,1301,100,生物化學,生物化學,,下列何者不適合利用 restriction fragment length polymorphism（RFLP）分析？,DNA指紋鑑定（DNA fingerprinting）,疾病基因之定位,可能遺傳缺陷的產前篩選,建立cDNA library,,D,D,standard,,False,108100_1301.pdf,108100_ANS1301.pdf
MOEX-109100-1301-Q001,109,第二次,109100,1301,1,解剖學,神經解剖,神經解剖,有關中樞神經系統內下行徑路的敘述，下列何者錯誤？,前庭脊髓徑（vestibulospinal tract）主要支配軀幹與肢體之伸肌群（extensor muscle）,網狀系統接受多方面傳入之訊息且發出網狀脊髓徑（reticulospinal tract）調控運動系統,在人體，紅核脊髓徑（rubrospinal tract）支配上下肢之屈肌群,腹側大腦皮質脊髓徑（ventral corticospinal tract）主要支配軀幹之肌群,,C,C,standard,,False,109100_1301.pdf,109100_MOD1301.pdf
MOEX-109100-1301-Q002,109,第二次,109100,1301,2,解剖學,骨盆與會陰,神經解剖,有關內耳外淋巴（perilymph）的敘述，下列何者錯誤？,存在於連接圓窗（round window）與卵圓窗（oval window）間的管道,存於耳蝸的前庭階（scala vestibuli）內,與蛛網膜下腔（subarachnoid space）相交通,存於膜性迷路（membranous labyrinth）內,,D,D,standard,,False,109100_1301.pdf,109100_MOD1301.pdf
MOEX-109100-1301-Q003,109,第二次,109100,1301,3,解剖學,頭頸部,頭頸部,有關內頸動脈（internal carotid artery）的敘述，下列何者錯誤？,起源於總頸動脈,在頸部它走於內頸靜脈的內側,於破裂孔（foramen lacerum）處轉向後方進入顱腔,與外旋神經（abducent nerve）共同穿過海綿竇（cavernous sinus）,,C,C,standard,,False,109100_1301.pdf,109100_MOD1301.pdf
MOEX-109100-1301-Q004,109,第二次,109100,1301,4,解剖學,胸腔,胸腔,在一般情況下，奇靜脈（azygos vein）在下列何處造成壓跡？,"右肺上葉（right lung, superior lobe）","左肺上葉（left lung, superior lobe）","右肺下葉（right lung, inferior lobe）","左肺下葉（left lung, inferior lobe）",,A|C,A|C,multiple_answers,第4題答A、C給分,False,109100_1301.pdf,109100_MOD1301.pdf
MOEX-109100-1301-Q005,109,第二次,109100,1301,5,解剖學,腹部,腹部,消化道管壁內，有縱走皺摺的是：,食道,胃,空腸,橫結腸,,B,B,standard,,False,109100_1301.pdf,109100_MOD1301.pdf
MOEX-109100-1301-Q006,109,第二次,109100,1301,6,解剖學,下肢,下肢,下列何者支配提睪肌（cremasteric muscle）？,髂腹下神經（iliohypogastric nerve）,髂腹股溝神經（ilioinguinal nerve）,生殖股神經（genitofemoral nerve）,閉孔神經（obturator nerve）,,C,C,standard,,False,109100_1301.pdf,109100_MOD1301.pdf
MOEX-109100-1301-Q007,109,第二次,109100,1301,7,解剖學,骨盆與會陰,骨盆與會陰,膀胱下動脈（inferior vesical artery）發生阻塞，下列何者最不可能受影響？,膀胱,直腸,儲精囊,輸精管,,B,B,standard,,False,109100_1301.pdf,109100_MOD1301.pdf
MOEX-109100-1301-Q008,109,第二次,109100,1301,8,解剖學,骨盆與會陰,腹部,直腸梳狀線（pectinate line）下方之淋巴，最常直接匯流至下列何處？,髂內淋巴結（internal iliac lymph nodes）,髂外淋巴結（external iliac lymph nodes）,腹股溝淺淋巴結（superficial inguinal lymph nodes）,腰淋巴結（lumbar lymph nodes）,,C,C,standard,,False,109100_1301.pdf,109100_MOD1301.pdf
MOEX-109100-1301-Q009,109,第二次,109100,1301,9,胚胎及發育生物學,胚胎及發育生物學,,支配臀中肌（gluteus medius）的神經發炎，下列何者最可能同時受影響？,臀大肌（gluteus maximus）,梨狀肌（piriformis）,上孖肌（superior gemellus）,闊筋膜張肌（tensor fasciae latae）,,D,D,standard,,False,109100_1301.pdf,109100_MOD1301.pdf
MOEX-109100-1301-Q010,109,第二次,109100,1301,10,解剖學,腹部,腹部,下列何者不是腹膜的衍生物？,白膜（tunica albuginea）,鞘膜（tunica vaginalis）,闊韌帶（broad ligament）,懸韌帶（suspensory ligament）,,A,A,standard,,False,109100_1301.pdf,109100_MOD1301.pdf
MOEX-109100-1301-Q011,109,第二次,109100,1301,11,解剖學,骨盆與會陰,骨盆與會陰,下列何者是直接連接子宮與卵巢的支持構造？,卵巢繫膜（ovarian mesovarium）,卵巢韌帶（ovarian ligament）,子宮圓韌帶（round ligament of the uterus）,輸卵管繫膜（mesosalpinx）,,B,B,standard,,False,109100_1301.pdf,109100_MOD1301.pdf
MOEX-109100-1301-Q012,109,第二次,109100,1301,12,解剖學,上肢,上肢,下列前臂（forearm）的肌肉中，那一塊附著在手腕的豆狀骨（pisiform bone）上？,旋前圓肌（pronator teres）,橈側屈腕肌（flexor carpi radialis）,掌長肌（palmaris longus）,尺側屈腕肌（flexor carpi ulnaris）,,D,D,standard,,False,109100_1301.pdf,109100_MOD1301.pdf
MOEX-109100-1301-Q013,109,第二次,109100,1301,13,解剖學,胸腔,胸腔,有關頸椎關節的敘述，下列何者正確？,寰枕關節（atlanto-occipital joint）主要提供頭部左右轉動,翼韌帶（alar ligament）主要連結樞椎（axis）的齒突（dens）與寰椎（atlas）,樞椎的齒突主要與寰椎前結節（anterior tubercle）的後表面形成關節,橫突（transverse process）上有肋關節面（costal facet）,,C,C,standard,,False,109100_1301.pdf,109100_MOD1301.pdf
MOEX-109100-1301-Q014,109,第二次,109100,1301,14,解剖學,神經解剖,神經解剖,胼胝體（corpus callosum）的主要血流供給來自下列何動脈？,大腦前動脈（anterior cerebral artery）,大腦中動脈（middle cerebral artery）,前脈絡叢動脈（anterior choroid artery）,豆紋動脈 (lenticulostriate artery),,A,A,standard,,False,109100_1301.pdf,109100_MOD1301.pdf
MOEX-109100-1301-Q015,109,第二次,109100,1301,15,解剖學,神經解剖,神經解剖,下列何種神經傳導徑路，通過脊髓白質腹側聯合（ventral white commissure）？,脊髓丘腦徑（spinothalamic tract）,背側脊髓小腦徑（dorsal spinocerebellar tract）,網狀脊髓徑（reticulospinal tract）,紅核脊髓徑（rubrospinal tract）,,A,A,standard,,False,109100_1301.pdf,109100_MOD1301.pdf
MOEX-109100-1301-Q016,109,第二次,109100,1301,16,解剖學,神經解剖,神經解剖,下列何構造不屬於外側嗅覺區（lateral olfactory area）？,前隔區（septal area）,鉤迴 （uncus）,內鼻皮質（entorhinal cortex）,杏仁核（amygdala）,,A,A,standard,,False,109100_1301.pdf,109100_MOD1301.pdf
MOEX-109100-1301-Q017,109,第二次,109100,1301,17,解剖學,神經解剖,神經解剖,關於孤立束核（solitary nucleus）之敘述 ，下列何者錯誤？,可接受味覺的感覺訊息,可接受一般內臟感覺訊息,含有副交感神經節前神經元（parasympathic preganglionic neuron）,位於延髓（medulla oblongata）,,C,C,standard,,False,109100_1301.pdf,109100_MOD1301.pdf
MOEX-109100-1301-Q018,109,第二次,109100,1301,18,解剖學,神經解剖,神經解剖,大腦初級視覺皮質（primary visual cortex）之主要血流來自何處？,大腦後動脈（posterior cerebral artery）,大腦前動脈（anterior cerebral artery）,大腦中動脈（middle cerebral artery）,後交通動脈（posterior communicating artery）,,A,A,standard,,False,109100_1301.pdf,109100_MOD1301.pdf
MOEX-109100-1301-Q019,109,第二次,109100,1301,19,解剖學,頭頸部,頭頸部,腭扁桃腺（palatine tonsil）的血液供應，主要來自下列何者的分支？,顏面動脈（facial artery）,下齒槽動脈（inferior alveolar artery）,舌動脈（lingual artery）,上頜動脈（maxillary artery）,,A,A,standard,,False,109100_1301.pdf,109100_MOD1301.pdf
MOEX-109100-1301-Q020,109,第二次,109100,1301,20,解剖學,頭頸部,頭頸部,關於梨狀窩（piriform fossa）之敘述，下列何者正確？,位於口咽（oropharynx）的黏膜凹窩（mucosal recess）,位於舌基部（base of tongue）與會厭（epiglottis）之間,其黏膜深層有喉外神經（external laryngeal nerve）走過,梨狀窩與喉入口（laryngeal inlet）之間隔著杓狀會厭皺襞（aryepiglottic fold）,,D,D,standard,,False,109100_1301.pdf,109100_MOD1301.pdf
MOEX-109100-1301-Q021,109,第二次,109100,1301,21,解剖學,頭頸部,頭頸部,橫顏面動脈（transverse facial artery）是下列那一動脈的分支？,顏面動脈（facial artery）,上頜動脈（maxillary artery）,頰動脈（buccal artery）,淺顳動脈（superficial temporal artery）,,D,D,standard,,False,109100_1301.pdf,109100_MOD1301.pdf
MOEX-109100-1301-Q022,109,第二次,109100,1301,22,解剖學,胸腔,胸腔,下列何者與心臟纖維骨架（fibrous skeleton）的功能，最不相關？,提供瓣膜附著處,使心房心室不同時收縮,冠狀動脈供血區域之分界線,使瓣膜出口不會隨血流量改變而過分擴張,,C,C,standard,,False,109100_1301.pdf,109100_MOD1301.pdf
MOEX-109100-1301-Q023,109,第二次,109100,1301,23,解剖學,胸腔,胸腔,下列何種情形通常不會導致肺塌陷（atelectasis）？,氣胸（pneumothorax）,肋膜積液（pleural effusion）,肺栓塞（pulmonary thrombosis）,支氣管阻塞（bronchial obstruction）,,C,C,standard,,False,109100_1301.pdf,109100_MOD1301.pdf
MOEX-109100-1301-Q024,109,第二次,109100,1301,24,解剖學,胸腔,胸腔,內胸動脈（internal thoracic artery）走在：,壁層肋膜（parietal pleura）內側,壁層肋膜（parietal pleura）與胸橫肌（transversus thoracis）之間,胸橫肌（transversus thoracis）與肋軟骨之間,胸骨正下方,,C,C,standard,,False,109100_1301.pdf,109100_MOD1301.pdf
MOEX-109100-1301-Q025,109,第二次,109100,1301,25,解剖學,胸腔,胸腔,有關關節的敘述，下列何者正確？,椎間關節（intervertebral joint）屬滑液關節（synovial joint）,第一胸肋關節（sternocostal joint）屬滑液關節（synovial joint）,第二到第七胸肋關節（sternocostal joint）屬軟骨關節（cartilaginous joint）,胸鎖關節（sternoclavicular joint）屬滑液關節（synovial joint）,,D,D,standard,,False,109100_1301.pdf,109100_MOD1301.pdf
MOEX-109100-1301-Q026,109,第二次,109100,1301,26,解剖學,胸腔,胸腔,有關肋間隙（intercostal space）之敘述，下列何者正確？,第五肋間是指介於第四及第五肋骨間的間隙,共有11個肋間隙,長胸神經（long thoracic nerve）的分支穿入肋間,肋間神經（intercostal nerve）走在外肋間肌（external intercostal muscle）與內肋間肌（internal intercostal muscle）之間,,B,B,standard,,False,109100_1301.pdf,109100_MOD1301.pdf
MOEX-109100-1301-Q027,109,第二次,109100,1301,27,解剖學,下肢,下肢,下列何者穿過外側弓狀韌帶（lateral arcuate ligament）下方後，支配前外側腹壁的皮膚？,肋下神經（subcostal nerve）,髂腹股溝神經（iliohypogastric nerve）,閉孔神經（obturator nerve）,股神經（femoral nerve）,,A,A,standard,,False,109100_1301.pdf,109100_MOD1301.pdf
MOEX-109100-1301-Q028,109,第二次,109100,1301,28,解剖學,骨盆與會陰,骨盆與會陰,下列何處是女性骨盆腔最低的地方？,腹壁膀胱陷凹（abdominovesical pouch）,直腸膀胱陷凹（rectovesical pouch）,直腸子宮陷凹（rectouterine pouch）,子宮膀胱陷凹（uterovesical pouch）,,C,C,standard,,False,109100_1301.pdf,109100_MOD1301.pdf
MOEX-109100-1301-Q029,109,第二次,109100,1301,29,解剖學,骨盆與會陰,骨盆與會陰,下列何者不附著在坐骨粗隆（ischial tuberosity）？,半腱肌（semitendinosus）,半膜肌（semimembranosus）,股二頭肌長頭（long head of biceps femoris）,股二頭肌短頭（short head of biceps femoris）,,D,D,standard,,False,109100_1301.pdf,109100_MOD1301.pdf
MOEX-109100-1301-Q030,109,第二次,109100,1301,30,解剖學,胸腔,胸腔,網球肘（tennis elbow）與高爾夫球肘（golfer's elbow）最常感覺到疼痛的部位，分別是在那一個位置？,前者在冠狀窩（coronoid fossa），後者在鷹嘴窩（olecranon fossa）,前者在鷹嘴窩（olecranon fossa），後者在冠狀窩（coronoid fossa）,前者在內上髁（medial epicondyle），後者在外上髁（lateral epicondyle）,前者在外上髁（lateral epicondyle），後者在內上髁（medial epicondyle）,,D,D,standard,,False,109100_1301.pdf,109100_MOD1301.pdf
MOEX-109100-1301-Q031,109,第二次,109100,1301,31,胚胎及發育生物學,胚胎及發育生物學,,下列何者不附著於第二頸椎的棘突？,頸半棘肌（semispinalis cervicis）,下頭斜肌（obliquus capitis inferior）,大後頭直肌（rectus capitis posterior major）,小後頭直肌（rectus capitis posterior minor）,,D,D,standard,,False,109100_1301.pdf,109100_MOD1301.pdf
MOEX-109100-1301-Q032,109,第二次,109100,1301,32,胚胎及發育生物學,胚胎及發育生物學,,母親在懷孕約幾週時，會開始明顯感受胎動（quickening）？,7~10,11~14,17~20,22~25,,C,C,standard,,False,109100_1301.pdf,109100_MOD1301.pdf
MOEX-109100-1301-Q033,109,第二次,109100,1301,33,解剖學,腹部,腹部,中腸環（midgut loop）的旋轉，以下列何者為軸心？,卵黃柄（yolk stalk）,腹腔動脈（celiac artery）,腸繫膜上動脈（superior mesenteric artery）,腸繫膜下動脈（inferior mesenteric artery）,,C,C,standard,,False,109100_1301.pdf,109100_MOD1301.pdf
MOEX-109100-1301-Q034,109,第二次,109100,1301,34,解剖學,骨盆與會陰,骨盆與會陰,下列何種構造不是由中腎管（mesonephric duct）衍生而成？,睪丸網（rete testis）,副睪（epididymis）,輸精管（ductus deferens）,精囊（seminal vesicle）,,A,A,standard,,False,109100_1301.pdf,109100_MOD1301.pdf
MOEX-109100-1301-Q035,109,第二次,109100,1301,35,胚胎及發育生物學,胚胎及發育生物學,,胎兒循環中，下列何種血管的含氧量最高？,主動脈（aorta）,臍動脈（umbilical artery）,臍靜脈（umbilical vein）,肺靜脈（pulmonary vein）,,C,C,standard,,False,109100_1301.pdf,109100_MOD1301.pdf
MOEX-109100-1301-Q036,109,第二次,109100,1301,36,胚胎及發育生物學,胚胎及發育生物學,,下列何者不參與鼓膜（tympanic membrane）的形成？,第一與第二咽弓（pharyngeal arch）之間葉組織（mesenchyme）,第一咽囊（pharyngeal pouch）之內胚層（endoderm）,神經外胚層（neuroectoderm）,第一咽溝（pharyngeal groove）之外胚層（ectoderm）,,C,C,standard,,False,109100_1301.pdf,109100_MOD1301.pdf
MOEX-109100-1301-Q037,109,第二次,109100,1301,37,組織學,組織學,,在骨骼肌（skeletal muscle）中，每一個肌肉細胞（muscle cell）又稱為：,肌原纖維（myofibril）,肌纖維（muscle fiber）,肌絲（myofilament）,肌束（muscle fascicle）,,B,B,standard,,False,109100_1301.pdf,109100_MOD1301.pdf
MOEX-109100-1301-Q038,109,第二次,109100,1301,38,組織學,組織學,,下列何者不是平滑肌細胞（smooth muscle cell）的特徵？,緻密體（dense body）,細胞膜小凹（caveolae）,細胞核會隨著細胞收縮而改變形狀,多核,,D,D,standard,,False,109100_1301.pdf,109100_MOD1301.pdf
MOEX-109100-1301-Q039,109,第二次,109100,1301,39,組織學,組織學,,在正常情形下，下列有關人類血液（blood）之敘述，何者正確？,"巨核細胞／紅血球前驅細胞（megakaryocyte/erythrocyte progenitor, MEP）是血小板（platelet）和紅血球 （erythrocyte）的共同前驅細胞",紅血球（erythrocyte）在血液中的含量是最少的，其平均直徑約10～12 μm，壽命大約180天,白血球（white blood cell）分為許多種類，其中數目最少的是嗜酸性球（eosinophil）,血小板內有細胞核（nucleus）與許多顆粒（granule），能協助血塊（blood clot）的形成,,A,A,standard,,False,109100_1301.pdf,109100_MOD1301.pdf
MOEX-109100-1301-Q040,109,第二次,109100,1301,40,組織學,組織學,,下列有關血–腦屏障（blood-brain barrier）的敘述，何者錯誤？,其組成主要包括星狀膠細胞（astrocyte）與連續型微血管,微血管的內皮細胞之間具有緊密接合（tight junction）,大腦（cerebrum）是唯一具有血–腦屏障的腦部組織,正常功能的星狀膠細胞（astrocyte）有助於血–腦屏障的維持,,C,C,standard,,False,109100_1301.pdf,109100_MOD1301.pdf
MOEX-109100-1301-Q041,109,第二次,109100,1301,41,組織學,組織學,,下列有關淋巴系統（lymphatic system）的敘述，何者錯誤？,淋巴管以盲管狀的淋巴微管（blind-ended lymphatic capillary）為起始端,淋巴微管（lymphatic capillary）的通透性（permeability）大於一般微血管（blood capillary）,淋巴微管（lymphatic capillary）主要由內皮細胞（endothelial cell）構成,淋巴微管（lymphatic capillary）具有完整的基底膜（basal lamina）和瓣膜（valve）,,D,D,standard,,False,109100_1301.pdf,109100_MOD1301.pdf
MOEX-109100-1301-Q042,109,第二次,109100,1301,42,組織學,組織學,,在十二指腸（duodenum）和胃（stomach）的交接處，可觀察到下列何項構造？,十二指腸有表面黏膜細胞（surface mucous cell）,胃有布魯納氏腺（Brunner's gland）,十二指腸有不連續的黏膜肌層（discontinuous layer of muscularis mucosae）,胃肌外層有顯著加厚的縱走肌（longitudinal layer of muscularis externa）作為括約肌（sphincter）,,C,C,standard,,False,109100_1301.pdf,109100_MOD1301.pdf
MOEX-109100-1301-Q043,109,第二次,109100,1301,43,解剖學,腹部,腹部,下列何者位於肌外層（muscularis externa）調節腸蠕動（peristalsis）？,梅斯納氏小體（Meissner's corpuscle）,梅斯納氏神經叢（Meissner's plexus）,歐巴氏神經叢（Auerbach's plexus）,蒲金氏纖維（Purkinje fiber）,,C,C,standard,,False,109100_1301.pdf,109100_MOD1301.pdf
MOEX-109100-1301-Q044,109,第二次,109100,1301,44,解剖學,腹部,腹部,下列那一構造位於腎髓質（renal medulla）？,遠曲小管（distal convoluted tubule）,緻密斑（macula densa）,亨利氏環的細段（thin limb of loop of Henle）,腎小體（renal corpuscle）,,C,C,standard,,False,109100_1301.pdf,109100_MOD1301.pdf
MOEX-109100-1301-Q045,109,第二次,109100,1301,45,組織學,組織學,,關於男性陰莖（penis）結構的敘述，何者正確？,由疏鬆結締組織的白膜（tunica albuginea）包覆陰莖海綿體（corpora cavernosa）,陰莖海綿體（corpora cavernosa）中具有許多不規則的血管腔，血管腔外圍有平滑肌束（smooth muscle bundle）,血管組成都是由小動脈（arteriole）至微血管（capillary）後，再連接小靜脈（venule）,陰莖龜頭（glans penis）的皮下組織含有豐富的脂肪組織,,B,B,standard,,False,109100_1301.pdf,109100_MOD1301.pdf
MOEX-109100-1301-Q046,109,第二次,109100,1301,46,解剖學,骨盆與會陰,骨盆與會陰,下列關於睪丸支持細胞（Sertoli cell）的敘述，何者正確？,在青春期之後具有複製能力,主要藉由黏連接合（adherens junction）形成睪丸支持細胞間接合複合體（Sertoli cell-to-Sertoli cell junctional complex）,可形成血睪障壁（blood-testis barrier）,僅具有外分泌（exocrine）功能,,C,C,standard,,False,109100_1301.pdf,109100_MOD1301.pdf
MOEX-109100-1301-Q047,109,第二次,109100,1301,47,組織學,組織學,,當頭部轉動時所產生的角加速度（angular acceleration），主要由下列那一個構造負責偵測？,organ of Corti,cochlear ducts,semicircular canals,utricle and saccule,,C,C,standard,,False,109100_1301.pdf,109100_MOD1301.pdf
MOEX-109100-1301-Q048,109,第二次,109100,1301,48,解剖學,神經解剖,神經解剖,下列有關大腦皮質對語言功能調控的敘述，何者最恰當？,弓狀束（arcuate fasciculus）受損會導致傳導性失語症（conduction aphasia）,Broca’s area受損的病人，可能展現流利的口語能力，但語言內容卻無意義,慣用右手的人，他的Wernicke’s area一般也都在右大腦皮質,語言皮質都位於大腦的頂葉（parietal lobe）,,A,A,standard,,False,109100_1301.pdf,109100_MOD1301.pdf
MOEX-109100-1301-Q049,109,第二次,109100,1301,49,組織學,組織學,,下列何者最可能是人類味蕾感受鮮味（umami taste）的媒介物？,glucose,glycerol,NaCl,glutamate,,D,D,standard,,False,109100_1301.pdf,109100_MOD1301.pdf
MOEX-109100-1301-Q050,109,第二次,109100,1301,50,醫學一其他科目,醫學一其他科目,,Basal ganglia如何影響motor cortex的活性？,透過direct pathway降低motor cortex的活性，透過indirect pathway增強motor cortex的活性,透過direct pathway增強motor cortex的活性，透過indirect pathway降低motor cortex的活性,direct pathway與indirect pathway均降低motor cortex的活性,direct pathway與indirect pathway均增強motor cortex的活性,,B,B,standard,,False,109100_1301.pdf,109100_MOD1301.pdf
MOEX-109100-1301-Q051,109,第二次,109100,1301,51,解剖學,神經解剖,神經解剖,梅尼爾氏症候群出現眩暈感（vertigo）的症狀，最可能是因為下列何處受到異常刺激？,內耳,聽覺皮質,小腦,視神經交叉,,A,A,standard,,False,109100_1301.pdf,109100_MOD1301.pdf
MOEX-109100-1301-Q052,109,第二次,109100,1301,52,醫學一其他科目,醫學一其他科目,,生物時鐘之節律（circadian rhythms）主要由下列那一個結構調控？,dentate gyrus,suprachiasmatic nucleus,globus pallidus,solitary nucleus,,B,B,standard,,False,109100_1301.pdf,109100_MOD1301.pdf
MOEX-109100-1301-Q053,109,第二次,109100,1301,53,解剖學,神經解剖,神經解剖,在升降梯加速與減速時，負責偵測身體之垂直位移，並引起適當反射以保持平衡之主要結構為何？,utricle,saccule,semicircular ducts,cochlea,,B,B,standard,,False,109100_1301.pdf,109100_MOD1301.pdf
MOEX-109100-1301-Q054,109,第二次,109100,1301,54,生理學,生理學,,下列有關單一單位（single-unit）與多單位（multi-unit）平滑肌的差異，何者正確？,single-unit在無任何外在刺激下仍維持低程度張力（tone），而multi-unit則不會,single-unit不會產生自發性動作電位（spontaneous action potential），而multi-unit則會,single-unit被拉長時不會產生收縮，而multi-unit則會,single-unit肌肉收縮強度會受激素（hormones）調節，而multi-unit則不會,,A,A,standard,,False,109100_1301.pdf,109100_MOD1301.pdf
MOEX-109100-1301-Q055,109,第二次,109100,1301,55,解剖學,腹部,腹部,下列那一種疾病起因於缺少菸鹼酸膽鹼型受器（nicotinic cholinergic receptor），並可以用乙醯膽鹼分解酶抑 制劑（acetylcholinesterase inhibitor）加以治療？,muscle cramps,hypocalcemic tetany,muscular dystrophy,myasthenia gravis,,D,D,standard,,False,109100_1301.pdf,109100_MOD1301.pdf
MOEX-109100-1301-Q056,109,第二次,109100,1301,56,醫學一其他科目,醫學一其他科目,,下列何者和凝血機制的調控最無關？,fibrinogen,protein C,C-reactive protein,thrombin,,C,C,standard,,False,109100_1301.pdf,109100_MOD1301.pdf
MOEX-109100-1301-Q057,109,第二次,109100,1301,57,組織學,組織學,,正常情況下，下列何者所含的血液容積最大？,心臟,動脈,靜脈,微血管,,C,C,standard,,False,109100_1301.pdf,109100_MOD1301.pdf
MOEX-109100-1301-Q058,109,第二次,109100,1301,58,解剖學,胸腔,胸腔,下列那一項因素最可能造成右心房壓升高？,加強心臟幫浦功能,降低靜脈回流,擴張小動脈，降低周邊阻力,大量失血後，血液量減少,,A|C,A|C,multiple_answers,第58題答A、C給分,False,109100_1301.pdf,109100_MOD1301.pdf
MOEX-109100-1301-Q059,109,第二次,109100,1301,59,生理學,生理學,,從事舉重運動時，造成運動者當下血管周邊總阻力（total peripheral resistance; TPR）上升的最主要原因為 何？,肌肉收縮壓迫血管,心輸出量增加，血壓上升,肌肉局部代謝物因子增加,感壓受器反射（baroreceptor reflex）作用增加,,A,A,standard,,False,109100_1301.pdf,109100_MOD1301.pdf
MOEX-109100-1301-Q060,109,第二次,109100,1301,60,解剖學,胸腔,胸腔,下列有關肺部界面活性劑（surfactant）之敘述，何者錯誤？,為第二型肺泡細胞（type II alveolar cells）所分泌,其缺乏時，肺泡不易擴張,可增加肺順應性（lung compliance）,可增加肺泡的表面張力（surface tension）,,D,D,standard,,False,109100_1301.pdf,109100_MOD1301.pdf
MOEX-109100-1301-Q061,109,第二次,109100,1301,61,解剖學,胸腔,胸腔,居住於平地的居民，登上3000公尺的高山並待了七天，下列何種生理變化最不可能發生？,血比容（hematocrit）增加,動脈氧分壓（PaO ）下降 2,動脈二氧化碳分壓（PaCO ） 增加 2,肺泡通氣量（alveolar ventilation）增加,,C,C,standard,,False,109100_1301.pdf,109100_MOD1301.pdf
MOEX-109100-1301-Q062,109,第二次,109100,1301,62,生理學,生理學,,一位健康者站立且平靜呼吸時，下列那一個生理變化是肺底小於肺尖？,肺通氣量,血液灌流量,肺通氣量與血液灌流量之比值（ ）,肺順應性,,C,C,standard,,False,109100_1301.pdf,109100_MOD1301.pdf
MOEX-109100-1301-Q063,109,第二次,109100,1301,63,生理學,生理學,,下列有關小腸migrating myoelectrical complex（MMC）之敘述，何者正確？,小腸分泌的motilin激素可以促進MMC,當食物從胃完全排空至十二指腸時，MMC會暫時停止,當大部分食物被消化吸收後，分節收縮（segmentation contraction）會取代MMC,MMC之功能主要是混合食糜,,A,A,standard,,False,109100_1301.pdf,109100_MOD1301.pdf
MOEX-109100-1301-Q064,109,第二次,109100,1301,64,生理學,生理學,,下列何者為直接刺激胰臟分泌消化酵素之最主要激素（hormone）？,膽囊收縮素（cholecystokinin）,胃泌素（gastrin）,胰泌素（secretin）,體抑素（somatostatin）,,A,A,standard,,False,109100_1301.pdf,109100_MOD1301.pdf
MOEX-109100-1301-Q065,109,第二次,109100,1301,65,解剖學,腹部,腹部,正常情況下，下列那一段腎小管對水分的通透性（permeability）最大？,亨利氏彎管的細下降枝（thin descending limb）,亨利氏彎管的細上升枝（thin ascending limb）,亨利氏彎管的粗上升枝（thick ascending limb）,集尿管（collecting duct）的髓質部（inner medullary portion）,,A,A,standard,,False,109100_1301.pdf,109100_MOD1301.pdf
MOEX-109100-1301-Q066,109,第二次,109100,1301,66,生理學,生理學,,嚴格限制澱粉和肉類的攝取量，只吃水果和蔬菜，每日的鉀攝取量由65 mmol/day 遽增到130 mmol/day。三週 後身體內最可能發生的生理變化為何？,血中的鉀離子濃度會大幅度上升（>1 mmol/L）,鈉離子的排出速率（sodium excretion rate）會大幅度上升,血漿中的aldosterone濃度會上升,腎臟近端腎小管的鉀排出量會大量增加,,C,C,standard,,False,109100_1301.pdf,109100_MOD1301.pdf
MOEX-109100-1301-Q067,109,第二次,109100,1301,67,解剖學,腹部,神經解剖,將雄鼠之腦下垂體前葉（anterior pituitary）移植到另一隻雄鼠之腎臟包膜（renal capsule）內，數週後移植的 腦下垂體前葉生長情況良好，則接受移植之雄鼠其血中激素與沒接受移植之雄性對照鼠的比較，其變化之情 形最接近下列何者？（FSH：follicle stimulating hormone；LH：luteinizing hormone；TSH：thyroid-stimulating hormone；PRL：prolactin；↑：明顯增加；-：幾乎不變）,FSH↑；LH↑；TSH↑；PRL↑,FSH-；LH-；TSH-；PRL-,FSH↑；LH↑；TSH-；PRL-,FSH-；LH-；TSH-；PRL↑,,D,D,standard,,False,109100_1301.pdf,109100_MOD1301.pdf
MOEX-109100-1301-Q068,109,第二次,109100,1301,68,生理學,生理學,,下列何種激素（hormone）是屬於最典型的tropic hormone？,thyroxine,insulin-like growth factor-1（IGF-1）,prostaglandin E 2,thyroid stimulating hormone（TSH）,,D,D,standard,,False,109100_1301.pdf,109100_MOD1301.pdf
MOEX-109100-1301-Q069,109,第二次,109100,1301,69,組織學,組織學,,Tetraiodothyronine於血液循環中，最主要是靠下列何者運輸？,albumin,transthyretin,thyroxine-binding globulin（TBG）,immunoglobulin,,C,C,standard,,False,109100_1301.pdf,109100_MOD1301.pdf
MOEX-109100-1301-Q070,109,第二次,109100,1301,70,解剖學,骨盆與會陰,骨盆與會陰,下列何者與男性生殖器官的形成最不相關？,濾泡促素（FSH）,染色體Y,雄性素（androgen）,Müllerian-inhibiting substance,,A,A,standard,,False,109100_1301.pdf,109100_MOD1301.pdf
MOEX-109100-1301-Q071,109,第二次,109100,1301,71,醫學一其他科目,醫學一其他科目,,下列何者與分娩過程最不相關？,adrenocorticotropic hormone（ACTH）,oxytocin,prostaglandin,prolactin,,D,D,standard,,False,109100_1301.pdf,109100_MOD1301.pdf
MOEX-109100-1301-Q072,109,第二次,109100,1301,72,解剖學,神經解剖,神經解剖,一位21歲的男性因視力障礙及頭痛就醫，醫師除了發現病患有腦壓增高的現象外，也有視野雙側顳側 （bitemporal）偏盲現象。經腦部電腦斷層掃描後，最可能的診斷為下列何者？,枕葉部腫瘤（occipital lobe tumor）,顳葉部腫瘤（temporal lobe tumor）,額葉部腫瘤（frontal lobe tumor）,腦下垂體腫瘤（pituitary tumor）,,D,D,standard,,False,109100_1301.pdf,109100_MOD1301.pdf
MOEX-109100-1301-Q073,109,第二次,109100,1301,73,生理學,生理學,,承上題，該病患向醫師表示，近半年來性慾（libido）及陰莖勃起功能（erectile function）都變差。經檢測血 液樣本，發現某一激素的濃度偏高。此血中濃度偏高之激素，最有可能為下列何者？,adrenocorticotropic hormone（ACTH）,prolactin,luteinizing hormone（LH）,follicle-stimulating hormone（FSH）,,B,B,standard,,False,109100_1301.pdf,109100_MOD1301.pdf
MOEX-109100-1301-Q074,109,第二次,109100,1301,74,生物化學,生物化學,,血紅素S（Hemoglobin S）是由於其中的胺基酸Glu被置換成Val，致使血紅素S有聚集（aggregation）的現象， 其原因為何？,血紅素S間形成共價鍵（covalent bond）,血紅素S間形成雙硫鍵（disulfide bond）,血紅素S間的疏水性交互作用（hydrophobic interactions）增加,血紅素S間的離子交互作用（ionic interactions）增加,,C,C,standard,,False,109100_1301.pdf,109100_MOD1301.pdf
MOEX-109100-1301-Q075,109,第二次,109100,1301,75,生物化學,生物化學,,配體（Ligand）與蛋白質之同向異位性作用（homotropic allosteric interaction）的定義為何？,一分子的配體與蛋白質上的結合位點（binding site）結合後，會影響第二個相同的配體分子結合到同一位點 上,一分子的配體與蛋白質上的結合位點（binding site）結合後，會影響該蛋白質其他配體結合位點與配體的結 合能力,二個不同的配體能與同一個蛋白質結合位點（binding site）結合,配體與蛋白質結合位點（binding site）結合後，不會造成該蛋白質其他部分的結構變化（conformational change）,,B,B,standard,,False,109100_1301.pdf,109100_MOD1301.pdf
MOEX-109100-1301-Q076,109,第二次,109100,1301,76,生理學,生理學,,一合乎Michaelis-Menten動力學之酵素，若其反應的初速度（initial reaction rate）為0.8 V 時，受質的濃度應 max 為：,2 K m,3 K m,4 K m,5 K m,,C,C,standard,,False,109100_1301.pdf,109100_MOD1301.pdf
MOEX-109100-1301-Q077,109,第二次,109100,1301,77,醫學一其他科目,醫學一其他科目,,輔酶thiamine pyrophosphate（TPP）在參與丙酮酸脫羧酶（pyruvate decarboxylase）催化反應時，負責轉移下 列何種基團？,methyl group,acyl group,aldehyde group,carboxyl group,,C,C,standard,,False,109100_1301.pdf,109100_MOD1301.pdf
MOEX-109100-1301-Q078,109,第二次,109100,1301,78,醫學一其他科目,醫學一其他科目,,下列何種生物能自行合成cobalamin（vitamin B ）？ 12,脊椎動物,昆蟲,微生物,植物,,C,C,standard,,False,109100_1301.pdf,109100_MOD1301.pdf
MOEX-109100-1301-Q079,109,第二次,109100,1301,79,解剖學,胸腔,胸腔,下列何種反應是一種deamination的作用？,胞嘧啶（cytosine）變成次黃嘌呤（hypoxanthine）,5'-甲基胞嘧啶（5'-methylcytosine）變成胸腺嘧啶（thymine）,腺嘌呤（adenine）變成黃嘌呤（xanthine）,鳥糞嘌呤（guanine）變成尿嘧啶（uracil）,,B,B,standard,,False,109100_1301.pdf,109100_MOD1301.pdf
MOEX-109100-1301-Q080,109,第二次,109100,1301,80,生物化學,生物化學,,DNA-DNA，DNA-RNA，RNA-RNA所形成的雜交配對，在中性pH下，三者間的相對穩定度為何？,DNA-DNA>RNA-RNA>DNA-RNA,RNA-DNA>RNA-RNA>DNA-DNA,RNA-RNA>DNA-DNA>DNA-RNA,RNA-RNA>DNA-RNA>DNA-DNA,,D,D,standard,,False,109100_1301.pdf,109100_MOD1301.pdf
MOEX-109100-1301-Q081,109,第二次,109100,1301,81,生物化學,生物化學,,下列有關Klenow fragment的敘述，何者錯誤？,具有DNA polymerase活性,具有3'→5'exonuclease活性,屬於DNA polymerase I的片段,具有topoisomerase活性,,D,D,standard,,False,109100_1301.pdf,109100_MOD1301.pdf
MOEX-109100-1301-Q082,109,第二次,109100,1301,82,生物化學,生物化學,,下列何種反應參與大腸桿菌複製叉（replication forks）中的DNA合成反應？,DNA解旋酶（helicase）具內切酶活性，切割DNA,引子合成酶（primase）合成RNA引子,DNA拓樸異構酶I（topoisomerase I）具外切酶活性，切割DNA,DNA聚合酶II（DNA polymerase II）合成DNA,,B,B,standard,,False,109100_1301.pdf,109100_MOD1301.pdf
MOEX-109100-1301-Q083,109,第二次,109100,1301,83,生物化學,生物化學,,胺醯-tRNA合成酶（aminoacyl-tRNA synthetase）的功能為何？,能使 tRNA和相對應的胺基酸進行酯化作用（esterification）,能與特定的蛋白質結合後，間接促進tRNA與胺基酸進行酯化作用（esterification）,存在於核糖體（ribosome）中，促進胜肽鍵（peptide bond）的合成,需要GTP的作用才能活化胺基酸,,A,A,standard,,False,109100_1301.pdf,109100_MOD1301.pdf
MOEX-109100-1301-Q084,109,第二次,109100,1301,84,生物化學,生物化學,,下列何者是原核細胞蛋白質合成之延伸期（elongation）的最佳敘述？,每一胜肽鍵的合成只需消耗二個高能磷酸組（high-energy phosphoryl groups）,胺醯-tRNA（aminoacyl-tRNA）首先進入核糖體的P位（P site）,EF-Tu延伸因子（elongation factor EF-Tu）是有利於蛋白質合成時核糖體的移位作用（translocation）,肽基轉移酶（peptidyl-transferase）是一種ribozyme,,D,D,standard,,False,109100_1301.pdf,109100_MOD1301.pdf
MOEX-109100-1301-Q085,109,第二次,109100,1301,85,生物化學,生物化學,,在人體內，下列何者之生合成並非由tyrosine代謝而形成？,S-adenosylmethionine,epinephrine,melanin,dopamine,,A,A,standard,,False,109100_1301.pdf,109100_MOD1301.pdf
MOEX-109100-1301-Q086,109,第二次,109100,1301,86,生物化學,生物化學,,蛋白質的降解可經由ubiquitin-proteasome的路徑，下列何者是催化將ubiquitin直接結合至待降解之蛋白質上的 主要酵素？,E1,E2,E3,E4,,C,C,standard,,False,109100_1301.pdf,109100_MOD1301.pdf
MOEX-109100-1301-Q087,109,第二次,109100,1301,87,生物化學,生物化學,,下列有關葡萄糖氧化的五碳糖磷酸途徑（pentose phosphate pathway）功能之敘述，何者正確？,負責催化每莫耳葡萄糖產生36莫耳ATP,負責催化每莫耳葡萄糖產生5莫耳CO 2,供應合成核苷酸（nucleotide）所需要之核糖（ribose）的來源,主要功能是產生NADH及FADH 進入呼吸鏈氧化產生能量 2,,C,C,standard,,False,109100_1301.pdf,109100_MOD1301.pdf
MOEX-109100-1301-Q088,109,第二次,109100,1301,88,醫學一其他科目,醫學一其他科目,,下列那一種黏多醣類（mucopolysaccharide）含有alpha 1→4糖苷鍵（glycosidic bond），臨床上用來當抗凝血 劑（anticoagulant）？,chondroitin sulfate A,heparin,hyaluronic acid,dermatan sulfate,,B,B,standard,,False,109100_1301.pdf,109100_MOD1301.pdf
MOEX-109100-1301-Q089,109,第二次,109100,1301,89,生物化學,生物化學,,經由糖解作用（glycolysis）產生的丙酮酸（pyruvate）必須直接先被轉換為下列何種分子，才能繼續以克式循 環（Krebs cycle，亦稱citric acid cycle或TCA cycle）進行氧化？,lactic acid,acetyl-CoA,S-adenosylmethionine,phosphoenolpyruvate,,B,B,standard,,False,109100_1301.pdf,109100_MOD1301.pdf
MOEX-109100-1301-Q090,109,第二次,109100,1301,90,解剖學,腹部,腹部,下列何者並非膽固醇（cholesterol）生合成之前驅物？,乙酸（acetate）,異戊二烯（isoprene）,二氫鞘氨醇（sphinganine）,鯊烯（squalene）,,C,C,standard,,False,109100_1301.pdf,109100_MOD1301.pdf
MOEX-109100-1301-Q091,109,第二次,109100,1301,91,組織學,組織學,,Carnitine palmitoyl transferases（CPTs）的損壞最可能會導致下列何種物質無法直接進入粒線體中？,NADH,succinyl CoA,triacylglycerol,long-chain fatty acids,,D,D,standard,,False,109100_1301.pdf,109100_MOD1301.pdf
MOEX-109100-1301-Q092,109,第二次,109100,1301,92,生物化學,生物化學,,關於acetyl-CoA carboxylase在脂肪生成（lipogenesis）中的敘述，下列何者錯誤？,催化反應的產物之一為malonyl-CoA,反應過程需直接消耗NADH,催化的化學反應為脂肪酸合成的速率限制步驟,肌肉中AMP上升時，經由活化AMPK，進而抑制acetyl-CoA carboxylase的酵素活性,,B,B,standard,,False,109100_1301.pdf,109100_MOD1301.pdf
MOEX-109100-1301-Q093,109,第二次,109100,1301,93,生物化學,生物化學,,Aspartate-argininosuccinate shunt是代謝胺基酸之重要途徑，其與下列那兩種代謝環之連結有關？,citric acid cycle和urea cycle,urea cycle和Cori cycle,citric acid cycle和glyoxylate cycle,glucose-alanine cycle和urea cycle,,A,A,standard,,False,109100_1301.pdf,109100_MOD1301.pdf
MOEX-109100-1301-Q094,109,第二次,109100,1301,94,生物化學,生物化學,,下列那個胺基酸的代謝異常是最常導致白化症（albinism）的原因？,離胺酸（lysine）,精胺酸（arginine）,色胺酸（tryptophan）,酪胺酸（tyrosine）,,D,D,standard,,False,109100_1301.pdf,109100_MOD1301.pdf
MOEX-109100-1301-Q095,109,第二次,109100,1301,95,生物化學,生物化學,,下列那一種克式循環（Krebs cycle，亦稱citric acid cycle或TCA cycle）的中間產物可以不經由NADH的產生， 而將其電子直接傳遞給電子傳遞鏈中的複合體II（complex II）進行氧化？,succinate,citrate,α-ketoglutarate,malate,,A,A,standard,,False,109100_1301.pdf,109100_MOD1301.pdf
MOEX-109100-1301-Q096,109,第二次,109100,1301,96,組織學,組織學,,粒線體電子傳遞鏈的Complex III主要是把電子傳遞到：,cytochrome c,succinate,NADH,ubiquinone,,A,A,standard,,False,109100_1301.pdf,109100_MOD1301.pdf
MOEX-109100-1301-Q097,109,第二次,109100,1301,97,生物化學,生物化學,,"在phosphatidylinositol 3-kinase（PI-3K）訊息傳遞路徑中，下列何者可經由與PIP （3,4,5-phosphatidylinositol 3 trisphosphate）的結合而被活化？",cGMP,protein kinase B,protein kinase G,calmodulin kinase,,B,B,standard,,False,109100_1301.pdf,109100_MOD1301.pdf
MOEX-109100-1301-Q098,109,第二次,109100,1301,98,組織學,組織學,,肌肉細胞的細胞質中，關於鈣離子的敘述下列何者錯誤？,細胞內大部分的鈣離子皆與蛋白質結合,鈣離子濃度在細胞內質網內高於在細胞外液,鈣離子透過與攜鈣素（calmodulin）結合進而調節多重細胞功能,鈣離子為次級訊息傳遞者（secondary messenger），其與二醯基甘油（diacylglycerol）對protein kinase C活性 的調節作用是相反的,,D,D,standard,,False,109100_1301.pdf,109100_MOD1301.pdf
MOEX-109100-1301-Q099,109,第二次,109100,1301,99,生物化學,生物化學,,下列那一個激素無法促進脂肪細胞（adipocyte）內脂肪的代謝以產生ATP？,insulin,glucagon,epinephrine,glucocorticoids,,A,A,standard,,False,109100_1301.pdf,109100_MOD1301.pdf
MOEX-109100-1301-Q100,109,第二次,109100,1301,100,生物化學,生物化學,,將重組DNA進行基因定點突變（site-directed mutagenesis）之過程，不需要下列何者？,反轉錄酶（reverse transcriptase）,DNA聚合酶（DNA polymerase）,deoxyribonucleoside triphosphate,突變的引子（mutated primers）,,A,A,standard,,False,109100_1301.pdf,109100_MOD1301.pdf
MOEX-110020-1301-Q001,110,第一次,110020,1301,1,解剖學,頭頸部,神經解剖,右邊延腦內側因梗塞性中風而損傷，造成內側延腦症候群（medial medullary syndrome），下列何者最可能出 現？,左側舌頭肌肉運動無力,右側上肢出現intentional tremor,兩側眼球無法看向左側,對側肢體無力，同時同側舌頭肌肉無力,,D,D,standard,,False,110020_1301.pdf,110020_ANS1301.pdf
MOEX-110020-1301-Q002,110,第一次,110020,1301,2,解剖學,神經解剖,神經解剖,有關齒狀韌帶（denticulate ligament）的敘述，下列何者正確？,由硬腦膜所形成,附著於尾骨內側面,位於脊髓背根與腹根之間,一般有32對,,C,C,standard,,False,110020_1301.pdf,110020_ANS1301.pdf
MOEX-110020-1301-Q003,110,第一次,110020,1301,3,解剖學,頭頸部,頭頸部,下甲狀腺靜脈（inferior thyroid vein）通常回流到：,內頸靜脈（internal jugular vein）,外頸靜脈（external jugular vein）,頭臂靜脈（brachiocephalic vein）,鎖骨下靜脈（subclavian vein）,,C,C,standard,,False,110020_1301.pdf,110020_ANS1301.pdf
MOEX-110020-1301-Q004,110,第一次,110020,1301,4,生理學,生理學,,下列何者的收縮，與眼球的旋轉（rotation）無關？,上直肌（superior rectus muscle）,上斜肌（superior oblique muscle）,內直肌（medial rectus muscle）,下斜肌（inferior oblique muscle）,,C,C,standard,,False,110020_1301.pdf,110020_ANS1301.pdf
MOEX-110020-1301-Q005,110,第一次,110020,1301,5,解剖學,神經解剖,神經解剖,下列何者傳遞角膜（cornea）的一般感覺？,鼻睫神經（nasociliary nerve）,額神經（frontal nerve）,眶上神經（supraorbital nerve）,動眼神經（oculomotor nerve）,,A,A,standard,,False,110020_1301.pdf,110020_ANS1301.pdf
MOEX-110020-1301-Q006,110,第一次,110020,1301,6,解剖學,頭頸部,頭頸部,下列何者的血液，最不可能進入上矢狀竇（superior sagittal sinus）？,眼眶（orbit）,額竇（frontal sinus）,鼻腔（nasal cavity）,顱骨膜（pericranium）,,A,A,standard,,False,110020_1301.pdf,110020_ANS1301.pdf
MOEX-110020-1301-Q007,110,第一次,110020,1301,7,解剖學,胸腔,胸腔,成年男性站立時，右側肺臟的水平裂（horizontal fissure）在前方約位於下列那個肋骨附近？,第2,第4,第6,第8,,B,B,standard,,False,110020_1301.pdf,110020_ANS1301.pdf
MOEX-110020-1301-Q008,110,第一次,110020,1301,8,組織學,組織學,,乳糜池（cisterna chyli）約在下列那個椎骨的高度？,T12,L2,L5,S1,,B,B,standard,,False,110020_1301.pdf,110020_ANS1301.pdf
MOEX-110020-1301-Q009,110,第一次,110020,1301,9,解剖學,骨盆與會陰,骨盆與會陰,下列何者不位於坐骨肛門窩（ischioanal fossa）的外側？,提肛肌（levator ani muscle）,陰部管（pudendal canal）,陰部神經（pudendal nerve）,閉孔內肌（obturator internus muscle）,,A,A,standard,,False,110020_1301.pdf,110020_ANS1301.pdf
MOEX-110020-1301-Q010,110,第一次,110020,1301,10,解剖學,下肢,下肢,支配閉孔內肌（obturator internus）的神經損傷時，下列何者的功能最可能同時受影響？,內收長肌（adductor longus）,提肛肌（levator ani）,下孖肌（inferior gemellus）,上孖肌（superior gemellus）,,D,D,standard,,False,110020_1301.pdf,110020_ANS1301.pdf
MOEX-110020-1301-Q011,110,第一次,110020,1301,11,解剖學,骨盆與會陰,骨盆與會陰,在男性，下列何者經常經由直腸進行觸診？,膀胱,前列腺,輸尿管,輸精管,,B,B,standard,,False,110020_1301.pdf,110020_ANS1301.pdf
MOEX-110020-1301-Q012,110,第一次,110020,1301,12,解剖學,下肢,下肢,股動脈（femoral artery）穿過下列何者後進入膕窩（popliteal fossa）成為膕動脈（popliteal artery）？,閉孔外肌（obturator externus）,股四頭肌（quadriceps femoris）,內收長肌（adductor longus）,內收大肌（adductor magnus）,,D,D,standard,,False,110020_1301.pdf,110020_ANS1301.pdf
MOEX-110020-1301-Q013,110,第一次,110020,1301,13,解剖學,上肢,上肢,下列那一條神經支配棘下肌（infraspinatus muscle）？,肩胛上神經（suprascapular nerve）,上肩胛下神經（superior subscapular nerve）,下肩胛下神經（inferior subscapular nerve）,肩胛背神經（dorsal scapular nerve）,,A,A,standard,,False,110020_1301.pdf,110020_ANS1301.pdf
MOEX-110020-1301-Q014,110,第一次,110020,1301,14,解剖學,神經解剖,神經解剖,下列何構造可接受光線刺激，調節人體晝夜節律？,丘腦下核（subthalamus）,視交叉上核（suprachiasmatic nucleus）,藍斑核（locus ceruleus）,丘腦枕部（pulvinar of thalamus）,,B,B,standard,,False,110020_1301.pdf,110020_ANS1301.pdf
MOEX-110020-1301-Q015,110,第一次,110020,1301,15,解剖學,神經解剖,神經解剖,關於脊髓的敘述，下列何者錯誤？,下運動神經元（lower motor neuron）之細胞本體位於腹角（ventral horn）,nucleus dorsalis of Clarke可發出脊髓小腦徑（spinocerebellar tract）,背角（dorsal horn）之中間神經元（interneuron）可參與痛覺調控,背角感覺神經元（dorsal horn sensory neuron）發出之神經纖維主要形成背柱（dorsal column）,,D,D,standard,,False,110020_1301.pdf,110020_ANS1301.pdf
MOEX-110020-1301-Q016,110,第一次,110020,1301,16,解剖學,神經解剖,神經解剖,下列何者為痛覺調控之重要構造？,導水管周圍灰質（periaqueductal gray）,內側縱束（medial longitudinal fasciculus）,橋腦旁正中網狀結構（paramedian pontine reticular formation）,下橄欖核（inferior olivary nucleus）,,A,A,standard,,False,110020_1301.pdf,110020_ANS1301.pdf
MOEX-110020-1301-Q017,110,第一次,110020,1301,17,組織學,組織學,,關於Edinger-Westphal nucleus之敘述，下列何者錯誤？,其發出之神經纖維可併行入動眼神經（oculomotor nerve）,含有副交感神經節前神經元（parasympathetic preganglionic fiber）,參與光反射（light reflex）,支配淚腺（lacrimal gland）的分泌,,D,D,standard,,False,110020_1301.pdf,110020_ANS1301.pdf
MOEX-110020-1301-Q018,110,第一次,110020,1301,18,解剖學,神經解剖,神經解剖,關於大腦皮質之布洛卡區（Broca's area）的敘述，下列何者錯誤？,"位於 Brodmann areas 44, 45",損傷後會產生運動型失語症（motor aphasia）,位於顳上迴（superior temporal gyrus）,大部分人位於左側大腦半球,,C,C,standard,,False,110020_1301.pdf,110020_ANS1301.pdf
MOEX-110020-1301-Q019,110,第一次,110020,1301,19,解剖學,頭頸部,頭頸部,供應鼻腔的動脈中，下列何者間接源自內頸動脈（internal carotid artery）？,蝶腭動脈（sphenopalatine artery）,大腭動脈（greater palatine artery）,外側鼻動脈（lateral nasal artery）,前篩動脈（anterior ethmoidal artery）,,D,D,standard,,False,110020_1301.pdf,110020_ANS1301.pdf
MOEX-110020-1301-Q020,110,第一次,110020,1301,20,解剖學,頭頸部,頭頸部,下列何者收縮，有助於下頜骨的下壓（depression of mandible）？,顳肌（temporalis muscle）,翼內肌（medial pterygoid muscle）,咬肌（masseter muscle）,二腹肌（digastric muscle）,,D,D,standard,,False,110020_1301.pdf,110020_ANS1301.pdf
MOEX-110020-1301-Q021,110,第一次,110020,1301,21,解剖學,胸腔,胸腔,下列何者與心包膜（pericardium）的神經支配較無關聯？,迷走神經（vagus nerve）,膈神經（phrenic nerve）,交感神經幹（sympathetic trunk）,肋間神經（intercostal nerve）,,D,D,standard,,False,110020_1301.pdf,110020_ANS1301.pdf
MOEX-110020-1301-Q022,110,第一次,110020,1301,22,解剖學,胸腔,胸腔,有關胸膜腔（pleural cavity）之敘述，下列何者正確？,左右胸膜腔相通,向上延伸到頸部,其內充滿新鮮空氣,肺臟位於胸膜腔內,,B,B,standard,,False,110020_1301.pdf,110020_ANS1301.pdf
MOEX-110020-1301-Q023,110,第一次,110020,1301,23,解剖學,胸腔,胸腔,有關奇靜脈（azygos vein）之敘述，下列何者錯誤？,匯入上腔靜脈（superior vena cava）,總髂靜脈（common iliac vein）血可經腰靜脈（lumbar vein）匯入奇靜脈,大部分右側肋間靜脈血透過半奇靜脈（hemiazygos vein）匯入奇靜脈,左上肋間靜脈（left superior intercostal vein）不會匯入奇靜脈,,C,C,standard,,False,110020_1301.pdf,110020_ANS1301.pdf
MOEX-110020-1301-Q024,110,第一次,110020,1301,24,解剖學,胸腔,胸腔,有關胸廓（thoracic cage）之敘述，下列何者錯誤？,保護重要臟器,提供上肢肌肉附著點,抵抗呼吸時肺部所產生負壓,活動度低、不易變形,,D,D,standard,,False,110020_1301.pdf,110020_ANS1301.pdf
MOEX-110020-1301-Q025,110,第一次,110020,1301,25,解剖學,胸腔,胸腔,心臟之靜脈（cardiac veins）主要匯流至：,冠狀竇（coronary sinus）,左心房（left antrium）,右心室（right ventricle）,上腔靜脈（superior vena cava）,,A,A,standard,,False,110020_1301.pdf,110020_ANS1301.pdf
MOEX-110020-1301-Q026,110,第一次,110020,1301,26,解剖學,胸腔,胸腔,有關橫膈（diaphragm）的敘述，下列何者錯誤？,下腔靜脈通過腔靜脈孔（caval opening）,橫膈右腳（right crus）形成食道裂孔（esophageal hiatus）,主動脈通過內側弓（medial arcuate arch）,腹壁上血管（superior epigastric vessels）通過胸肋三角（sternocostal triangle）,,C,C,standard,,False,110020_1301.pdf,110020_ANS1301.pdf
MOEX-110020-1301-Q027,110,第一次,110020,1301,27,解剖學,骨盆與會陰,骨盆與會陰,王老先生接受手術摘除前列腺時，外科醫師應避免傷害下列何者，以免將來出現陰莖勃起問題？,陰部神經（pudendal nerve）,陰莖背神經（dorsal nerve of the penis）,腹下神經（hypogastric nerve）,骨盆內臟神經（pelvic splanchnic nerve）,,D,D,standard,,False,110020_1301.pdf,110020_ANS1301.pdf
MOEX-110020-1301-Q028,110,第一次,110020,1301,28,解剖學,骨盆與會陰,骨盆與會陰,胚胎時期的引帶（gubernaculum），在女性將退化形成何構造？,卵巢懸韌帶（suspensory ligament of ovary）,子宮圓韌帶（round ligament of uterus）,內側臍韌帶（medial umbilical ligament）,主韌帶（cardinal ligament）,,B,B,standard,,False,110020_1301.pdf,110020_ANS1301.pdf
MOEX-110020-1301-Q029,110,第一次,110020,1301,29,解剖學,下肢,下肢,腰大肌（psoas major）與髂肌（iliacus）的肌腱合併後附著於股骨（femur）的那一個突起上？,粗線（linea aspera）,恥骨線（pectineal line）,小轉子（lesser trochanter）,大轉子（greater trochanter）,,C,C,standard,,False,110020_1301.pdf,110020_ANS1301.pdf
MOEX-110020-1301-Q030,110,第一次,110020,1301,30,解剖學,上肢,上肢,下列何者的肌腱會與盂肱關節（glenohumeral joint）的關節盂唇（glenoid labrum）連結？,肱二頭肌長頭（long head of biceps brachii）,肱二頭肌短頭（short head of biceps brachii）,肱三頭肌長頭（long head of triceps brachii）,肱三頭肌外側頭（lateral head of triceps brachii）,,A,A,standard,,False,110020_1301.pdf,110020_ANS1301.pdf
MOEX-110020-1301-Q031,110,第一次,110020,1301,31,解剖學,胸腔,胸腔,背部中何者不向上附著到頭骨？,夾肌（splenius）,半棘肌（semispinalis）,髂肋肌（iliocostalis）,最長肌（longissimus）,,C,C,standard,,False,110020_1301.pdf,110020_ANS1301.pdf
MOEX-110020-1301-Q032,110,第一次,110020,1301,32,解剖學,胸腔,胸腔,肌原母細胞（myoblast）進入下列何者內，衍生形成橫膈雙腳（crura of diaphragm）？,外側體壁（lateral body wall）,頸體節（cervical somite）,橫中隔（septum transversum）,食道背繫膜（dorsal mesentery of esophagus）,,D,D,standard,,False,110020_1301.pdf,110020_ANS1301.pdf
MOEX-110020-1301-Q033,110,第一次,110020,1301,33,解剖學,腹部,腹部,從腹面觀（ventral view），中腸環（midgut loop）的旋轉方式為：,順時針方向作180度旋轉,順時針方向作270度旋轉,逆時針方向作180度旋轉,逆時針方向作270度旋轉,,D,D,standard,,False,110020_1301.pdf,110020_ANS1301.pdf
MOEX-110020-1301-Q034,110,第一次,110020,1301,34,胚胎及發育生物學,胚胎及發育生物學,,下列何項構造不是源自胚胎咽弓（pharyngeal arch）？,動脈導管（ductus arteriosus）,主動脈弓（aortic arch）,左側頸總動脈（left common carotid artery）,升主動脈（ascending aorta）,,D,D,standard,,False,110020_1301.pdf,110020_ANS1301.pdf
MOEX-110020-1301-Q035,110,第一次,110020,1301,35,組織學,組織學,,下列何者源自體節之生骨節（sclerotome）的間質細胞？,脊椎骨（vertebra）,髓核（nucleus pulposus）,顱骨（cranium）,四肢骨（appendicular skeleton）,,A,A,standard,,False,110020_1301.pdf,110020_ANS1301.pdf
MOEX-110020-1301-Q036,110,第一次,110020,1301,36,胚胎及發育生物學,胚胎及發育生物學,,下列有關視神經（optic nerve）發育的敘述，何者正確？,在胎兒出生前，視神經的髓鞘形成（myelination）已完全發育,視神經細胞是由大腦的皮質部衍生形成,視神經髓鞘僅包圍至視神經盤（optic nerve disc）,視神經源自神經嵴（neural crest）,,C,C,standard,,False,110020_1301.pdf,110020_ANS1301.pdf
MOEX-110020-1301-Q037,110,第一次,110020,1301,37,組織學,組織學,,下列上皮細胞間接合（intercellular junction）的構造，何者有中間絲（intermediate filament）參與？,緊密接合（tight junction）,黏著小帶（zonula adherens）,橋粒（desmosome）,間隙接合（gap junction）,,C,C,standard,,False,110020_1301.pdf,110020_ANS1301.pdf
MOEX-110020-1301-Q038,110,第一次,110020,1301,38,組織學,組織學,,有關杯狀細胞（goblet cell）的敘述，下列何項正確？,是構成腺泡（acinus）的細胞,屬於單細胞腺體（unicellular gland）,屬於漿液分泌細胞（serous-secreting cell）,通常分布於單層鱗狀（simple squamous）上皮細胞之間,,B,B,standard,,False,110020_1301.pdf,110020_ANS1301.pdf
MOEX-110020-1301-Q039,110,第一次,110020,1301,39,組織學,組織學,,下列關於白血球（leukocyte）的敘述，何者正確？,顆粒性白血球（granulocyte）包括淋巴球（lymphocyte）、嗜酸性球（eosinophil）和嗜鹼性球（basophil）； 無顆粒性白血球（agranulocyte）包括嗜中性白血球（neutrophil）和單核球（monocyte）,含有嗜天青顆粒（azurophilic granule），此顆粒是溶酶體（lysosome）,只有淋巴球（lymphocyte）能離開血管，進入結締組織（connective tissue）,數量最多的是淋巴球（lymphocyte），最大的是嗜中性白血球（neutrophil）,,B,B,standard,,False,110020_1301.pdf,110020_ANS1301.pdf
MOEX-110020-1301-Q040,110,第一次,110020,1301,40,組織學,組織學,,有關角膜（cornea）的敘述，下列何者正確？,角膜上皮（corneal epithelium）由約5層非角質化複層扁平上皮細胞所組成，厚約 50μm,"Bowman氏膜（Bowman's membrane）呈現過碘酸–雪夫氏（periodic acid-Schiff, PAS）反應，厚約 50μm",Descemet氏膜（Descemet's membrane）是一均質、微纖維的板層，厚約 40μm,角膜基質（corneal stroma）由約30層薄板（thin lamellae）組成，每層含交錯的網狀微纖維束（reticular fibrils）,,A,A,standard,,False,110020_1301.pdf,110020_ANS1301.pdf
MOEX-110020-1301-Q041,110,第一次,110020,1301,41,組織學,組織學,,下列何者是淋巴球（lymphocyte）在淋巴結（lymph node）中正確的循環路徑？①輸入淋巴管（afferent lymphatic vessel） ②輸出淋巴管（efferent lymphatic vessel） ③被膜下竇（subcapsular sinus） ④髓質竇 （medullary sinus） ⑤小樑竇（trabecular sinus）,①⑤③④②,①③⑤④②,①④⑤③②,①④③⑤②,,B,B,standard,,False,110020_1301.pdf,110020_ANS1301.pdf
MOEX-110020-1301-Q042,110,第一次,110020,1301,42,組織學,組織學,,膽囊駱阿氏竇（Rokitansky-Aschoff sinuses）是：,漿液腺泡（serous acini）,黏液腺泡（mucous acini）,黏膜憩室（diverticula of mucosa）,淋巴管（lymphatic vessels）,,C,C,standard,,False,110020_1301.pdf,110020_ANS1301.pdf
MOEX-110020-1301-Q043,110,第一次,110020,1301,43,組織學,組織學,,下列有關胃幽門部（pyloric stomach）的敘述，何項正確？,幽門腺是單泡狀腺（simple acinar gland）,具有很淺的胃小凹（gastric pit），僅占胃黏膜（gastric mucosa）長度的十分之一,具有顯著的粘膜肌層（muscularis mucosae）及增厚的環走肌外層（circular layer of muscularis externa）,幽門腺主要是由許多壁細胞（parietal cell）及杯狀細胞（goblet cell）所組成,,C,C,standard,,False,110020_1301.pdf,110020_ANS1301.pdf
MOEX-110020-1301-Q044,110,第一次,110020,1301,44,組織學,組織學,,手掌皮膚（palm skin）可見到下列何種構造？,毛囊（hair follicles）,豎毛肌（arrector pili muscles）,皮脂腺（sebaceous glands）,汗腺（sweat glands）,,D,D,standard,,False,110020_1301.pdf,110020_ANS1301.pdf
MOEX-110020-1301-Q045,110,第一次,110020,1301,45,組織學,組織學,,腦下腺前葉（anterior lobe of pituitary gland）嗜酸性細胞（acidophil）內，呈嗜酸性的主要構造是：,分泌顆粒（secretory granule）,高爾基氏體（Golgi apparatus）,粗糙內質網（rough endoplasmic reticulum）,中心粒（centriole）,,A,A,standard,,False,110020_1301.pdf,110020_ANS1301.pdf
MOEX-110020-1301-Q046,110,第一次,110020,1301,46,解剖學,骨盆與會陰,胸腔,睪丸縱隔（mediastinum testis）是由下列何者延伸並聚集增厚而成的？,皮膚（skin）,鞘膜臟層（visceral layer of tunica vaginalis）,鞘膜壁層（parietal layer of tunica vaginalis）,白膜（tunica albuginea）,,D,D,standard,,False,110020_1301.pdf,110020_ANS1301.pdf
MOEX-110020-1301-Q047,110,第一次,110020,1301,47,組織學,組織學,,下列何種狀況，細胞的平滑內質網（smooth endoplasmic reticulum）可釋出鈣離子？,平滑內質網的鈣離子幫浦（Ca 2+ ATPase）活化時,平滑內質網的IP 受器（inositol phosphate receptor）與IP 結合時 3 3,細胞膜電位過極化（hyperpolarization）時,細胞膜store-operated Ca 2+ channel開啟時,,B,B,standard,,False,110020_1301.pdf,110020_ANS1301.pdf
MOEX-110020-1301-Q048,110,第一次,110020,1301,48,組織學,組織學,,下列有關高張溶液（hypertonic solution）的敘述，何者正確？,若將紅血球置於此種溶液中，達成平衡時，細胞體積漲大,該溶液滲透壓（osmotic pressure）低於血漿滲透壓,該溶液所含之水分比例高於血漿,其容積滲透濃度（osmolarity）高於300 mOsmol/L,,D,D,standard,,False,110020_1301.pdf,110020_ANS1301.pdf
MOEX-110020-1301-Q049,110,第一次,110020,1301,49,解剖學,神經解剖,神經解剖,交感神經興奮時，眼睛會產生下列何種反應？,使sphincter muscle of iris收縮，產生miosis,使radial muscle of iris收縮，產生mydriasis,使ciliary muscle收縮，有助於遠距離之視覺,使ciliary muscle收縮，有助於近距離之視覺,,B,B,standard,,False,110020_1301.pdf,110020_ANS1301.pdf
MOEX-110020-1301-Q050,110,第一次,110020,1301,50,醫學一其他科目,醫學一其他科目,,體溫調節中樞位於何處？,premotor cortex,cerebellum,amygdala,hypothalamus,,D,D,standard,,False,110020_1301.pdf,110020_ANS1301.pdf
MOEX-110020-1301-Q051,110,第一次,110020,1301,51,組織學,組織學,,α-及γ-運動神經元同時興奮（co-activation）時，最主要的生理功能為下列何者？,避免在肌肉收縮時，喪失肌肉長度的訊息,避免在肌肉收縮時，喪失肌肉張力的訊息,避免在肌肉放鬆時，喪失肌肉長度的訊息,避免在肌肉放鬆時，喪失肌肉張力的訊息,,A,A,standard,,False,110020_1301.pdf,110020_ANS1301.pdf
MOEX-110020-1301-Q052,110,第一次,110020,1301,52,解剖學,上肢,上肢,訓練孩童捏陶土和剪紙等手部精細動作，最主要目的是為強化下列那一條神經路徑？,brainstem pathway,dorsal column pathway,corticospinal tract,anterolateral spinothalamic tract,,C,C,standard,,False,110020_1301.pdf,110020_ANS1301.pdf
MOEX-110020-1301-Q053,110,第一次,110020,1301,53,解剖學,神經解剖,神經解剖,活化下列何種傳出神經元（efferent neuron）可誘發muscle spindle收縮？,α-神經元,δ-神經元,β-神經元,γ-神經元,,D,D,standard,,False,110020_1301.pdf,110020_ANS1301.pdf
MOEX-110020-1301-Q054,110,第一次,110020,1301,54,組織學,組織學,,比較同一種肌細胞的等長收縮（isometric twitch contraction）和等張收縮（isotonic twitch contraction），下列 敘述何者正確？,等長收縮的延遲時間和完成一次收縮所需的時間皆比等張收縮短,等長收縮的延遲時間和完成一次收縮所需的時間皆比等張收縮長,等長收縮的延遲時間比等張收縮短，但完成一次收縮所需的時間比等張收縮長,等長收縮的延遲時間比等張收縮長，但完成一次收縮所需的時間比等張收縮短,,C,C,standard,,False,110020_1301.pdf,110020_ANS1301.pdf
MOEX-110020-1301-Q055,110,第一次,110020,1301,55,組織學,組織學,,骨骼肌收縮所需要鈣離子之主要來源？,橫管（T-tube）,粒線體（mitochondria）,肌漿網（sarcoplasmic reticulum）,細胞外液,,C,C,standard,,False,110020_1301.pdf,110020_ANS1301.pdf
MOEX-110020-1301-Q056,110,第一次,110020,1301,56,組織學,組織學,,血小板（platelet）會透過下列那種反應貼附於破損的血管壁上，促使止血反應的進行？,活化凝血因子（clotting factor）XI、VIII、V形成intrinsic pathway之正回饋機制,釋放tissue factor與凝血因子（clotting factor）VII結合,透過vWF與膠原蛋白（collagen）接合,釋放囊泡中的serotonin與內皮細胞上受器結合,,C,C,standard,,False,110020_1301.pdf,110020_ANS1301.pdf
MOEX-110020-1301-Q057,110,第一次,110020,1301,57,胚胎及發育生物學,胚胎及發育生物學,,下列有關母體與胎兒的紅血球與氧氣結合的敘述，何者正確？,胎兒與母體的血紅素皆為 α -β chain，因此氧氣量相同 2 2,母體的血紅素為α -β chain，胎兒的血紅素為 ε -ζ chain，因此母體血紅素較易接合氧氣 2 2 2 2,母體的血紅素為 α -β chain，胎兒的血紅素為 α chain，因此胎兒血紅素較易接合氧氣 2 2 4,母體的血紅素為 α -β chain，胎兒的血紅素為 α -γ chain，因此胎兒血紅素較易接合氧氣 2 2 2 2,,D,D,standard,,False,110020_1301.pdf,110020_ANS1301.pdf
MOEX-110020-1301-Q058,110,第一次,110020,1301,58,組織學,組織學,,下列有關小動脈（arterioles） 調控之敘述，何者正確？,骨骼肌的小動脈管壁平滑肌收縮僅受β-腎上腺受器（β-adrenergic receptor）調控,腎上腺素與血管的α-腎上腺受器（α-adrenergic receptor）結合後會使小動脈血管擴張,增加副交感神經對血管平滑肌的刺激，會使小動脈血管收縮,若供應某器官之血流下降時，此器官的小動脈可能發生擴張現象,,D,D,standard,,False,110020_1301.pdf,110020_ANS1301.pdf
MOEX-110020-1301-Q059,110,第一次,110020,1301,59,解剖學,胸腔,胸腔,若因車禍而失血（hemorrhage）約20%血量，在身體啟動代償機制（reflex compensations）後，下列何者最可 能比失血前增高？,心搏量（stroke volume）,心輸出量（cardiac output）,血管周邊總阻力（total peripheral resistance）,平均動脈壓（mean arterial pressure）,,C,C,standard,,False,110020_1301.pdf,110020_ANS1301.pdf
MOEX-110020-1301-Q060,110,第一次,110020,1301,60,醫學一其他科目,醫學一其他科目,,若完全切除動物的感壓接受器（baroreceptor）神經路徑，下列何者最符合切除後短期內平均動脈壓的變化？,顯著升高,顯著下降,先降後升,完全不受影響,,A,A,standard,,False,110020_1301.pdf,110020_ANS1301.pdf
MOEX-110020-1301-Q061,110,第一次,110020,1301,61,解剖學,胸腔,胸腔,甲、乙、丙為同年齡且體型相近的成年男性，三人的生理無效腔（physiologic dead space）皆為150毫升。而 甲的潮氣容積（tidal volume）為200毫升，呼吸頻率（frequency of respiration）為30次／分；乙的潮氣容積為 500毫升，呼吸頻率為12次／分；丙的潮氣容積為1000毫升，呼吸頻率為6次／分。三人的肺泡通氣量 （alveolar ventilation）大小之比較，下列何者正確？,甲＞乙＞丙,丙＞乙＞甲,三人皆相同,乙＞甲＞丙,,B,B,standard,,False,110020_1301.pdf,110020_ANS1301.pdf
MOEX-110020-1301-Q062,110,第一次,110020,1301,62,解剖學,胸腔,胸腔,有關呼吸時的作功（work of breathing），下列敘述何者正確？,氣喘（asthma）患者呼吸比正常人更費力，作功的顯著增加主要是用於使肺臟充氣（inflation）,肺纖維化（lung fibrosis）患者呼吸比正常人更費力，作功的顯著增加主要是用於使空氣經呼吸道流動,表面活性劑（surfactant）分泌不足時，欲使肺臟充氣（inflation）的作功會顯著增加,與氣管尚未舒張前相比較，氣管舒張（bronchodilation）時欲使空氣經呼吸道流動的作功會顯著增加,,C,C,standard,,False,110020_1301.pdf,110020_ANS1301.pdf
MOEX-110020-1301-Q063,110,第一次,110020,1301,63,解剖學,腹部,腹部,下列何者是迴腸（ileum）切除患者最易導致的現象？,黃疸（jaundice）,貧血（anemia）,消化道潰瘍（peptic ulcer）,血糖過高（hyperglycemia）,,B,B,standard,,False,110020_1301.pdf,110020_ANS1301.pdf
MOEX-110020-1301-Q064,110,第一次,110020,1301,64,解剖學,腹部,腹部,肝臟產生的膽酸主要是透過什麼作用幫助脂肪的消化吸收？,還原作用,分解作用,乳化作用,氧化作用,,C,C,standard,,False,110020_1301.pdf,110020_ANS1301.pdf
MOEX-110020-1301-Q065,110,第一次,110020,1301,65,解剖學,腹部,腹部,下列關於膽囊收縮素（cholecystokinin）之敘述，何者最恰當？,具促進胃排空（gastric emptying）作用,可刺激胰臟分泌富含酵素的胰液,只在腸道合成與分泌,其血中半衰期可長達3小時,,B,B,standard,,False,110020_1301.pdf,110020_ANS1301.pdf
MOEX-110020-1301-Q066,110,第一次,110020,1301,66,生理學,生理學,,以低濃度的對胺基馬尿酸（para-aminohippuric acid; PAH）測定腎血流量（renal blood flow），發現PAH的清 除率（clearance）為630 mL/min，受測者血比容（hematocrit）為50%。若設定PAH的萃取比率（extraction ratio）為90%，則腎血流量最接近多少mL/min？,1134,1400,2268,2682,,B,B,standard,,False,110020_1301.pdf,110020_ANS1301.pdf
MOEX-110020-1301-Q067,110,第一次,110020,1301,67,組織學,組織學,,下列有關腎小管內液流速增加而活化腎小管腎絲球回饋（tubuloglomerular feedback; TGF）的描述，何者正 確？,緻密斑（macula densa）擔任感測腎小管內液水分多寡的角色，無關鈉離子多寡,可以經由釋放腺苷（adenosine）作用到其受器，引起鈣離子釋放並造成入球小動脈的收縮,可能增加腎素分泌，最後造成出球小動脈收縮,最終會造成腎小球過濾率上升,,B,B,standard,,False,110020_1301.pdf,110020_ANS1301.pdf
MOEX-110020-1301-Q068,110,第一次,110020,1301,68,醫學一其他科目,醫學一其他科目,,下列何者與正常人類的個體生長（growth）相關性最小？,prolactin,growth hormone,androgens,estrogens,,A,A,standard,,False,110020_1301.pdf,110020_ANS1301.pdf
MOEX-110020-1301-Q069,110,第一次,110020,1301,69,生物化學,生物化學,,下列有關鈣與磷的代謝的敘述，何者正確？,腸道的吸收效率，鈣比磷好,百分之九十九的磷都在血液中,血中鈣百分之九十五以上是以游離態存在,鈣在腸道的吸收主要是受活化態維生素D所調控,,D,D,standard,,False,110020_1301.pdf,110020_ANS1301.pdf
MOEX-110020-1301-Q070,110,第一次,110020,1301,70,生理學,生理學,,下列有關長期高鈉飲食所產生的生理變化，何者最不可能發生？,尿中鈉排泄量上升,血中心房利鈉胜肽（atrial natriuretic peptide）濃度上升,血中升壓素（vasopressin）濃度下降,血中醛固酮（aldosterone）濃度下降,,C,C,standard,,False,110020_1301.pdf,110020_ANS1301.pdf
MOEX-110020-1301-Q071,110,第一次,110020,1301,71,組織學,組織學,,下列何者是長期缺乏維生素D的病人最不容易發生的症狀？,骨折（bone fracture）,肌肉抽筋（muscle spasm）,產生白化症（albinism）,軟骨症（osteomalacia）,,C,C,standard,,False,110020_1301.pdf,110020_ANS1301.pdf
MOEX-110020-1301-Q072,110,第一次,110020,1301,72,胚胎及發育生物學,胚胎及發育生物學,,有關賽托利細胞（Sertoli cell）之功能與作用的敘述，下列何者錯誤？,經由分泌抑制素B（inhibin B），回饋抑制腦下垂體黃體刺激素（luteinizing hormone）的分泌,提供精子生長所需的養分,形成血睪屏障（blood-testis barrier）,在胚胎時期，分泌Müllerian抑制物質（Müllerian-inhibiting substance），造成女性原始生殖管道（Müllerian duct）的退化,,A,A,standard,,False,110020_1301.pdf,110020_ANS1301.pdf
MOEX-110020-1301-Q073,110,第一次,110020,1301,73,生理學,生理學,,有關人類正常的月經週期（menstrual cycle）之敘述，下列何者錯誤？,濾泡期（follicular phase）中主要分泌的類固醇荷爾蒙是estrogen,濾泡期（follicular phase）靠近排卵期時LH和FSH的分泌量均會上升,黃體期（luteal phase）中主要分泌的類固醇荷爾蒙是estrogen及progesterone,優勢卵泡（dominant follicle）形成主要發生於濾泡期的末期即將進入黃體期前,,D,D,standard,,False,110020_1301.pdf,110020_ANS1301.pdf
MOEX-110020-1301-Q074,110,第一次,110020,1301,74,生理學,生理學,,我們可以利用波長280 nm的吸光值來決定蛋白質樣品的濃度，此定量分析法的原理主要基於蛋白質中何種胺 基酸的吸光特性？,絲胺酸（serine）,羥丁胺酸（threonine）,色胺酸（tryptophan）,纈胺酸（valine）,,C,C,standard,,False,110020_1301.pdf,110020_ANS1301.pdf
MOEX-110020-1301-Q075,110,第一次,110020,1301,75,生理學,生理學,,在一個酵素催化反應中，酵素改變的是原化學反應的：,平衡常數（equilibrium constant）,速率常數（rate constant）,反應物和產物之間的自由能差（free energy difference）,產物的化學結構,,B,B,standard,,False,110020_1301.pdf,110020_ANS1301.pdf
MOEX-110020-1301-Q076,110,第一次,110020,1301,76,生理學,生理學,,一個Michaelis-Menten酵素催化反應加入抑制劑後，反應速率和受質濃度關係以雙倒數法作圖（Lineweaver- Burk plot），若所得直線與未加抑制劑所得之直線相交於y-軸（如附圖），則此種抑制劑的抑制型態為何？,競爭性抑制劑（competitive inhibitor）,非競爭性抑制劑（uncompetitive inhibitor）,混合性抑制劑（mixed inhibitor）,不可逆抑制劑（irreversible inhibitor）,,A,A,standard,,True,110020_1301.pdf,110020_ANS1301.pdf
MOEX-110020-1301-Q077,110,第一次,110020,1301,77,組織學,組織學,,脂溶性vitamin A具有多種型式及功能，下列敘述何者錯誤？,Retinoic acid作為hormone，可與細胞核內receptor proteins結合,β-carotene具有多個isoprene units，是vitamin A 的前驅物 1,all-trans-retinal與rhodopsin結合，經由可見光的激發，形成11-cis-retinal,11-cis-retinal與opsin上的lysine形成共價鍵結,,C,C,standard,,False,110020_1301.pdf,110020_ANS1301.pdf
MOEX-110020-1301-Q078,110,第一次,110020,1301,78,生物化學,生物化學,,葡萄糖代謝產生之丙酮酸（pyruvate）可經由乳酸去氫酶（lactate dehydrogenase）轉換成乳酸，下列何者是此 反應所需的輔酶？,FADH 2,tetrahydrofolate,NADH,ascorbic acid,,C,C,standard,,False,110020_1301.pdf,110020_ANS1301.pdf
MOEX-110020-1301-Q079,110,第一次,110020,1301,79,生物化學,生物化學,,DNA聚合酶催化之合成反應係連接第n+1個與第n個核苷酸二者之五碳糖（pentose）上的何種官能基？,n+1：第三號碳的羥基（-OH）；n：第五號碳的磷酸基團,n+1：第五號碳的羥基（-OH）；n：第三號碳的磷酸基團,n+1：第三號碳的磷酸基團；n：第五號碳的羥基（-OH）,n+1：第五號碳的磷酸基團；n：第三號碳的羥基（-OH）,,D,D,standard,,False,110020_1301.pdf,110020_ANS1301.pdf
MOEX-110020-1301-Q080,110,第一次,110020,1301,80,微生物免疫寄生蟲公衛,微生物免疫寄生蟲公衛,,"AZT（3'-azido-2',3'-dideoxythymidine）是用來治療人類免疫缺乏病毒（HIV）感染的藥物，此藥物的作用機制 主要經由：",抑制反轉錄酶活性,阻止核苷酸的生合成,阻擋ATP的生成,抑制RNA聚合酶活性,,A,A,standard,,False,110020_1301.pdf,110020_ANS1301.pdf
MOEX-110020-1301-Q081,110,第一次,110020,1301,81,微生物免疫寄生蟲公衛,微生物免疫寄生蟲公衛,,大腸桿菌進行同源性重組（homologous recombination）時，借助下列何種蛋白質活性來解開雙股螺旋並水解 部分DNA？,DNA ligase,RuvC,RecA,RecBCD,,D,D,standard,,False,110020_1301.pdf,110020_ANS1301.pdf
MOEX-110020-1301-Q082,110,第一次,110020,1301,82,微生物免疫寄生蟲公衛,微生物免疫寄生蟲公衛,,大腸桿菌DNA複製過程中，DnaB解螺旋酶（DnaB helicase）會結合於A上，朝B方向行進，解開雙股DNA。 前述A與B分別代表下列何者？,A：前進股（leading strand）；B：5’→ 3’,A：前進股（leading strand）；B：3’→ 5’,A：延遲股（lagging strand）；B：5’→ 3’,A：延遲股（lagging strand）；B：3’→ 5’,,C,C,standard,,False,110020_1301.pdf,110020_ANS1301.pdf
MOEX-110020-1301-Q083,110,第一次,110020,1301,83,組織學,組織學,,原核細胞中的操縱子（operator）通常會與下列何者結合？,衰減子（attenuator）,誘導子（inducer）,啟動子（promoter）,抑制子（repressor）,,D,D,standard,,False,110020_1301.pdf,110020_ANS1301.pdf
MOEX-110020-1301-Q084,110,第一次,110020,1301,84,生物化學,生物化學,,蛋白質轉譯框移（translational framshifting）最可能發生於轉譯過程的那個階段？,轉譯起始（translation initiation）,轉譯延長（translation elongation）,轉譯中止（translation termination）,核糖體回收再利用（ribosome recycling）,,B,B,standard,,False,110020_1301.pdf,110020_ANS1301.pdf
MOEX-110020-1301-Q085,110,第一次,110020,1301,85,生物化學,生物化學,,在原核生物組裝完成的蛋白質轉譯起始複合物（translation initiation complex）中，起始轉運核糖核酸 （initiator tRNA）位於下列那一個位置？,A 位 [aminoacyl (A) site],P 位 [peptidyl (P) site],E 位 [exit (E) site],信使核糖核酸進入通道（mRNA entry tunnel）,,B,B,standard,,False,110020_1301.pdf,110020_ANS1301.pdf
MOEX-110020-1301-Q086,110,第一次,110020,1301,86,生物化學,生物化學,,下列何者是擺動假說（wobble hypothesis）的特點？（密碼子與反密碼子均由5' 端開始算）,tRNA的反密碼子第一個鹼基可與多種密碼子的第一個鹼基形成配對,tRNA的反密碼子第三個鹼基可與多種密碼子的第一個鹼基形成配對,tRNA的反密碼子第一個鹼基可與多種密碼子的第三個鹼基形成配對,密碼子的第三個鹼基一般是以華生－克里克（Watson-Crick）模式配對,,C,C,standard,,False,110020_1301.pdf,110020_ANS1301.pdf
MOEX-110020-1301-Q087,110,第一次,110020,1301,87,生物化學,生物化學,,Pyruvate dehydrogenase（PDH）為催化pyruvate轉化為acetyl-CoA進入克氏循環（Krebs cycle或稱TCA cycle） 的重要酵素。下列何者不是PDH會用到的co-factor？,flavin adenine dinucleotide（FAD）,Lipoamide,thiamine pyrophosphate（TPP）,pyridoxal phosphate（PLP）,,D,D,standard,,False,110020_1301.pdf,110020_ANS1301.pdf
MOEX-110020-1301-Q088,110,第一次,110020,1301,88,生物化學,生物化學,,下列有關克氏循環（Krebs cycle或稱TCA cycle）的步驟中，那一個酵素所催化的步驟在正常生理條件下為不 可逆反應？,aconitase,fumarase,citrate synthase,succinyl-CoA synthetase,,C,C,standard,,False,110020_1301.pdf,110020_ANS1301.pdf
MOEX-110020-1301-Q089,110,第一次,110020,1301,89,生物化學,生物化學,,Glycogen phosphorylase（GP）是控制肝醣降解之重要酵素，存在活性較高的R state與活性較低的T state，下 列關於glycogen phosphorylase之敘述，何者錯誤？,glycogen phosphorylase會將肝醣降解成glucose-6-phosphate,glucose-6-phosphate會使平衡趨向於活性低的T state,AMP會使平衡趨向於活性高的R state,當glycogen phosphorylase被 phosphorylase b kinase磷酸化時，較容易處於R state,,A,A,standard,,False,110020_1301.pdf,110020_ANS1301.pdf
MOEX-110020-1301-Q090,110,第一次,110020,1301,90,組織學,組織學,,人體下列何組織較不會以酮體（ketone bodies）作為能量的來源？,心臟,腦,肌肉組織,肝臟,,D,D,standard,,False,110020_1301.pdf,110020_ANS1301.pdf
MOEX-110020-1301-Q091,110,第一次,110020,1301,91,組織學,組織學,,下列何種穿膜運輸作用是利用他種離子梯度當作能量來源？,促進性擴散（facilitated diffusion）,被動運輸（passive transport）,初級主動運輸（primary active transport）,次級主動運輸（secondary active transport）,,D,D,standard,,False,110020_1301.pdf,110020_ANS1301.pdf
MOEX-110020-1301-Q092,110,第一次,110020,1301,92,生物化學,生物化學,,Statins是用來治療家族性高膽固醇血症（familial hypercholesterolemia）的常用藥物，這類藥物主要是藉由抑 制那一種酵素活性，進而降低細胞內膽固醇的合成？,β-hydroxy-β-methylglutaryl-CoA（HMG-CoA）synthase,β-hydroxy-β-methylglutaryl-CoA（HMG-CoA）lyase,β-hydroxy-β-methylglutaryl-CoA（HMG-CoA）reductase,β-hydroxy-β-methylglutaryl-CoA（HMG-CoA）isomerase,,C,C,standard,,False,110020_1301.pdf,110020_ANS1301.pdf
MOEX-110020-1301-Q093,110,第一次,110020,1301,93,生物化學,生物化學,,下列何種胺基酸可作為基質（substrate）參與尿素（urea）、嘌呤（purine）或嘧啶（pyrimidine）的合成？,甲硫胺酸（methionine）,離胺酸（lysine）,天門冬胺酸（aspartate）,脯胺酸（proline）,,C,C,standard,,False,110020_1301.pdf,110020_ANS1301.pdf
MOEX-110020-1301-Q094,110,第一次,110020,1301,94,醫學一其他科目,醫學一其他科目,,下列何者為三胜肽（tripeptide）？,阿斯巴甜（aspartame）,血清素（serotonin）,血基質（heme）,穀胱甘肽（glutathione）,,D,D,standard,,False,110020_1301.pdf,110020_ANS1301.pdf
MOEX-110020-1301-Q095,110,第一次,110020,1301,95,生物化學,生物化學,,參與電子傳遞鏈（electron transport chain）有四種蛋白質複合體，下列那一組複合體均具有氫離子幫浦 （proton pump）的活性？,"complexes I, II, III","complexes I, II, IV","complexes I, III, IV","complexes II, III, IV",,C,C,standard,,False,110020_1301.pdf,110020_ANS1301.pdf
MOEX-110020-1301-Q096,110,第一次,110020,1301,96,組織學,組織學,,下列關於一氧化氮（nitric oxide）的敘述，何者錯誤？,是一種自由基（free radical），可自由擴散通過細胞膜,是一種神經傳導物質（neurotransmitter）,它的生合成之前驅物是麩胺醯胺（glutamine）,在細胞質中它能夠與鳥苷酸環化酶（guanylyl cyclase）結合,,C,C,standard,,False,110020_1301.pdf,110020_ANS1301.pdf
MOEX-110020-1301-Q097,110,第一次,110020,1301,97,生物化學,生物化學,,致癌基因ras的突變，若造成Ras蛋白質持續處於下列何種狀態時，將最有可能造成腫瘤產生？,GTP-bound的被活化狀態,GDP-bound的去活化狀態,ATP-bound的被活化狀態,ADP-bound的去活化狀態,,A,A,standard,,False,110020_1301.pdf,110020_ANS1301.pdf
MOEX-110020-1301-Q098,110,第一次,110020,1301,98,生理學,生理學,,乳癌的病患有時會利用tamoxifen（一種激素拮抗劑）來做為輔助治療。下列有關此藥劑之敘述，何者正確？,tamoxifen是一種男性激素的專一拮抗劑（antagonist）,對雌激素受體呈陰性的乳癌患者效果較好,必須經由癌細胞表面之受器（receptor）進入細胞,進入細胞後，與雌激素受器結合，影響雌激素調控之基因表達,,D,D,standard,,False,110020_1301.pdf,110020_ANS1301.pdf
MOEX-110020-1301-Q099,110,第一次,110020,1301,99,微生物免疫寄生蟲公衛,微生物免疫寄生蟲公衛,,下列那一個載體最有可能用於人類疾病之基因治療（gene therapy）？,酵母菌（yeast）,人造細菌染色體（bacterial artificial chromosome）,腺病毒（adenovirus）,噬菌體（bacteriophage）,,C,C,standard,,False,110020_1301.pdf,110020_ANS1301.pdf
MOEX-110020-1301-Q100,110,第一次,110020,1301,100,生物化學,生物化學,,下列那一個反轉錄病毒基因體的元素（element）會重複出現在其染色體嵌入的位點？,末端長重複序列（long terminal repeat sequences）,gag gene,pol gene,env gene,,A,A,standard,,False,110020_1301.pdf,110020_ANS1301.pdf
MOEX-110101-1301-Q001,110,第二次,110101,1301,1,解剖學,頭頸部,神經解剖,下列何者不是內頸動脈的分支？,眼動脈（ophthalmic artery）,中大腦動脈（middle cerebral artery）,前脈絡叢動脈（anterior choroidal artery）,前交通動脈（anterior communicating artery）,,D,D,standard,,False,110101_1301.pdf,110101_MOD1301.pdf
MOEX-110101-1301-Q002,110,第二次,110101,1301,2,解剖學,胸腔,神經解剖,胸段右半邊脊髓損傷，可能造成下列何種症狀？,右側下肢無力,左側下肢震動感覺受損,右側下肢痛覺異常,左側上肢無力,,A,A,standard,,False,110101_1301.pdf,110101_MOD1301.pdf
MOEX-110101-1301-Q003,110,第二次,110101,1301,3,解剖學,頭頸部,頭頸部,下列何者不供應腭扁桃腺（palatine tonsil）血液？,面動脈（facial artery）,舌動脈（lingual artery）,升咽動脈（ascending pharyngeal artery）,上甲狀腺動脈（superior thyroid artery）,,D,D,standard,,False,110101_1301.pdf,110101_MOD1301.pdf
MOEX-110101-1301-Q004,110,第二次,110101,1301,4,解剖學,頭頸部,頭頸部,大岩神經溝（groove for greater petrosal nerve) 位於：,蝶骨（sphenoid bone）,頂骨（parietal bone）,顳骨（temporal bone）,枕骨（occipital bone）,,C,C,standard,,False,110101_1301.pdf,110101_MOD1301.pdf
MOEX-110101-1301-Q005,110,第二次,110101,1301,5,解剖學,頭頸部,頭頸部,下列何者無神經通過？,頸靜脈孔（jugular foramen）,圓孔（foramen rotundum）,篩後孔（posterior ethmoidal foramen）,盲孔（foramen cecum）,,D,D,standard,,False,110101_1301.pdf,110101_MOD1301.pdf
MOEX-110101-1301-Q006,110,第二次,110101,1301,6,解剖學,腹部,腹部,下列何動脈的起點水平位置最低？,腸繫膜上動脈（superior mesenteric artery）,腎上腺中動脈（middle suprarenal artery）,腎動脈（renal artery）,睪丸動脈（testicular artery）,,D,D,standard,,False,110101_1301.pdf,110101_MOD1301.pdf
MOEX-110101-1301-Q007,110,第二次,110101,1301,7,解剖學,腹部,腹部,直腸上段的動脈血來自：,腸繫膜上動脈（superior mesenteric artery）,腸繫膜下動脈（inferior mesenteric artery）,腰動脈（lumbar artery）,髂內動脈（internal iliac artery）,,B,B,standard,,False,110101_1301.pdf,110101_MOD1301.pdf
MOEX-110101-1301-Q008,110,第二次,110101,1301,8,組織學,組織學,,連接交感神經鏈（sympathetic chain）與L1脊神經的是：,只有白交通支（white rami communicantes），內含交感節前神經纖維,只有白交通支（white rami communicantes），內含交感節後神經纖維,白交通支與灰交通支（white and gray rami communicantes），其內均為交感節後神經纖維,白交通支與灰交通支（white and gray rami communicantes），其內分別含交感節前及節後神經纖維,,D,D,standard,,False,110101_1301.pdf,110101_MOD1301.pdf
MOEX-110101-1301-Q009,110,第二次,110101,1301,9,解剖學,骨盆與會陰,骨盆與會陰,男性尿道（male urethra）最長的部分是：,膀胱內尿道部（intramural part）,前列腺尿道部（prostatic part）,膜性尿道部（membranous part）,海綿體尿道部（spongy part）,,D,D,standard,,False,110101_1301.pdf,110101_MOD1301.pdf
MOEX-110101-1301-Q010,110,第二次,110101,1301,10,解剖學,下肢,下肢,下列何者不參與構成膝關節？,股骨（femur）,脛骨（tibia）,腓骨（fibula）,髕骨（patella）,,C,C,standard,,False,110101_1301.pdf,110101_MOD1301.pdf
MOEX-110101-1301-Q011,110,第二次,110101,1301,11,解剖學,胸腔,胸腔,在胸腔，下列何者的分支進入脊髓成為脊髓節動脈（segmental medullary artery）？,椎動脈（vertebral artery）,胸內動脈（internal thoracic artery）,肋間前動脈（anterior intercostal artery）,肋間後動脈（posterior intercostal artery）,,D,D,standard,,False,110101_1301.pdf,110101_MOD1301.pdf
MOEX-110101-1301-Q012,110,第二次,110101,1301,12,組織學,組織學,,下列何者不是大腦白質（white matter）中的聯合纖維（association fiber）？,鉤束（uncinate fasciculus）,弓狀束（arcuate fasciculus）,扣帶束（cingulum）,胼胝體（corpus callosum）,,D,D,standard,,False,110101_1301.pdf,110101_MOD1301.pdf
MOEX-110101-1301-Q013,110,第二次,110101,1301,13,解剖學,神經解剖,神經解剖,下列何種訊息不經由丘腦（thalamus）投射至大腦皮質？,視覺,嗅覺,體感覺,聽覺,,B,B,standard,,False,110101_1301.pdf,110101_MOD1301.pdf
MOEX-110101-1301-Q014,110,第二次,110101,1301,14,解剖學,神經解剖,神經解剖,下列何構造與痛覺調控的關聯性最少？,"脊髓第二細胞層（spinal cord, lamina II）",縫核脊髓徑（raphespinal tract）,脊髓小腦徑（spinocerebellar tract）,背柱內側蹄系（dorsal column-medial lemniscus system）,,C,C,standard,,False,110101_1301.pdf,110101_MOD1301.pdf
MOEX-110101-1301-Q015,110,第二次,110101,1301,15,解剖學,神經解剖,神經解剖,下列何構造不位於菱形窩（rhomboid fossa）中？,面神經丘（facial colliculus）,下橄欖體（inferior olive）,舌下神經三角（hypoglossal trigone）,迷走神經三角（vagal trigone）,,B,B,standard,,False,110101_1301.pdf,110101_MOD1301.pdf
MOEX-110101-1301-Q016,110,第二次,110101,1301,16,解剖學,神經解剖,神經解剖,若動眼神經完全麻痺（complete oculomotor nerve palsy），但滑車神經（trochlear nerve）及外旋神經 （abducent nerve）並未受損，則病患受影響的眼球瞳孔會朝向？,正上方,內上方,外下方,內下方,,C,C,standard,,False,110101_1301.pdf,110101_MOD1301.pdf
MOEX-110101-1301-Q017,110,第二次,110101,1301,17,解剖學,胸腔,胸腔,氣管（trachea）及食道（esophagus）最上端，起自何脊椎骨高度？,第二頸椎（C2）,第四頸椎（C4）,第六頸椎（C6）,第一胸椎（T1）,,C,C,standard,,False,110101_1301.pdf,110101_MOD1301.pdf
MOEX-110101-1301-Q018,110,第二次,110101,1301,18,解剖學,頭頸部,頭頸部,下列何者不是由舌下神經（hypoglossal nerve）支配？,頦舌肌（genioglossus）,舌骨舌肌（hyoglossus）,莖突舌肌（styloglossus）,腭舌肌（palatoglossus）,,D,D,standard,,False,110101_1301.pdf,110101_MOD1301.pdf
MOEX-110101-1301-Q019,110,第二次,110101,1301,19,解剖學,胸腔,胸腔,有關心臟瓣膜與聽診位置的對應，下列何者正確？,主動脈瓣─胸骨左側第二肋間,肺動脈瓣─胸骨右側第二肋間,三尖瓣─胸骨右側第四肋間,二尖瓣─胸骨左側第五肋間,,D,D,standard,,False,110101_1301.pdf,110101_MOD1301.pdf
MOEX-110101-1301-Q020,110,第二次,110101,1301,20,解剖學,胸腔,胸腔,有關肺臟之敘述，下列何者正確？,左肺三葉，右肺二葉,右肺水平裂（horizontal fissure）約對應第四肋骨下緣位置,右肺門（hilum）位在食道與奇靜脈（azygos vein）之間,左肺門位在降主動脈與食道間,,B,B,standard,,False,110101_1301.pdf,110101_MOD1301.pdf
MOEX-110101-1301-Q021,110,第二次,110101,1301,21,解剖學,胸腔,胸腔,胸膜炎（pleuritis）所引起的疼痛，主要是由何種神經所傳導？,迷走神經（vagus nerve）,大內臟神經（greater splachnic nerve）,喉返神經（recurrent laryngeal nerve）,肋間神經（intercostal nerve）,,D,D,standard,,False,110101_1301.pdf,110101_MOD1301.pdf
MOEX-110101-1301-Q022,110,第二次,110101,1301,22,解剖學,胸腔,胸腔,有關肋間肌群的敘述，下列何者錯誤？,平靜吸氣（產生胸腔負壓）時，支撐肋間空間,平靜呼吸時，肋間內外肌交替收縮，以提高或降低肋骨,打噴嚏時，快速收縮以擠壓出胸腔內空氣,深呼吸時，壓下或抬起肋骨以改變胸腔容積，增加肺活量,,B,B,standard,,False,110101_1301.pdf,110101_MOD1301.pdf
MOEX-110101-1301-Q023,110,第二次,110101,1301,23,解剖學,胸腔,胸腔,上縱隔（superior mediastinum）內之構造，由前往後之順序，下列何者正確？,氣管，食道，主動脈弓，肺動脈幹,頭臂靜脈，主動脈弓，氣管，食道,主動脈弓，肺動脈幹，食道，氣管,主動脈弓，頭臂靜脈，氣管，食道,,B,B,standard,,False,110101_1301.pdf,110101_MOD1301.pdf
MOEX-110101-1301-Q024,110,第二次,110101,1301,24,解剖學,腹部,腹部,十二指腸懸肌（suspensory muscle of duodenum）由何處來的肌肉形成？,腰大肌（psoas major muscle）,腰方肌（quadratus lumborum muscle）,橫膈肌（diaphragm）,肋下肌（subcostal muscle）,,C,C,standard,,False,110101_1301.pdf,110101_MOD1301.pdf
MOEX-110101-1301-Q025,110,第二次,110101,1301,25,解剖學,腹部,腹部,肝臟的內臟面（visceral surface），看不到下列何構造？,腎上腺壓迹（suprarenal impression）,食道壓迹（esophageal impression）,胰臟壓迹（pancreatic impression）,結腸壓迹（colic impression）,,C,C,standard,,False,110101_1301.pdf,110101_MOD1301.pdf
MOEX-110101-1301-Q026,110,第二次,110101,1301,26,解剖學,骨盆與會陰,骨盆與會陰,來自薦部的副交感節前神經（preganglionic parasympathetic fiber），主要經由下列何者進入骨盆神經叢 （pelvic nerve plexus）？,腹下神經（hypogastric nerve）,陰部神經（pudendal nerve）,骨盆內臟神經（pelvic splanchnic nerve）,閉孔神經（obturator nerve）,,C,C,standard,,False,110101_1301.pdf,110101_MOD1301.pdf
MOEX-110101-1301-Q027,110,第二次,110101,1301,27,解剖學,骨盆與會陰,骨盆與會陰,當尿道海綿體（corpus spongiosum）破裂造成尿液外滲，最常見尿液外滲堆積的位置在：,陰囊（scrotum）,睪丸（testis）,前列腺（prostate gland）,大腿（thigh）,,A,A,standard,,False,110101_1301.pdf,110101_MOD1301.pdf
MOEX-110101-1301-Q028,110,第二次,110101,1301,28,解剖學,下肢,下肢,下列那兩塊肌肉的肌腱，在足底內側交叉？,脛前肌（tibialis anterior）與脛後肌（tibialis posterior）,腓骨長肌（fibularis longus）與腓骨短肌（fibularis brevis）,屈 趾長肌（flexor hallucis longus）與屈趾長肌（flexor digitorum longus）,屈 趾短肌（flexor hallucis brevis）與屈趾短肌（flexor digitorum brevis）,,C,C,standard,,False,110101_1301.pdf,110101_MOD1301.pdf
MOEX-110101-1301-Q029,110,第二次,110101,1301,29,解剖學,下肢,下肢,當腳部的跗骨隧道（tarsal tunnel）發炎時，最容易傷及下列何者？,脛神經（tibial nerve）,腓腸神經（sural nerve）,腓深神經（deep fibular nerve）,腓淺神經（superficial fibular nerve）,,A,A,standard,,False,110101_1301.pdf,110101_MOD1301.pdf
MOEX-110101-1301-Q030,110,第二次,110101,1301,30,解剖學,上肢,上肢,前臂（forearm）的旋前圓肌（pronator teres）與旋後肌（supinator），分別是由那一條神經支配？,前者是正中神經（median nerve)，後者是橈神經（radial nerve）,前者是橈神經（radial nerve)，後者是正中神經（median nerve）,兩者都是正中神經（median nerve）支配,兩者都是橈神經（radial nerve）支配,,A,A,standard,,False,110101_1301.pdf,110101_MOD1301.pdf
MOEX-110101-1301-Q031,110,第二次,110101,1301,31,解剖學,胸腔,胸腔,下列何者的兩種人體關節，都具有關節盤（articular disc）的構造？,肩關節（shoulder joint）與髖關節（hip joint）,胸鎖關節（sternoclavicular joint）與肩關節（shoulder joint）,顳頷關節（temporomandibular joint）與髖關節（hip joint）,胸鎖關節（sternoclavicular joint）與顳頷關節（temporomandibular joint）,,D,D,standard,,False,110101_1301.pdf,110101_MOD1301.pdf
MOEX-110101-1301-Q032,110,第二次,110101,1301,32,組織學,組織學,,下列何者只出現於絨毛膜的三級絨毛（tertiary chorionic villus）內？,融合滋養層（syncytiotrophoblast）,細胞滋養層（cytotrophoblast）,間葉組織（mesenchymal tissue）,微血管（capillary）,,D,D,standard,,False,110101_1301.pdf,110101_MOD1301.pdf
MOEX-110101-1301-Q033,110,第二次,110101,1301,33,解剖學,腹部,腹部,大部分腹側腸繫膜（ventral mesentery）在胚胎發育過程中都會消失，下列何者尾端仍保留此構造？,原始咽（primordial pharynx）,前腸（foregut）,中腸（midgut）,後腸（hindgut）,,B,B,standard,,False,110101_1301.pdf,110101_MOD1301.pdf
MOEX-110101-1301-Q034,110,第二次,110101,1301,34,解剖學,頭頸部,頭頸部,鎚骨（malleus），砧骨（incus），和鐙骨（stapes）是源自：,第1和第2咽弓（pharyngeal arch）,第2和第3咽弓（pharyngeal arch）,第3和第4咽弓（pharyngeal arch）,第4和第6咽弓（pharyngeal arch）,,A,A,standard,,False,110101_1301.pdf,110101_MOD1301.pdf
MOEX-110101-1301-Q035,110,第二次,110101,1301,35,胚胎及發育生物學,胚胎及發育生物學,,下列何者發育不正常，最可能會造成先天斜頸（congenital torticollis/wryneck）？,斜角肌（scalene muscle）,胸鎖乳突肌（sternocleidomastoid muscle）,脊柱前肌（prevertebral muscle）,舌下肌（infrahyoid muscle）,,B,B,standard,,False,110101_1301.pdf,110101_MOD1301.pdf
MOEX-110101-1301-Q036,110,第二次,110101,1301,36,胚胎及發育生物學,胚胎及發育生物學,,汗腺的分泌部（secretory part of sweat gland）之發育，主要衍生自下列何者？,體表外胚層（surface ectoderm）,神經嵴（neural crest）,咽弓之中胚層（pharyngeal mesoderm）,間葉組織（mesenchyme）,,A,A,standard,,False,110101_1301.pdf,110101_MOD1301.pdf
MOEX-110101-1301-Q037,110,第二次,110101,1301,37,組織學,組織學,,下列有關運動終板（motor end plate）組成構造的敘述，何項正確？,突觸間隙（synaptic cleft）的位置是介於軸突終端（axon terminal）與許旺細胞（Schwann cell）之間,神經傳導物質的受體（neurotransmitter receptor）主要分布在軸突終端（axon terminal）,接合皺襞（junctional fold）由肌纖維膜（sarcolemma）形成,突觸小泡（synaptic vesicle）主要分布在肌纖維膜（sarcolemma）上,,C,C,standard,,False,110101_1301.pdf,110101_MOD1301.pdf
MOEX-110101-1301-Q038,110,第二次,110101,1301,38,組織學,組織學,,下列何者具有雙層膜（double membranes）結構？,溶酶體（lysosome）,過氧化質體（peroxisome）,核套（nuclear envelope）,脂肪小滴（lipid droplet）,,C,C,standard,,False,110101_1301.pdf,110101_MOD1301.pdf
MOEX-110101-1301-Q039,110,第二次,110101,1301,39,組織學,組織學,,下列何者的成長方式，不是以間質成長（interstitial growth）進行？,透明軟骨（hyaline cartilage）,纖維軟骨（fibrocartilage）,彈性軟骨（elastic cartilage）,硬骨（bone）,,D,D,standard,,False,110101_1301.pdf,110101_MOD1301.pdf
MOEX-110101-1301-Q040,110,第二次,110101,1301,40,解剖學,神經解剖,神經解剖,蒲金氏細胞（Purkinje cells）是位於：,大腦皮質（cerebral cortex）,小腦皮質（cerebellar cortex）,丘腦（thalamus）,脊髓灰質（spinal gray matter）,,B,B,standard,,False,110101_1301.pdf,110101_MOD1301.pdf
MOEX-110101-1301-Q041,110,第二次,110101,1301,41,組織學,組織學,,有關肌型動脈（muscular artery）的敘述，下列何者正確？,外膜（tunica adventitia）是血管壁最薄的一層,中膜（tunica media）的主要組成是彈性板（elastic lamellae）,內膜（tunica intima）是由多層扁平狀的內皮細胞（endothelial cells）和結締組織組成,有明顯的波浪狀內彈性膜（internal elastic membrane）,,D,D,standard,,False,110101_1301.pdf,110101_MOD1301.pdf
MOEX-110101-1301-Q042,110,第二次,110101,1301,42,組織學,組織學,,下列有關齒堊質（cementum）的敘述，何項正確？,牙周韌帶（periodontal ligament）的Sharpey's fibers會伸入齒堊質（cementum）,內接齒髓（dental pulp），外接琺瑯質（enamel）,由成釉細胞（ameloblast）分泌形成,在齒根（root）及齒冠（crown）均有此構造,,A,A,standard,,False,110101_1301.pdf,110101_MOD1301.pdf
MOEX-110101-1301-Q043,110,第二次,110101,1301,43,組織學,組織學,,十二指腸腺（Brunner's gland）位於：,黏膜（mucosa）,黏膜下層（submucosa）,外肌層（muscularis externa）,外膜（adventitia）,,B,B,standard,,False,110101_1301.pdf,110101_MOD1301.pdf
MOEX-110101-1301-Q044,110,第二次,110101,1301,44,解剖學,骨盆與會陰,骨盆與會陰,下列何種構造的上皮，不是移形上皮（transitional epithelium）？,腎盂（renal pelvis）,尿道近端（proximal part of the urethra）,膀胱（urinary bladder）,尿道外口（external urethral orifice）,,D,D,standard,,False,110101_1301.pdf,110101_MOD1301.pdf
MOEX-110101-1301-Q045,110,第二次,110101,1301,45,組織學,組織學,,下列何者為子宮內膜（endometrium）在增生期（proliferative phase）的特徵？,基質細胞（stromal cells）不進行分裂，而是儲存大量膠原（collagen）與基質（ground substance）,螺旋動脈（spiral artery）已經延伸至子宮內膜（endometrium）的頂部,上皮細胞肥大（hypertrophy），子宮內膜（endometrium）出現水腫（edema）,子宮腺（uterine gland）基部的上皮細胞開始進行腺體重建,,D,D,standard,,False,110101_1301.pdf,110101_MOD1301.pdf
MOEX-110101-1301-Q046,110,第二次,110101,1301,46,解剖學,骨盆與會陰,骨盆與會陰,細精管（seminiferous tubules）中的細胞，下列何者最靠近管腔底部？,精原細胞（spermatogonium）,精母細胞（spermatocyte）,精細胞（spermatid）,睪丸間質細胞（Leydig cell）,,A,A,standard,,False,110101_1301.pdf,110101_MOD1301.pdf
MOEX-110101-1301-Q047,110,第二次,110101,1301,47,組織學,組織學,,下列何種細胞膜結合（membrane junctions）可最嚴格管控正常消化道上皮細胞對管腔內胺基酸、葡萄糖等物 質的吸收？,緊密結合（tight junction）,間隙結合（gap junction）,胞橋體（desmosome）,接合子（connexin）,,A,A,standard,,False,110101_1301.pdf,110101_MOD1301.pdf
MOEX-110101-1301-Q048,110,第二次,110101,1301,48,組織學,組織學,,一個完全沒有視野缺失，但無法說出所見物體形狀的個案，最有可能於下列何處有神經細胞損傷？,兩側optic radiation的上半部神經束,兩側Meyer's loop的全部神經束,temporal cortex,parietal cortex,,C,C,standard,,False,110101_1301.pdf,110101_MOD1301.pdf
MOEX-110101-1301-Q049,110,第二次,110101,1301,49,生理學,生理學,,分布於腎上腺髓質內的交感神經末梢，主要是分泌下列何項神經傳導物質？,epinephrine,acetylcholine,calcitonin gene-related peptide,gamma-aminobutyric acid,,B,B,standard,,False,110101_1301.pdf,110101_MOD1301.pdf
MOEX-110101-1301-Q050,110,第二次,110101,1301,50,解剖學,神經解剖,神經解剖,有關丘腦神經核和具特定功能大腦皮質區的直接或單一突觸（direct or monosynaptic）聯絡配對，下列何項錯 誤？,側膝核（lateral geniculate nucleus）和初級視覺皮質（primary visual cortex）,腹後側核（ventral posterior lateral nucleus）和初級感覺皮質（primary somatosensory cortex）,腹後中核（ventral posterior medial nucleus）和初級痛覺皮質（primary nociceptive cortex）,腹前核（ventral anterior nucleus）和運動皮質（motor cortex）,,C,C,standard,,False,110101_1301.pdf,110101_MOD1301.pdf
MOEX-110101-1301-Q051,110,第二次,110101,1301,51,組織學,組織學,,關於rapid eye movement（REM）sleep的敘述，下列何者最不適當？,REM sleep期和正常清醒期腦波之差異程度，大於non-REM sleep期和正常清醒期腦波之差異程度,個體處於REM sleep期比處於清醒時或其他期睡眠時，更可能出現pontogeniculo-occipital（PGO）spikes,個體處於REM sleep期，其頸部骨骼肌的肌肉張力（muscle tone）常較警醒時的張力為低,個體處於REM sleep期，其局部身體的活動和出現可回憶夢境的機率較其他睡眠期為高,,A,A,standard,,False,110101_1301.pdf,110101_MOD1301.pdf
MOEX-110101-1301-Q052,110,第二次,110101,1301,52,醫學一其他科目,醫學一其他科目,,雖聽不懂醫囑和指示，當一位術後產生劇烈疼痛感的病人發現按壓一個白色的鈕能使醫護人員事先準備的 fentanyl溶液自動直接注入自己的靜脈，並產生某種感覺後，術後病人就開始快速而持續的按壓那一顆白色的 鈕。病人並不知道在術後第二週後，fentanyl溶液已被移除，卻仍不時快速的按壓那一顆白色的鈕。對這個病 人而言，fentanyl溶液最不可能的角色為：,止痛劑（analgesic）,反安慰劑（nocebo）,行為強化物（reinforcer）,動機酬賞物（reward）,,B,B,standard,,False,110101_1301.pdf,110101_MOD1301.pdf
MOEX-110101-1301-Q053,110,第二次,110101,1301,53,組織學,組織學,,假設氯離子的平衡電位為–70 mV，鉀離子的平衡電位為–80 mV，靜止膜電位是–75 mV，在這種情況下打開 氯離子或鉀離子通道，細胞膜電位會如何改變？,打開氯離子通道會去極化，打開鉀離子通道會過極化,打開氯離子通道會過極化，打開鉀離子通道會去極化,打開氯離子通道或鉀離子通道皆會去極化,打開氯離子通道或鉀離子通道皆會過極化,,A,A,standard,,False,110101_1301.pdf,110101_MOD1301.pdf
MOEX-110101-1301-Q054,110,第二次,110101,1301,54,生理學,生理學,,下列有關突觸訊號傳遞的敘述，何者正確？,阻斷鈣離子流入突觸前末梢，可以阻止神經傳遞物質的釋放,突觸延遲（synaptic delay）一般需時50～100毫秒,活化甘胺酸（glycine）離子通道型受體會造成興奮性突觸電位,釋放出來的神經傳遞物質，最終大都透過擴散被微血管回收,,A,A,standard,,False,110101_1301.pdf,110101_MOD1301.pdf
MOEX-110101-1301-Q055,110,第二次,110101,1301,55,生物化學,生物化學,,骨骼肌開始收縮時，前幾秒鐘所需的ATP主要來自下列何者？,creatine phosphate轉給ADP所形成的ATP,經由oxidative phosphorylation產生的ATP,從glucose經由glycolysis產生的ATP,從fatty acid經由glycolysis產生的ATP,,A,A,standard,,False,110101_1301.pdf,110101_MOD1301.pdf
MOEX-110101-1301-Q056,110,第二次,110101,1301,56,生理學,生理學,,SA node在產生動作電位前，有一段pacemaker potential，下列那一狀況是造成此一緩慢上升電位產生的主要原 因？,鈉離子與鈣離子流入,鈉離子流入，鈣離子流出,鈉離子流出，鈣離子流入,鈉離子與鈣離子流出,,A,A,standard,,False,110101_1301.pdf,110101_MOD1301.pdf
MOEX-110101-1301-Q057,110,第二次,110101,1301,57,解剖學,上肢,上肢,若以一條繩線緊綁某根手指頭根部1～2分鐘後，移除該繩線後會發現該手指因短暫血流增加而變紅，這現象 最主要是下列何種局部控制機制所致？,主動性充血（active hyperemia）,反應性充血（reactive hyperemia）,肌原反應（myogenic responses）,對傷害的反應（response to injury）,,B,B,standard,,False,110101_1301.pdf,110101_MOD1301.pdf
MOEX-110101-1301-Q058,110,第二次,110101,1301,58,解剖學,腹部,胸腔,林小明跌倒受傷引起失血，但平均動脈壓卻無明顯改變。這是因為此時體內為了維持循環系統正常運作，啟 動了一些恆定（homeostasis）機制。這些機制最不可能包括下列何項？,增加血漿中腎上腺素對竇房結作用,減少微動脈半徑,減少心臟的副交感神經活性,增加心房利鈉肽釋放,,D,D,standard,,False,110101_1301.pdf,110101_MOD1301.pdf
MOEX-110101-1301-Q059,110,第二次,110101,1301,59,生理學,生理學,,下列有關心臟生理之敘述，何者正確？,每次心跳時，只有部分心肌細胞受到活化，進行收縮,心肌細胞不反應期（refractory period）的時間大約和其動作電位的高原期持續時間相等,心室收縮末期容積（end-systolic volume）時的肌肉長度，與心搏量（stroke volume）的關係成正比,心室等容舒張期（isovolumetric ventricular relaxation），心室肌細胞是處於可產生最大收縮力之最佳長度 （optimal length）,,B,B,standard,,False,110101_1301.pdf,110101_MOD1301.pdf
MOEX-110101-1301-Q060,110,第二次,110101,1301,60,生理學,生理學,,呼吸時，膈神經（phrenic nerve）的放電頻率（firing frequency）於何時增加？,僅平靜吸氣（quiet inspiration）時增加，用力吸氣（forced inspiration）時不增加,僅平靜呼氣（quiet expiration）時增加，用力呼氣（forced expiration）時不增加,平靜吸氣與用力吸氣（forced inspiration）時皆增加,平靜呼氣與用力呼氣（forced expiration）時皆增加,,C,C,standard,,False,110101_1301.pdf,110101_MOD1301.pdf
MOEX-110101-1301-Q061,110,第二次,110101,1301,61,組織學,組織學,,甲、乙兩試管內含有相同的正常人體血液，分別灌入氣體使得兩者血液之氧分壓（ ）均為40 mmHg，甲 試管內血液之二氧化碳分壓（ ）為40 mmHg，乙試管內血液之二氧化碳分壓為46 mmHg。下列敘述何者 正確？,甲、乙兩試管內血液之氧氣總含量（total oxygen content）相同,甲試管內血漿（plasma）含有的氧氣量比乙試管更多,乙試管內血液的血氧飽和度（blood O saturation or hemoglobin saturation）比甲試管更少 2,乙試管內血液pH值比甲試管更高,,C,C,standard,,False,110101_1301.pdf,110101_MOD1301.pdf
MOEX-110101-1301-Q062,110,第二次,110101,1301,62,解剖學,腹部,腹部,正常生理狀況下，下列何種器官所分泌的脂肪酵素（lipase）最少？,口腔（mouth）,小腸（small intestine）,胰臟（pancreas）,膽囊（gallbladder）,,D,D,standard,,False,110101_1301.pdf,110101_MOD1301.pdf
MOEX-110101-1301-Q063,110,第二次,110101,1301,63,組織學,組織學,,下列有關脂溶性維生素功能的敘述，何者最不恰當？,維生素K增加肌肉張力,活化態維生素D促進鈣的吸收,維生素E抗氧化,維生素A促進眼內感光色素的形成,,A,A,standard,,False,110101_1301.pdf,110101_MOD1301.pdf
MOEX-110101-1301-Q064,110,第二次,110101,1301,64,組織學,組織學,,在distal convoluted tubule的靠管腔（tubular lumen）側的細胞膜上，對鈉再吸收的同向運輸子（cotransporter） 的運轉，最有賴於在靠組織間液（interstitial fluid）側的細胞膜上何種通道之搭配？,鉀離子通道（K + channel）,氯離子通道（Cl - channel）,鈉離子通道（Na + channel）,水通道（H O channel） 2,,A|B,A|B,multiple_answers,第64題答A、B給分,False,110101_1301.pdf,110101_MOD1301.pdf
MOEX-110101-1301-Q065,110,第二次,110101,1301,65,生理學,生理學,,有關應用菊糖（inulin）於腎功能測量之敘述，下列何者錯誤？,菊糖經由腎絲球濾過,菊糖不經腎小管分泌與腎小管再吸收,菊糖清除率與腎血漿流量值極接近,菊糖清除率與腎小球濾過率值極接近,,C,C,standard,,False,110101_1301.pdf,110101_MOD1301.pdf
MOEX-110101-1301-Q066,110,第二次,110101,1301,66,組織學,組織學,,下列何者最不可能造成腎間質細胞（mesangial cell）的收縮﹖,多巴胺（dopamine）,血管內皮素（endothelin）,第二型血管張力素（angiotensin II）,正腎上腺素（norepinephrine）,,A,A,standard,,False,110101_1301.pdf,110101_MOD1301.pdf
MOEX-110101-1301-Q067,110,第二次,110101,1301,67,組織學,組織學,,"有關腎上腺皮質促素（adrenocorticotropic hormone, ACTH）調控皮質醇（cortisol）分泌的敘述，下列何者正 確？",ACTH主要是以phospholipase C作為第二信使（second messenger）傳遞訊息,ACTH促使膽固醇進入平滑內質網內合成皮質醇,ACTH促進皮質醇自分泌囊泡中釋放,原發性腎上腺機能不足（primary adrenal insufficiency）會促使ACTH分泌量增加,,D,D,standard,,False,110101_1301.pdf,110101_MOD1301.pdf
MOEX-110101-1301-Q068,110,第二次,110101,1301,68,生理學,生理學,,有關生長荷爾蒙（growth hormone）生成分泌之調控，下列敘述何者最不適當？,下視丘會釋放多巴胺（dopamine）抑制生長荷爾蒙分泌,飢餓狀態會促進生長荷爾蒙分泌,慢波（例如第三期）睡眠會促進生長荷爾蒙分泌,正常狀況下50歲的人相較於20歲的人生長荷爾蒙的分泌量較低,,A,A,standard,,False,110101_1301.pdf,110101_MOD1301.pdf
MOEX-110101-1301-Q069,110,第二次,110101,1301,69,解剖學,腹部,腹部,進食最主要可刺激腸道內分泌細胞（enteroendocrine cells）分泌下列何種物質來促進胰臟分泌胰島素 （insulin）？,腎上腺素（epinephrine/adrenaline）,"二肽基肽酶-4（dipeptidyl peptidase 4, DPP-4）","類升糖素胜肽-1（glucagon-like peptide-1, GLP-1）","葡萄糖運輸蛋白-4（glucose transporter 4, GLUT-4）",,C,C,standard,,False,110101_1301.pdf,110101_MOD1301.pdf
MOEX-110101-1301-Q070,110,第二次,110101,1301,70,解剖學,腹部,腹部,下列何者是促進膽固醇進入粒線體以啟動類固醇生成（steroidogenesis）之重要因子，且其基因缺失會導致先 天性腎上腺增生症（congenital lipoid adrenal hyperplasia）？,膽固醇酯酶（cholesterol esterase）,"低密度脂蛋白受器（low-density lipoprotein receptor, LDLR）","高密度脂蛋白受器（high-density lipoprotein receptor, HDLR）","類固醇生成急性調控蛋白（steroidogenic acute regulatory protein, StAR）",,D,D,standard,,False,110101_1301.pdf,110101_MOD1301.pdf
MOEX-110101-1301-Q071,110,第二次,110101,1301,71,生理學,生理學,,正常的甲狀腺分泌最多的荷爾蒙為何？,tetraiodothyronine（T ） 4,reverse triiodothyronine（RT ） 3,diiodotyrosine（DIT）,triiodothyronine（T ） 3,,A,A,standard,,False,110101_1301.pdf,110101_MOD1301.pdf
MOEX-110101-1301-Q072,110,第二次,110101,1301,72,解剖學,神經解剖,神經解剖,黃體生成素受器（LH receptor）缺失的男性，其精子生成（spermatogenesis）能力低，此顯示下列何者具有參 與調節精子生成的重要性？,抑制素（inhibin）,皮質素（cortisol）,雌二醇（estradiol）,睪固酮（testosterone）,,D,D,standard,,False,110101_1301.pdf,110101_MOD1301.pdf
MOEX-110101-1301-Q073,110,第二次,110101,1301,73,解剖學,骨盆與會陰,骨盆與會陰,女性因幾乎無月經週期而求診，經檢查發現其卵巢幾乎沒有空腔濾泡（antral follicles），血液雄性素 （androgen）含量正常而雌性素（estrogen）低落；此最可能是因為缺乏下列何者所致？,黃體生成素（LH）,濾泡促素（FSH）,抑制素（inhibin）,性釋素（GnRH）,,B,B,standard,,False,110101_1301.pdf,110101_MOD1301.pdf
MOEX-110101-1301-Q074,110,第二次,110101,1301,74,生物化學,生物化學,,氧氣和肌紅蛋白（myoglobin）結合時，蛋白質上的何種胺基酸會和此氧分子形成氫鍵，使氧分子結合更為穩 定？,serine,histidine,proline,tyrosine,,B,B,standard,,False,110101_1301.pdf,110101_MOD1301.pdf
MOEX-110101-1301-Q075,110,第二次,110101,1301,75,生理學,生理學,,下列何者數值越大，表示酵素之催化效率越佳？,1 /k cat,K M,k / K cat M,K / k M cat,,C,C,standard,,False,110101_1301.pdf,110101_MOD1301.pdf
MOEX-110101-1301-Q076,110,第二次,110101,1301,76,生理學,生理學,,下列關於酵素的敘述，何者錯誤？,酵素可降低化學反應物及產物之間的自由能差異,大多數酵素會與反應過渡態（transition state）緊密結合,大多數酵素催化反應有立體化學專一性（stereospecificity）,酵素可縮短反應達到化學平衡所需的時間,,A,A,standard,,False,110101_1301.pdf,110101_MOD1301.pdf
MOEX-110101-1301-Q077,110,第二次,110101,1301,77,醫學一其他科目,醫學一其他科目,,缺乏phenylalanine hydroxylase會造成苯丙酮尿症。phenylalanine hydroxylase催化由phenylalanine生成tyrosine， 下列何種輔酶為反應所必需？,tetrahydrobiopterin,biotin,thiamine pyrophosphate,pyridoxal phosphate,,A,A,standard,,False,110101_1301.pdf,110101_MOD1301.pdf
MOEX-110101-1301-Q078,110,第二次,110101,1301,78,醫學一其他科目,醫學一其他科目,,下列何種輔酶（coenzyme）於羧化反應（carboxylation）中用以攜帶CO ？ 2,biotin,+ NAD,FAD,thiamine pyrophosphate,,A,A,standard,,False,110101_1301.pdf,110101_MOD1301.pdf
MOEX-110101-1301-Q079,110,第二次,110101,1301,79,醫學一其他科目,醫學一其他科目,,下列何者屬於迴文序列（palindromic sequence）？,AGGTCCTCCAGG,CCTTCCGGAAGG,GAATCCCTTAGG,GGATCCCCTAGG,,B,B,standard,,False,110101_1301.pdf,110101_MOD1301.pdf
MOEX-110101-1301-Q080,110,第二次,110101,1301,80,胚胎及發育生物學,胚胎及發育生物學,,下列關於Lesch-Nyhan syndrome的敘述，何者錯誤？,先天缺乏hypoxanthine-guanine phosphoribosyltransferase而導致,無法藉由新合成路徑（de novo pathway）合成鳥糞嘌呤（guanine）,X染色體相關之遺傳性疾病,嚴重者會累積過多的尿酸，造成組織的破壞,,B,B,standard,,False,110101_1301.pdf,110101_MOD1301.pdf
MOEX-110101-1301-Q081,110,第二次,110101,1301,81,微生物免疫寄生蟲公衛,微生物免疫寄生蟲公衛,,大腸桿菌裡染色體DNA複製最主要的聚合酶為：,DNA聚合酶 I,DNA聚合酶 II,DNA聚合酶 III,DNA聚合酶 IV,,C,C,standard,,False,110101_1301.pdf,110101_MOD1301.pdf
MOEX-110101-1301-Q082,110,第二次,110101,1301,82,微生物免疫寄生蟲公衛,微生物免疫寄生蟲公衛,,大腸桿菌進行同源性重組（homologous recombination）時，下列何種蛋白質會包覆於此過程中產生之單股 DNA上，形成螺旋的細絲（helical filaments）結構？,DNA polymerase,RuvC,RecA,RecBCD,,C,C,standard,,False,110101_1301.pdf,110101_MOD1301.pdf
MOEX-110101-1301-Q083,110,第二次,110101,1301,83,胚胎及發育生物學,胚胎及發育生物學,,UvrABC核酸內切酶（UvrABC excinuclease）參與下列何種DNA修復機制？,直接修復機制（direct repair）,重組修復（recombination repair）,鹼基錯誤配對修復（mismatch repair）,核苷酸切除修復（nucleotide excision repair）,,D,D,standard,,False,110101_1301.pdf,110101_MOD1301.pdf
MOEX-110101-1301-Q084,110,第二次,110101,1301,84,生物化學,生物化學,,下列何者對真核細胞中的蛋白質轉譯起始（translation initiation）最不重要？,5' 端帽結構（5' cap structure）,內部核糖體進入位點（internal ribosome entry site）,轉譯起始因子eIF2的參與,夏因–達爾加諾序列（Shine-Dalgarno sequence）,,D,D,standard,,False,110101_1301.pdf,110101_MOD1301.pdf
MOEX-110101-1301-Q085,110,第二次,110101,1301,85,生物化學,生物化學,,下列何種物質不會抑制蛋白質的生合成？,氯黴素（chloramphenicol）,戊二醯亞胺環己酮（cycloheximide）,青黴素（penicillin）,嘌呤黴素（puromycin）,,C,C,standard,,False,110101_1301.pdf,110101_MOD1301.pdf
MOEX-110101-1301-Q086,110,第二次,110101,1301,86,生物化學,生物化學,,有關拓樸異構酶（topoisomerase）功能的敘述，下列何者正確？,打開DNA，並催化磷酸雙酯鍵的斷裂與接合，以紓緩DNA纏繞的壓力,結合並保護染色體尾端DNA，使其不易被水解,修飾組蛋白（histone），以穩定染色體之結構,幫助致癌基因之轉譯後修飾,,A,A,standard,,False,110101_1301.pdf,110101_MOD1301.pdf
MOEX-110101-1301-Q087,110,第二次,110101,1301,87,生物化學,生物化學,,有關核糖體（ribosomes）的描述，下列何者最適當？,只有大次單元（large subunit）含有rRNA分子,rRNA只扮演核糖體結構的角色,大次單元是由多個大小不一的rRNAs和蛋白質所構成,核糖體中胜肽轉移酶（peptidyl transferase）的催化作用由蛋白質執行,,C,C,standard,,False,110101_1301.pdf,110101_MOD1301.pdf
MOEX-110101-1301-Q088,110,第二次,110101,1301,88,醫學一其他科目,醫學一其他科目,,Pyruvate dehydrogenase（PDH）催化pyruvate轉化為acetyl-CoA的過程中會依序釋放出：,"acetyl-CoA, CO , NADH 2","acetyl-CoA, CO , FADH 2 2","CO , FADH , acetyl-CoA 2 2","CO , acetyl-CoA, NADH 2",,D,D,standard,,False,110101_1301.pdf,110101_MOD1301.pdf
MOEX-110101-1301-Q089,110,第二次,110101,1301,89,生物化學,生物化學,,Amylopectin是葡萄糖單體以何種方式聚合而成的多醣？,α-D-glucose通過1→4鍵結所形成之長直鏈,β-D-glucose通過1→4鍵結所形成之長直鏈,α-D-glucose通過1→4鍵結所形成之長直鏈，並以1→6鍵結方式形成支鏈,β-D-glucose通過1→4鍵結所形成之長直鏈，並以1→6鍵結方式形成支鏈,,C,C,standard,,False,110101_1301.pdf,110101_MOD1301.pdf
MOEX-110101-1301-Q090,110,第二次,110101,1301,90,組織學,組織學,,在細胞中，下列那種化合物無法直接用以合成ATP？,"1,3-bisphosphoglycerate",3-phosphoglycerate,phosphocreatine,phosphoenolpyruvate,,B,B,standard,,False,110101_1301.pdf,110101_MOD1301.pdf
MOEX-110101-1301-Q091,110,第二次,110101,1301,91,解剖學,胸腔,胸腔,以抑制肺部小氣道收縮為治療氣喘的策略時，下列何者最適合作為發展抑制氣喘藥物的標的？,COX-1/COX-2,leukotriene receptor,PGH 2,phospholipase A2,,B,B,standard,,False,110101_1301.pdf,110101_MOD1301.pdf
MOEX-110101-1301-Q092,110,第二次,110101,1301,92,組織學,組織學,,細胞膜上脂膜筏（lipid rafts）的主要組成，不包含下列何者？,cholesterol,sphingolipids,GPI-anchored proteins,methylated proteins,,D,D,standard,,False,110101_1301.pdf,110101_MOD1301.pdf
MOEX-110101-1301-Q093,110,第二次,110101,1301,93,組織學,組織學,,下列何者與細胞調節飽和脂肪酸氧化反應（β-oxidation）的關聯性最低？,acetyl-CoA濃度,cyclic AMP濃度,malonyl-CoA濃度,NADPH濃度,,D,D,standard,,False,110101_1301.pdf,110101_MOD1301.pdf
MOEX-110101-1301-Q094,110,第二次,110101,1301,94,生物化學,生物化學,,有關蛋白質迴轉（protein turnover）的敘述，下列何者錯誤？,泛素（ubiquitin）結合至待分解蛋白質的精胺酸（arginine）殘基上,自噬作用（autophagy）可經由溶小體（lysosome）內的蛋白分解酶作用使蛋白質重新利用,細菌為了適應環境生存而進行孢子形成（sporulation）作用，此過程涉及蛋白質迴轉,泛素化（ubiquitination）需要ATP的參與,,A,A,standard,,False,110101_1301.pdf,110101_MOD1301.pdf
MOEX-110101-1301-Q095,110,第二次,110101,1301,95,生物化學,生物化學,,酪胺酸（tyrosine）與苯丙胺酸（phenylalanine）在體內皆可經由酵素催化形成反丁烯二酸（fumarate）或乙醯 乙酸（acetoacetate），這兩種胺基酸具有下列何種特性？,絕對葡萄糖生成性（glucogenic）,絕對生酮性（ketogenic）,兼具葡萄糖生成性（glucogenic）與生酮性（ketogenic）,不具生酮性（ketogenic）,,C,C,standard,,False,110101_1301.pdf,110101_MOD1301.pdf
MOEX-110101-1301-Q096,110,第二次,110101,1301,96,組織學,組織學,,在棕色脂肪細胞（brown adipose tissue）中，uncoupling protein 1（UCP1）大量表現會造成電子傳遞鏈與ATP 合成的耦合（coupling）被破壞，並藉此產生熱。UCP1的主要作用是：,使氫離子回到粒線體基質（matrix）,阻擋氫離子轉移到粒線體內外膜間隙（intermembrane space）,藉由異位連結（allosteric binding）直接抑制NADH dehydrogenase的活性,藉由異位連結（allosteric binding）直接抑制ATP synthase的活性,,A,A,standard,,False,110101_1301.pdf,110101_MOD1301.pdf
MOEX-110101-1301-Q097,110,第二次,110101,1301,97,組織學,組織學,,在粒線體參與的細胞凋亡中，下列那一個蛋白質由粒線體釋放至細胞質並參與凋亡複合體（apoptosome）的 形成？,cytochrome a,cytochrome c,Apaf-1,caspase-8,,B,B,standard,,False,110101_1301.pdf,110101_MOD1301.pdf
MOEX-110101-1301-Q098,110,第二次,110101,1301,98,醫學一其他科目,醫學一其他科目,,1977年諾貝爾獎得主Rosalyn Yalow的獲獎貢獻是開發radioimmunoassay（RIA）方法來偵測下列何類賀爾蒙？,steroid hormones,peptide hormones,eicosanoid hormones,retinoid hormones,,B,B,standard,,False,110101_1301.pdf,110101_MOD1301.pdf
MOEX-110101-1301-Q099,110,第二次,110101,1301,99,組織學,組織學,,下列何者不是細胞內主要之二級訊息傳遞者（second messenger）？,cAMP,2+ Ca,"inositol 1,4,5-triphosphate",17 β-estradiol,,D,D,standard,,False,110101_1301.pdf,110101_MOD1301.pdf
MOEX-110101-1301-Q100,110,第二次,110101,1301,100,生物化學,生物化學,,第二型限制酶（type II restriction enzymes）通常能辨認DNA序列的大小為何？,4～6個鹼基對（base pairs）,10～12個鹼基對（base pairs）,15～20個鹼基對（base pairs）,20～30個鹼基對（base pairs）,,A,A,standard,,False,110101_1301.pdf,110101_MOD1301.pdf
MOEX-111020-1301-Q001,111,第一次,111020,1301,1,解剖學,神經解剖,神經解剖,下列那一對腦幹神經核，其神經元發出神經纖維後先在腦幹內交叉到對側才離開腦幹？,動眼神經核（oculomotor nucleus）,滑車神經核（trochlear nucleus）,外旋神經核（abducens nucleus）,舌下神經核（hypoglossal nucleus）,,B,B,standard,,False,111020_1301.pdf,111020_ANS1301.pdf
MOEX-111020-1301-Q002,111,第一次,111020,1301,2,解剖學,神經解剖,神經解剖,小腦的苔狀傳入神經纖維（mossy fiber）主要與下列小腦皮質何者中的神經細胞產生突觸（synapses）？,分子層（molecular layer）,蒲金氏細胞層（Purkinje cell layer）,顆粒層（granule cell layer）,分子層（molecular layer）以及蒲金氏細胞層（Purkinje cell layer）,,C,C,standard,,False,111020_1301.pdf,111020_ANS1301.pdf
MOEX-111020-1301-Q003,111,第一次,111020,1301,3,解剖學,神經解剖,神經解剖,下列大腦皮質（cerebral cortex）的那一區負責控制兩眼外側注視（lateral gaze）的動作？,主要運動區（primary motor area）,主要視覺區（primary visual area）,運動輔助區（supplementary motor area）,額葉眼動區（frontal eye field）,,D,D,standard,,False,111020_1301.pdf,111020_ANS1301.pdf
MOEX-111020-1301-Q004,111,第一次,111020,1301,4,解剖學,神經解剖,神經解剖,下列何者受刺激時，會造成同側身體伸肌（extensor muscles）收縮，屈肌（flexor muscles）鬆弛？,外側前庭脊髓徑（lateral vestibulospinal tract）,外側網狀脊髓徑（lateral reticulospinal tract）,紅核脊髓徑（rubrospinal tract）,外側皮質脊髓徑（lateral corticospinal tract）,,A,A,standard,,False,111020_1301.pdf,111020_ANS1301.pdf
MOEX-111020-1301-Q005,111,第一次,111020,1301,5,組織學,組織學,,有關負責傳遞本體感覺（proprioception）的神經纖維，下列敘述何者最恰當？,通常為較粗的神經纖維（large diameter fiber），主要經脊髓背根內側（medial division of posterior root）進入 脊髓,通常為較粗的神經纖維（large diameter fiber），主要經脊髓背根外側（lateral division of posterior root）進入 脊髓,通常為較細的神經纖維（small diameter fiber），主要經脊髓背根內側（medial division of posterior root）進入 脊髓,通常為較細的神經纖維（small diameter fiber），主要經脊髓背根外側（lateral division of posterior root）進入 脊髓,,A,A,standard,,False,111020_1301.pdf,111020_ANS1301.pdf
MOEX-111020-1301-Q006,111,第一次,111020,1301,6,解剖學,神經解剖,神經解剖,下列何者不是間腦（diencephalon）之構造？,丘腦（thalamus）,松果體（pineal body）,豆狀核（lentiform nucleus）,下視丘（hypothalamus）,,C,C,standard,,False,111020_1301.pdf,111020_ANS1301.pdf
MOEX-111020-1301-Q007,111,第一次,111020,1301,7,解剖學,頭頸部,頭頸部,下列有關眼神經（ophthalmic nerve）的描述，何者最不恰當？,屬於特殊感覺神經,屬於體感覺神經,接收眼眶結構之感覺訊息,接收部分顏面之感覺訊息,,A,A,standard,,False,111020_1301.pdf,111020_ANS1301.pdf
MOEX-111020-1301-Q008,111,第一次,111020,1301,8,解剖學,頭頸部,頭頸部,眼眶內側壁之鼻淚管（nasolacrimal canal）連通下列那一空間？,最上鼻道,上鼻道,中鼻道,下鼻道,,D,D,standard,,False,111020_1301.pdf,111020_ANS1301.pdf
MOEX-111020-1301-Q009,111,第一次,111020,1301,9,解剖學,頭頸部,頭頸部,鼓索神經（chorda tympani nerve）經過下列那一個顳骨構造離開中耳進入顳下窩（infratemporal fossa）？,岩鼓裂（petrotympanic fissure）,莖乳突孔（stylomastoid foramen）,乳突孔（mastoid foramen）,咽鼓室管（pharyngotympanic tube）,,A,A,standard,,False,111020_1301.pdf,111020_ANS1301.pdf
MOEX-111020-1301-Q010,111,第一次,111020,1301,10,解剖學,頭頸部,頭頸部,下列何者不包覆在頸動脈鞘（carotid sheath）內？,頸總動脈（common carotid artery）,舌咽神經（glossopharyngeal nerve）,內頸動脈（internal carotid artery）,迷走神經（vagus nerve）,,B,B,standard,,False,111020_1301.pdf,111020_ANS1301.pdf
MOEX-111020-1301-Q011,111,第一次,111020,1301,11,解剖學,頭頸部,頭頸部,下列何者同時參與眼眶、鼻腔與口腔三者的形成？,篩骨（ethmoid bone）,淚骨（lacrimal bone）,顴骨（zygomatic bone）,上頷骨（maxillary bone）,,D,D,standard,,False,111020_1301.pdf,111020_ANS1301.pdf
MOEX-111020-1301-Q012,111,第一次,111020,1301,12,解剖學,頭頸部,頭頸部,口腔底部近會厭軟骨（epiglottis）的黏膜，其神經支配為：,舌神經（lingual nerve）,舌咽神經（glossopharyngeal nerve）,鼓索神經（chorda tympani nerve）,內喉神經（internal laryngeal nerve）,,D,D,standard,,False,111020_1301.pdf,111020_ANS1301.pdf
MOEX-111020-1301-Q013,111,第一次,111020,1301,13,解剖學,頭頸部,頭頸部,蝶骨棘（spine of sphenoid bone）的位置最靠近下列何孔洞？,盲孔（foramen cecum）,腭大孔（greater palatine foramen）,棘孔（foramen spinosum）,莖乳突孔（stylomastoid foramen）,,C,C,standard,,False,111020_1301.pdf,111020_ANS1301.pdf
MOEX-111020-1301-Q014,111,第一次,111020,1301,14,解剖學,頭頸部,頭頸部,下列何區的一般感覺，是第五對腦神經第三分支（CN V3）負責？,硬顎,鼻腔內,下眼瞼,口腔內頰,,D,D,standard,,False,111020_1301.pdf,111020_ANS1301.pdf
MOEX-111020-1301-Q015,111,第一次,111020,1301,15,解剖學,神經解剖,神經解剖,心臟缺血（cardiac ischemia）產生的痛覺主要經由下列何者傳遞入中樞神經系統？,膈神經（phrenic nerve）,迷走神經（vagus nerve）,交感神經系統（sympathetic system）,左側喉返神經（left recurrent laryngeal nerve）,,C,C,standard,,False,111020_1301.pdf,111020_ANS1301.pdf
MOEX-111020-1301-Q016,111,第一次,111020,1301,16,解剖學,腹部,胸腔,有關胸部交感神經節（thoracic sympathetic ganglion）的敘述，下列何者最為恰當？,通常會發出神經，並且只支配胸腹腔臟器,僅以灰交通支（gray rami communicantes）與胸部脊神經（thoracic spinal nerve）相連,上五個交感神經節，會發出節後神經纖維（postganglionic sympathetic fibers），支配胸腔內器官,下七個交感神經節，會發出節後神經纖維（postganglionic sympathetic fibers），支配腹腔內器官,,C,C,standard,,False,111020_1301.pdf,111020_ANS1301.pdf
MOEX-111020-1301-Q017,111,第一次,111020,1301,17,解剖學,胸腔,胸腔,臨床上左側優勢冠狀動脈（left dominant coronary artery）指的是下列何者？,前室間支動脈血液來自於左冠狀動脈,前室間支動脈血液來自於右冠狀動脈,後室間支動脈血液來自於左冠狀動脈,後室間支動脈血液來自於右冠狀動脈,,C,C,standard,,False,111020_1301.pdf,111020_ANS1301.pdf
MOEX-111020-1301-Q018,111,第一次,111020,1301,18,解剖學,胸腔,胸腔,咳血最常發生於：,肺動脈系統,肺靜脈系統,支氣管動脈系統,支氣管靜脈系統,,C,C,standard,,False,111020_1301.pdf,111020_ANS1301.pdf
MOEX-111020-1301-Q019,111,第一次,111020,1301,19,解剖學,胸腔,胸腔,下列何者經由橫膈（diaphragm）的主動脈裂口（aortic hiatus），穿通胸腔與腹腔？,胸管（thoracic duct）,食道（esophagus）,內胸動脈（internal thoracic artery）,下膈靜脈（inferior phrenic vein）,,A,A,standard,,False,111020_1301.pdf,111020_ANS1301.pdf
MOEX-111020-1301-Q020,111,第一次,111020,1301,20,解剖學,腹部,腹部,左性腺靜脈（left gonadal vein）會直接匯入下列那一個靜脈？,下腔靜脈（inferior vena cava）,左腎靜脈（left renal vein）,左總髂靜脈（left common iliac vein）,下腸繫膜靜脈（inferior mesenteric vein）,,B,B,standard,,False,111020_1301.pdf,111020_ANS1301.pdf
MOEX-111020-1301-Q021,111,第一次,111020,1301,21,解剖學,骨盆與會陰,骨盆與會陰,下列何者不在精索（spermatic cord）內？,髂腹股溝神經（ilioinguinal nerve）,生殖股神經-生殖支（genital branch of genitofemoral nerve）,輸精管（ductus deferens）,蔓狀靜脈叢（pampiniform venous plexus）,,A,A,standard,,False,111020_1301.pdf,111020_ANS1301.pdf
MOEX-111020-1301-Q022,111,第一次,111020,1301,22,解剖學,腹部,腹部,下列何者與網膜孔（omental foramen）的關係位置不正確？,總膽管在其後方,肝門靜脈在其前方,肝臟在其上方,十二指腸在其下方,,A,A,standard,,False,111020_1301.pdf,111020_ANS1301.pdf
MOEX-111020-1301-Q023,111,第一次,111020,1301,23,解剖學,腹部,腹部,關於直腸（rectum），下列敘述何者正確？,直腸的黏膜非常平滑，沒有任何皺褶,提肛肌（levator ani）及肛尾韌帶（anococcygeal ligament）協助維持直腸與鄰近構造間的關係,腹膜（peritoneum）只覆蓋到乙狀結腸（sigmoid colon），並未覆蓋到直腸,肛管直腸彎曲（anorectal flexure）大略成80°，這主要是由U字型的尾骨肌（coccygeus）所造成,,B,B,standard,,False,111020_1301.pdf,111020_ANS1301.pdf
MOEX-111020-1301-Q024,111,第一次,111020,1301,24,解剖學,骨盆與會陰,骨盆與會陰,下列何肌肉覆蓋住陰莖腳（crus of penis）？,坐骨海綿體肌（ischiocavernosus muscle）,球海綿體肌（bulbospongiosus muscle）,會陰淺橫肌（superficial transverse perineal muscle）,會陰深橫肌（deep transverse perineal muscle）,,A,A,standard,,False,111020_1301.pdf,111020_ANS1301.pdf
MOEX-111020-1301-Q025,111,第一次,111020,1301,25,解剖學,骨盆與會陰,骨盆與會陰,下列何神經傳遞陰道（vagina）上部及子宮頸（cervix of uterus）的痛覺傳導纖維？,陰部神經（pudendal nerves）,下腹神經（hypogastric nerves）,骨盆內臟神經（pelvic splanchnic nerves）,腰內臟神經（lumbar splanchnic nerves）,,C,C,standard,,False,111020_1301.pdf,111020_ANS1301.pdf
MOEX-111020-1301-Q026,111,第一次,111020,1301,26,解剖學,骨盆與會陰,骨盆與會陰,下列何者不是女性會陰深隙（deep perineal pouch）的內容物？,前庭球（bulb of vestibule）,部分陰道（vagina）,部分尿道（urethra）,外尿道括約肌（external urethral sphincter muscle）,,A,A,standard,,False,111020_1301.pdf,111020_ANS1301.pdf
MOEX-111020-1301-Q027,111,第一次,111020,1301,27,解剖學,上肢,上肢,下列那一條肌肉協助三角肌（deltoid muscle）外展（abduct）上臂？,棘上肌（supraspinatus）,棘下肌（infraspinatus）,大圓肌（teres major）,小圓肌（teres minor）,,A,A,standard,,False,111020_1301.pdf,111020_ANS1301.pdf
MOEX-111020-1301-Q028,111,第一次,111020,1301,28,解剖學,骨盆與會陰,骨盆與會陰,下列何者與大腿闊筋膜（fascia lata）的附著點無關？,腹股溝韌帶（inguinal ligament）,薦棘韌帶（sacrospinous ligament）,髂嵴（iliac crest）,坐骨粗隆（ischial tuberosity）,,B,B,standard,,False,111020_1301.pdf,111020_ANS1301.pdf
MOEX-111020-1301-Q029,111,第一次,111020,1301,29,解剖學,上肢,上肢,下列那一條神經，支配圖中黑色區域的表皮感覺？,尺神經（ulnar nerve）,橈神經（radial nerve）,正中神經（median nerve）,肌皮神經（musculocutaneous nerve）,,A,A,standard,,True,111020_1301.pdf,111020_ANS1301.pdf
MOEX-111020-1301-Q030,111,第一次,111020,1301,30,解剖學,胸腔,胸腔,下列腋淋巴結（axillary lymph nodes）中，何者主要直接收集乳房的淋巴回流，尤其是乳房的外上側？,中央淋巴結（central nodes）,前淋巴結（anterior nodes; pectoral nodes）,外淋巴結（lateral nodes; humeral nodes）,後淋巴結（posterior nodes; subscapular nodes）,,B,B,standard,,False,111020_1301.pdf,111020_ANS1301.pdf
MOEX-111020-1301-Q031,111,第一次,111020,1301,31,解剖學,下肢,下肢,病人位於膕窩處的膕靜脈（popliteal vein）發生血栓，下列何者的血流量最不可能減少?,大隱靜脈（great saphenous vein）,小隱靜脈（small saphenous vein）,脛後靜脈（posterior tibial vein）,股靜脈（femoral vein）,,A,A,standard,,False,111020_1301.pdf,111020_ANS1301.pdf
MOEX-111020-1301-Q032,111,第一次,111020,1301,32,胚胎及發育生物學,胚胎及發育生物學,,下列何者由軸旁中胚層（paraxial mesoderm）衍生而來？,脊索（notochord）,體節（somite）,體腔（coelom）,原條（primitive streak）,,B,B,standard,,False,111020_1301.pdf,111020_ANS1301.pdf
MOEX-111020-1301-Q033,111,第一次,111020,1301,33,組織學,組織學,,下列關於氣管（trachea）發育之敘述，何項錯誤？,其內襯上皮源於前腸（foregut）之內胚層（endoderm）,其軟骨源於臟層間葉組織（splanchnic mesenchyme）,其腺體源自於前腸（foregut）之中胚層（mesoderm）,其肌肉源於臟層間葉組織（splanchnic mesenchyme）,,C,C,standard,,False,111020_1301.pdf,111020_ANS1301.pdf
MOEX-111020-1301-Q034,111,第一次,111020,1301,34,解剖學,骨盆與會陰,骨盆與會陰,在男性生殖系統，下列何者構造衍生自胚胎時期之中腎管（mesonephric duct）？,細精管（seminiferous tubule）,睪丸網（rete testis）,射精管（ejaculatory duct）,睪丸附件（appendix of testis）,,C,C,standard,,False,111020_1301.pdf,111020_ANS1301.pdf
MOEX-111020-1301-Q035,111,第一次,111020,1301,35,胚胎及發育生物學,胚胎及發育生物學,,動脈導管（ductus arteriosus）源自下列何構造？,左側第六動脈弓（aortic arch）,左側第五動脈弓（aortic arch）,右側第五動脈弓（aortic arch）,左側第四動脈弓（aortic arch）,,A,A,standard,,False,111020_1301.pdf,111020_ANS1301.pdf
MOEX-111020-1301-Q036,111,第一次,111020,1301,36,胚胎及發育生物學,胚胎及發育生物學,,下列有關四肢（limbs）發育的敘述，何者錯誤？,肢芽（limb buds）於胚胎第四週末時，開始出現於體壁腹外側,頂外胚層嵴（apical ectodermal ridge）誘導肢芽（limb buds）的生長及發育,下肢芽（lower limb buds）較上肢芽（upper limb buds）晚一或二天發育,發育中的上肢和下肢均以其縱軸朝外側旋轉90度,,D,D,standard,,False,111020_1301.pdf,111020_ANS1301.pdf
MOEX-111020-1301-Q037,111,第一次,111020,1301,37,組織學,組織學,,下列何者的內部細胞骨架是以微管（microtubule）為基礎？,紋狀緣的微絨毛（microvilli of the striated border）,刷狀緣的微絨毛（microvilli of the brush border）,靜纖毛（stereocilia）,纖毛（cilia）,,D,D,standard,,False,111020_1301.pdf,111020_ANS1301.pdf
MOEX-111020-1301-Q038,111,第一次,111020,1301,38,組織學,組織學,,分泌物質自腺體細胞釋出至細胞外之後，分泌物質仍有細胞膜（plasma membrane）包覆的是屬於：,全泌腺（holocrine gland）,局泌腺（merocrine gland）,頂泌腺（apocrine gland）,內分泌腺（endocrine gland）,,C,C,standard,,False,111020_1301.pdf,111020_ANS1301.pdf
MOEX-111020-1301-Q039,111,第一次,111020,1301,39,組織學,組織學,,下列對骨母細胞（osteoblast）、骨細胞（osteocyte）與蝕骨細胞（osteoclast）的敘述，何者正確？,皆由骨生成細胞（osteoprogenitor cell）分化而來,骨細胞的壽命最長，蝕骨細胞的壽命最短,骨母細胞的數量最多，蝕骨細胞的數量最少,皆為單核細胞,,B,B,standard,,False,111020_1301.pdf,111020_ANS1301.pdf
MOEX-111020-1301-Q040,111,第一次,111020,1301,40,組織學,組織學,,下列有關中樞神經系統內無髓鞘神經元（unmyelinated neuron）的敘述，何者正確？,包埋於神經膠細胞的突起（glial cell process）,其無髓鞘軸突（unmyelinated axon）周圍有支持細胞（supporting cell）,其無髓鞘軸突（unmyelinated axon）具有基底層（basal lamina）,其無髓鞘軸突（unmyelinated axon）外沒有結締組織（connective tissue）,,D,D,standard,,False,111020_1301.pdf,111020_ANS1301.pdf
MOEX-111020-1301-Q041,111,第一次,111020,1301,41,組織學,組織學,,下列有關下腔靜脈（inferior vena cava）管壁組成的敘述，何者正確？,有顯著波浪狀的彈性內膜（internal elastic membrane）和彈性外膜（external elastic membrane）,平滑肌細胞（smooth muscle cells）只分布在中膜（tunica media）,外膜（tunica adventitia）比中膜（tunica media）厚，外膜有許多縱走平滑肌（smooth muscle cells）成束排列,分布在中膜（tunica media）與外膜（tunica adventitia）的平滑肌細胞（smooth muscle cells）的排列方向相同,,C,C,standard,,False,111020_1301.pdf,111020_ANS1301.pdf
MOEX-111020-1301-Q042,111,第一次,111020,1301,42,解剖學,腹部,腹部,下列何者是膽汁（bile）運送之管道？,赫林氏管（canal of Hering）,狄氏腔（space of Disse）,肝竇（hepatic sinusoid）,乳糜管（lacteal）,,A,A,standard,,False,111020_1301.pdf,111020_ANS1301.pdf
MOEX-111020-1301-Q043,111,第一次,111020,1301,43,組織學,組織學,,下列何種細胞具有外分泌（exocrine）以及類似內分泌（endocrine-like）的功能？,肝細胞（hepatocytes）,胰島細胞（pancreatic islet cells）,唾液腺腺泡細胞（salivary acinar cells）,庫弗氏細胞（Kupffer cells）,,A,A,standard,,False,111020_1301.pdf,111020_ANS1301.pdf
MOEX-111020-1301-Q044,111,第一次,111020,1301,44,組織學,組織學,,在表皮層中那一種結構連接基底細胞（basal cell）與基底膜（basement membrane）？,胞橋小體（desmosome）,緊密接合（tight junction）,間隙接合（gap junction）,半胞橋小體（hemidesmosome）,,D,D,standard,,False,111020_1301.pdf,111020_ANS1301.pdf
MOEX-111020-1301-Q045,111,第一次,111020,1301,45,組織學,組織學,,關於胎盤（placenta）的絨毛（chorionic villi），下列敘述何者正確？,初級絨毛（primary chorionic villi）內具有大量的結締組織,次級絨毛（secondary chorionic villi）只會覆蓋部分的絨毛膜囊（chorionic sac）,三級絨毛（tertiary chorionic villi）可觀察到血管出現於結締組織中,次級絨毛（secondary chorionic villi）的最外層為細胞滋養層（cytotrophoblast）所構成,,C,C,standard,,False,111020_1301.pdf,111020_ANS1301.pdf
MOEX-111020-1301-Q046,111,第一次,111020,1301,46,組織學,組織學,,下列內分泌腺（endocrine gland）與細胞或構造之配對，何者錯誤？,腎上腺絲球帶（zona glomerulosa）：糖皮質素分泌細胞（glucocorticoid secreting cell）,腎上腺髓質（adrenal medulla）：嗜鉻細胞（chromaffin cell）,腦上腺（epiphysis cerebri）：腦砂（brain sand）,腦下腺神經部（pars nervosa of hypophysis）：赫氏小體（Herring body）,,A,A,standard,,False,111020_1301.pdf,111020_ANS1301.pdf
MOEX-111020-1301-Q047,111,第一次,111020,1301,47,組織學,組織學,,一個原本沒有任何通透性的膜分隔左右兩邊等體積的水溶液，左邊水溶液為1M 氯化鉀，右邊水溶液為1M 氯 化鈉。現在如果讓這個膜變成水與鈉離子可以自由通過的半透膜，直到擴散平衡為止。下列敘述何者正確？,左邊溶液之水分子總量減少，半透膜右側帶負電荷,左邊溶液之水分子總量減少，半透膜右側帶正電荷,左邊溶液之水分子總量增加，半透膜右側帶負電荷,左邊溶液之水分子總量增加，半透膜右側帶正電荷,,C,C,standard,,False,111020_1301.pdf,111020_ANS1301.pdf
MOEX-111020-1301-Q048,111,第一次,111020,1301,48,生理學,生理學,,排卵後會發生的生理現象，下列何者正確？,"濾泡刺激素（follicle-stimulating hormone, FSH）促進黃體（corpus luteum）分泌黃體素（progesterone）","雌性素（estrogen）抑制黃體生成素（luteinizing hormone, LH）分泌","濾泡刺激素（follicle-stimulating hormone, FSH）刺激子宮內膜增生（endometrium proliferation）",雌性素（estrogen）促進基礎體溫上升,,B,B,standard,,False,111020_1301.pdf,111020_ANS1301.pdf
MOEX-111020-1301-Q049,111,第一次,111020,1301,49,解剖學,骨盆與會陰,骨盆與會陰,下列何者是參與引發睪丸下降至陰囊（testis descent）的重要因子，而此與精子生成能力密切相關？,激活素（activin）,雄性素（androgen）,沃氏管退化因子（Wolffian duct regression factor）,血管內皮生長因子（vascular endothelial growth factor）,,B,B,standard,,False,111020_1301.pdf,111020_ANS1301.pdf
MOEX-111020-1301-Q050,111,第一次,111020,1301,50,解剖學,胸腔,神經解剖,下列對於負責傳遞視覺刺激的細胞，其接受域（receptive field）的敘述，何者最不適當？,細胞接受域的形狀是由光點在完全黑暗的視野中游移測試得知，當光點刺激出現的位置可改變該細胞在黑暗 （或光點游移至該位置前）時所呈現的電位活動，即定義為該細胞的接受域,相鄰的兩細胞，其接受域的形狀及大小，通常較空間分布位置相隔遙遠的兩細胞更為相似；相鄰兩細胞其接 受域發生重疊的程度，通常也較空間分布位置相隔遙遠的兩細胞為高,感光細胞（包括桿細胞及椎細胞）及節細胞的接受域都是圓形，後者甚至會出現光刺激之效果相反或互相拮 抗之細胞電位活動反應的同心圓分布型態 。節細胞接受域圓的直徑通常都較感光細胞圓形接受域之直徑為小,不論細胞具有on-center/off-surround或off-center/on-surround的接受域，對於解析光刺激究竟出現在甚麼位置 （或稱空間解像力）都有貢獻。off-surround可能是由鄰近細胞的側抑制（lateral inhibition）所造成,,C,C,standard,,False,111020_1301.pdf,111020_ANS1301.pdf
MOEX-111020-1301-Q051,111,第一次,111020,1301,51,解剖學,神經解剖,神經解剖,下列神經元，何項最不可能是主司意識喚起（arousal）功能的ascending reticular formation system之一部分？,位於pontine reticular formation的cholinergic neuron,位於locus coeruleus的noradrenergic neuron,位於medial septal area的dopaminergic neuron,位於dorsal raphé nucleus的serotoninergic neuron,,C,C,standard,,False,111020_1301.pdf,111020_ANS1301.pdf
MOEX-111020-1301-Q052,111,第一次,111020,1301,52,解剖學,神經解剖,神經解剖,個案因長期酗酒而出現有突然想不起來本來計畫好要做的事情、想不起來一個名字熟識的人其臉孔的特徵、 想用過去學過的詞彙來進行溝通，卻怎麼也想不起來那些詞彙要怎麼說等症狀的Korsakoff syndrome，但該個 案長久以來所建立的聽覺相關記憶卻無明顯缺損。下列何項腦區和該個案之功能缺損症狀最不相關？,prefrontal cortex,parahippocampal cortex,mammillary body,planum temporale,,D,D,standard,,False,111020_1301.pdf,111020_ANS1301.pdf
MOEX-111020-1301-Q053,111,第一次,111020,1301,53,組織學,組織學,,下列有關鈉鉀幫浦的敘述，何者錯誤？,每運轉一次，會消耗一個ATP,每次打進三個鈉離子，打出兩個鉀離子,毛地黃抑制鈉鉀幫浦時，細胞體積可能會變大,毛地黃抑制鈉鉀幫浦時，細胞可能會去極化,,B,B,standard,,False,111020_1301.pdf,111020_ANS1301.pdf
MOEX-111020-1301-Q054,111,第一次,111020,1301,54,微生物免疫寄生蟲公衛,微生物免疫寄生蟲公衛,,肉毒桿菌毒素（botulinum toxin）可以用來舒緩局部肌肉痙攣症，因為肉毒桿菌毒素會：,阻斷鈣離子通道,破壞SNARE蛋白,抑制乙醯膽鹼受體,抑制乙醯膽鹼酶,,B,B,standard,,False,111020_1301.pdf,111020_ANS1301.pdf
MOEX-111020-1301-Q055,111,第一次,111020,1301,55,組織學,組織學,,下列有關甘胺酸（glycine）的敘述，何者正確？,是脊髓與腦幹最主要的抑制性神經傳遞物質,受體開啟時會讓鉀離子流出細胞而產生抑制作用,生物鹼番木鼈鹼（strychnine）是甘胺酸受體的拮抗劑，服用過量會抑制肌肉收縮,可以結合到尼古丁型乙醯膽鹼通道的甘胺酸結合位置，並促進乙醯膽鹼通道的開啟,,A,A,standard,,False,111020_1301.pdf,111020_ANS1301.pdf
MOEX-111020-1301-Q056,111,第一次,111020,1301,56,醫學一其他科目,醫學一其他科目,,下列何者為身體在直線加速（linear acceleration）時協助維持平衡的最主要構造？,Ruffini corpuscle,organ of Corti,semicircular canals,utricle and saccule,,D,D,standard,,False,111020_1301.pdf,111020_ANS1301.pdf
MOEX-111020-1301-Q057,111,第一次,111020,1301,57,生物化學,生物化學,,下列何者是造成屍僵（rigor mortis）的主要因素？,鈣離子無法結合到旋轉素（troponin）,旋轉肌凝素（tropomyosin）持續覆蓋住橫橋結合位置,肌凝蛋白的橫橋無法自肌動蛋白脫離開來,ATP結合上肌凝蛋白後無法水解,,C,C,standard,,False,111020_1301.pdf,111020_ANS1301.pdf
MOEX-111020-1301-Q058,111,第一次,111020,1301,58,微生物免疫寄生蟲公衛,微生物免疫寄生蟲公衛,,某病人患有B細胞無法形成漿細胞（plasma cells）之罕見免疫疾病，則其最有可能缺乏下列那一個細胞激素 （cytokine）？,type 1 interferons,type 2 interferons,interleukin 2,colony-stimulating factors,,C,C,standard,,False,111020_1301.pdf,111020_ANS1301.pdf
MOEX-111020-1301-Q059,111,第一次,111020,1301,59,生理學,生理學,,有關自主神經對心跳的調節，下列敘述何者是最合理的說明？,交感神經末梢釋出norepinephrine，作用於心臟的alpha 1受體，可加快心搏速度,交感神經末梢釋出norepinephrine，作用於心臟的alpha 2受體，可減緩心搏速度,副交感神經末梢釋出acetylcholine，作用於心臟的nicotinic受體，可加快心搏速度,副交感神經末梢釋出acetylcholine，作用於心臟的muscarinic受體，可減緩心搏速度,,D,D,standard,,False,111020_1301.pdf,111020_ANS1301.pdf
MOEX-111020-1301-Q060,111,第一次,111020,1301,60,解剖學,胸腔,胸腔,在正常心臟週期的等容收縮（isovolumic contraction）期中，下列各腔室的壓力排列順序何者正確？,主動脈的壓力（aortic pressure）＞左心室的壓力（left ventricular pressure）＞左心房的壓力（left atrial pressure）,主動脈的壓力（aortic pressure）＞左心房的壓力（left atrial pressure）＞左心室的壓力（left ventricular pressure）,左心室的壓力（left ventricular pressure）＞ 主動脈的壓力（aortic pressure）＞ 左心房的壓力（left atrial pressure）,左心室的壓力（left ventricular pressure）＞左心房的壓力（left atrial pressure）＞ 主動脈的壓力（aortic pressure）,,A,A,standard,,False,111020_1301.pdf,111020_ANS1301.pdf
MOEX-111020-1301-Q061,111,第一次,111020,1301,61,醫學一其他科目,醫學一其他科目,,一位在跳跳繩的同學每分鐘的耗氧量為1.9 L，若其動脈血中的氧含量約為188 mL/L，而其靜脈血中的氧含量 約為134 mL/L，則其cardiac output約為多少L/min？,17.5,35,70,14,,B,B,standard,,False,111020_1301.pdf,111020_ANS1301.pdf
MOEX-111020-1301-Q062,111,第一次,111020,1301,62,解剖學,胸腔,胸腔,王大明車禍失血導致平均動脈壓（mean arterial pressure）下降，下列何者與此一現象之發生最不相關？,血液總體積大幅下降,分布到心臟的副交感神經活性減少,周邊靜脈壓減少及靜脈回流減少,心室舒張末期容積明顯減少,,B,B,standard,,False,111020_1301.pdf,111020_ANS1301.pdf
MOEX-111020-1301-Q063,111,第一次,111020,1301,63,解剖學,胸腔,胸腔,有關肺臟的氧氣擴散能力（diffusing capacity for oxygen），下列敘述何者正確？,在肺水腫（lung edema）時增加，運動時則減少,在肺水腫（lung edema）時增加，運動時也增加,在肺水腫（lung edema）時減少，運動時則增加,在肺水腫（lung edema）時減少，運動時也減少,,C,C,standard,,False,111020_1301.pdf,111020_ANS1301.pdf
MOEX-111020-1301-Q064,111,第一次,111020,1301,64,解剖學,胸腔,胸腔,相較於正常換氣（normal ventilation），過度換氣（hyperventilation）時可見：①肺泡內氧分壓（ ）顯著 上升 ②肺泡內二氧化碳分壓（ ）顯著下降 ③體動脈血中二氧化碳總含量（total content of CO ）顯著 2 下降,僅①②,僅②③,僅①③,①②③,,D,D,standard,,False,111020_1301.pdf,111020_ANS1301.pdf
MOEX-111020-1301-Q065,111,第一次,111020,1301,65,解剖學,腹部,腹部,刺激下列何者，對於促進胃酸生成的效果最低？,D細胞（D cell）,"類腸嗜鉻細胞（enterochromaffin-like cell, ECL cell）",G細胞（G cell）,迷走神經（vagus nerve）,,A,A,standard,,False,111020_1301.pdf,111020_ANS1301.pdf
MOEX-111020-1301-Q066,111,第一次,111020,1301,66,解剖學,腹部,腹部,關於分節運動（segmentation）的生理功能敘述，下列何者最適當？,混合腸腔內容物,誘發胃結腸反射（gastrocolic reflex）的前趨活動,快速推進食物,抑制胃排空（gastric emptying）與降低胃酸分泌,,A,A,standard,,False,111020_1301.pdf,111020_ANS1301.pdf
MOEX-111020-1301-Q067,111,第一次,111020,1301,67,生理學,生理學,,下列何種情況，最可能會造成遠端腎小管的鉀離子分泌減少？,血漿總量減少,腎小管管腔液的鈉離子增加,醛固酮（aldosterone）降低,飲食中的鉀離子增加,,C,C,standard,,False,111020_1301.pdf,111020_ANS1301.pdf
MOEX-111020-1301-Q068,111,第一次,111020,1301,68,生理學,生理學,,成年男性之血漿中菊糖（inulin）濃度為0.25 mg/mL、尿液流量為0.6 mL/min、尿液中菊糖濃度為35 mg/mL， 則此人之菊糖清除率為多少mL/min？,84,106,116,126,,A,A,standard,,False,111020_1301.pdf,111020_ANS1301.pdf
MOEX-111020-1301-Q069,111,第一次,111020,1301,69,解剖學,神經解剖,神經解剖,腦下垂體腫瘤（pituitary adenoma）經手術切除後，下列那一個荷爾蒙的分泌量最不會受到影響？,皮質醇（cortisol）,醛固酮（aldosterone）,黃體素（progesterone）,甲狀腺素（thyroid hormone）,,B,B,standard,,False,111020_1301.pdf,111020_ANS1301.pdf
MOEX-111020-1301-Q070,111,第一次,111020,1301,70,生理學,生理學,,下列那一個荷爾蒙不會促進生長，且有明顯抑制生長的效應？,皮質醇（cortisol）,胰島素（insulin）,甲狀腺荷爾蒙（thyroid hormone）,睪固酮（testosterone）,,A,A,standard,,False,111020_1301.pdf,111020_ANS1301.pdf
MOEX-111020-1301-Q071,111,第一次,111020,1301,71,組織學,組織學,,身體發炎時，會引發何種反應，以對抗或減緩發炎情況？,腎臟（kidney）分泌腎素（renin）,皮膚（skin）分泌維生素B（vitamin B）,胰臟（pancreas）分泌體抑素（somatostatin）,腎上腺（adrenal gland）分泌皮質醇（cortisol）,,D,D,standard,,False,111020_1301.pdf,111020_ANS1301.pdf
MOEX-111020-1301-Q072,111,第一次,111020,1301,72,生理學,生理學,,有關口渴（thirst）的相關機制，下列敘述何者最不適當？,口渴與否，主要與血液滲透壓和細胞外液容積的變化有關,健康人從靜脈注射高張食鹽水，會使抗利尿荷爾蒙（ADH）分泌減少，並造成口渴,細胞外液容積下降，會影響腎素（renin）分泌，造成血中血管張力素II（angiotensin II）濃度升高，刺激口 渴反應,改變細胞外液容積，不一定會改變血液滲透壓，兩者沒有絕對依存關係,,B,B,standard,,False,111020_1301.pdf,111020_ANS1301.pdf
MOEX-111020-1301-Q073,111,第一次,111020,1301,73,生理學,生理學,,下列何者最可能是胰島素分泌或作用不足（insulin deficiency）造成的變化？,肝臟肝醣合成增加,肌肉葡萄糖吸收增加,肝臟合成之酮體增加,脂肪合成增加,,C,C,standard,,False,111020_1301.pdf,111020_ANS1301.pdf
MOEX-111020-1301-Q074,111,第一次,111020,1301,74,生理學,生理學,,在一個符合Michaelis-Menten equation的酵素催化反應中，當受質（substrate）濃度遠大於Michaelis常數 （K ）時，此反應會近似於幾級化學反應？ M,零級反應（zero-order reaction）,一級反應（first-order reaction）,二級反應（second-order reaction）,三級反應（third-order reaction）,,A,A,standard,,False,111020_1301.pdf,111020_ANS1301.pdf
MOEX-111020-1301-Q075,111,第一次,111020,1301,75,生理學,生理學,,有關酵素催化反應之敘述，下列何者正確？,一個由酵素催化的反應一定是放熱反應,由酵素催化的反應不會達到化學平衡,酵素的總量在反應中不會改變,如果酵素不存在，則此酵素催化的反應就不會發生,,C,C,standard,,False,111020_1301.pdf,111020_ANS1301.pdf
MOEX-111020-1301-Q076,111,第一次,111020,1301,76,生物化學,生物化學,,關於雙硫鍵（disulfide bond）的敘述，下列何者正確？,雙硫鍵對大部分蛋白質三級結構的穩定性沒有顯著影響,雙硫鍵是由2個甲硫胺酸（methionine）共價鍵結所形成,強還原劑會破壞蛋白質結構中的雙硫鍵,雙硫鍵屬於非共價交互作用（non-covalent interaction）,,C,C,standard,,False,111020_1301.pdf,111020_ANS1301.pdf
MOEX-111020-1301-Q077,111,第一次,111020,1301,77,組織學,組織學,,DNA複製在真核生物細胞週期（cell cycle）的那一個時期（phase）中進行？,G1,S,G2,M,,B,B,standard,,False,111020_1301.pdf,111020_ANS1301.pdf
MOEX-111020-1301-Q078,111,第一次,111020,1301,78,解剖學,腹部,腹部,下列何種激素－受體相互作用後，受體會由單體（monomer）形成雙聚體（dimer）？,乙醯膽鹼與其菸鹼受體（nicotinic acetylcholine receptor）,表皮生長因子（EGF）與其受體（EGF receptor）,腎上腺素與其受體（β-adrenergic receptor）,膠原蛋白與其受體（integrin）,,B,B,standard,,False,111020_1301.pdf,111020_ANS1301.pdf
MOEX-111020-1301-Q079,111,第一次,111020,1301,79,解剖學,腹部,腹部,庫欣氏症（Cushing syndrome）是一種腎上腺皮質類固醇分泌過多的疾病，下列敘述何者錯誤？,腎上腺皮質類固醇合成的前驅物是膽固醇,類固醇無法穿透細胞膜，故必須作用於細胞膜上之受體,腎上腺皮質類固醇與其受體結合可造成受體之構形改變,受體經活化之後可調控基因轉錄作用,,B,B,standard,,False,111020_1301.pdf,111020_ANS1301.pdf
MOEX-111020-1301-Q080,111,第一次,111020,1301,80,生物化學,生物化學,,反義寡核酸（antisense oligonucleotides）已被使用做為治療疾病的藥物，下列何者不是其可達成的作用機制？,影響核糖核酸剪切（RNA splicing）,造成核糖核酸序列突變（RNA sequence mutation）,導致信使核糖核酸降解（mRNA degradation）,影響蛋白質轉譯效率（translation efficiency）,,B,B,standard,,False,111020_1301.pdf,111020_ANS1301.pdf
MOEX-111020-1301-Q081,111,第一次,111020,1301,81,解剖學,下肢,下肢,"下列那個雙股去氧核糖核酸的物理性質可被用來測定其融化溫度（melting temperature, T ）？ m",導電性（conductivity）,在膠體中的泳動性（mobility）,水溶性（solubility）,低色度（hypochromicity）,,D,D,standard,,False,111020_1301.pdf,111020_ANS1301.pdf
MOEX-111020-1301-Q082,111,第一次,111020,1301,82,組織學,組織學,,下列何種維生素的缺乏會造成糙皮病（pellagra），其典型症狀是腹瀉、皮膚發炎及癡呆？,thiamine,niacin,riboflavin,pantothenic acid,,B,B,standard,,False,111020_1301.pdf,111020_ANS1301.pdf
MOEX-111020-1301-Q083,111,第一次,111020,1301,83,生物化學,生物化學,,維生素B 是泛酸（pantothenic acid），用於合成輔酶A（CoA），下列有關輔酶A的敘述，何者錯誤？ 5,輔酶A的結構含泛酸、ADP衍生物和cysteine之結合,輔酶A結構中之硫原子可與acyl group結合,輔酶A參與pyruvate dehydrogenase complex催化之反應，形成acetyl-CoA,在三羧酸循環（TCA cycle）中參與α-ketoglutarate dehydrogenase complex催化之反應，形成succinyl-CoA,,A,A,standard,,False,111020_1301.pdf,111020_ANS1301.pdf
MOEX-111020-1301-Q084,111,第一次,111020,1301,84,解剖學,胸腔,胸腔,胸腺嘧啶（thymine）經代謝後在尿液中可測得的代謝產物為下列何者？,β-aminoisobutyric acid,β-alanine,uridine,citidine,,A,A,standard,,False,111020_1301.pdf,111020_ANS1301.pdf
MOEX-111020-1301-Q085,111,第一次,111020,1301,85,生物化學,生物化學,,DNA合成時，主要負責合成後DNA校對（proofreading）的酵素活性為：,5’→3’ DNA聚合活性（polymerization activity）,3’→5’ DNA聚合活性（polymerization activity）,5’→3’ DNA核酸水解活性（exonucleolytic activity）,3’→5’ DNA核酸水解活性（exonucleolytic activity）,,D,D,standard,,False,111020_1301.pdf,111020_ANS1301.pdf
MOEX-111020-1301-Q086,111,第一次,111020,1301,86,胚胎及發育生物學,胚胎及發育生物學,,移除DNA上誤植的尿嘧啶（uracil）鹼基，最主要是利用下列何種修復機制？,直接修復機制（direct repair）,重組修復（recombination repair）,鹼基切除修復（base excision repair）,鹼基錯誤配對修復（mismatch repair）,,C,C,standard,,False,111020_1301.pdf,111020_ANS1301.pdf
MOEX-111020-1301-Q087,111,第一次,111020,1301,87,生物化學,生物化學,,下列何者為大腸桿菌DNA聚合酶III（polymerase III）的特性？,能誘發不需要引子（primer）之DNA合成,是DNA複製時主要的DNA聚合酶,是用在nick translation反應時所使用的酵素,此聚合酶需要引子（primer）提供5'-羥基（hydroxyl group）才能進行DNA合成,,B,B,standard,,False,111020_1301.pdf,111020_ANS1301.pdf
MOEX-111020-1301-Q088,111,第一次,111020,1301,88,生物化學,生物化學,,下列何種修飾可直接導致蛋白質被蛋白酶體（proteasome）辨識並分解？,methylation,acetylation,ubiquitination,glycosylation,,C,C,standard,,False,111020_1301.pdf,111020_ANS1301.pdf
MOEX-111020-1301-Q089,111,第一次,111020,1301,89,生物化學,生物化學,,下列何者在原核細胞蛋白質轉譯過程中，負責將帶有甲醯基甲硫胺酸（formyl-methionine）的轉譯起始 tRNA（transfer RNA）攜帶至核糖體？,"轉譯起始因子1（translation initiation factor 1, IF1）","轉譯起始因子2（translation initiation factor 2, IF2）","轉譯起始因子3（translation initiation factor 3, IF3）","轉譯延長因子-Tu（translation elongation factor -Tu, EF-Tu）",,B,B,standard,,False,111020_1301.pdf,111020_ANS1301.pdf
MOEX-111020-1301-Q090,111,第一次,111020,1301,90,生物化學,生物化學,,下列與蛋白質轉譯相關的蛋白質分子中，何者之立體結構與轉運核糖核酸（tRNA）結構應最為相似？,"轉譯起始因子 2（translation initiation factor 2, IF2）","轉譯延長因子 -Tu（translation elongation factor -Tu, EF-Tu）","轉譯釋放因子 1（translation release factor 1, RF1）",伴護蛋白（chaperone）,,C,C,standard,,False,111020_1301.pdf,111020_ANS1301.pdf
MOEX-111020-1301-Q091,111,第一次,111020,1301,91,生物化學,生物化學,,原核細胞內調節基因表現的許多DNA結合蛋白具有下列何種特殊結構模體（structural motif）？,同源框（homeobox）,催化三角（catalytic triad）,EF手掌（EF hand）,螺旋–轉角–螺旋（helix-turn-helix）,,D,D,standard,,False,111020_1301.pdf,111020_ANS1301.pdf
MOEX-111020-1301-Q092,111,第一次,111020,1301,92,組織學,組織學,,下列關於Cori cycle在體內不同組織進行反應的敘述，何者正確？,乳酸（lactate）由肝臟運送到骨骼肌,葡萄糖由骨骼肌運送到肝臟,肝臟經過糖質新生（gluconeogenesis）產生葡萄糖,骨骼肌經過糖質新生（gluconeogenesis）產生乳酸,,C,C,standard,,False,111020_1301.pdf,111020_ANS1301.pdf
MOEX-111020-1301-Q093,111,第一次,111020,1301,93,生物化學,生物化學,,下列糖解作用（glycolysis）的步驟中，那一個酵素所催化的步驟在正常生理條件下為不可逆反應？,enolase,phosphoglycerate kinase,pyruvate kinase,aldolase,,C,C,standard,,False,111020_1301.pdf,111020_ANS1301.pdf
MOEX-111020-1301-Q094,111,第一次,111020,1301,94,醫學一其他科目,醫學一其他科目,,雙醣分子（disaccharide）為兩個單醣分子（monosaccharide）依照特定的方式組合，經縮合反應除去一個水分 子而形成。下列何者為麥芽糖（maltose）？,Glcα(1→2)Fru,Galβ(1→4)Glc,Glcα(1→4)Glc,Glcα(1→1)Glc,,C,C,standard,,False,111020_1301.pdf,111020_ANS1301.pdf
MOEX-111020-1301-Q095,111,第一次,111020,1301,95,生物化學,生物化學,,葡萄糖進入細胞後，主要經由下列何種修飾將其留在細胞內進行代謝？,glycosylation,phosphorylation,palmitoylation,acetylation,,B,B,standard,,False,111020_1301.pdf,111020_ANS1301.pdf
MOEX-111020-1301-Q096,111,第一次,111020,1301,96,組織學,組織學,,下列那一類生化反應主要不是在粒線體內進行？,pyruvate oxidative decarboxylation,pentose phosphate pathway,oxidative phosphorylation,fatty acid β-oxidation,,B,B,standard,,False,111020_1301.pdf,111020_ANS1301.pdf
MOEX-111020-1301-Q097,111,第一次,111020,1301,97,解剖學,腹部,腹部,下列對於膽酸（bile acids）的敘述，何者錯誤？,在小腸內脂肪的分解吸收過程中需要膽酸的幫助,膽酸可由肝細胞合成,促進水溶性維生素的吸收,膽固醇為合成膽酸的前驅物,,C,C,standard,,False,111020_1301.pdf,111020_ANS1301.pdf
MOEX-111020-1301-Q098,111,第一次,111020,1301,98,組織學,組織學,,"下列有關支鏈胺基酸（branched-chain amino acids, BCAAs）代謝，何者敘述錯誤？",支鏈胺基酸包括白胺酸（leucine）、異白胺酸（isoleucine）與離胺酸（lysine）,肌肉組織中BCAA aminotransferase活性較肝臟組織高,楓糖尿症（maple syrup urine disease）導因於粒線體中branched-chain α-keto acid dehydrogenase complex功能 缺失,支鏈胺基酸代謝過程會產生NADH與FADH 2,,A,A,standard,,False,111020_1301.pdf,111020_ANS1301.pdf
MOEX-111020-1301-Q099,111,第一次,111020,1301,99,生物化學,生物化學,,下列何者兼具必需胺基酸（essential amino acid）及生酮性胺基酸（ketogenic amino acid）特性？,天門冬胺酸（aspartate）,組胺酸（histidine）,酪胺酸（tyrosine）,白胺酸（leucine）,,D,D,standard,,False,111020_1301.pdf,111020_ANS1301.pdf
MOEX-111020-1301-Q100,111,第一次,111020,1301,100,組織學,組織學,,粒線體的膜電位差對於ATP synthase（complex V）所催化的ATP合成是必需的，當一對電子從NADH藉由電 子傳遞鏈轉移到氧分子（O ）的過程中，下列敘述何者正確？ 2,Complex I會將4個氫離子移轉到細胞質,Complex II會將2個氫離子移轉到粒線體內外膜間隙（intermembrane space）,Complex III會將4個氫離子移轉到粒線體內外膜間隙（intermembrane space）,Complex IV會將2個氫離子移轉到粒線體基質（matrix）,,C,C,standard,,False,111020_1301.pdf,111020_ANS1301.pdf
MOEX-111100-1301-Q001,111,第二次,111100,1301,1,解剖學,神經解剖,神經解剖,下列何者由腦幹內的內弓狀纖維（internal arcuate fibers）交叉到對側之後匯聚形成？,內側蹄系（medial lemniscus）,脊髓蹄系（spinal lemniscus）,外側蹄系（lateral lemniscus）,錐體交叉（pyramidal decussation）,,A,A,standard,,False,111100_1301.pdf,111100_MOD1301.pdf
MOEX-111100-1301-Q002,111,第二次,111100,1301,2,解剖學,神經解剖,神經解剖,連結大腦皮質的布羅卡氏區（Broca's area）與沃尼克氏區（Wernicke's area）間的主要神經纖維束稱為：,弓狀束（arcuate fasciculus）,內側縱束（medial longitudinal fasciculus）,背側縱束（dorsal longitudinal fasciculus）,內側前腦束（medial forebrain bundle）,,A,A,standard,,False,111100_1301.pdf,111100_MOD1301.pdf
MOEX-111100-1301-Q003,111,第二次,111100,1301,3,解剖學,神經解剖,神經解剖,乳頭體（mamillary body）發出乳頭丘腦束（mamillo-thalamic fasciculus），主要進入丘腦（thalamus）的那一 神經核？,腹前側核（ventral anterior nuclei）,前側核（anterior nuclei）,腹後外側核（ventral posterior lateral nuclei）,腹後內側核（ventral posterior medial nuclei）,,B,B,standard,,False,111100_1301.pdf,111100_MOD1301.pdf
MOEX-111100-1301-Q004,111,第二次,111100,1301,4,解剖學,神經解剖,神經解剖,下列何者不經過丘腦（thalamus），直接傳入邊緣系統（limbic system）？,嗅覺訊息（olfactory signal）,視覺訊息（visual signal）,聽覺訊息（auditory signal）,味覺訊息（gustatory signal）,,A,A,standard,,False,111100_1301.pdf,111100_MOD1301.pdf
MOEX-111100-1301-Q005,111,第二次,111100,1301,5,組織學,組織學,,下列關於眼外肌中的下斜肌（inferior oblique）的描述，何者錯誤？,由動眼神經（oculomotor nerve）支配,可讓瞳孔朝下朝外側觀看,起點位於上頷骨,終點附著於眼球後半部,,B,B,standard,,False,111100_1301.pdf,111100_MOD1301.pdf
MOEX-111100-1301-Q006,111,第二次,111100,1301,6,解剖學,頭頸部,神經解剖,下列何者與內頸動脈（internal carotid artery）一起穿入海綿竇（cavernous sinus）內，而後自行進入眼眶？,視神經（optic nerve）,外旋神經（abducens nerve）,三叉神經（trigeminal nerve）,滑車神經（trochlear nerve）,,B,B,standard,,False,111100_1301.pdf,111100_MOD1301.pdf
MOEX-111100-1301-Q007,111,第二次,111100,1301,7,解剖學,頭頸部,頭頸部,下列關於眼瞼（eyelid）的描述，何者正確？,瞼板腺（tarsal gland）分泌水樣狀液體,收集眼淚的淚湖（lacrimal lake）位於眼眶外下部,提上眼瞼肌（levator palpebrae superioris）負責關閉眼瞼,淚腺（lacrimal gland）位於眼眶外上部,,D,D,standard,,False,111100_1301.pdf,111100_MOD1301.pdf
MOEX-111100-1301-Q008,111,第二次,111100,1301,8,解剖學,上肢,上肢,下列何者不是頸神經叢（cervical plexus）的分支？,枕小神經（lesser occipital nerve）,耳大神經（great auricular nerve）,肩胛上神經（suprascapular nerve）,鎖骨上神經（supraclavicular nerve）,,C,C,standard,,False,111100_1301.pdf,111100_MOD1301.pdf
MOEX-111100-1301-Q009,111,第二次,111100,1301,9,解剖學,頭頸部,頭頸部,下列何者不是顏面神經在顳骨區域的分支？,岩大神經（greater petrosal nerve）,岩小神經（lesser petrosal nerve）,鼓索神經（chorda tympani nerve）,鐙骨肌神經（nerve to stapedius）,,B,B,standard,,False,111100_1301.pdf,111100_MOD1301.pdf
MOEX-111100-1301-Q010,111,第二次,111100,1301,10,解剖學,頭頸部,頭頸部,拔除臼齒（molar teeth）時，不慎折斷牙根，其碎片最可能進入下列何副鼻竇？,蝶竇（sphenoid sinus）,篩竇（ethmoid sinus）,額竇（frontal sinus）,上頷竇（maxillary sinus）,,D,D,standard,,False,111100_1301.pdf,111100_MOD1301.pdf
MOEX-111100-1301-Q011,111,第二次,111100,1301,11,組織學,組織學,,下列有關嘴唇結構的敘述，何者錯誤？,嘴唇的核心肌肉為口輪匝肌（orbicularis oris）,嘴唇的淋巴只引流到頦下淋巴結（submental lymph nodes）,上下嘴唇內均具有唇繫帶（labial frenula）,嘴唇的血液供應來自上、下唇動脈（superior and inferior labial artery），它們是顏面動脈（facial artery）分 支,,B,B,standard,,False,111100_1301.pdf,111100_MOD1301.pdf
MOEX-111100-1301-Q012,111,第二次,111100,1301,12,組織學,組織學,,下列那一條神經負責中耳鼓室（tympanic cavity）內黏膜的一般感覺？,第五對腦神經（CN V）,第七對腦神經（CN VII）,第九對腦神經（CN IX）,第十對腦神經（CN X）,,C,C,standard,,False,111100_1301.pdf,111100_MOD1301.pdf
MOEX-111100-1301-Q013,111,第二次,111100,1301,13,解剖學,下肢,下肢,下列那一部位損傷會出現如圖的視野缺損情形？,左視徑（left optic tract）,視交叉（optic chiasm）,右視神經（right optic nerve）,右外膝狀核（right lateral geniculate nucleus）,,A,A,standard,,True,111100_1301.pdf,111100_MOD1301.pdf
MOEX-111100-1301-Q014,111,第二次,111100,1301,14,解剖學,胸腔,胸腔,右後胸壁的血液主要回流至下列那一個靜脈？,內胸靜脈（internal thoracic vein）,半奇靜脈（hemiazygos vein）,副半奇靜脈（accessory hemiazygos vein）,奇靜脈（azygos vein）,,D,D,standard,,False,111100_1301.pdf,111100_MOD1301.pdf
MOEX-111100-1301-Q015,111,第二次,111100,1301,15,解剖學,胸腔,胸腔,漿液性心包膜（serous pericardium）壁層（parietal layer）的痛覺由下列何者傳遞？,肋間神經（intercostal nerve）,迷走神經（vagus nerve）,交感神經幹（sympathetic trunk）,膈神經（phrenic nerve）,,D,D,standard,,False,111100_1301.pdf,111100_MOD1301.pdf
MOEX-111100-1301-Q016,111,第二次,111100,1301,16,解剖學,胸腔,胸腔,有關支氣管肺節段（bronchopulmonary segment），下列敘述何者最恰當？,每一個支氣管肺節段內的氣體，主要由一個細支氣管（bronchiole）來供應,左右肺各有十個支氣管肺節段，但部分支氣管肺節段在右肺常常會彼此合併,肺動脈常見於兩個支氣管肺節段之間,單一個支氣管肺節段可以被手術移除，而不影響鄰近區域支氣管肺節段的功能,,D,D,standard,,False,111100_1301.pdf,111100_MOD1301.pdf
MOEX-111100-1301-Q017,111,第二次,111100,1301,17,解剖學,胸腔,胸腔,有關胸骨角（sternal angle）之敘述，下列何者正確？,兩側連接第一肋骨,水平位置對應第四與第五胸椎間,為胸骨體與劍突交界,年輕時屬滑液關節（synovial joint），中老年時骨化,,B,B,standard,,False,111100_1301.pdf,111100_MOD1301.pdf
MOEX-111100-1301-Q018,111,第二次,111100,1301,18,解剖學,腹部,胸腔,下膈動脈（inferior phrenic artery）是下列何者的分支？,腹主動脈（abdominal aorta）,腎上腺動脈（suprarenal artery）,內胸動脈（internal thoracic artery）,胸主動脈（thoracic aorta）,,A,A,standard,,False,111100_1301.pdf,111100_MOD1301.pdf
MOEX-111100-1301-Q019,111,第二次,111100,1301,19,解剖學,腹部,腹部,下列何者是腹膜後器官（retroperitoneal organ）？,肝臟（liver）,胃（stomach）,空腸（jejunum）,胰臟（pancreas）,,D,D,standard,,False,111100_1301.pdf,111100_MOD1301.pdf
MOEX-111100-1301-Q020,111,第二次,111100,1301,20,解剖學,腹部,腹部,肝圓韌帶（round ligament of liver）是何種結構的遺跡？,靜脈導管（ductus venosus）,臍靜脈（umbilical vein）,臍動脈（umbilical artery）,臍尿管（urachus）,,B,B,standard,,False,111100_1301.pdf,111100_MOD1301.pdf
MOEX-111100-1301-Q021,111,第二次,111100,1301,21,解剖學,胸腔,胸腔,下列結構及其神經支配之配對，何者錯誤？,橫膈（diaphragm）：膈神經（phrenic nerve）,腰大肌（psoas major muscle）：股神經（femoral nerve）,腹外斜肌（external oblique muscle）：T7-T11胸段脊神經（T7-T11 thoracic spinal nerves）,髂肌（iliacus）：股神經（femoral nerve）,,B,B,standard,,False,111100_1301.pdf,111100_MOD1301.pdf
MOEX-111100-1301-Q022,111,第二次,111100,1301,22,解剖學,骨盆與會陰,骨盆與會陰,關於女性外陰（vulva），下列敘述何者正確？,尿道旁腺（paraurethral glands）又稱為巴多林氏腺（Bartholin's glands），其導管（ducts）開口於尿道口附 近,大前庭腺（greater vestibular gland）位於前庭球（bulb of vestibule）的前方,男性陰莖（penis）有懸韌帶（suspensory ligament），但女性陰蒂（clitoris）沒有,前庭球（bulb of vestibule）是由勃起組織（erectile tissue）構成,,D,D,standard,,False,111100_1301.pdf,111100_MOD1301.pdf
MOEX-111100-1301-Q023,111,第二次,111100,1301,23,解剖學,骨盆與會陰,骨盆與會陰,下列何者不進入骨盆腔？,輸尿管（ureter）,薦正中動脈（median sacral artery）,下直腸動脈（inferior rectal artery）,卵巢動脈（ovarian artery）,,C,C,standard,,False,111100_1301.pdf,111100_MOD1301.pdf
MOEX-111100-1301-Q024,111,第二次,111100,1301,24,解剖學,骨盆與會陰,骨盆與會陰,下列何者不是髂內動脈（internal iliac artery）的分支？,深髂迴旋動脈（deep circumflex iliac artery）,髂腰動脈（iliolumbar artery）,臀上動脈（superior gluteal artery）,臀下動脈（inferior gluteal artery）,,A,A,standard,,False,111100_1301.pdf,111100_MOD1301.pdf
MOEX-111100-1301-Q025,111,第二次,111100,1301,25,解剖學,骨盆與會陰,骨盆與會陰,下列何者受損對肛管（anal canal）管壁肌肉的收縮影響最大？,腰內臟神經（lumbar splanchnic nerve）,骨盆內臟神經（pelvic splanchnic nerve）,薦交感神經幹（sacral sympathetic trunk）,會陰神經（perineal nerve）,,B,B,standard,,False,111100_1301.pdf,111100_MOD1301.pdf
MOEX-111100-1301-Q026,111,第二次,111100,1301,26,解剖學,下肢,下肢,下列有關大隱靜脈（great saphenous vein）的敘述，何者錯誤？,一般起源於足背靜脈弓（dorsal venous arch）,於內踝（medial malleolus）的後側向上延伸,會與小隱靜脈（small saphenous vein）形成吻合（anastomosis）,最終匯入股靜脈（femoral vein）,,B,B,standard,,False,111100_1301.pdf,111100_MOD1301.pdf
MOEX-111100-1301-Q027,111,第二次,111100,1301,27,解剖學,上肢,上肢,下列那一條神經所支配的肌肉群同時具有屈曲上臂與前臂作用（flex arm and forearm）﹖,腋神經（axillary nerve）,胸背神經（thoracodorsal nerve）,肌皮神經（musculocutaneous nerve）,上肩胛下神經（upper subscapular nerve）,,C,C,standard,,False,111100_1301.pdf,111100_MOD1301.pdf
MOEX-111100-1301-Q028,111,第二次,111100,1301,28,解剖學,下肢,下肢,下列何者的肌腱繞過載距突（sustentaculum tali）下方的溝槽進入足底？,屈 長肌（flexor hallucis longus）,屈趾長肌（flexor digitorum longus）,屈 短肌（flexor hallucis brevis）,屈趾短肌（flexor digitorum brevis）,,A,A,standard,,False,111100_1301.pdf,111100_MOD1301.pdf
MOEX-111100-1301-Q029,111,第二次,111100,1301,29,組織學,組織學,,下列甲、乙、丙三個椎骨，在脊柱由頭端往尾端的排列順序為何？,甲→乙→丙,丙→乙→甲,乙→甲→丙,丙→甲→乙,,D,D,standard,,False,111100_1301.pdf,111100_MOD1301.pdf
MOEX-111100-1301-Q030,111,第二次,111100,1301,30,解剖學,下肢,下肢,股骨大轉子（greater trochanter）碎裂時，對下列何者的功能影響最小？,臀大肌（gluteus maximus）,臀小肌（gluteus minimus）,梨狀肌（piriformis）,閉孔內肌（obturator internus）,,A,A,standard,,False,111100_1301.pdf,111100_MOD1301.pdf
MOEX-111100-1301-Q031,111,第二次,111100,1301,31,組織學,組織學,,下列何者起自屈指深肌（flexor digitorum profundus）的肌腱？,掌短肌（palmaris brevis）,骨間背側肌（dorsal interosseous muscle）,骨間掌側肌（palmar interosseous muscle）,蚓狀肌（lumbrical muscle）,,D,D,standard,,False,111100_1301.pdf,111100_MOD1301.pdf
MOEX-111100-1301-Q032,111,第二次,111100,1301,32,解剖學,胸腔,胸腔,下列關於胚胎之胸心包膜（pleuropericardial membrane）的敘述，何項錯誤？,形成漿液心包膜的臟層（visceral layer of serous pericardium）,此膜內包含有總主靜脈（common cardinal vein）,此膜內包含有膈神經（phrenic nerve）,此膜所形成之構造分隔胸膜腔與心包腔,,A,A,standard,,False,111100_1301.pdf,111100_MOD1301.pdf
MOEX-111100-1301-Q033,111,第二次,111100,1301,33,解剖學,頭頸部,頭頸部,下列那一項構造衍生自第三咽弓（pharyngeal arch）？,莖突舌骨韌帶（stylohyoid ligament）,舌骨之小角（lesser cornu of hyoid bone）,舌骨之大角（greater cornu of hyoid bone）,甲狀軟骨（thyroid cartilage）,,C,C,standard,,False,111100_1301.pdf,111100_MOD1301.pdf
MOEX-111100-1301-Q034,111,第二次,111100,1301,34,解剖學,腹部,腹部,在胚胎發育至第幾週時，小腸會由體外返回腹腔內？,第四週,第七週,第十週,第十二週,,C,C,standard,,False,111100_1301.pdf,111100_MOD1301.pdf
MOEX-111100-1301-Q035,111,第二次,111100,1301,35,胚胎及發育生物學,胚胎及發育生物學,,在胚胎時期心房間隔（interatrial septum）的發育，其第一孔（foramen primum）之封閉是由於：,第一中隔（septum primum）與心內膜墊（endocardial cushion）之融合,第二中隔（septum secundum）與心內膜墊（endocardial cushion）之融合,第一中隔（septum primum）之新細胞增生,第一中隔（septum primum）與第二中隔（septum secundum）之融合,,A,A,standard,,False,111100_1301.pdf,111100_MOD1301.pdf
MOEX-111100-1301-Q036,111,第二次,111100,1301,36,胚胎及發育生物學,胚胎及發育生物學,,下列那一項構造，不包含於鼓膜（tympanic membrane）的發育？,第一咽溝（pharyngeal groove）的外胚層（ectoderm）,第二咽溝（pharyngeal groove）的外胚層（ectoderm）,第一咽囊（pharyngeal pouch）的內胚層（endoderm）,第一和第二咽弓（pharyngeal arch）的間葉組織（mesenchyme）,,B,B,standard,,False,111100_1301.pdf,111100_MOD1301.pdf
MOEX-111100-1301-Q037,111,第二次,111100,1301,37,組織學,組織學,,骨骼肌肌梭（muscle spindle）之內鞘（internal capsule）所包覆的構造，不包含：,運動終板（motor end plate）,環螺旋末梢（annulospiral ending）,核鏈纖維（nuclear chain fiber）,核袋纖維（nuclear bag fiber）,,A,A,standard,,False,111100_1301.pdf,111100_MOD1301.pdf
MOEX-111100-1301-Q038,111,第二次,111100,1301,38,組織學,組織學,,將分泌物質與細胞一併釋放至腺體管腔（lumen）的分泌方式是：,局部分泌（merocrine secretion）,頂部分泌（apocrine secretion）,全分泌（holocrine secretion）,內分泌（endocrine secretion）,,C,C,standard,,False,111100_1301.pdf,111100_MOD1301.pdf
MOEX-111100-1301-Q039,111,第二次,111100,1301,39,組織學,組織學,,長骨骨幹（diaphysis of long bone）的直徑加粗（increase in diameter），最主要是下列何者的增生與分化所促 成？,骨外膜（periosteum）,骨內膜（endosteum）,骨幹骺端（metaphysis）,骨骺板（epiphyseal plate）,,A,A,standard,,False,111100_1301.pdf,111100_MOD1301.pdf
MOEX-111100-1301-Q040,111,第二次,111100,1301,40,解剖學,骨盆與會陰,骨盆與會陰,下列有關膜性迷路（membranous labyrinth）的敘述，何者錯誤？,壺腹嵴（crista ampullaris）是頭部角加速運動（angular acceleration）的感覺受器,頂帽（cupula）的耳石（otolith）是頭部直線加速運動（linear acceleration）的感覺受器,前庭階（scala vestibule）與鼓室階（scala tympani）於蝸孔（helicotrema）彼此相通,耳蝸導管（cochlear duct）內，流動的液體為內淋巴液（endolymph）,,#,#,standard,,False,111100_1301.pdf,111100_MOD1301.pdf
MOEX-111100-1301-Q041,111,第二次,111100,1301,41,組織學,組織學,,下列有關小動脈（arteriole）和小靜脈（venule）之敘述，何者正確？,兩者的血管內膜（tunica intima）均有單層的內皮細胞（endothelial cells）,兩者均有數層的骨骼肌細胞（skeletal muscle cells）和彈性板（elastic lamellae）組成,兩者在血管壁上有顯著波浪狀的彈性內膜（internal elastic membrane）,兩者均有平滑肌細胞（smooth muscle cells）所形成的微血管前括約肌（precapillary sphincter），控制血液進 入微血管,,A,A,standard,,False,111100_1301.pdf,111100_MOD1301.pdf
MOEX-111100-1301-Q042,111,第二次,111100,1301,42,解剖學,頭頸部,頭頸部,下列有關舌輪廓乳突（circumvallate papillae）的敘述，何者正確？,分布在舌外側且與舌長軸平行,含有許多味蕾（taste bud）,是舌乳突（papilla）中最小且數量最多,表面覆有單層扁平上皮（simple squamous epithelium）,,B,B,standard,,False,111100_1301.pdf,111100_MOD1301.pdf
MOEX-111100-1301-Q043,111,第二次,111100,1301,43,組織學,組織學,,下列有關十二指腸（duodenum）、空腸（jejunum）、迴腸（ileum）三者的結構比較，何項正確？,空腸（jejunum）有最多的杯狀細胞（goblet cells）,迴腸（ileum）有最多的絨毛（villi）,十二指腸（duodenum）有Brunner's gland,十二指腸（duodenum）有最多且明顯的Peyer's patch,,C,C,standard,,False,111100_1301.pdf,111100_MOD1301.pdf
MOEX-111100-1301-Q044,111,第二次,111100,1301,44,組織學,組織學,,下列有關腎臟的遠曲小管（distal convoluted tubule）和近曲小管（proximal convoluted tubule）的上皮比較， 何項正確？,遠曲小管的上皮細胞內有許多的溶酶體（lysosomes），細胞質較濃染,遠曲小管上皮細胞的細胞核（nucleus）較靠近管腔（lumen）表面,兩者上皮細胞之間的界線均很明顯,兩者上皮細胞表面均有很多纖毛（cilia）,,B,B,standard,,False,111100_1301.pdf,111100_MOD1301.pdf
MOEX-111100-1301-Q045,111,第二次,111100,1301,45,胚胎及發育生物學,胚胎及發育生物學,,下列有關黃體（corpus luteum）的敘述，何者錯誤？,顆粒層黃體細胞（granulosa lutein cells）的直徑，比卵泡鞘黃體細胞（theca lutein cells）為長,若無受精發生，則黃體逐漸退化而成白體（corpus albicans）,若有受精及著床發生，黃體在懷孕初期時會持續生長且變大,次級卵泡（secondary follicle）之顆粒層細胞（granulosa cells）及內鞘層（theca interna）細胞在排卵前已完 全分化為黃體細胞（luteal cells）,,D,D,standard,,False,111100_1301.pdf,111100_MOD1301.pdf
MOEX-111100-1301-Q046,111,第二次,111100,1301,46,組織學,組織學,,下列何者會與細精管的基底板（basal lamina of seminiferous tubule）相接觸？,精母細胞（spermatocyte）,精原細胞（spermatogonium）,精細胞（spermatid）,精子（spermatozoa）,,B,B,standard,,False,111100_1301.pdf,111100_MOD1301.pdf
MOEX-111100-1301-Q047,111,第二次,111100,1301,47,生物化學,生物化學,,就低溫下幫助維持細胞膜的流動性（membrane fluidity）而言，下列何種化學物質最為重要？,飽和脂肪酸,膽固醇,穿膜蛋白,周圍膜蛋白,,B,B,standard,,False,111100_1301.pdf,111100_MOD1301.pdf
MOEX-111100-1301-Q048,111,第二次,111100,1301,48,解剖學,下肢,下肢,下列何者最不可能造成視野缺失（scotoma）？,散光（astigmatism）,斜視（strabismus）,黃斑部退化（macular degeneration）,"左側側膝核附近發生缺血缺氧中風（ischemic, hypoxic stroke around left lateral geniculate nucleus, LGN）",,A,A,standard,,False,111100_1301.pdf,111100_MOD1301.pdf
MOEX-111100-1301-Q049,111,第二次,111100,1301,49,組織學,組織學,,下列有關耳蝸構造及功能的描述，何者最不適當？,內毛細胞數量通常較外毛細胞少，卻主要負責聽覺刺激的分析，外毛細胞則和在背景噪音下刻意傾聽特定聲 音訊息有關,scala media內的液體是內淋巴液，鉀離子的濃度遠比鈉離子為高,越接近卵圓窗和圓形窗的basilar membrane越狹窄，負責越高頻聲音的登錄（encoding）,耳蝸尖細的一端有一個孔道，使內淋巴液得以在scala vestibuli和scala tympani兩腔中相通,,D,D,standard,,False,111100_1301.pdf,111100_MOD1301.pdf
MOEX-111100-1301-Q050,111,第二次,111100,1301,50,醫學一其他科目,醫學一其他科目,,Enteric nervous system應視為自主神經的一支，其和消化道運動控制較相關的次系統是下列何項？,choroid plexus,submucosal plexus,brachial plexus,myenteric plexus,,D,D,standard,,False,111100_1301.pdf,111100_MOD1301.pdf
MOEX-111100-1301-Q051,111,第二次,111100,1301,51,解剖學,神經解剖,神經解剖,下列有關腦電圖（EEG）的敘述，何者最不適當？,參照電極及紀錄電極可置放於頭皮上方,紀錄電極所量測到的電位（或電壓）改變強度（波的振幅），一般是在微伏特（microV）的尺度範圍,警醒或專心從事思考時，在頂葉或枕葉的紀錄電極常會呈現出頻率極低（＜2 Hz）的波形,紀錄電極可反映出電極下方附近，大腦皮質部位神經元之細胞外的淨電流活動,,C,C,standard,,True,111100_1301.pdf,111100_MOD1301.pdf
MOEX-111100-1301-Q052,111,第二次,111100,1301,52,生理學,生理學,,促使睡眠開始及維持睡眠的關鍵之一是下視丘preoptic area的神經活動。下列對preoptic area的描述，何者最為 適當？,其神經活動與體溫調節及性腺荷爾蒙之分泌有關,其神經元多分泌orexin做為efferent fibers聯外用的化學物質,其神經活動在睡眠開始後會變得低下，且遠低於意識清醒時,其神經活動和reticular activating system中神經元的活動會有互相增強（reciprocal facilitation）的現象,,A,A,standard,,False,111100_1301.pdf,111100_MOD1301.pdf
MOEX-111100-1301-Q053,111,第二次,111100,1301,53,組織學,組織學,,不考慮離子之主動運輸等情況之一般生理離子條件下，若神經細胞在靜止膜電位為 -60 mV時，鈉離子與鉀離 子的被動運輸之主要動態會是：,鈉、鉀離子會漏進細胞,鈉、鉀離子會漏出細胞,鈉離子漏出細胞，鉀離子漏進細胞,鉀離子漏出細胞，鈉離子漏進細胞,,D,D,standard,,False,111100_1301.pdf,111100_MOD1301.pdf
MOEX-111100-1301-Q054,111,第二次,111100,1301,54,解剖學,腹部,腹部,單胺氧化酶抑制劑（monoamine oxidase inhibitors）類藥物，會增加下列何種神經傳導物質的含量？,乙醯膽鹼（acetylcholine）,麩胺酸（glutamate）,甘胺酸（glycine）,正腎上腺素（norepinephrine）,,D,D,standard,,False,111100_1301.pdf,111100_MOD1301.pdf
MOEX-111100-1301-Q055,111,第二次,111100,1301,55,生理學,生理學,,下列有關負重（load）與等張單次收縮（isotonic twitch contraction）之間關係的敘述，何者錯誤？,負重越重時，收縮潛伏期（latent period）會越長,負重越重時，收縮速度（shortening velocity）會越慢,負重越重時，收縮期間（twitch duration）會越長,負重越重時，收縮時需要產生的張力就要越大,,C,C,standard,,False,111100_1301.pdf,111100_MOD1301.pdf
MOEX-111100-1301-Q056,111,第二次,111100,1301,56,醫學一其他科目,醫學一其他科目,,為一位患者進行抗凝血治療，下列何者最不予考慮？,aspirin,vitamin K,prostacyclin,heparin,,B,B,standard,,False,111100_1301.pdf,111100_MOD1301.pdf
MOEX-111100-1301-Q057,111,第二次,111100,1301,57,解剖學,胸腔,胸腔,有關心電圖中各個波形與波間距離所代表的生理現象，下列何者錯誤？,P波反映心房再極化,T波反映心室再極化,QRS complex對應於心室動作電位之初生期,ST interval對應於心室動作電位之高原期（plateau）,,A,A,standard,,True,111100_1301.pdf,111100_MOD1301.pdf
MOEX-111100-1301-Q058,111,第二次,111100,1301,58,解剖學,胸腔,胸腔,有關主動脈瓣之關閉（aortic valve closure）的敘述，下列何者錯誤？,主動脈瓣之關閉產生第二心音,心室等容舒張期（isovolumic ventricular relaxation）開始於主動脈瓣之關閉,主動脈瓣之關閉結束了心室射血期（ventricular ejection）,主動脈瓣關閉之瞬間是主動脈壓最高的時刻,,D,D,standard,,False,111100_1301.pdf,111100_MOD1301.pdf
MOEX-111100-1301-Q059,111,第二次,111100,1301,59,生理學,生理學,,某人參加考試時，因心情緊張導致血壓微幅升高，引起頸動脈竇與主動脈弓感壓接受器放電速率增加，此時 體內循環系統為維持恆定，會產生一連串接續反應過程將血壓朝向正常值回復，該過程中最不可能者為下列 何項？,投射到靜脈的交感神經活性減少，導致靜脈收縮減弱，降低靜脈壓，減少靜脈回流,投射到微動脈的交感神經活性減少，微動脈半徑縮小，減少周邊總阻力,投射到心臟的副交感神經活性增加，使心跳速率減緩，減少心臟輸出,投射到心臟的交感神經活性減少，使心室心肌細胞收縮力降低，減少心搏量,,B,B,standard,,False,111100_1301.pdf,111100_MOD1301.pdf
MOEX-111100-1301-Q060,111,第二次,111100,1301,60,解剖學,胸腔,胸腔,某受試者，其氧氣消耗量為每分鐘600毫升（mL/min），肺動脈血氧濃度為每公升140毫升，肱動脈（brachial artery）血氧濃度為每公升200毫升，則此受試者的心輸出量（cardiac output）為多少L/min？,4.2,10,30,34.2,,B,B,standard,,False,111100_1301.pdf,111100_MOD1301.pdf
MOEX-111100-1301-Q061,111,第二次,111100,1301,61,解剖學,胸腔,胸腔,健康者站立，在其肺容量等於功能肺餘容量（functional residual capacity）時開始吸氣（inspiration），此時吸 入的氣體最容易進入下列何區域的肺泡（alveolus）？,肺底（base）處,肺中段,肺尖（apex）處,平均分布於肺臟各處,,A,A,standard,,False,111100_1301.pdf,111100_MOD1301.pdf
MOEX-111100-1301-Q062,111,第二次,111100,1301,62,組織學,組織學,,在正常生理情況下，比較周邊組織微血管（tissue capillary）與肺泡微血管（pulmonary capillary）兩處的紅血 球（erythrocyte），下列敘述何者正確？,肺泡微血管內的紅血球，其細胞膜電位（cell membrane potential）更加去極化（depolarization）,肺泡微血管內的紅血球，其細胞內碳酸氫根離子濃度（[HCO - ]）比較高 3,周邊組織微血管內的紅血球，其細胞內氯離子濃度（[Cl - ]）比較低,周邊組織微血管內的紅血球，其細胞內pH值比較高,,#,#,standard,,False,111100_1301.pdf,111100_MOD1301.pdf
MOEX-111100-1301-Q063,111,第二次,111100,1301,63,解剖學,腹部,腹部,下列關於胃泌素（gastrin）的敘述，何者正確？,主要製造的器官是小腸（small intestine），以促進胃酸分泌,主要透過抑制Gi蛋白產生作用，以抑制胃酸分泌,主要作用於主細胞（chief cell），以抑制胃酸分泌,主要作用於細胞膜上的膽囊收縮素乙型（CCK ）接受器，以促進胃酸分泌 B,,D,D,standard,,False,111100_1301.pdf,111100_MOD1301.pdf
MOEX-111100-1301-Q064,111,第二次,111100,1301,64,生物化學,生物化學,,下列何種酵素可幫助麥芽糖（maltose）水解成為葡萄糖 ？,蔗糖酶（sucrase）,乳糖酶（lactase）,海藻糖酶（trehalase）,澱粉酶（amylase）,,A,A,standard,,False,111100_1301.pdf,111100_MOD1301.pdf
MOEX-111100-1301-Q065,111,第二次,111100,1301,65,生理學,生理學,,有關腎臟的酸鹼平衡功能，下列何者正確？,近端腎小管再吸收HCO -，遠端腎小管分泌H + 3,近端腎小管分泌H +，遠端腎小管再吸收HCO - 3,近端腎小管和遠端腎小管均再吸收HCO - 3,近端腎小管和遠端腎小管均分泌H +,,#,#,standard,,False,111100_1301.pdf,111100_MOD1301.pdf
MOEX-111100-1301-Q066,111,第二次,111100,1301,66,生理學,生理學,,"計算純水清除率（clearance of free-water, ）的公式是 = V（urine flow rate）–C （clearance of osm osmoles）。而C 之定義為：V×（U /P ），其中U 與P 分別為尿液與血漿之osmolality。下列何種 osm osm osm osm osm 生理狀態，最可能使純水清除率（ ）成為負值？",飲用大量純水之後,腎小球濾過率（glomerular filtration rate）增加,血中抗利尿荷爾蒙（antidiuretic hormone）增加,溶質清除率（C ）減少 osm,,C,C,standard,,False,111100_1301.pdf,111100_MOD1301.pdf
MOEX-111100-1301-Q067,111,第二次,111100,1301,67,生理學,生理學,,我們身體那一部位是二十四小時節律性（circadian rhythms）的重要調節樞紐，且當其受光激活會進而引發松 果體（pineal gland）分泌何種荷爾蒙進行調節運作？,腦下腺前葉（anterior pituitary）；多巴胺（dopamine）,"視交叉上核（suprachiasmatic nucleus, SCN）；褪黑素（melatonin）","腦下腺後葉（posterior pituitary）；腎上腺促素釋素（corticotropin-releasing hormone, CRH）","下視丘室旁核（paraventricular nucleus, PVN）；生長激素釋素（growth hormone-releasing hormone, GHRH）",,B,B,standard,,False,111100_1301.pdf,111100_MOD1301.pdf
MOEX-111100-1301-Q068,111,第二次,111100,1301,68,生理學,生理學,,下列有關醛固酮（aldosterone）之敘述，何者正確？,體抑素（somatostatin）可刺激醛固酮分泌，以減低腎臟碘離子之再吸收,腎上腺素（epinephrine）可刺激醛固酮分泌，以減低腎臟鈣離子之再吸收,血管收縮素（angiotensin-II）可刺激醛固酮分泌，以減低腎臟鈉離子之排放,"腎上腺促素（adrenocorticotropic hormone, ACTH）可刺激醛固酮分泌，以減低腎臟鉀離子之排放",,C,C,standard,,False,111100_1301.pdf,111100_MOD1301.pdf
MOEX-111100-1301-Q069,111,第二次,111100,1301,69,組織學,組織學,,一般人於登高山時會促使身體腎上腺（adrenal gland）發生何種反應，以提供腦部充足能量使用，保持清醒？,雌二醇（17β-estradiol）分泌增加，促進骨骼肌肝醣生成（glycogenesis）,腎上腺素（epinephrine）分泌增加，促進肝臟肝糖分解（glycogenolysis）,多巴胺（dopamine）分泌增加，促進脂肪組織釋出脂肪酸（fatty acids）,醛固酮（aldosterone）分泌增加，促進肝臟釋出酮體（ketone bodies）,,B,B,standard,,False,111100_1301.pdf,111100_MOD1301.pdf
MOEX-111100-1301-Q070,111,第二次,111100,1301,70,解剖學,腹部,腹部,半夜血糖降低時，身體會發生何種反應，以協助調節血糖恆定（glucose homeostasis）？,腸道（intestine）分泌胰泌素（secretin）,腎臟（kidney）分泌維生素D（vitamin D）,胰臟（pancreas）分泌體抑素（somatostatin）,腎上腺（adrenal gland）分泌腎上腺素（epinephrine）,,D,D,standard,,False,111100_1301.pdf,111100_MOD1301.pdf
MOEX-111100-1301-Q071,111,第二次,111100,1301,71,生理學,生理學,,有關甲狀腺素功能異常的敘述，下列何者最為適當？,甲狀腺功能低下和生長激素分泌不足，在新生兒都可造成身材矮小,甲狀腺功能低下的病人，血中促甲狀腺素（TSH）濃度都會升高,甲狀腺功能亢進的病人，血中T 、T 和TSH濃度都會升高 3 4,甲狀腺功能低下和生長激素分泌不足，在新生兒都可造成智能障礙,,A,A,standard,,False,111100_1301.pdf,111100_MOD1301.pdf
MOEX-111100-1301-Q072,111,第二次,111100,1301,72,生理學,生理學,,"黃體生成素（luteinizing hormone, LH）主要作用於何種卵巢細胞，以促進何種荷爾蒙的分泌？",濾泡膜細胞（theca cells）→睪固酮（testosterone）,濾泡膜細胞（theca cells）→雌二醇（estradiol）,顆粒細胞（granulosa cells）→雌二醇（estradiol）,顆粒細胞（granulosa cells）→睪固酮（testosterone）,,A,A,standard,,False,111100_1301.pdf,111100_MOD1301.pdf
MOEX-111100-1301-Q073,111,第二次,111100,1301,73,胚胎及發育生物學,胚胎及發育生物學,,有關卵子形成（oogenesis）的敘述，下列何者正確？,第一次減數分裂開始於胚胎期,出生後卵原細胞（oogonia）會進行有絲分裂（mitosis）,幼童期會完成第一次減數分裂形成次級卵母細胞（secondary oocyte）,排卵前會完成第二次減數分裂形成卵子（ovum）,,A,A,standard,,False,111100_1301.pdf,111100_MOD1301.pdf
MOEX-111100-1301-Q074,111,第二次,111100,1301,74,生物化學,生物化學,,下列那一個胺基酸在中性環境下（pH=7），其支鏈（side-chain）會帶正電？,丙胺酸（alanine）,精胺酸（arginine）,天門冬醯胺（asparagine）,天門冬胺酸（aspartic acid）,,B,B,standard,,False,111100_1301.pdf,111100_MOD1301.pdf
MOEX-111100-1301-Q075,111,第二次,111100,1301,75,生物化學,生物化學,,關於鐮形血球貧血症（sickle-cell disease）的敘述，下列何者正確？,血紅素的β血球蛋白（β globin）基因點突變造成,患者體內缺少β血球蛋白造成（由γ血球蛋白取代）,血紅素缺少α血球蛋白造成,鐮形血球貧血症致死率高，在嬰兒期就會死亡,,A,A,standard,,False,111100_1301.pdf,111100_MOD1301.pdf
MOEX-111100-1301-Q076,111,第二次,111100,1301,76,生理學,生理學,,在一個符合Michaelis-Menten equation的酵素催化反應中，當受質（substrate）濃度極小於Michaelis常數 （K ）時，此反應之速率常數應為下列何者？ M,V max,k / K cat M,1 / k cat,k × K cat M,,B,B,standard,,False,111100_1301.pdf,111100_MOD1301.pdf
MOEX-111100-1301-Q077,111,第二次,111100,1301,77,解剖學,胸腔,胸腔,Pyridoxal phosphate與aspartate aminotransferase活性中心的某胺基酸形成Schiff base來催化oxaloacetate形成 aspartate，此胺基酸是下列何者？,lysine,cysteine,serine,arginine,,A,A,standard,,False,111100_1301.pdf,111100_MOD1301.pdf
MOEX-111100-1301-Q078,111,第二次,111100,1301,78,生物化學,生物化學,,胺基酸的代謝需要有多重輔因子（cofactors）參與，下列那一種輔因子不能作為單一碳基團（one carbon moiety）供給者或傳送者？,tetrahydrofolate,biotin,S-adenosylmethionine,pyridoxal phosphate,,D,D,standard,,False,111100_1301.pdf,111100_MOD1301.pdf
MOEX-111100-1301-Q079,111,第二次,111100,1301,79,生物化學,生物化學,,"去氧核糖核酸酶 I（deoxyribonuclease I, DNase I）為生物中重要的核酸內切酶（endonuclease），負責降解去 氧核糖核酸。DNase I酵素活性主要作用於下列何者？",糖苷鍵（glycosidic bond）,華森克里克鍵結（Watson-Crick base pairing）,磷酸二酯鍵（phosphodiester bond）,非華森克里克鍵結（non-Watson-Crick base pairing）,,C,C,standard,,False,111100_1301.pdf,111100_MOD1301.pdf
MOEX-111100-1301-Q080,111,第二次,111100,1301,80,生理學,生理學,,下列何種酵素與尿酸堆積及痛風發生最為相關？,adenine phosphoribosyltransferase,5-phospho-α-D-ribosyl-1-pyrophosphate synthetase,glucose 6-phosphatase,orotate phosphoribosyltransferase,,B,B,standard,,False,111100_1301.pdf,111100_MOD1301.pdf
MOEX-111100-1301-Q081,111,第二次,111100,1301,81,生物化學,生物化學,,下列那一個蛋白質只會參與在真核細胞染色體DNA複製？,引子RNA合成酶（primase）,解螺旋酶（helicase）,端粒酶（telomerase）,拓樸異構酶（topoisomerase）,,C,C,standard,,False,111100_1301.pdf,111100_MOD1301.pdf
MOEX-111100-1301-Q082,111,第二次,111100,1301,82,生物化學,生物化學,,真核細胞的DNA複製蛋白質PCNA（proliferating cell nuclear antigen）與大腸桿菌DNA聚合酶III的β次單元（β subunit）共通的特性為：,參與DNA校對（proofreading）,增加DNA聚合酶酵素活性,增加DNA聚合酶的持續合成能力（processivity）,帶有3’→5’ DNA水解酵素活性,,C,C,standard,,False,111100_1301.pdf,111100_MOD1301.pdf
MOEX-111100-1301-Q083,111,第二次,111100,1301,83,生物化學,生物化學,,下列何者為鹼基切除修復（base-excision repair）過程中的第一個作用酶？,AP內切酶（AP endonuclease）,DNA醣苷酶（DNA glycosylase）,DNA連接酶（DNA ligase）,DNA聚合酶（DNA polymerase）,,B,B,standard,,False,111100_1301.pdf,111100_MOD1301.pdf
MOEX-111100-1301-Q084,111,第二次,111100,1301,84,組織學,組織學,,在真核細胞中，主要負責mRNA生成的聚合酶為：,RNA聚合酶 I,RNA聚合酶 II,RNA聚合酶 III,RNA聚合酶 IV,,B,B,standard,,False,111100_1301.pdf,111100_MOD1301.pdf
MOEX-111100-1301-Q085,111,第二次,111100,1301,85,生物化學,生物化學,,依賴泛素（ubiquitin）之蛋白質降解途徑，對於調節細胞過程和消除有缺陷的蛋白質非常重要。下列有關蛋白 質泛素化（ubiquitination）之敘述，何者錯誤？,泛素化過程中，泛素與E1活化酶（E1 activating enzyme）鍵結之反應需要ATP,E2結合酶（E2 conjugating enzyme）上的泛素可經由E3連接酶（E3 ligase）轉移至欲分解之蛋白質,蛋白質的lysine為發生泛素化的主要胺基酸,泛素化的蛋白質（ubiquitinated proteins）主要經溶酶體（lysosome）分解,,D,D,standard,,False,111100_1301.pdf,111100_MOD1301.pdf
MOEX-111100-1301-Q086,111,第二次,111100,1301,86,生物化學,生物化學,,蛋白質轉譯延伸（translation elongation）作用包含以下步驟：①帶有胺基酸的轉運核糖核酸（tRNA）結合至 核糖體 ②形成胜肽鍵 ③轉位（translocation） ④轉運核糖核酸離開核糖體。下列先後順序何者最符合已 知機制？,①②③④,③①④②,③②①④,①③②④,,A,A,standard,,False,111100_1301.pdf,111100_MOD1301.pdf
MOEX-111100-1301-Q087,111,第二次,111100,1301,87,組織學,組織學,,下列何序列最可能含有真核細胞RNA polymerase II聚腺苷酸化訊號（polyadenylation signal）？,5'-AUUCAUGUGCGGCGCGCCGCAGCUCCUAGCUUUUU-3',5'-GUGCGGCGAUUCAUCGCCGCAGCUCCUAGCUUUUU-3',5'-GUGCGGCGAUUCAUCGCCGCUUUUUAGCUCCUAGC-3',5'-AAAAAUUUUUUAAUAAAAGGGGGGGGUUUUUUGG-3',,D,D,standard,,False,111100_1301.pdf,111100_MOD1301.pdf
MOEX-111100-1301-Q088,111,第二次,111100,1301,88,生物化學,生物化學,,下列有關克氏循環（Krebs cycle，或稱TCA cycle）的敘述，何者正確？,克氏循環過程中沒有substrate-level phosphorylation,一次完整的克氏循環會產生兩分子的CO 2,一次完整的克氏循環會產生兩分子的NADH,一次完整的克氏循環會產生兩分子的FADH 2,,B,B,standard,,False,111100_1301.pdf,111100_MOD1301.pdf
MOEX-111100-1301-Q089,111,第二次,111100,1301,89,醫學一其他科目,醫學一其他科目,,硫酸角質素（keratan sulfate）是角膜中的主要成分之一，其為下列那兩種單醣分子及其硫酸化衍生物的聚合 物？,galactose與glucose,galactose與N-acetylglucosamine,glucuronic acid與N-acetylglucosamine,glucuronic acid與glucose,,B,B,standard,,False,111100_1301.pdf,111100_MOD1301.pdf
MOEX-111100-1301-Q090,111,第二次,111100,1301,90,組織學,組織學,,細胞進行糖質新生（gluconeogenesis）時，需要下列那兩種酵素共同作用將pyruvate轉換為 phosphoenolpyruvate？,pyruvate kinase and pyruvate dehydrogenase,pyruvate carboxylase and pyruvate kinase,pyruvate carboxylase and phosphoenolpyruvate carboxykinase,pyruvate dehydrogenease and phosphoenolpyruvate carboxykinase,,C,C,standard,,False,111100_1301.pdf,111100_MOD1301.pdf
MOEX-111100-1301-Q091,111,第二次,111100,1301,91,生理學,生理學,,有關aspirin的作用，下列何者錯誤？,抑制prostaglandin synthase活性,利用甲基化（methylation）調控酵素,降低血栓素（thromboxane A ）濃度 2,為一種非特異性的（non-selective）non-steroidal anti-inflammatory drugs（NSAIDs）,,B,B,standard,,False,111100_1301.pdf,111100_MOD1301.pdf
MOEX-111100-1301-Q092,111,第二次,111100,1301,92,醫學一其他科目,醫學一其他科目,,Integral membrane protein主要由下列何者幫助其鑲嵌於膜上？,translocon,signal peptidase,protein lipidation,protein glycosylation,,ALL,ALL,all_credit,第92題一律給分,False,111100_1301.pdf,111100_MOD1301.pdf
MOEX-111100-1301-Q093,111,第二次,111100,1301,93,生物化學,生物化學,,"下列何種脂肪酸在進行β-oxidation時，需要2,4-dienoyl-CoA reductase的參與？",laurate,palmitoleate,oleate,linoleate,,D,D,standard,,False,111100_1301.pdf,111100_MOD1301.pdf
MOEX-111100-1301-Q094,111,第二次,111100,1301,94,生物化學,生物化學,,下列有關同半胱胺酸（homocysteine）之敘述，何者錯誤？,是心血管疾病的危險因子,由精胺酸（arginine）轉換而來,若缺乏cystathionine-β-synthase，會導致同半胱胺酸尿症（homocysteinuria）,葉酸（folate）及維生素B 可作為同半胱胺酸代謝的輔酶 12,,B,B,standard,,False,111100_1301.pdf,111100_MOD1301.pdf
MOEX-111100-1301-Q095,111,第二次,111100,1301,95,醫學一其他科目,醫學一其他科目,,在動物中，血基質（heme）生合成之主要前驅物之一是：,色胺酸（tryptophan）,酪胺酸（tyrosine）,組胺酸（histidine）,甘胺酸（glycine）,,D,D,standard,,False,111100_1301.pdf,111100_MOD1301.pdf
MOEX-111100-1301-Q096,111,第二次,111100,1301,96,組織學,組織學,,某新物種中粒線體的complex V，其F 之 c-ring由12個c subunit所組成，而F complex中的αβ dimer共有6組。依 0 1 據目前已知complex V作用機轉，此物種的complex V每合成一個ATP最有可能需要幾個氫離子通過粒線體內膜 （inner membrane）？,2,3,4,6,,A,A,standard,,False,111100_1301.pdf,111100_MOD1301.pdf
MOEX-111100-1301-Q097,111,第二次,111100,1301,97,組織學,組織學,,在細胞凋亡程序中的caspases為一種cysteine protease，其切割受質蛋白的位點位於下列何種胺基酸的C端？,絲胺酸（serine）,胱胺酸（cysteine）,天門冬胺酸（aspartic acid）,酪胺酸（tyrosine）,,C,C,standard,,False,111100_1301.pdf,111100_MOD1301.pdf
MOEX-111100-1301-Q098,111,第二次,111100,1301,98,組織學,組織學,,完全分化的細胞（terminally differentiated cells）通常會停在細胞週期中的那一個時期（phase）？,G0,G1,G2,S,,A,A,standard,,False,111100_1301.pdf,111100_MOD1301.pdf
MOEX-111100-1301-Q099,111,第二次,111100,1301,99,組織學,組織學,,Receptor tyrosine kinases（RTKs）是一類重要的細胞傳訊受體，其可在tyrosine residue上進行磷酸化來傳遞訊 息。下列何者不屬於RTKs？,epidermal growth factor receptor（EGFR）,fibroblast growth factor receptor（FGFR）,phosphoinositide 3-kinase（PI3K）,insulin receptor（INSR）,,C,C,standard,,False,111100_1301.pdf,111100_MOD1301.pdf
MOEX-111100-1301-Q100,111,第二次,111100,1301,100,醫學一其他科目,醫學一其他科目,,下列何者為桑格定序法（Sanger sequencing method）的關鍵分子？,"1', 2'-雙脫氧核苷酸（1', 2'-dideoxyribonucleotides）","2', 3'-雙脫氧核苷酸（2', 3'-dideoxyribonucleotides）","2', 4'-雙脫氧核苷酸（2', 4'-dideoxyribonucleotides）","2', 5'-雙脫氧核苷酸（2', 5'-dideoxyribonucleotides）",,B,B,standard,,False,111100_1301.pdf,111100_MOD1301.pdf
MOEX-112100-1301-Q001,112,第二次,112100,1301,1,解剖學,神經解剖,神經解剖,光線照射右眼會使得雙側瞳孔同時縮小，這主要是因為右側的頂蓋前區（pretectal area）接收光線刺激後，其神 經纖維經由下列何者傳遞到左側的 E-W 神經核（Edinger-Westphal nucleus）？,前聯合神經束（anterior commissure）,後聯合神經束（posterior commissure）,視神經交叉（optic chiasma）,上小腦腳交叉（superior cerebellar decussation）,,B,B,standard,,False,112100_1301.pdf,112100_ANS1301.pdf
MOEX-112100-1301-Q002,112,第二次,112100,1301,2,解剖學,神經解剖,神經解剖,下列何者由脊髓背核（nucleus dorsalis of Clarke）發出，主要傳遞下肢的本體感覺（proprioception of lower limbs）？,背側脊髓小腦徑（dorsal spinocerebellar tract）,腹側脊髓小腦徑（ventral spinocerebellar tract）,楔狀核小腦徑（cuneocerebellar tract）,吻端脊髓小腦徑（rostral spinocerebellar tract）,,A,A,standard,,False,112100_1301.pdf,112100_ANS1301.pdf
MOEX-112100-1301-Q003,112,第二次,112100,1301,3,解剖學,神經解剖,神經解剖,下列何者不是基底核直接迴路（direct basal ganglia pathway）傳遞路徑的主要構造？,殼核（putamen）,內蒼白球（internal segment of globus pallidus）,丘腦下核（subthalamus）,丘腦（thalamus）,,C,C,standard,,False,112100_1301.pdf,112100_ANS1301.pdf
MOEX-112100-1301-Q004,112,第二次,112100,1301,4,解剖學,神經解剖,神經解剖,下列何者由海馬回（hippocampus）發出，傳遞至乳頭體（mamillary body）？,終紋（stria terminalis）,穹窿（fornix）,內側前腦束（medial forebrain bundle）,內側縱束（medial longitudinal fasciculus）,,B,B,standard,,False,112100_1301.pdf,112100_ANS1301.pdf
MOEX-112100-1301-Q005,112,第二次,112100,1301,5,解剖學,神經解剖,神經解剖,關於交感節前神經元（sympathetic preganglionic neuron）之敘述，下列何者錯誤？,細胞體主要位於脊髓灰質（gray matter of spinal cord）之 lamina VII,可接受下視丘脊髓徑（hypothalamospinal fiber）之訊息,神經元位於脊髓背核（nucleus dorsalis of Clarke）中,脊髓胸段（thoracic spinal cord）含有交感節前神經元,,C,C,standard,,False,112100_1301.pdf,112100_ANS1301.pdf
MOEX-112100-1301-Q006,112,第二次,112100,1301,6,解剖學,頭頸部,神經解剖,下列有關眼球血管之敘述，何者正確？,眼動脈（ophthalmic artery）經由視神經管（optic canal）進入眼眶,眼動脈（ophthalmic artery）為中腦膜動脈（middle meningeal artery）之分支,眼下靜脈（inferior ophthalmic vein）通過共同腱環（common tendinous ring）進入眼眶,淚動脈（lacrimal artery）位於視神經內側,,A,A,standard,,False,112100_1301.pdf,112100_ANS1301.pdf
MOEX-112100-1301-Q007,112,第二次,112100,1301,7,解剖學,頭頸部,頭頸部,下列有關頸外靜脈（external jugular vein）的描述，何者正確？,屬於頸部深層靜脈,位於胸鎖乳突肌（sternocleidomastoid muscle）之下,與迷走神經（vagus nerve）伴行,收集部分顏面的血液後注入鎖骨下靜脈（subclavian vein）,,D,D,standard,,False,112100_1301.pdf,112100_ANS1301.pdf
MOEX-112100-1301-Q008,112,第二次,112100,1301,8,解剖學,頭頸部,頭頸部,病人主訴聲音嘶啞且口咽部和舌後三分之一的感覺喪失，經檢查發現顱底有一腫瘤。此腫瘤最可能存在下列何 處？,盲孔（foramen cecum）處,圓孔（foramen rotundum）處,頸靜脈孔（jugular foramen）處,枕骨大孔（foramen magnum）處,,C,C,standard,,False,112100_1301.pdf,112100_ANS1301.pdf
MOEX-112100-1301-Q009,112,第二次,112100,1301,9,解剖學,頭頸部,頭頸部,下列那一條神經，會穿過甲狀舌骨膜（thyrohyoid membrane）進入喉部？,舌咽神經（glossopharyngeal nerve）,內喉神經（internal laryngeal nerve）,外喉神經（external laryngeal nerve）,喉返神經（recurrent laryngeal nerve）,,B,B,standard,,False,112100_1301.pdf,112100_ANS1301.pdf
MOEX-112100-1301-Q010,112,第二次,112100,1301,10,解剖學,神經解剖,神經解剖,下列何者不會出現在眼窩的共同腱環（common tendinous ring）內？,第三對腦神經（CN III）,第四對腦神經（CN IV）,第五對腦神經（CN V）,第六對腦神經（CN VI）,,B,B,standard,,False,112100_1301.pdf,112100_ANS1301.pdf
MOEX-112100-1301-Q011,112,第二次,112100,1301,11,解剖學,頭頸部,頭頸部,耳咽管（auditory tube）開口於鼓室腔（tympanic cavity）的何處？,前壁,後壁,內壁,外壁,,A,A,standard,,False,112100_1301.pdf,112100_ANS1301.pdf
MOEX-112100-1301-Q012,112,第二次,112100,1301,12,生理學,生理學,,下列何者收縮可造成聲門裂（rima glottidis）打開？,後環杓肌（posterior cricoarytenoid muscle）,外側環杓肌（lateral cricoarytenoid muscle）,橫杓肌（transverse arytenoid muscle）,斜杓肌（oblique arytenoid muscle）,,A,A,standard,,False,112100_1301.pdf,112100_ANS1301.pdf
MOEX-112100-1301-Q013,112,第二次,112100,1301,13,解剖學,解剖學,,下列何者部分起自翼下頷縫（pterygomandibular raphe）？,口輪匝肌（orbicularis oris）,笑肌（risorius）,顴大肌（zygomaticus major）,頰肌（buccinator）,,D,D,standard,,False,112100_1301.pdf,112100_ANS1301.pdf
MOEX-112100-1301-Q014,112,第二次,112100,1301,14,解剖學,胸腔,胸腔,竇房結（sinoatrial node）最常出現在何處？,位於冠狀竇（coronary sinus）開口處附近,位於界嵴（crista terminalis）靠近上腔靜脈與右心房的交界處,位於房室間隔（atrioventricular septum）內,位於上腔靜脈與心房間隔（interatrial septum）的交界處,,B,B,standard,,False,112100_1301.pdf,112100_ANS1301.pdf
MOEX-112100-1301-Q015,112,第二次,112100,1301,15,解剖學,胸腔,胸腔,意外造成第四肋間、胸骨左緣穿刺傷，下列心臟的那個部位可能最先受損？,左心房,左心室,右心房,右心室,,D,D,standard,,False,112100_1301.pdf,112100_ANS1301.pdf
MOEX-112100-1301-Q016,112,第二次,112100,1301,16,解剖學,頭頸部,頭頸部,肺葉小舌（lingula of lung）位在肺部的那一個位置？,右肺上葉（superior lobe of right lung）,左肺上葉（superior lobe of left lung）,左肺下葉（inferior lobe of left lung）,右肺下葉（inferior lobe of right lung）,,B,B,standard,,False,112100_1301.pdf,112100_ANS1301.pdf
MOEX-112100-1301-Q017,112,第二次,112100,1301,17,解剖學,胸腔,胸腔,肋溝（costal groove）內的肋間血管、神經，由上到下之順序為：,肋間動脈、肋間靜脈、肋間神經,肋間神經、肋間靜脈、肋間動脈,肋間靜脈、肋間動脈、肋間神經,肋間神經、肋間動脈、肋間靜脈,,C,C,standard,,False,112100_1301.pdf,112100_ANS1301.pdf
MOEX-112100-1301-Q018,112,第二次,112100,1301,18,解剖學,胸腔,胸腔,下列何者穿過橫膈（diaphragm）的中央肌腱（central tendon）？,主動脈（aorta）,食道（esophagus）,迷走神經幹（vagal trunk）,下腔靜脈（inferior vena cava）,,D,D,standard,,False,112100_1301.pdf,112100_ANS1301.pdf
MOEX-112100-1301-Q019,112,第二次,112100,1301,19,解剖學,腹部,腹部,下列何者不是大腸（large intestine）的特徵？,腸脂垂（omental appendices）,結腸帶（teniae coli）,結腸袋（haustra）,大彎（greater curvature）,,D,D,standard,,False,112100_1301.pdf,112100_ANS1301.pdf
MOEX-112100-1301-Q020,112,第二次,112100,1301,20,解剖學,骨盆與會陰,腹部,直接型腹股溝疝氣（direct inguinal hernia）好發於下列何處？,腹股溝外側窩（lateral inguinal fossa）,腹股溝內側窩（medial inguinal fossa）,膀胱上窩（supravesical fossa）,鼠蹊韌帶（inguinal ligament）的下側,,B,B,standard,,False,112100_1301.pdf,112100_ANS1301.pdf
MOEX-112100-1301-Q021,112,第二次,112100,1301,21,解剖學,腹部,神經解剖,闌尾炎初期出現肚臍附近（periumbilical）疼痛感，此痛覺與下列何脊髓節段有關？,T6,T10,L1,L5,,B,B,standard,,False,112100_1301.pdf,112100_ANS1301.pdf
MOEX-112100-1301-Q022,112,第二次,112100,1301,22,解剖學,骨盆與會陰,骨盆與會陰,下列何構造延伸通過腹股溝管（inguinal canal）？,子宮圓韌帶（round ligament of uterus）,卵巢韌帶（ligament of ovary）,子宮薦骨韌帶（uterosacral ligament）,主韌帶（cardinal ligament）,,A,A,standard,,False,112100_1301.pdf,112100_ANS1301.pdf
MOEX-112100-1301-Q023,112,第二次,112100,1301,23,解剖學,骨盆與會陰,骨盆與會陰,關於陰莖（penis），下列敘述何者正確？,陰莖背動脈（dorsal artery of penis）走在陰莖背面，位於巴克氏筋膜（Buck's fascia）的淺層,陰莖海綿體（corpus cavernosum）血液的供應，主要來自陰莖背動脈（dorsal artery of penis）,陰莖深背靜脈（deep dorsal vein of penis）走在陰莖背面，位於巴克氏筋膜（Buck's fascia）的深層,陰莖沒有淋巴管的分布,,C,C,standard,,False,112100_1301.pdf,112100_ANS1301.pdf
MOEX-112100-1301-Q024,112,第二次,112100,1301,24,解剖學,骨盆與會陰,骨盆與會陰,下列何者不供應輸尿管（ureter）的血液？,下膀胱動脈（inferior vesical artery）,閉孔動脈（obturator artery）,子宮動脈（uterine artery）,髂內動脈（internal iliac artery）,,B,B,standard,,False,112100_1301.pdf,112100_ANS1301.pdf
MOEX-112100-1301-Q025,112,第二次,112100,1301,25,解剖學,骨盆與會陰,神經解剖,直腸一般內臟感覺（visceral afferent）的初級神經元（primary sensory neuron）位於何處？,L4～5 之背根神經節（dorsal root ganglia）,L1～3 之背根神經節（dorsal root ganglia）,S2～4 之背根神經節（dorsal root ganglia）,T10～12 之背根神經節（dorsal root ganglia）,,C,C,standard,,False,112100_1301.pdf,112100_ANS1301.pdf
MOEX-112100-1301-Q026,112,第二次,112100,1301,26,解剖學,上肢,上肢,三角肌粗隆（deltoid tuberosity）出現在下列何骨頭上？,胸骨（sternum）,鎖骨（clavicle）,肱骨（humerus）,肩胛骨（scapula）,,C,C,standard,,False,112100_1301.pdf,112100_ANS1301.pdf
MOEX-112100-1301-Q027,112,第二次,112100,1301,27,解剖學,上肢,上肢,下列何者在屈肌支持帶（flexor retinaculum）的淺層？,尺動脈（ulnar artery）,正中神經（median nerve）,屈拇長肌（flexor pollicis longus）,屈指淺肌（flexor digitorum superficialis）,,A,A,standard,,False,112100_1301.pdf,112100_ANS1301.pdf
MOEX-112100-1301-Q028,112,第二次,112100,1301,28,解剖學,下肢,下肢,下列有關膝關節前十字韌帶（anterior cruciate ligament）位置的敘述，何者正確？,位於關節囊（articular capsule）及滑液囊（synovial sac）內,位於關節囊（articular capsule）內，但是在滑液囊（synovial sac）外,位於關節囊（articular capsule）外，但包在滑液囊（synovial sac）內,位於關節囊（articular capsule）及滑液囊（synovial sac）外,,B,B,standard,,False,112100_1301.pdf,112100_ANS1301.pdf
MOEX-112100-1301-Q029,112,第二次,112100,1301,29,解剖學,神經解剖,神經解剖,膝跳反射（knee jerk reflex）主要檢測下列那個脊髓節段的功能？,T9～T12,T11～L1,L2～L4,L5～S2,,C,C,standard,,False,112100_1301.pdf,112100_ANS1301.pdf
MOEX-112100-1301-Q030,112,第二次,112100,1301,30,解剖學,下肢,下肢,下列何者的肌腱會從外側橫跨足底，附著於足底內側的第一蹠骨（first metatarsal）與楔狀骨（cuneiform）？,腓骨短肌（fibularis brevis）,腓骨長肌（fibularis longus）,屈長肌（flexor hallucis longus）,屈趾長肌（flexor digitorum longus）,,B,B,standard,,False,112100_1301.pdf,112100_ANS1301.pdf
MOEX-112100-1301-Q031,112,第二次,112100,1301,31,解剖學,上肢,上肢,撞擊導致手肘部位的旋前圓肌（pronator teres）中央撕裂傷，下列何者最可能直接受到傷害？,橈神經（radial nerve）,尺神經（ulnar nerve）,正中神經（median nerve）,正中神經（median nerve）與尺神經（ulnar nerve）均受影響,,C,C,standard,,False,112100_1301.pdf,112100_ANS1301.pdf
MOEX-112100-1301-Q032,112,第二次,112100,1301,32,胚胎及發育生物學,胚胎及發育生物學,,下列何者在胚胎發育第三週結束時，尚未出現？,原條（primitive streak）,脊索（notochord）,中胚層（mesoderm）,咽弓（pharyngeal arch）,,D,D,standard,,False,112100_1301.pdf,112100_ANS1301.pdf
MOEX-112100-1301-Q033,112,第二次,112100,1301,33,解剖學,頭頸部,頭頸部,下列有關甲狀腺（thyroid gland）發育之敘述，何項錯誤？,主要為咽原基（primordial pharynx）內胚層增厚所形成,甲狀腺憩室（diverticulum）會脫離咽原基（primordial pharynx）在頸部腹側向下方移動,甲狀腺憩室（diverticulum）脫離咽原基（primordial pharynx）之處，即為門齒窩（incisive fossa）,甲狀腺內有來自第四咽囊（pharyngeal pouch）之細胞,,C,C,standard,,False,112100_1301.pdf,112100_ANS1301.pdf
MOEX-112100-1301-Q034,112,第二次,112100,1301,34,解剖學,骨盆與會陰,骨盆與會陰,下列何者是由中腎管（mesonephric duct）末端所形成？,前列腺（prostate gland）,前列腺囊（prostatic utricle）,精囊（seminal vesicle）,尿道球腺（bulbourethral gland）,,C,C,standard,,False,112100_1301.pdf,112100_ANS1301.pdf
MOEX-112100-1301-Q035,112,第二次,112100,1301,35,胚胎及發育生物學,胚胎及發育生物學,,胚胎第四週時，下列那一條血管不注入胎兒心臟？,卵黃囊靜脈（vitelline vein）,臍靜脈（umbilical vein）,總主靜脈（common cardinal vein）,子宮內膜靜脈（endometrial vein）,,D,D,standard,,False,112100_1301.pdf,112100_ANS1301.pdf
MOEX-112100-1301-Q036,112,第二次,112100,1301,36,解剖學,胸腔,胸腔,下列那一構造，因出生以前的提早閉合而造成長楔形之舟形頭（scaphocephaly）？,前囟（anterior fontanelle）,後囟（posterior fontanelle）,冠狀縫（coronal suture）,矢狀縫（sagittal suture）,,D,D,standard,,False,112100_1301.pdf,112100_ANS1301.pdf
MOEX-112100-1301-Q037,112,第二次,112100,1301,37,組織學,組織學,,泌尿上皮（urothelium）在組織學的上皮分類主要是屬於：,單層上皮（simple epithelium）,偽複層上皮（pseudostratified epithelium）,移形上皮（transitional epithelium）,類上皮組織（epithelioid tissue）,,C,C,standard,,False,112100_1301.pdf,112100_ANS1301.pdf
MOEX-112100-1301-Q038,112,第二次,112100,1301,38,組織學,組織學,,微小管（microtubules）的平均直徑（diameter）大約為：,2～2.5 nm,20～25 nm,200～250 nm,2000～2500 nm,,B,B,standard,,False,112100_1301.pdf,112100_ANS1301.pdf
MOEX-112100-1301-Q039,112,第二次,112100,1301,39,組織學,組織學,,下列關於軟骨（cartilage）的敘述，何者正確？,胎兒的骨骼組織一開始是由纖維軟骨（fibrocartilage）構成，再轉變為硬骨（bone）,滑液關節（synovial joint）的軟骨面是由彈性軟骨（elastic cartilage）構成,椎間盤（intervertebral disc）是由透明軟骨（hyaline cartilage）構成,會厭軟骨（epiglottis）是由彈性軟骨（elastic cartilage）構成,,D,D,standard,,False,112100_1301.pdf,112100_ANS1301.pdf
MOEX-112100-1301-Q040,112,第二次,112100,1301,40,組織學,組織學,,下列有關中樞神經膠細胞（neuroglial cell）的敘述，何者錯誤？,寡突膠細胞（oligodendrocyte）主要與中樞神經系統之髓鞘（myelin sheath）的形成與維持有關,原漿性星狀膠細胞（protoplasmic astrocyte）主要位於中樞神經系統的白質（white matter）,微小膠細胞（microglia）是小型的細胞，主要是中樞神經系統的吞噬細胞,纖維性星狀膠細胞（fibrous astrocyte）與原漿性星狀膠細胞（protoplasmic astrocyte）比較，前者具有較少且較 直的胞質突起（processes）,,B,B,standard,,False,112100_1301.pdf,112100_ANS1301.pdf
MOEX-112100-1301-Q041,112,第二次,112100,1301,41,組織學,組織學,,下列有關細支氣管（bronchiole）構造的敘述，何者正確？,"整個細支氣管的管壁上皮均為具纖毛的偽複層柱狀上皮（ciliated, pseudostratified columnar epithelium）",其管壁具有平滑肌（smooth muscle）,其上皮下方具有腺體和軟骨板（cartilage plate）,其管壁不具有彈性纖維（elastic fibers）,,B,B,standard,,False,112100_1301.pdf,112100_ANS1301.pdf
MOEX-112100-1301-Q042,112,第二次,112100,1301,42,組織學,組織學,,下列何者存在於胰臟（pancreas），而不存在於耳下腺（parotid gland）？,酵素原細胞（zymogenic cells）,泡心細胞（centroacinar cells）,小葉間管（interlobular duct）,閏管（intercalated duct）,,B,B,standard,,False,112100_1301.pdf,112100_ANS1301.pdf
MOEX-112100-1301-Q043,112,第二次,112100,1301,43,組織學,組織學,,下列有關唾液腺（salivary gland）的敘述，何者錯誤？,耳下腺（parotid gland）主要由漿液腺（serous gland）所組成,閏管（intercalated duct）構造在舌下腺（sublingual gland）中最為發達,下頜下腺（submandibular gland）由漿液腺（serous gland）與黏液腺（mucous gland）混合組成,線紋管（striated duct）細胞的底部具有長條形的粒線體和底部胞膜皺褶（infoldings of the basal plasma membrane）,,B,B,standard,,False,112100_1301.pdf,112100_ANS1301.pdf
MOEX-112100-1301-Q044,112,第二次,112100,1301,44,組織學,組織學,,在腎臟中，下列何者的上皮主要不是由單層立方上皮（simple cuboidal epithelium）所組成？,乳頭管（papillary duct）,近曲小管（proximal convoluted tubule）,集尿小管（collecting tubule）,遠曲小管（distal convoluted tubule）,,A,A,standard,,False,112100_1301.pdf,112100_ANS1301.pdf
MOEX-112100-1301-Q045,112,第二次,112100,1301,45,解剖學,骨盆與會陰,骨盆與會陰,關於蔓狀叢（pampiniform plexus）的敘述，下列何者正確？,僅具有環走的平滑肌層,肌肉層僅出現於中膜層（tunica media）,位於睪丸（testis）中,有較厚的肌肉壁，屬於非典型的靜脈（atypical vein）,,D,D,standard,,False,112100_1301.pdf,112100_ANS1301.pdf
MOEX-112100-1301-Q046,112,第二次,112100,1301,46,組織學,組織學,,下列關於胎盤（placenta）的三級絨毛（tertiary chorionic villi）之敘述，何者正確？,可藉由合胞體結（syncytial knots）的數目，來評估絨毛（chorionic villi）的成熟度,懷孕晚期，絨毛最外層為完整且顯著的細胞滋養層（cytotrophoblast）,不具有血管及合胞滋養層（syncytiotrophoblast）,其結締組織中只含有間葉細胞（mesenchymal cells）與纖維母細胞（fibroblasts）,,A,A,standard,,False,112100_1301.pdf,112100_ANS1301.pdf
MOEX-112100-1301-Q047,112,第二次,112100,1301,47,生物化學,生物化學,,下列何種物質最無法經由簡單擴散作用，而必須借助蛋白質才能進出細胞？,二氧化碳,甘油,醋酸,葡萄糖,,D,D,standard,,False,112100_1301.pdf,112100_ANS1301.pdf
MOEX-112100-1301-Q048,112,第二次,112100,1301,48,解剖學,腹部,神經解剖,有關視網膜的敘述，下列何者最不適當？,錐細胞（cone）和桿細胞（rod）皆位於視網膜內，最遠離玻璃體的外層位置,錐細胞（cone）因數量遠較桿細胞（rod）多，因此錐細胞對空間解像力（或視覺敏銳度）的貢獻較桿細胞多,亮適應主要涉及 rhodopsin 之分解而非形成，所以較暗適應需時較短,錐細胞（cone）被激起反應所需的光子量較桿細胞（rod）為多，因此在黑暗中去尋找光度極低的目標時，不 宜聚焦凝視,,B,B,standard,,False,112100_1301.pdf,112100_ANS1301.pdf
MOEX-112100-1301-Q049,112,第二次,112100,1301,49,解剖學,神經解剖,神經解剖,已知 corticospinal tract、corticobulbar tract、rubrospinal tract 下行的刺激訊息多匯集於四肢的縮肌（flexor muscle） 群，使之收縮；而 pontine reticulospinal tract 主要的下行刺激訊息最終傾向引起四肢伸肌（extensor muscle）群的 收縮。若 uncal herniation-induced supratentorial lesion 發生在中腦四疊體（superior and inferior colliculi）之中線 間，則肢體的狀態最可能是下列何者？,上下肢皆伸直僵硬,上肢蜷起向內靠近胸部，下肢伸直僵硬,下肢蜷起向內，上肢伸直僵硬向外,頸部僵硬，上下肢完全失去張力,,A,A,standard,,False,112100_1301.pdf,112100_ANS1301.pdf
MOEX-112100-1301-Q050,112,第二次,112100,1301,50,生理學,生理學,,具特化功能的交感神經系統的演化價值在於協助人類處理緊急危難，下列何項生理反應最不可能出現在極大 的生命威脅事件中？,血壓升高,瞳孔縮小,血糖升高,氣管平滑肌放鬆,,B,B,standard,,False,112100_1301.pdf,112100_ANS1301.pdf
MOEX-112100-1301-Q051,112,第二次,112100,1301,51,解剖學,神經解剖,神經解剖,兔子僅以左眼多次學習 light flickering 和 shock 前後依序出現的制約，並以瞬膜在 light flickering 出現後隨即迅 速關閉來表現該制約的學習記憶成果。學習結束後發現左右眼瞬膜皆能因應 light flickering 出現而關閉。即使 在制約前先切除兔子的 optic chiasm，左右眼仍能表現出這個記憶。但若在制約訓練前將聯絡左右腦的 corpus callosum 完全切斷，右眼不能表現出該制約記憶，僅左眼能。這個現象最適合說明下列何項？,該制約的學習有偏重大腦皮質某一邊的功能側化現象（lateralization）,該制約記憶僅能存於左腦皮質,該制約記憶提取必須經由右腦皮質,該制約記憶可存放於左腦及右腦皮質,,D,D,standard,,False,112100_1301.pdf,112100_ANS1301.pdf
MOEX-112100-1301-Q052,112,第二次,112100,1301,52,生理學,生理學,,下列何種離子通道的開啟，最可能會造成抑制性突觸後電位（inhibitory postsynaptic potential）？,AMPA 受體（AMPA receptor）,NMDA 受體（NMDA receptor）,甘胺酸受體（glycine receptor）,尼古丁受體（nicotinic receptor）,,C,C,standard,,False,112100_1301.pdf,112100_ANS1301.pdf
MOEX-112100-1301-Q053,112,第二次,112100,1301,53,解剖學,神經解剖,神經解剖,下列有關血清素（serotonin）的敘述，何者正確？,人體血清素含量最多的部位的是大腦，其次是消化系統與血液,人體血清素受體主要是離子通道型受體,血清素神經元（serotonergic neurons）在睡覺時要比清醒時的活性來得高,選擇性血清素再攝取抑制劑（selective serotonin reuptake inhibitors）臨床上可用來治療憂鬱症（depression）,,D,D,standard,,False,112100_1301.pdf,112100_ANS1301.pdf
MOEX-112100-1301-Q054,112,第二次,112100,1301,54,組織學,組織學,,傳遞 fast pain 的神經有下列何種特性？,傳入纖維為具有髓鞘的 C 纖維,傳入神經纖維活化後，釋出的傳導物質通常為 serotonin,傳入纖維為具有髓鞘的 A-delta 纖維,因傳導速度快，通常較 slow pain 不能精確定位疼痛點,,C,C,standard,,False,112100_1301.pdf,112100_ANS1301.pdf
MOEX-112100-1301-Q055,112,第二次,112100,1301,55,組織學,組織學,,下列有關興奮收縮偶合（excitation-contraction coupling）的敘述，何者錯誤？,"心肌、平滑肌與骨骼肌都需要動作電位傳入橫小管（transverse tubule, T-tubule），並活化電壓依賴性鈣離子通 道","橫小管（transverse tubule, T-tubule）膜上的電壓依賴性鈣離子通道，也稱為二氫吡啶受器（dihydropyridine receptor）","骨骼肌橫小管（transverse tubule, T-tubule）膜上的鈣離子通道的活化，改變肌漿網膜的鈣離子通道之構型，而 釋出鈣離子","心肌橫小管（transverse tubule, T-tubule）膜上的鈣離子通道的活化，讓鈣離子流入，而促成肌漿網膜鈣離子通 道釋出鈣離子",,A,A,standard,,False,112100_1301.pdf,112100_ANS1301.pdf
MOEX-112100-1301-Q056,112,第二次,112100,1301,56,組織學,組織學,,下列何者與二氧化碳（CO ）在血液運送的機制最無關？ 2,CO 溶解於血漿（plasma）中 2,CO 經碳酸酐酶（carbonic anhydrase）轉化成 H CO 2 2 3,"紅血球醣解作用產物 2,3-biphosphoglycerate（2,3-BPG）減少，可增加 CO 與 Fe2+結合 2",紅血球之血紅素（hemoglobin）可結合 CO 2,,C,C,standard,,False,112100_1301.pdf,112100_ANS1301.pdf
MOEX-112100-1301-Q057,112,第二次,112100,1301,57,生理學,生理學,,下列有關心臟調控之敘述，何者錯誤？,SA node 同時接受交感神經與副交感神經之調控,AV node 同時接受交感神經與副交感神經之調控,強力刺激迷走神經，可減慢心跳速率，並且降低心肌的收縮能力,SA node 的膜電位是由鈣離子與鉀離子調控，與鈉離子無關,,D,D,standard,,False,112100_1301.pdf,112100_ANS1301.pdf
MOEX-112100-1301-Q058,112,第二次,112100,1301,58,解剖學,胸腔,胸腔,下列那一個現象不會發生在正常的心臟收縮期中？,心電圖出現 T 波,聽見第二心音,主動脈壓力達到最高,肺動脈壓力達到最高,,B,B,standard,,True,112100_1301.pdf,112100_ANS1301.pdf
MOEX-112100-1301-Q059,112,第二次,112100,1301,59,解剖學,胸腔,胸腔,有關心輸出量（cardiac output）的敘述，下列何者正確？,一個健康成人執行費力長時間運動時，他的心輸出量會顯著增加,一個健康成人執行費力長時間運動時，他的整體周邊血管阻力（total peripheral resistance）會顯著增加,一個健康成人執行費力長時間運動時，他的組織耗氧量會增加數倍，原因是心搏量（stroke volume）也以倍 數增加,一個健康成人在步入中老年以後，心輸出量通常隨著年齡增加而緩慢增加,,A,A,standard,,False,112100_1301.pdf,112100_ANS1301.pdf
MOEX-112100-1301-Q060,112,第二次,112100,1301,60,組織學,組織學,,微血管之淨過濾壓（net filtration pressure）是決定微血管內液體流出微血管或是流入微血管的重要因素。某段 微血管之微血管流體靜壓為 15 毫米汞柱，組織間液流體靜壓為 0 毫米汞柱，血漿蛋白質造成之滲透壓為 28 毫 米汞柱，組織間液蛋白質造成之滲透壓為 3 毫米汞柱。此段微血管其淨過濾壓值，與該淨過濾壓值導致的微 血管液體流向傾向分別為何？,-16 毫米汞柱，液體流向傾向流入微血管,-10 毫米汞柱，液體流向傾向流入微血管,40 毫米汞柱，液體流向傾向流出微血管,46 毫米汞柱，液體流向傾向流出微血管,,B,B,standard,,False,112100_1301.pdf,112100_ANS1301.pdf
MOEX-112100-1301-Q061,112,第二次,112100,1301,61,生理學,生理學,,有關健康者平靜呼吸（quiet breathing）時的作功量（work），下列敘述何者正確？,僅吸氣階段需要作功,僅呼氣階段需要作功,吸氣階段與呼氣階段的作功量相同,吸氣階段與呼氣階段均不需要作功,,A,A,standard,,False,112100_1301.pdf,112100_ANS1301.pdf
MOEX-112100-1301-Q062,112,第二次,112100,1301,62,組織學,組織學,,三種血液樣本分別置於甲、乙、丙丙三三支支試試管管內內，甲試管：血紅素（hemoglobin）濃濃度度與與成成分分皆皆正正常常、乙試管： 血紅素濃度為正常值的 50%、丙丙試試管管：血紅素總濃度正常，但是其中 50%為為一一氧氧化化碳碳血血紅紅素素 （carboxyhemoglobin），三三管管血血液液其其餘餘條條件件皆皆相相同同。若將氧分壓（ ）均為 4400 mmmmHHgg 之相同氣體分別灌入三 支試管，達成反應平衡後，下下列列敘敘述述何何者者正正確確？,甲試管血液中的氧分壓最高,"乙試管血液中的血氧飽和度百分比（（oxygen saturation percentage, ）為為甲甲試試管管的的 50%",丙丙試試管管血血液液中中的的血血氧氧飽飽和和度度百百分分比比最最高高,三支試管血液中的氧氣總含量（ttoottaall ooxxyyggeenn ccoonntteenntt）皆相同,,C,C,standard,,False,112100_1301.pdf,112100_ANS1301.pdf
MOEX-112100-1301-Q063,112,第二次,112100,1301,63,組織學,組織學,,關於神經影響唾液分泌的敘述，下下列列何何者者最最適適當當？,在交感神經的作用下，唾唾液液的的分分泌泌量量會會較較副副交交感感神神經經作作用用下下為為多多,在副交感神經的作用下，唾唾液液會會較較交交感感神神經經作作用用下下為為黏黏稠稠,接受自主神經影響後，唾唾腺腺細細胞胞內內參參與與的的訊訊息息因因子子有有鈣鈣離離子子,唾腺細胞上的接受器，主主要要為為甲甲型型腎腎上上腺腺素素（alpha-adrenergic）受體與尼古丁（nniiccoottiinniicc）型受體,,C,C,standard,,False,112100_1301.pdf,112100_ANS1301.pdf
MOEX-112100-1301-Q064,112,第二次,112100,1301,64,生理學,生理學,,在一般正常生理狀態下，有有關關胃胃酸酸分分泌泌與與調調控控的的敘敘述述，下列何者正確？,"受胃泌素釋放胜肽（ggaassttrriinn rreelleeaassiinngg ppeeppttiiddee,, GGRRPP）直接刺激細胞生成胃酸",經氫氯離子共同轉運蛋白（H+-Cl- ccoottrraannssppoorrtteerr）作用後，釋放胃酸,受黏液素（mucin）直接抑制 Gs 蛋蛋白白，因而打開氯離子通道（Cl- channel），抑抑制制細細胞胞生生成成胃胃酸酸,需有碳酸酐酵素（ccaarrbboonniicc aannhhyyddrraassee）的參與，才能生成胃酸,,D,D,standard,,False,112100_1301.pdf,112100_ANS1301.pdf
MOEX-112100-1301-Q065,112,第二次,112100,1301,65,生理學,生理學,,病人的血漿中[Na+]: 135 meq/L；[K+]]:: 33..55 mmeeqq//LL；[Cl-]: 114 meq/L；GGlluuccoossee:: 118800 mmgg//ddLL；Blood urea nitrogen （BUN）: 56 mg/dL；CCrreeaattiinniinnee:: 11..55 mmgg//ddLL，依此數據計算該病人的血漿滲透壓 oossmmoollaalliittyy（mOsm/kg H O）為 2 何？,300,310,320,330,,A,A,standard,,False,112100_1301.pdf,112100_ANS1301.pdf
MOEX-112100-1301-Q066,112,第二次,112100,1301,66,組織學,組織學,,"貝氏症候群（Bartter syndrome）致致病病機機轉轉主主要要因因亨亨利利氏氏上上升升厚厚小小管管（tthhiicckk aasscceennddiinngg lliimmbb,, HHeennllee''ss lloooopp）之載體 （transporters）或通道（channels）發發生生問問題題所所致致。這這些些載載體體或或通通道道最最不不可可能能包包括括下下列列何何者者？",Na+-Cl- cotransporter,Na+-K+-2Cl- contrasporter（NKCC2）,ClC-Kb Cl- channels,ROMK K+ channels,,A,A,standard,,False,112100_1301.pdf,112100_ANS1301.pdf
MOEX-112100-1301-Q067,112,第二次,112100,1301,67,生理學,生理學,,有關催產素（oxytocin）作用的敘述，下列何者錯誤？,催產素是造成排乳（milk ejection）作用的主要荷爾蒙,在產後，催產素分泌作用可由嬰兒吸吮乳房所誘發,催產素促進子宮平滑肌收縮的作用，會被黃體素（progesterone）的作用所刺激,在分娩期間，催產素分泌調控屬於正向回饋調控機轉,,C,C,standard,,False,112100_1301.pdf,112100_ANS1301.pdf
MOEX-112100-1301-Q068,112,第二次,112100,1301,68,生理學,生理學,,有關生長激素（growth hormone）的作用，下列敘述何者錯誤？,二聚合作用（dimerization）是活化其受體必要步驟,生長激素分泌過多，會增加身體蛋白質的合成作用,使用體抑素（somatostatin）可以用來治療肢端肥大症（acromegaly）,長期生長激素分泌不足，會造成血糖升高,,D,D,standard,,False,112100_1301.pdf,112100_ANS1301.pdf
MOEX-112100-1301-Q069,112,第二次,112100,1301,69,解剖學,腹部,腹部,有關鈉依賴葡萄糖共同轉運蛋白（SGLT）的敘述，下列何者最適當？,SGLT 運送葡萄糖進入細胞通常是經由促進性擴散（facilitated diffusion）作用,SGLT 主要分布在肝臟及脂肪組織,胰島素通常不直接調控 SGLT 運送葡萄糖之作用,給與第二型 SGLT 抑制劑通常會導致血糖升高,,C,C,standard,,False,112100_1301.pdf,112100_ANS1301.pdf
MOEX-112100-1301-Q070,112,第二次,112100,1301,70,胚胎及發育生物學,胚胎及發育生物學,,下列何者與酪胺酸衍生物類荷爾蒙（tyrosine-derived hormones）的生理調控作用，關聯性最小？,壓力反應,生理時鐘,新陳代謝,生長發育,,B,B,standard,,False,112100_1301.pdf,112100_ANS1301.pdf
MOEX-112100-1301-Q071,112,第二次,112100,1301,71,解剖學,腹部,神經解剖,醛固酮（aldosterone）主要是從腎上腺的何處分泌？,絲球帶（zona glomerulosa）,囊狀帶（zona fasciculata）,網狀帶（zona reticularis）,髓質（medulla）,,A,A,standard,,False,112100_1301.pdf,112100_ANS1301.pdf
MOEX-112100-1301-Q072,112,第二次,112100,1301,72,組織學,組織學,,卵巢顆粒細胞（granulosa cells）的類固醇生成（steroidogenesis）活性低落，最可能引發下列何種情況？,增進子宮內膜層增生,骨吸收（bone resorption）增加,血液中濾泡促素（FSH）含量降低,血液中黃體生成素（LH）含量降低,,B,B,standard,,False,112100_1301.pdf,112100_ANS1301.pdf
MOEX-112100-1301-Q073,112,第二次,112100,1301,73,胚胎及發育生物學,胚胎及發育生物學,,下列何者與胚胎性別分化（sex differentiation）最相關 ？,Müllerian-inhibiting substance（MIS）,follicle-stimulating hormone（FSH）,androgen-binding protein,inhibin,,A,A,standard,,False,112100_1301.pdf,112100_ANS1301.pdf
MOEX-112100-1301-Q074,112,第二次,112100,1301,74,解剖學,胸腔,胸腔,母體血液中的氧可以輸送給胎兒，是因為胎兒的血紅蛋白（hemoglobin）對氧氣的結合力比母體強，造成此差 異之原因為何？,胎兒心跳速率高於母體,胎兒和母體使用不同的血紅蛋白,胎兒體內含氧量與母體不同,胎兒體內產生較多的血紅蛋白,,B,B,standard,,False,112100_1301.pdf,112100_ANS1301.pdf
MOEX-112100-1301-Q075,112,第二次,112100,1301,75,生理學,生理學,,在非競爭性抑制劑（uncompetitive inhibitor）的存在下，下列何項是可預期的 Michaelis-Menten 酵素動力學變 化？,V 下降，K 下降 max M,V 不變，K 下降 max M,V 下降，K 上升 max M,V 不變，K 上升 max M,,A,A,standard,,False,112100_1301.pdf,112100_ANS1301.pdf
MOEX-112100-1301-Q076,112,第二次,112100,1301,76,生理學,生理學,,酵素動力學中的穩態（steady state）指的是下列何者？,反應活化能為零的狀態,酵素催化反應的分子機制,酵素和受質結合的複合體形成和分解的速率一樣,酵素反應的最大速率,,C,C,standard,,False,112100_1301.pdf,112100_ANS1301.pdf
MOEX-112100-1301-Q077,112,第二次,112100,1301,77,生物化學,生物化學,,下列有關輔因子參與酶催化之含碳原子團轉移反應的敘述，何者錯誤？,"Tetrahydrofolate 可參與不同氧化態的一個碳轉移，如 CH3-、CH2OH-、CHO-",S-adenosylmethionine（adoMet）由 ATP 和 methionine 合成，參與甲基（methyl group）轉移,Biotin 與 cysteine 結合，參與 pyruvate carboxylase 催化 pyruvate 的 carboxylation，形成 oxaloacetate,Thiamine pyrophosphate（TPP）參與 pyruvate dehydrogenase 反應，促使 pyruvate 形成 acetyl-CoA,,C,C,standard,,False,112100_1301.pdf,112100_ANS1301.pdf
MOEX-112100-1301-Q078,112,第二次,112100,1301,78,解剖學,腹部,腹部,在肌肉、肝臟與腎臟之間胺基（amino group）的運送，主要藉由下列那一組胺基酸作為胺基的攜帶者 （carriers）？,phenylalanine、aspartate,serine、valine,glutamine、alanine,glutamate、glutamine,,C,C,standard,,False,112100_1301.pdf,112100_ANS1301.pdf
MOEX-112100-1301-Q079,112,第二次,112100,1301,79,醫學一其他科目,醫學一其他科目,,抗生素 azaserine 可抑制嘌呤的形成，其主要作用機制為下列何者？,抑制 N10-formyl tetrahydrofolate 合成,抑制 5-phospho-α-D-ribosyl-pyrophosphate（PRPP）合成,抑制 ribose 5-phosphate 合成以降低核苷酸形成,抑制 glutamine 作為嘌呤核苷酸合成原料,,D,D,standard,,False,112100_1301.pdf,112100_ANS1301.pdf
MOEX-112100-1301-Q080,112,第二次,112100,1301,80,生物化學,生物化學,,大腸桿菌的 DNA 聚合酶 I 沒有下列何種酵素活性？,5'→3' DNA 聚合活性,3'→5' DNA 聚合活性,5'→3' DNA 核酸水解活性,3'→5' DNA 核酸水解活性,,B,B,standard,,False,112100_1301.pdf,112100_ANS1301.pdf
MOEX-112100-1301-Q081,112,第二次,112100,1301,81,生物化學,生物化學,,聚合酶連鎖反應（polymerase chain reaction）可用來偵測微量的 DNA，反應中通常不需要加：,DNA 聚合酶（DNA polymerase）,ATP,脫氧核糖核苷三磷酸（dNTPs）,鎂離子（Mg2+）,,B,B,standard,,False,112100_1301.pdf,112100_ANS1301.pdf
MOEX-112100-1301-Q082,112,第二次,112100,1301,82,解剖學,骨盆與會陰,腹部,"遺傳性非息肉症大腸直腸癌（hereditary nonpolyposis colon cancer, HNPCC）病患，主要是在何種 DNA 修復功能 上產生缺失？",核苷酸切除修復（nucleotide excision repair）,鹼基切除修復（base excision repair）,重組修復（recombinational repair）,核酸錯誤配對修復（mismatch repair）,,D,D,standard,,False,112100_1301.pdf,112100_ANS1301.pdf
MOEX-112100-1301-Q083,112,第二次,112100,1301,83,生物化學,生物化學,,核糖體辨識 mRNA 之起始密碼子（initiation codon）AUG，啟動蛋白質合成，使用之起始胺基酸為何者？,在真核和細菌中均為 methionine,在真核和細菌中均為 N-formylmethionine,在真核細胞中為 methionine；而細菌中為 N-formylmethionine,在真核細胞中為 N-formylmethionine；而細菌中為 methionine,,C,C,standard,,False,112100_1301.pdf,112100_ANS1301.pdf
MOEX-112100-1301-Q084,112,第二次,112100,1301,84,生物化學,生物化學,,下列關於組織蛋白（histones）之特性何者正確？,富含酸性胺基酸並與 DNA 結合,富含酸性胺基酸並與 RNA 結合,富含鹼性胺基酸並與 DNA 結合,富含鹼性胺基酸並與 RNA 結合,,C,C,standard,,False,112100_1301.pdf,112100_ANS1301.pdf
MOEX-112100-1301-Q085,112,第二次,112100,1301,85,組織學,組織學,,下列何者為真核細胞 mRNA 5' capping 的方式？,7-methylguanosine 以 5'-to-3' diphosphate linkage 方式結合至 mRNA,7-methylguanosine 以 5'-to-5' triphosphate linkage 方式結合至 mRNA,N 6-methyladenosine 以 5'-to-5' triphosphate linkage 方式結合至 mRNA,O 6-methylguanosine 以 5'-to-3' diphosphate linkage 方式結合至 mRNA,,B,B,standard,,False,112100_1301.pdf,112100_ANS1301.pdf
MOEX-112100-1301-Q086,112,第二次,112100,1301,86,生物化學,生物化學,,下列何者是 trp operon 調降作用（attenuation）的最佳敘述？,當色胺酸（tryptophan）存在時，可增進 trp operon 的轉錄表現,可調節此 operon 的轉錄表現，以因應細胞中微量色胺酸（tryptophan）的改變,可直接抑制 trp mRNA 轉譯作用的機制,作用在 trp operon 內每一個基因個別的啟動子（promoter）上,,B,B,standard,,False,112100_1301.pdf,112100_ANS1301.pdf
MOEX-112100-1301-Q087,112,第二次,112100,1301,87,生物化學,生物化學,,下列那一個酵素，位於粒線體內膜上，並同時參與克氏循環（Krebs cycle 或稱 TCA cycle）與電子傳遞鏈反應？,Succinate dehydrogenase,Succinyl-CoA synthetase,Malate dehydrogenase,Isocitrate dehydrogenase,,A,A,standard,,False,112100_1301.pdf,112100_ANS1301.pdf
MOEX-112100-1301-Q088,112,第二次,112100,1301,88,生物化學,生物化學,,下列關於葡萄糖新生（gluconeogenesis）的敘述，何者正確？,葡萄糖新生全部的反應都發生在細胞質,葡萄糖新生將 pyruvate 轉化成葡萄糖需要消耗 ATP 及 GTP,葡萄糖新生過程中所參與的酵素與糖解作用（glycolysis）完全相同，只是反應方向相反,Phosphoenolpyruvate carboxykinase（PEPCK）的功能是將 phosphoenolpyruvate 轉化成 oxaloacetate,,B,B,standard,,False,112100_1301.pdf,112100_ANS1301.pdf
MOEX-112100-1301-Q089,112,第二次,112100,1301,89,生物化學,生物化學,,下列那種酵素的活性並非調節糖解作用（glycolysis）速率的主要調控者？,己糖激酶（hexokinase）,磷酸果糖激酶（phosphofructokinase）,烯醇化酶（enolase）,丙酮酸激酶（pyruvate kinase）,,C,C,standard,,False,112100_1301.pdf,112100_ANS1301.pdf
MOEX-112100-1301-Q090,112,第二次,112100,1301,90,生理學,生理學,,Acetyl-CoA carboxylase 為脂肪酸生合成的第一個酵素，其活性最不受下列何者調控？,胰島素（insulin）,輔酶 A（coenzyme A）,檸檬酸（citrate）,AMP-activated protein kinase（AMPK）,,B,B,standard,,False,112100_1301.pdf,112100_ANS1301.pdf
MOEX-112100-1301-Q091,112,第二次,112100,1301,91,生物化學,生物化學,,參與凝血作用的維生素 K 是下列何者的衍生物？,7-dehydrocholesterol,arachidonate,isoprenoid,pregnenolone,,C,C,standard,,False,112100_1301.pdf,112100_ANS1301.pdf
MOEX-112100-1301-Q092,112,第二次,112100,1301,92,組織學,組織學,,下列有關膜周邊蛋白（peripheral membrane proteins）的描述，何者錯誤？,調整溶液的 pH 值與離子強度可以將它和細胞膜分離,具有穿透膜結構,可以利用離子鍵和其他細胞膜蛋白穩定結合,可以利用氫鍵和其他細胞膜蛋白穩定結合,,B,B,standard,,False,112100_1301.pdf,112100_ANS1301.pdf
MOEX-112100-1301-Q093,112,第二次,112100,1301,93,生物化學,生物化學,,下列有關色胺酸（tryptophan）之敘述，何者錯誤？,為人體必需胺基酸,色胺酸羥化酶（tryptophan hydroxylase）受抑制易導致憂鬱症,為合成血清素（serotonin）的前驅物,可代謝形成多巴胺（dopamine）,,D,D,standard,,False,112100_1301.pdf,112100_ANS1301.pdf
MOEX-112100-1301-Q094,112,第二次,112100,1301,94,生物化學,生物化學,,有關天門冬醯胺（asparagine）的敘述，下列何者錯誤？,為非必需胺基酸（nonessential amino acid）,可代謝成為天門冬胺酸（aspartate）,屬於生酮性胺基酸（ketogenic amino acid）,天門冬醯胺酶（asparaginase）能分解血液中的 asparagine,,C,C,standard,,False,112100_1301.pdf,112100_ANS1301.pdf
MOEX-112100-1301-Q095,112,第二次,112100,1301,95,組織學,組織學,,下列粒線體電子傳遞鏈中的那個酵素複合體（complex）可以將氧氣還原成水？,complex I,complex II,complex III,complex IV,,D,D,standard,,False,112100_1301.pdf,112100_ANS1301.pdf
MOEX-112100-1301-Q096,112,第二次,112100,1301,96,組織學,組織學,,真核生物的細胞週期中，cyclin-dependent protein kinase（CDK）的催化活性不受下列何種蛋白直接調控？,cyclin,kinase,phosphatase,ubiquitin,,D,D,standard,,False,112100_1301.pdf,112100_ANS1301.pdf
MOEX-112100-1301-Q097,112,第二次,112100,1301,97,生物化學,生物化學,,下列何種訊息分子通常不會直接結合於 G protein-coupled receptor（GPCR）來進行訊息傳遞？,angiotensin,prostaglandin,epinephrine,insulin,,D,D,standard,,False,112100_1301.pdf,112100_ANS1301.pdf
MOEX-112100-1301-Q098,112,第二次,112100,1301,98,組織學,組織學,,"GTP 酶活化蛋白（GTPase activator proteins, GAPs）最可能直接結合下列何者而調節訊息傳遞？",環鳥苷單磷酸（cGMP）,Ras 蛋白,二醯基甘油（diacylglycerol）,腺苷酸環化酶（adenylyl cyclase）,,B,B,standard,,False,112100_1301.pdf,112100_ANS1301.pdf
MOEX-112100-1301-Q099,112,第二次,112100,1301,99,組織學,組織學,,下列何者最不可能被用來測定細胞中某一特殊核糖核酸（RNA）的數量？,核糖核酸免疫沉澱（RNA immunoprecipitation）,核糖核酸深度定序（RNA deep sequencing）,核糖核酸微陣列（RNA microarray）,反轉錄－即時聚合酶連鎖反應（reverse transcription-real time polymerase chain reaction）,,A,A,standard,,False,112100_1301.pdf,112100_ANS1301.pdf
MOEX-112100-1301-Q100,112,第二次,112100,1301,100,生物化學,生物化學,,下列有關限制酶（restriction enzymes）的描述，何者最適當？,作用在胞膜上的通道，以限制某些病毒進入細胞,具特異性的核糖核酸酶（ribonuclease），能在特定的生理狀況下降解 mRNA,是一種具序列特異性（sequence-specific）的 DNA 內切酶（endonuclease）,能催化胺基酸與特異性的 tRNA 結合,,C,C,standard,,False,112100_1301.pdf,112100_ANS1301.pdf
MOEX-113020-1301-Q001,113,第一次,113020,1301,1,解剖學,神經解剖,神經解剖,角膜（cornea）受到刺激會引發角膜反射（corneal reflex），下列何者是主要參與的神經核？,三叉神經脊髓核（spinal trigeminal nucleus）與動眼神經核（oculomotor nucleus）,三叉神經脊髓核（spinal trigeminal nucleus）與顏面運動神經核（facial motor nucleus）,E-W神經核（Edinger-Westphal nucleus）與顏面運動神經核（facial motor nucleus）,E-W神經核（Edinger-Westphal nucleus）與動眼神經核（oculomotor nucleus）,,B,B,standard,,False,113020_1301.pdf,113020_MOD1301.pdf
MOEX-113020-1301-Q002,113,第一次,113020,1301,2,解剖學,神經解剖,神經解剖,下列何者主要位於大腦半球的內側面，其周圍是初級視覺皮質（primary visual cortex）？,中央溝（central sulcus）,側腦溝（lateral sulcus）,距狀溝（calcarine sulcus）,頂枕溝（parieto-occipital sulcus）,,C,C,standard,,False,113020_1301.pdf,113020_MOD1301.pdf
MOEX-113020-1301-Q003,113,第一次,113020,1301,3,解剖學,神經解剖,神經解剖,基底核（basal ganglia）傳出的神經纖維經丘腦（thalamus）後，一般不直接傳至下列何處之大腦皮質？,主要運動區（primary motor area）,扣帶運動區（cingulate motor area）,運動輔助區（supplementary motor area）,運動前區（premotor area）,,ALL,ALL,all_credit,第3題一律給分,False,113020_1301.pdf,113020_MOD1301.pdf
MOEX-113020-1301-Q004,113,第一次,113020,1301,4,組織學,組織學,,下視丘（hypothalamus）的那兩個神經核，其神經纖維進到腦下腺後葉（posterior lobe of pituitary gland）釋放激素？,室旁核（paraventricular nucleus）與視上核（supraoptic nucleus）,視叉上核（suprachiasmatic nucleus）與視上核（supraoptic nucleus）,室旁核（paraventricular nucleus）與視叉上核（suprachiasmatic nucleus）,視叉上核（suprachiasmatic nucleus）與後側核（posterior nucleus）,,A,A,standard,,False,113020_1301.pdf,113020_MOD1301.pdf
MOEX-113020-1301-Q005,113,第一次,113020,1301,5,解剖學,神經解剖,神經解剖,下列關於脊髓灰質的敘述何者最不恰當？,膠狀質（substantia gelatinosa）位於背角處，與痛覺的傳遞有關,背核（nucleus dorsalis of Clarke）位於背角處，與小腦脊髓路徑有關,大型運動神經元（large motor neuron）位於前角處，支配骨骼肌,交感神經節前神經元（preganglionic sympathetic neuron）的細胞體位於中間帶,,B,B,standard,,False,113020_1301.pdf,113020_MOD1301.pdf
MOEX-113020-1301-Q006,113,第一次,113020,1301,6,解剖學,神經解剖,神經解剖,鼓膜（tympanic membrane）的體感覺由下列那些神經支配？①三叉神經（trigeminal nerve） ②顏面神經 （facial nerve） ③前庭耳蝸神經（vestibulocochlear nerve） ④舌咽神經（glossopharyngeal nerve） ⑤迷走神經（vagus nerve）,①②③,①②③④,②③④⑤,①②④⑤,,D,D,standard,,False,113020_1301.pdf,113020_MOD1301.pdf
MOEX-113020-1301-Q007,113,第一次,113020,1301,7,解剖學,上肢,上肢,下列有關鎖骨上神經（supraclavicular nerve）之描述，何者正確？,源於臂神經叢,支配喉部前方表淺皮膚,支配肩膀之皮膚,支配頸闊肌（platysma muscle）之收縮,,C,C,standard,,False,113020_1301.pdf,113020_MOD1301.pdf
MOEX-113020-1301-Q008,113,第一次,113020,1301,8,組織學,組織學,,有關頭皮（scalp），下列敘述何者錯誤？,頭頂的頭皮內沒有淋巴結（lymph node）,支配頭皮的動脈走於顱頂腱膜層（epicranial aponeurosis）與顱骨膜層（pericranium）間,頭皮容許一個程度的自由移動（free movement）,枕小神經（lesser occipital nerve）參與耳後部分頭皮感覺訊息傳送,,B,B,standard,,False,113020_1301.pdf,113020_MOD1301.pdf
MOEX-113020-1301-Q009,113,第一次,113020,1301,9,解剖學,頭頸部,頭頸部,下列何者不由篩骨（ethmoid）組成？,上鼻甲（superior nasal concha）,中鼻甲（middle nasal concha）,下鼻甲（inferior nasal concha）,鼻中隔（nasal septum）,,C,C,standard,,False,113020_1301.pdf,113020_MOD1301.pdf
MOEX-113020-1301-Q010,113,第一次,113020,1301,10,解剖學,頭頸部,頭頸部,下列何者位於後顱窩（posterior cranial fossa）？,盲孔（foramen cecum）,弓狀隆起（arcuate eminence）,乙狀竇溝（groove for sigmoid sinus）,後床突（posterior clinoid process）,,C,C,standard,,False,113020_1301.pdf,113020_MOD1301.pdf
MOEX-113020-1301-Q011,113,第一次,113020,1301,11,組織學,組織學,,下列何者的收縮，是由第七對腦神經（CN VII）支配？,嚼肌（masseter muscle）,內翼肌（medial pterygoid muscle）,鐙骨肌（stapedius muscle）,鼓膜張肌（tensor tympani muscle）,,C,C,standard,,False,113020_1301.pdf,113020_MOD1301.pdf
MOEX-113020-1301-Q012,113,第一次,113020,1301,12,解剖學,頭頸部,頭頸部,下列何者是防止顳頷關節（temporomandibular joint）向後方脫臼最重要的構造？,顳頷韌帶（temporomandibular ligament）,內翼肌（medial pterygoid muscle）,莖突下頷韌帶（stylomandibular ligament）,外翼肌（lateral pterygoid muscle）,,A,A,standard,,False,113020_1301.pdf,113020_MOD1301.pdf
MOEX-113020-1301-Q013,113,第一次,113020,1301,13,解剖學,頭頸部,神經解剖,頭部外側近翼點（pterion）處受到撞擊，數小時後發生硬腦膜外血腫，最可能是下列那一血管破裂？,硬腦膜靜脈竇（dural sinus）,腦膜中動脈（middle meningeal artery）,前大腦動脈（anterior cerebral artery）,後大腦動脈（posterior cerebral artery）,,B,B,standard,,False,113020_1301.pdf,113020_MOD1301.pdf
MOEX-113020-1301-Q014,113,第一次,113020,1301,14,解剖學,胸腔,胸腔,下列何者負責傳遞靠近肋骨處之壁層胸膜（costal part of parietal pleura）的感覺訊號？,肋間神經（intercostal nerve）,迷走神經（vagus nerve）,交感神經幹（sympathetic trunk）,膈神經（phrenic nerve）,,A,A,standard,,False,113020_1301.pdf,113020_MOD1301.pdf
MOEX-113020-1301-Q015,113,第一次,113020,1301,15,解剖學,胸腔,胸腔,下列何者供應心臟房室結（atrioventricular node）的血液？,前室間動脈（left anterior descending artery）,左邊緣動脈（left marginal artery）,右冠狀動脈（right coronary artery）,左冠狀動脈（left coronary artery）,,C,C,standard,,False,113020_1301.pdf,113020_MOD1301.pdf
MOEX-113020-1301-Q016,113,第一次,113020,1301,16,解剖學,胸腔,胸腔,有關支氣管動脈（bronchial artery）敘述，下列何者錯誤？,通常主幹是由左側第二肋間動脈分出,供應血液給部分的肺臟組織及支氣管本身,供應血液給部分的食道組織,供應血液給部分的胸膜（pleura）,,A,A,standard,,False,113020_1301.pdf,113020_MOD1301.pdf
MOEX-113020-1301-Q017,113,第一次,113020,1301,17,解剖學,胸腔,胸腔,高位胸椎脊髓損傷病患，在受傷初期肺活量（vital capacity）大幅下降的主要原因為：,橫膈肌肉癱瘓,肋間肌肉癱瘓,頸部肌肉癱瘓,腹部肌肉癱瘓,,B,B,standard,,False,113020_1301.pdf,113020_MOD1301.pdf
MOEX-113020-1301-Q018,113,第一次,113020,1301,18,解剖學,腹部,腹部,主胰管（main pancreatic duct）及膽管（bile duct）會共同開口於何處？,十二指腸上段（superior part of duodenum）,十二指腸下降段（descending part of duodenum）,十二指腸水平段（horizontal part of duodenum）,十二指腸上升段（ascending part of duodenum）,,B,B,standard,,False,113020_1301.pdf,113020_MOD1301.pdf
MOEX-113020-1301-Q019,113,第一次,113020,1301,19,解剖學,腹部,腹部,腹股溝深環（deep inguinal ring）位於下列何結構？,腹橫筋膜（transversalis fascia）,腹內斜肌（internal oblique muscle）,腹外斜肌腱膜（aponeurosis of external oblique muscle）,腹橫肌腱膜（aponeurosis of transversus abdominis）,,A,A,standard,,False,113020_1301.pdf,113020_MOD1301.pdf
MOEX-113020-1301-Q020,113,第一次,113020,1301,20,解剖學,腹部,腹部,下列何者是上腸繫膜動脈（superior mesenteric artery）的分支？,前上胰十二指腸動脈（anterior superior pancreaticoduodenal artery）,後上胰十二指腸動脈（posterior superior pancreaticoduodenal artery）,左結腸動脈（left colic artery）,下胰十二指腸動脈（inferior pancreaticoduodenal artery）,,D,D,standard,,False,113020_1301.pdf,113020_MOD1301.pdf
MOEX-113020-1301-Q021,113,第一次,113020,1301,21,解剖學,腹部,神經解剖,闌尾的疼痛主要由下列何者傳導？,內臟大神經（greater splanchnic nerve）,內臟小神經（lesser splanchnic nerve）,內臟最小神經（least splanchnic nerve）,迷走神經（vagus nerve）,,B,B,standard,,False,113020_1301.pdf,113020_MOD1301.pdf
MOEX-113020-1301-Q022,113,第一次,113020,1301,22,解剖學,骨盆與會陰,骨盆與會陰,下列何者不參與形成坐骨肛門窩（ischioanal fossa）的邊界（boundary）？,閉孔外肌（obturator externus）,坐骨粗隆（ischial tuberosity）,臀大肌（gluteus maximus）,薦骨粗隆韌帶（sacrotuberous ligament）,,A,A,standard,,False,113020_1301.pdf,113020_MOD1301.pdf
MOEX-113020-1301-Q023,113,第一次,113020,1301,23,解剖學,骨盆與會陰,骨盆與會陰,關於陰部內動脈（internal pudendal artery），下列敘述何者最不恰當？,陰部內動脈是髂內動脈（internal iliac artery）的分支,陰部內動脈藉由坐骨大孔（greater sciatic foramen）離開骨盆腔,陰部內動脈通過坐骨小孔（lesser sciatic foramen）進入坐骨肛門窩（ischioanal fossa）,中直腸動脈（middle rectal artery）是陰部內動脈的分支,,D,D,standard,,False,113020_1301.pdf,113020_MOD1301.pdf
MOEX-113020-1301-Q024,113,第一次,113020,1301,24,解剖學,骨盆與會陰,腹部,關於輸精管（ductus deferens），下列敘述何者正確？,跨過髂外動脈及靜脈（external iliac vessels），並延伸進入骨盆腔,不被腹膜（peritoneum）覆蓋,通過骨盆腔時，會穿過輸尿管（ureter）下方,輸精管壺腹（ampulla of ductus deferens）位於輸精管與副睪管（duct of epididymis）交接處,,A,A,standard,,False,113020_1301.pdf,113020_MOD1301.pdf
MOEX-113020-1301-Q025,113,第一次,113020,1301,25,解剖學,骨盆與會陰,骨盆與會陰,下列四者中，何者之淋巴回流途徑與其他三者不同？,陰囊（scrotum）,陰道前庭（vestibule of vagina）,卵巢（ovary）,大前庭腺（greater vestibular gland）,,C,C,standard,,False,113020_1301.pdf,113020_MOD1301.pdf
MOEX-113020-1301-Q026,113,第一次,113020,1301,26,解剖學,上肢,上肢,下列何構造會與肱骨小頭（capitulum of humerus）接觸，形成關節？,尺骨頭（head of ulna）,橈骨頭（head of radius）,尺骨滑車切迹（trochlear notch of ulna）,肩胛骨關節盂（glenoid cavity of scapula）,,B,B,standard,,False,113020_1301.pdf,113020_MOD1301.pdf
MOEX-113020-1301-Q027,113,第一次,113020,1301,27,解剖學,下肢,下肢,足背大 趾外側與第二趾內側間皮膚感覺異常，最可能是下列何神經受損？,深腓神經（deep fibular nerve）,淺腓神經（superficial fibular nerve）,隱神經（saphenous nerve）,內蹠神經（medial plantar nerve）,,A,A,standard,,False,113020_1301.pdf,113020_MOD1301.pdf
MOEX-113020-1301-Q028,113,第一次,113020,1301,28,解剖學,解剖學,,下列有關枕下三角（suboccipital triangle）的敘述，何者正確？,上外側邊界是頭後大直肌（rectus capitis posterior major）,上內側邊界是頭上斜肌（obliquus capitis superior）,枕大神經（greater occipital nerve）從此三角的下緣穿出,枕動脈（occipital artery）位於其內,,C,C,standard,,False,113020_1301.pdf,113020_MOD1301.pdf
MOEX-113020-1301-Q029,113,第一次,113020,1301,29,解剖學,上肢,上肢,後骨間神經（posterior interosseous nerve）是那一條神經的分支？,尺神經（ulnar nerve）,橈神經（radial nerve）,正中神經（median nerve）,肌皮神經（musculocutaneous nerve）,,B,B,standard,,False,113020_1301.pdf,113020_MOD1301.pdf
MOEX-113020-1301-Q030,113,第一次,113020,1301,30,解剖學,下肢,下肢,為進行髖關節手術，結紮了大腿上部所有形成十字吻合（cruciate anastomosis）的動脈，下列何者最不受 影響？,內側迴旋股動脈（medial femoral circumflex artery）,外側迴旋股動脈（lateral femoral circumflex artery）,上臀動脈（superior gluteal artery）,下臀動脈（inferior gluteal artery）,,C,C,standard,,False,113020_1301.pdf,113020_MOD1301.pdf
MOEX-113020-1301-Q031,113,第一次,113020,1301,31,解剖學,下肢,下肢,踝關節（ankle joint）由下列那三塊骨頭共同構成？,股骨（femur）、脛骨（tibia）與腓骨（fibula）,脛骨（tibia）、腓骨（fibula）與跟骨（calcaneus）,脛骨（tibia）、腓骨（fibula）與距骨（talus）,脛骨（tibia）、距骨（talus）與跟骨（calcaneus）,,C,C,standard,,False,113020_1301.pdf,113020_MOD1301.pdf
MOEX-113020-1301-Q032,113,第一次,113020,1301,32,胚胎及發育生物學,胚胎及發育生物學,,胚胎的胚內體腔（intraembryonic coelom），最早出現在下列何者？,軸旁中胚層（paraxial mesoderm）,中間中胚層（intermediate mesoderm）,外側中胚層（lateral mesoderm）,內胚層（endoderm）,,C,C,standard,,False,113020_1301.pdf,113020_MOD1301.pdf
MOEX-113020-1301-Q033,113,第一次,113020,1301,33,解剖學,神經解剖,神經解剖,衍生自第二咽弓（second pharyngeal arch）的肌肉，是由下列那一條腦神經支配？,三叉神經（trigeminal nerve）,顏面神經（facial nerve）,舌咽神經（glossopharyngeal nerve）,副神經（accessory nerve）,,B,B,standard,,False,113020_1301.pdf,113020_MOD1301.pdf
MOEX-113020-1301-Q034,113,第一次,113020,1301,34,解剖學,腹部,腹部,下列關於十二指腸（duodenum）發育的敘述，何者最適當？,由前腸（foregut）與後腸（hindgut）共同發育而來,血液供應有上腸繫膜動脈（superior mesenteric artery）與下腸繫膜動脈（inferior mesenteric artery）,因胃（stomach）的旋轉使十二指腸旋轉至右側，並且大部分貼在後腹壁,發育過程中均呈現中空管狀的結構,,C,C,standard,,False,113020_1301.pdf,113020_MOD1301.pdf
MOEX-113020-1301-Q035,113,第一次,113020,1301,35,解剖學,胸腔,胸腔,嬰兒剛出生使用肺部呼吸時，常會伴隨一些現象的改變，下列敘述何者正確？,肺部血管阻力顯著增加,肺部血流量上升,肺動脈管壁顯著變厚,右心房壓力高於左心房,,B,B,standard,,False,113020_1301.pdf,113020_MOD1301.pdf
MOEX-113020-1301-Q036,113,第一次,113020,1301,36,解剖學,神經解剖,神經解剖,大腦導水管（cerebral aqueduct）是衍生自那一腦泡（brain vesicle）？,菱腦（rhombencephalon）,中腦（mesencephalon）,間腦（diencephalon）,端腦（telencephalon）,,B,B,standard,,False,113020_1301.pdf,113020_MOD1301.pdf
MOEX-113020-1301-Q037,113,第一次,113020,1301,37,組織學,組織學,,下列有關使用福馬林（formalin）來固定生物組織的敘述，何者錯誤？,可與脂質（lipid）充分作用，保存細胞膜的完整性,可使蛋白質（protein）變性，讓組織變硬,可防止細胞的自溶作用（autolysis）,可殺死細菌、真菌、病毒等致病微生物（pathogenic microorganisms）,,A,A,standard,,False,113020_1301.pdf,113020_MOD1301.pdf
MOEX-113020-1301-Q038,113,第一次,113020,1301,38,解剖學,胸腔,胸腔,氣管的內襯上皮（lining epithelium of trachea）是屬於：,單層柱狀上皮（simple columnar epithelium）,複層扁平上皮（stratified squamous epithelium）,複層柱狀上皮（stratified columnar epithelium）,具纖毛的偽複層柱狀上皮（ciliated pseudostratified columnar epithelium）,,D,D,standard,,False,113020_1301.pdf,113020_MOD1301.pdf
MOEX-113020-1301-Q039,113,第一次,113020,1301,39,組織學,組織學,,下列關於軟骨（cartilage）的敘述，何者正確？,軟骨組織的附加生長（appositional growth）是直接由軟骨細胞（chondrocyte）分裂並分泌基質 （matrix）而成,透明軟骨（hyaline cartilage）的基質（matrix）主要是由第一型膠原蛋白（type I collagen）構成,軟骨組織是一個沒有血管的結構（avascular structure）,軟骨組織的再生非常旺盛，受傷時可完整癒合,,C,C,standard,,False,113020_1301.pdf,113020_MOD1301.pdf
MOEX-113020-1301-Q040,113,第一次,113020,1301,40,組織學,組織學,,下列有關神經組織中之衛星細胞（satellite cell）的敘述，何者正確？,圍繞中樞神經系統的神經元細胞本體,是大型的柱狀細胞,在H&E染色，為多核的細胞,不負責形成髓磷脂（myelin）,,D,D,standard,,False,113020_1301.pdf,113020_MOD1301.pdf
MOEX-113020-1301-Q041,113,第一次,113020,1301,41,解剖學,胸腔,胸腔,關於第二型肺泡細胞（type-II pneumocyte）之敘述，下列何者正確？,在肺泡細胞中占40%，覆蓋95%的肺泡表面（alveolar air surface）,與肺泡巨噬細胞（alveolar macrophage）共同組成氣血屏障（air-blood barrier）,分泌界面活性劑（surfactant）,是很薄的扁平（squamous）細胞,,C,C,standard,,False,113020_1301.pdf,113020_MOD1301.pdf
MOEX-113020-1301-Q042,113,第一次,113020,1301,42,解剖學,腹部,腹部,下列何種細胞具有黏原顆粒（mucinogen granules）？,胃賁門腺細胞（cardiac glandular cells）,胰腺泡細胞（pancreatic acinar cells）,耳下腺腺泡細胞（parotid acinar cells）,潘氏細胞（Paneth cells）,,A,A,standard,,False,113020_1301.pdf,113020_MOD1301.pdf
MOEX-113020-1301-Q043,113,第一次,113020,1301,43,組織學,組織學,,下列何者最不可能出現在膽囊的固有層（lamina propria）？,穿孔型微血管（fenestrated capillary）,小靜脈（venule）,淋巴管（lymphatic vessel）,黏液腺（mucous gland）,,ALL,ALL,all_credit,第43題一律給分,False,113020_1301.pdf,113020_MOD1301.pdf
MOEX-113020-1301-Q044,113,第一次,113020,1301,44,組織學,組織學,,下列何者富含血管，負責提供養分及氧氣給毛囊（hair follicle）？,真皮乳頭（dermal papilla）,玻璃膜（glassy membrane）,內根鞘（internal root sheath）,外根鞘（external root sheath）,,A,A,standard,,False,113020_1301.pdf,113020_MOD1301.pdf
MOEX-113020-1301-Q045,113,第一次,113020,1301,45,組織學,組織學,,下列何者的細胞內含有大量的脂肪小滴（lipid droplets），且可分泌糖皮質素（glucocorticoid）？,腎上腺皮質（adrenal cortex）的球小帶（zona glomerulosa）,腎上腺皮質（adrenal cortex）的束狀帶（zona fasciculata）,腎上腺皮質（adrenal cortex）的網狀帶（zona reticularis）,腎上腺髓質（adrenal medulla）,,B,B,standard,,False,113020_1301.pdf,113020_MOD1301.pdf
MOEX-113020-1301-Q046,113,第一次,113020,1301,46,解剖學,骨盆與會陰,骨盆與會陰,附圖中的上皮（epithelium）主要出現於下列何者？,輸卵管（uterine tube）,陰道（vagina）,輸出小管（efferent ductules）,尿道（urethra）,,A,A,standard,,True,113020_1301.pdf,113020_MOD1301.pdf
MOEX-113020-1301-Q047,113,第一次,113020,1301,47,生物化學,生物化學,,細胞膜主要由蛋白質與下列何種化學物質組成？,甘油,三酸甘油酯,磷脂質,膽固醇,,C,C,standard,,False,113020_1301.pdf,113020_MOD1301.pdf
MOEX-113020-1301-Q048,113,第一次,113020,1301,48,解剖學,腹部,腹部,下列何種視網膜內的細胞是具有一閾值，超過即能夠產生動作電位（action potential）？,雙極細胞（bipolar cell）,水平細胞（horizontal cell）,無軸突細胞（amacrine cell）,節細胞（ganglion cell）,,D,D,standard,,False,113020_1301.pdf,113020_MOD1301.pdf
MOEX-113020-1301-Q049,113,第一次,113020,1301,49,解剖學,神經解剖,神經解剖,自主神經系統的節前神經元細胞本體除位於一些腦神經的運動神經核外，也會存在脊髓的下列何處？,dorsal root ganglion,substantia gelatinosa,Rexed's laminae IX,intermediolateral column,,D,D,standard,,False,113020_1301.pdf,113020_MOD1301.pdf
MOEX-113020-1301-Q050,113,第一次,113020,1301,50,解剖學,腹部,腹部,下列何項反應，交感神經和副交感神經的作用通常是較為一致的？,增加唾液分泌量,增加心臟跳動速率,增加胃腸蠕動,增加膀胱括約肌收縮,,A,A,standard,,False,113020_1301.pdf,113020_MOD1301.pdf
MOEX-113020-1301-Q051,113,第一次,113020,1301,51,解剖學,神經解剖,神經解剖,大腦皮質接收感官傳入的刺激訊息，並將這些訊息再傳出至其他特定的大腦皮質或神經核做進一步的處理。 因此，大腦皮質傳出訊息的神經元通常是大型的錐體神經元（pyramidal neuron，又稱Betz cell），且其 樹突分布深廣，軸突包覆有較完整髓鞘，且以麩胺酸為主要的突觸傳遞物質。大腦皮質雖厚達六層，上述這 些負責傳出訊息的大型錐體神經元，其細胞體之分布密度通常在下列那一層最高？,第Ia層,第Ib層,第II層,第V層,,D,D,standard,,False,113020_1301.pdf,113020_MOD1301.pdf
MOEX-113020-1301-Q052,113,第一次,113020,1301,52,生理學,生理學,,下列何項缺損，最不可能影響人類在進入缺乏光源的暗周期期間，血液中褪黑激素（melatonin）濃度先升 後降的現象？,retinohypothalamic tract的神經束因缺血而萎縮（atrophy）,geniculate ganglion中的神經細胞因缺血而凋亡,松果體（pineal gland）嚴重鈣化結石造成分泌細胞凋亡,因持續服用抗癌藥物，使N-acetyltransferase活性受到強烈的抑制,,B,B,standard,,False,113020_1301.pdf,113020_MOD1301.pdf
MOEX-113020-1301-Q053,113,第一次,113020,1301,53,生理學,生理學,,下列有關漸進電位（graded potential）的敘述，何者錯誤？,漸進電位有加成性，包括時間加成與空間加成,漸進電位可能會隨刺激大小而改變其大小,漸進電位可以是去極化，也可以是過極化,漸進電位若為去極化，則不隨距離而消減,,D,D,standard,,False,113020_1301.pdf,113020_MOD1301.pdf
MOEX-113020-1301-Q054,113,第一次,113020,1301,54,生理學,生理學,,"苯二氮平（benzodiazepines, BZDs）藥物有幫助睡眠的效果，因為它會結合至下列何種傳導物質受體的BZD 結合位置？",多巴胺（dopamine）,麩胺酸（glutamate）,γ-胺基丁酸（GABA）,甘胺酸（glycine）,,C,C,standard,,False,113020_1301.pdf,113020_MOD1301.pdf
MOEX-113020-1301-Q055,113,第一次,113020,1301,55,生理學,生理學,,誘發平滑肌收縮的鈣離子是結合到下列何種蛋白？,旋轉素（troponin）,旋轉肌凝素（tropomyosin）,攜鈣素（calmodulin）,肌凝蛋白輕鏈（myosin light chain）,,C,C,standard,,False,113020_1301.pdf,113020_MOD1301.pdf
MOEX-113020-1301-Q056,113,第一次,113020,1301,56,解剖學,神經解剖,神經解剖,興奮dynamic γ-motor neuron時，其所支配之骨骼肌會產生何種變化？,張力（tone）降低,對該骨骼肌長度變化之敏感度增加,牽張反射（strech reflex）消失,不受影響,,B,B,standard,,False,113020_1301.pdf,113020_MOD1301.pdf
MOEX-113020-1301-Q057,113,第一次,113020,1301,57,生物化學,生物化學,,面對一位患有惡性貧血的患者，下列營養補充劑中，何者最適合用來改善症狀？,維生素A,維生素B 12,維生素D,維生素K,,B,B,standard,,False,113020_1301.pdf,113020_MOD1301.pdf
MOEX-113020-1301-Q058,113,第一次,113020,1301,58,解剖學,胸腔,胸腔,對正常的心臟週期而言，在第一心音與第二心音之間，會發生下列何項生理變化？,心房於此時去極化,心室容積快速下降,心房壓力先上升之後下降,心室壓力維持不變,,B,B,standard,,False,113020_1301.pdf,113020_MOD1301.pdf
MOEX-113020-1301-Q059,113,第一次,113020,1301,59,解剖學,胸腔,胸腔,下列何種情況最有可能增加心輸出量（cardiac output）？,慢性中度貧血（moderate chronic anemia）,心肌梗塞（myocardial infarction）,心肌炎（myocarditis）,增加靜脈順應性（increase of venous compliance）,,A,A,standard,,False,113020_1301.pdf,113020_MOD1301.pdf
MOEX-113020-1301-Q060,113,第一次,113020,1301,60,生理學,生理學,,在大失血造成動脈壓下降時，體內循環系統為維持恆定，會產生一連串接續反應將血壓朝向正常值回復，該 過程中最不可能發生者為下列何項？,分布到心臟的副交感神經活性增加，使心房竇房結心跳速率增快,分布到心室心肌細胞的交感神經活性增加，增強心室收縮與心搏量,分布到靜脈的交感神經活性增加，增加靜脈回流與心臟舒張末期容積,分布到微動脈的交感神經活性增加，減少微動脈半徑，增加周邊總阻力,,A,A,standard,,False,113020_1301.pdf,113020_MOD1301.pdf
MOEX-113020-1301-Q061,113,第一次,113020,1301,61,解剖學,胸腔,胸腔,下列那一因子最可能引起冠狀動脈（coronary artery）血管收縮？,腺苷酸（adenosine）之局部濃度增加,心跳速率減緩,nitric oxide之局部濃度增加,心臟代謝率增加,,B,B,standard,,False,113020_1301.pdf,113020_MOD1301.pdf
MOEX-113020-1301-Q062,113,第一次,113020,1301,62,解剖學,頭頸部,頭頸部,某健康者在海平面呼吸一般空氣，正常情況下，比較各處氧分壓（ ）的大小關係，下列排序何者正確？ ①吸入的氣體（inspired air，在鼻腔中測量） ②肺泡內氣體（alveolar air） ③呼出的氣體 （expired air，在鼻腔中測量）,①＞②＞③,①＞③＞②,①＝②＞③,①＞②＝③,,B,B,standard,,False,113020_1301.pdf,113020_MOD1301.pdf
MOEX-113020-1301-Q063,113,第一次,113020,1301,63,解剖學,頭頸部,神經解剖,已知某藥物會抑制碳酸酐酶（carbonic anhydrase），但是無法穿透血腦障壁（blood-brain barrier）。 實驗中，大白鼠分為兩組，控制組未曾經過藥物處理，實驗組則事先接受該藥物注射進入體動脈（systemic artery）血中。若讓兩組大白鼠分別吸入比平時更高濃度的二氧化碳（CO ），會發生下列何種反應？ 2,兩組大白鼠的肺泡通氣量（alveolar ventilation）相同,實驗組的主動脈體（aortic body）化學感受器（chemoreceptor）活性（activity）比控制組更強,控制組的舌咽神經（glossopharyngeal nerve）放電頻率（firing frequency）比實驗組更低,兩組大白鼠的中樞化學感受器（central chemoreceptor）活性相同,,D,D,standard,,False,113020_1301.pdf,113020_MOD1301.pdf
MOEX-113020-1301-Q064,113,第一次,113020,1301,64,解剖學,腹部,腹部,下列關於胰泌素（secretin）的敘述，何者正確？,作用在胰臟管細胞（pancreatic duct cell），協助酸鹼中和,由胰臟（pancreas）製造，促進胃酸分泌,透過抑制Gq蛋白，促進胃酸分泌,作用於氯離子通道（Cl- channel），協助酸鹼中和,,A,A,standard,,False,113020_1301.pdf,113020_MOD1301.pdf
MOEX-113020-1301-Q065,113,第一次,113020,1301,65,解剖學,腹部,腹部,對於腸細胞（enterocyte）吸收的糖類物質與方式的敘述，下列何者最正確？,"葡萄糖（glucose）主要透過鈉依賴型葡萄糖共同運輸蛋白-2（sodium-dependent glucose cotransporter-2, SGLT-2）直接吸收","果糖（fructose）主要透過葡萄糖運輸蛋白-4（glucose transporter-4, GLUT-4）直接吸收","半乳糖（galactose）主要透過鈉依賴型葡萄糖共同運輸蛋白-1（sodium-dependent glucose transporter-1, SGLT-1）直接吸收","乳糖（lactose）主要透過葡萄糖運輸蛋白-5（glucose transporter-5, GLUT-5）直接吸收",,C,C,standard,,False,113020_1301.pdf,113020_MOD1301.pdf
MOEX-113020-1301-Q066,113,第一次,113020,1301,66,生理學,生理學,,在亨利氏彎管上行枝粗管的管腔膜（apical membrane）上，最主要以何種同向運輸子（cotransporter）進 行鈉的再吸收？,Na+－K+－2Cl-,Na+－glucose,Na+－phosphate,Na+－Cl-,,A,A,standard,,False,113020_1301.pdf,113020_MOD1301.pdf
MOEX-113020-1301-Q067,113,第一次,113020,1301,67,生理學,生理學,,人在限制喝水（water deprivation）4小時之後，尿液滲透壓及血漿antidiuretic hormone（ADH）濃度較 開始限水時基礎值（baseline）有何變化？,尿液滲透壓及血漿ADH濃度均增加,尿液滲透壓減少，血漿ADH濃度增加,尿液滲透壓增加，血漿ADH濃度減少,尿液滲透壓及血漿ADH濃度均減少,,A,A,standard,,False,113020_1301.pdf,113020_MOD1301.pdf
MOEX-113020-1301-Q068,113,第一次,113020,1301,68,生理學,生理學,,有關腎上腺皮質分泌雄性素（androgen）作用的敘述，下列何者最不適當？,其分泌作用主要受到促性腺激素（gonadotropins）的調控,其先質dehydroepiandrosterone sulfate（DHEAS）血中濃度通常在20歲左右達到高峰,在青春期前男性，若腎上腺雄性素分泌過量，可能造成假性性早熟（precocious pseudopuberty）,在成年女性，若腎上腺雄性素分泌過量，可能造成腎上腺性徵異常綜合症（adrenogenital syndrome）,,A,A,standard,,False,113020_1301.pdf,113020_MOD1301.pdf
MOEX-113020-1301-Q069,113,第一次,113020,1301,69,生理學,生理學,,身體對抗急性壓力反應，下列何者敘述最為適當？,壓力刺激可造成血中促腎上腺皮質素（ACTH）濃度升高，也會同時活化交感神經,循環中促腎上腺皮質素（ACTH）存在，對於兒茶酚胺類荷爾蒙對心血管的作用具有允許作用（permissive action）,醣皮質素（glucocorticoid）的升高，是造成壓力反應中脂肪分解作用的主要原因,切除交感神經的動物，仍可保有完整之對抗壓力反應的能力,,A,A,standard,,False,113020_1301.pdf,113020_MOD1301.pdf
MOEX-113020-1301-Q070,113,第一次,113020,1301,70,組織學,組織學,,有關甲狀腺素對各組織器官的作用，下列何者最不恰當？,心臟：促進心臟對兒茶酚胺的反應,肌肉：增加蛋白質合成作用,神經系統：促進大腦發育,脂肪組織：促進脂肪分解作用,,B,B,standard,,False,113020_1301.pdf,113020_MOD1301.pdf
MOEX-113020-1301-Q071,113,第一次,113020,1301,71,生理學,生理學,,有關身體對低血鈣狀況的可能反應，下列敘述何者最不恰當？,副甲狀腺素分泌增加,"肝臟分泌之1,25-(OH) D 增加 2 3",尿液中鈣排泄作用減少,小腸鈣吸收作用增加,,B,B,standard,,False,113020_1301.pdf,113020_MOD1301.pdf
MOEX-113020-1301-Q072,113,第一次,113020,1301,72,生理學,生理學,,下列有關胰島素分泌調控的敘述，何者錯誤？,副交感神經活性升高會抑制胰島素的分泌,胰島素的分泌作用主要受血糖濃度的調控,在高血糖狀態下，類升糖素胜肽-1（glucagon-like peptide-1）可有效增強胰島素的分泌作用,升糖素（glucagon）升高可促進胰島素的分泌作用,,A,A,standard,,False,113020_1301.pdf,113020_MOD1301.pdf
MOEX-113020-1301-Q073,113,第一次,113020,1301,73,醫學一其他科目,醫學一其他科目,,透明帶（zona pellucida）不存在於下列何者？,secondary oocyte,zygote,morula,implanted blastocyst,,D,D,standard,,False,113020_1301.pdf,113020_MOD1301.pdf
MOEX-113020-1301-Q074,113,第一次,113020,1301,74,生理學,生理學,,在競爭性抑制劑（competitive inhibitor）的存在下，下列何項是可預期的Michaelis-Menten酵素動力學 變化？,V 下降，K 下降 max M,V 不變，K 下降 max M,V 下降，K 上升 max M,V 不變，K 上升 max M,,D,D,standard,,False,113020_1301.pdf,113020_MOD1301.pdf
MOEX-113020-1301-Q075,113,第一次,113020,1301,75,生物化學,生物化學,,下列何者為穩定蛋白質α-螺旋結構的主要因素？,胜肽鏈上α碳原子之間的疏水性（hydrophobic）交互作用,螺旋結構內胜肽鏈主幹上的胜肽鍵（peptide bond）之間的氫鍵作用（hydrogen bond）,R基團（R group；side chain）之間靜電性的作用（electrostatic interaction）,R基團（R group；side chain）之間氫鍵（hydrogen bond）,,B,B,standard,,False,113020_1301.pdf,113020_MOD1301.pdf
MOEX-113020-1301-Q076,113,第一次,113020,1301,76,胚胎及發育生物學,胚胎及發育生物學,,Enzyme Commission（EC）將酵素依反應類型區分為六大類別（classes），下列何者不屬於EC命名系統之酵 素類別？,lyases,dehydrogenases,hydrolases,isomerases,,B,B,standard,,False,113020_1301.pdf,113020_MOD1301.pdf
MOEX-113020-1301-Q077,113,第一次,113020,1301,77,醫學一其他科目,醫學一其他科目,,Lipoate是pyruvate dehydrogenase complex其中一個輔酶，參與催化pyruvate形成acetyl-CoA，下列有關 其結構與功能，何者錯誤？,含有2個thiol groups，可受到pyruvate dehydrogenase complex之NADP氧化形成雙硫鍵（disulfide bond）,lipoate經由amide連結與dihydrolipoyl transacetylase之lysine結合,作為acyl group carrier，轉移到coenzyme A，形成acetyl-CoA,氧化形式之lipoate受到hydroxyethyl TPP還原並接受acetyl group,,A,A,standard,,False,113020_1301.pdf,113020_MOD1301.pdf
MOEX-113020-1301-Q078,113,第一次,113020,1301,78,生物化學,生物化學,,轉胺酶（transaminases）是參與胺基酸合成的重要酵素，此酵素的活性中心帶有下列那一種輔酶 （coenzyme）？,甲基氰鈷胺（methylcobalamin）,吡哆醛磷酸（pyridoxal phosphate）,葉酸（folic acid）,硫胺素（thiamine）,,B,B,standard,,False,113020_1301.pdf,113020_MOD1301.pdf
MOEX-113020-1301-Q079,113,第一次,113020,1301,79,醫學一其他科目,醫學一其他科目,,核苷三磷酸（nucleoside triphosphates）以下列何種形式攜帶及傳遞能量？,磷酸酐鍵（phosphoanhydride bonds）,磷酸二酯鍵（phosphodiester bonds）,糖苷鍵（glycosidic bonds）,氫鍵（hydrogen bonds）,,A,A,standard,,False,113020_1301.pdf,113020_MOD1301.pdf
MOEX-113020-1301-Q080,113,第一次,113020,1301,80,生物化學,生物化學,,拓樸異構酶（Topoisomerase）的主要功能為：,改變DNA分子的超螺旋（supercoil）,改變DNA分子鹼基配對（base-pairing）的專一性,改變DNA分子的核苷酸（nucleotide）數目,將DNA與RNA做置換,,A,A,standard,,False,113020_1301.pdf,113020_MOD1301.pdf
MOEX-113020-1301-Q081,113,第一次,113020,1301,81,生物化學,生物化學,,鹼基切除修復（base excision repair）過程中，催化修復作用的第一個酵素為：,DNA糖基化酶（DNA glycosylase）,Apurinic/apyrimidinic核酸內切酶（AP endonuclease）,DNA連接酶（DNA ligase）,Dam甲基化酶（Dam methylase）,,A,A,standard,,False,113020_1301.pdf,113020_MOD1301.pdf
MOEX-113020-1301-Q082,113,第一次,113020,1301,82,微生物免疫寄生蟲公衛,微生物免疫寄生蟲公衛,,關於大腸桿菌（E. coli）DNA聚合酶 I 型（DNA polymerase I）的Klenow fragment，下列敘述何者錯誤？,具有DNA聚合酶活性,具有5'端到3'端核酸外切酶（exonuclease）活性,是聚合酶C端（C-terminal）的大片段,具有3'端到5'端核酸外切酶（exonuclease）活性,,B,B,standard,,False,113020_1301.pdf,113020_MOD1301.pdf
MOEX-113020-1301-Q083,113,第一次,113020,1301,83,組織學,組織學,,致癌基因產物Ras位於細胞膜上傳遞信息，此蛋白是經由何種修飾而能夠結合在細胞膜？,ubiquitination,acetylation,adenylation,prenylation,,D,D,standard,,False,113020_1301.pdf,113020_MOD1301.pdf
MOEX-113020-1301-Q084,113,第一次,113020,1301,84,生物化學,生物化學,,原核生物RNA聚合酶在進行轉錄延伸作用（elongation）時，下列那一個次單元（subunit）參與最少？,α,β,β’,σ,,D,D,standard,,False,113020_1301.pdf,113020_MOD1301.pdf
MOEX-113020-1301-Q085,113,第一次,113020,1301,85,生物化學,生物化學,,擺動假說（wobble hypothesis）允許某些tRNA識別多個密碼子（codon）。在酵母菌中，一個tRNAArg具有反 密碼子（anticodon）(5')ICG，此tRNAArg應可識別下列那一個精胺酸（arginine）密碼子？,(5')CGA,(5')AGC,(5')UGC,(5')GGC,,A,A,standard,,False,113020_1301.pdf,113020_MOD1301.pdf
MOEX-113020-1301-Q086,113,第一次,113020,1301,86,生物化學,生物化學,,脊椎動物中，由下列那種酶負責合成18S與28S rRNA？,RNA polymerase I,RNA polymerase II,RNA polymerase III,ribosomal RNase,,A,A,standard,,False,113020_1301.pdf,113020_MOD1301.pdf
MOEX-113020-1301-Q087,113,第一次,113020,1301,87,生物化學,生物化學,,無氧代謝時，將一莫耳（mole）的葡萄糖經由糖解作用（glycolysis）及酵素lactate dehydrogenase轉化 成兩莫耳的乳酸（lactate），最終淨產生：,一莫耳的ATP,兩莫耳的ATP,一莫耳的ATP以及兩莫耳的NADH,兩莫耳的ATP以及兩莫耳的NADH,,B,B,standard,,False,113020_1301.pdf,113020_MOD1301.pdf
MOEX-113020-1301-Q088,113,第一次,113020,1301,88,醫學一其他科目,醫學一其他科目,,飲食中的植物性澱粉（amylopectin and amylose），會在我們的消化道中被水解成：,glucose與maltose,glucose與glucose-1-phosphate,glucose-1-phosphate與maltose,glucose-6-phosphate與maltose,,A,A,standard,,False,113020_1301.pdf,113020_MOD1301.pdf
MOEX-113020-1301-Q089,113,第一次,113020,1301,89,生物化學,生物化學,,在醣蛋白質（glycoproteins）分子中，下列那一組胺基酸殘基（amino acid residues）皆可參與醣基 （carbohydrate moiety）與蛋白質的鍵結？,"asparagine, serine, threonine","cysteine, aspartate, glutamate","serine, glutamine, arginine","aspartate, arginine, threonine",,A,A,standard,,False,113020_1301.pdf,113020_MOD1301.pdf
MOEX-113020-1301-Q090,113,第一次,113020,1301,90,生物化學,生物化學,,下列有關膽鹽（bile salts）的敘述，何者錯誤？,由7α-hydroxylase催化其生合成之速率決定步驟,屬於非極性分子，可促進脂質在小腸的吸收,合成時需要cytochrome P450酵素的參與,與膽固醇的量有關,,B,B,standard,,False,113020_1301.pdf,113020_MOD1301.pdf
MOEX-113020-1301-Q091,113,第一次,113020,1301,91,生物化學,生物化學,,高雪氏症（Gaucher's disease）屬於溶小體儲積症（lysosomal storage disorder）的一種，與下列那一 類物質的代謝有關？,glycogen,choline,sphingolipid,N-acetylglutamate,,C,C,standard,,False,113020_1301.pdf,113020_MOD1301.pdf
MOEX-113020-1301-Q092,113,第一次,113020,1301,92,組織學,組織學,,在脊椎動物細胞內，脂肪酸之omega氧化（ω-oxidation）反應主要發生於：,細胞核,粒線體,高基氏體,內質網,,D,D,standard,,False,113020_1301.pdf,113020_MOD1301.pdf
MOEX-113020-1301-Q093,113,第一次,113020,1301,93,生物化學,生物化學,,人體之脯胺酸（proline）或是精胺酸（arginine）主要由下列何種胺基酸代謝轉換形成？,麩胺酸（glutamate）,色胺酸（tryptophan）,纈胺酸（valine）,甲硫胺酸（methionine）,,A,A,standard,,False,113020_1301.pdf,113020_MOD1301.pdf
MOEX-113020-1301-Q094,113,第一次,113020,1301,94,生物化學,生物化學,,在饑餓時，人體會分解蛋白質產生胺基酸以供應能量，下列那一種胺基酸過度代謝最容易導致酮症 （ketosis）？,白胺酸（leucine）,甲硫胺酸（methionine）,精胺酸（arginine）,麩胺酸（glutamate）,,A,A,standard,,False,113020_1301.pdf,113020_MOD1301.pdf
MOEX-113020-1301-Q095,113,第一次,113020,1301,95,組織學,組織學,,下列那一個酵素位於粒線體電子傳遞鏈的complex IV？,NADH dehydrogenase,cytochrome oxidase,succinate dehydrogenase,ubiquinone:cytochrome c oxidoreductase,,B,B,standard,,False,113020_1301.pdf,113020_MOD1301.pdf
MOEX-113020-1301-Q096,113,第一次,113020,1301,96,組織學,組織學,,Ca2+是一重要的訊息分子，細胞中存在Ca2+結合蛋白例如calmodulin參與其傳訊機制，而calmodulin蛋白最 主要藉由那個結構來結合Ca2+？,EF hand domain,SH2 domain,PTB domain,PH domain,,A,A,standard,,False,113020_1301.pdf,113020_MOD1301.pdf
MOEX-113020-1301-Q097,113,第一次,113020,1301,97,生物化學,生物化學,,下列何種分子引發的訊息傳遞通常不使用cAMP作為其主要的second messenger？,atrial natriuretic factor（ANF）,glucagon,dopamine,serotonin,,A,A,standard,,False,113020_1301.pdf,113020_MOD1301.pdf
MOEX-113020-1301-Q098,113,第一次,113020,1301,98,生理學,生理學,,下列何種胺基酸為兒茶酚胺類激素（catecholamine hormones）生成之前驅物？,天門冬醯胺（asparagine）,穀胺酸（glutamate）,精胺酸（arginine）,酪胺酸（tyrosine）,,D,D,standard,,False,113020_1301.pdf,113020_MOD1301.pdf
MOEX-113020-1301-Q099,113,第一次,113020,1301,99,醫學一其他科目,醫學一其他科目,,大部分常用的限制酶（restriction enzyme）會辨識迴文序列（palindromic sequence）以截切去氧核糖核 酸，下列何者為迴文序列？,CCCCCC,AGCAGC,TAGGAT,GCTAGC,,D,D,standard,,False,113020_1301.pdf,113020_MOD1301.pdf
MOEX-113020-1301-Q100,113,第一次,113020,1301,100,生物化學,生物化學,,"聚合酶鏈鎖反應（polymerase chain reaction, PCR）不需要下列何種物質？",DNA雙股模板（template）,引子（primer）,去氧核糖核酸聚合酶（DNA polymerase）,反轉錄酶（reverse transcriptase）,,D,D,standard,,False,113020_1301.pdf,113020_MOD1301.pdf
MOEX-113090-1301-Q001,113,第二次,113090,1301,1,解剖學,神經解剖,神經解剖,雙眼向右看時，右眼的外直肌收縮，同時左眼的內直肌收縮。腦幹內負責啟動兩眼協調進行外側注視 （lateral gaze）的神經核，主要是下列何者？,動眼神經核（oculomotor nucleus）,外旋神經核（abducens nucleus）,中線旁橋腦網狀結構（paramedian pontine reticular formation）,E-W神經核（Edinger-Westphal nucleus）,,C,C,standard,,False,113090_1301.pdf,113090_ANS1301.pdf
MOEX-113090-1301-Q002,113,第二次,113090,1301,2,組織學,組織學,,下列基底核（basal ganglia）的構造中，何者的神經組織相似，都屬於紋狀體（striatum）？,尾核（caudate nucleus）與殼核（putamen）,尾核（caudate nucleus）與蒼白球（globus pallidus）,殼核（putamen）與蒼白球（globus pallidus）,豆狀核（lentiform nucleus）與蒼白球（globus pallidus）,,A,A,standard,,False,113090_1301.pdf,113090_ANS1301.pdf
MOEX-113090-1301-Q003,113,第二次,113090,1301,3,解剖學,神經解剖,神經解剖,小腦傳出的神經纖維經丘腦（thalamus）後主要傳遞至下列何處的大腦皮質（cerebral cortex）？,主要運動區（primary motor area）,扣帶運動區（cingulate motor area）,運動輔助區（supplementary motor area）,運動前區（premotor area）,,A,A,standard,,False,113090_1301.pdf,113090_ANS1301.pdf
MOEX-113090-1301-Q004,113,第二次,113090,1301,4,解剖學,神經解剖,神經解剖,下列何者由杏仁核（amygdala）發出，傳遞至下丘腦（hypothalamus）？,終紋（stria terminalis）,穹窿（fornix）,內側前腦束（medial forebrain bundle）,內側縱束（medial longitudinal fasciculus）,,A,A,standard,,False,113090_1301.pdf,113090_ANS1301.pdf
MOEX-113090-1301-Q005,113,第二次,113090,1301,5,解剖學,神經解剖,神經解剖,有關丘腦（thalamus）功能之敘述，下列何者錯誤？,外膝狀體（lateral geniculate body）與視覺有關,前核（anterior nucleus）與嗅覺有關,腹外側核（ventrolateral nucleus）與錐體外運動系統（extrapyramidal system）有關,腹後外側核（ventral posterolateral nucleus）與體感覺有關,,B,B,standard,,False,113090_1301.pdf,113090_ANS1301.pdf
MOEX-113090-1301-Q006,113,第二次,113090,1301,6,解剖學,神經解剖,神經解剖,後下小腦動脈（posterior inferior cerebellar artery）阻塞，可產生外側延腦症候群（lateral medullary syndrome），下列何者最不可能出現？,小腦功能異常,對側肢體溫度感覺異常,吞嚥困難,對側肢體無力,,D,D,standard,,False,113090_1301.pdf,113090_ANS1301.pdf
MOEX-113090-1301-Q007,113,第二次,113090,1301,7,解剖學,頭頸部,頭頸部,下列何者不出現在中耳（middle ear）？,鼓索神經（chorda tympani nerve）,內頸動脈（internal carotid artery）,鐙骨肌（stapedius muscle）,岩小神經（lesser petrosal nerve）,,B,B,standard,,False,113090_1301.pdf,113090_ANS1301.pdf
MOEX-113090-1301-Q008,113,第二次,113090,1301,8,解剖學,解剖學,,下列那一條眼外肌與眼球向外看的動作最不相關？,外直肌（lateral rectus）,上斜肌（superior oblique）,下斜肌（inferior oblique）,上直肌（superior rectus）,,D,D,standard,,False,113090_1301.pdf,113090_ANS1301.pdf
MOEX-113090-1301-Q009,113,第二次,113090,1301,9,解剖學,頭頸部,頭頸部,視神經管（optic canal）與下列何者相通？,翼腭窩（pterygopalatine fossa）,中顱窩（middle cranial fossa）,顳下窩（infratemporal fossa）,顳窩（temporal fossa）,,B,B,standard,,False,113090_1301.pdf,113090_ANS1301.pdf
MOEX-113090-1301-Q010,113,第二次,113090,1301,10,解剖學,頭頸部,頭頸部,通過下列何者的血管與其所通過的孔洞名稱不同？,棘孔（foramen spinosum）,眶下孔（infraorbital foramen）,腭大孔（greater palatine foramen）,前篩孔（anterior ethmoidal foramen）,,A,A,standard,,False,113090_1301.pdf,113090_ANS1301.pdf
MOEX-113090-1301-Q011,113,第二次,113090,1301,11,組織學,組織學,,下列何項功能，與第七對腦神經（CN VII）無關？,口水分泌,鼻黏膜分泌,臉部汗腺分泌,頰肌（buccinator）收縮,,C,C,standard,,False,113090_1301.pdf,113090_ANS1301.pdf
MOEX-113090-1301-Q012,113,第二次,113090,1301,12,解剖學,神經解剖,神經解剖,下列何者同時支配上、中、下三個咽縮肌（pharyngeal constrictor muscles）？,舌咽神經（glossopharyngeal nerve）,三叉神經（trigeminal nerve）,迷走神經（vagus nerve）,舌下神經（hypoglossal nerve）,,C,C,standard,,False,113090_1301.pdf,113090_ANS1301.pdf
MOEX-113090-1301-Q013,113,第二次,113090,1301,13,解剖學,頭頸部,頭頸部,下列何者與張腭帆肌（tensor veli palatini muscle）具有相同來源的神經支配？,腭咽肌（palatopharyngeus）,頸闊肌（platysma）,鼓室張肌（tensor tympani）,莖突咽肌（stylopharyngeus）,,C,C,standard,,False,113090_1301.pdf,113090_ANS1301.pdf
MOEX-113090-1301-Q014,113,第二次,113090,1301,14,組織學,組織學,,上甲狀腺靜脈（superior thyroid vein）的血液，通常注入下列何者？,外頸靜脈（external jugular vein）,內頸靜脈（internal jugular vein）,頭臂靜脈（brachiocephalic vein）,前頸靜脈（anterior jugular vein）,,B,B,standard,,False,113090_1301.pdf,113090_ANS1301.pdf
MOEX-113090-1301-Q015,113,第二次,113090,1301,15,解剖學,胸腔,胸腔,解剖位置下，緊鄰心臟基部（base of the heart）、左心房正後方的器官為下列何者？,氣管（trachea）,降主動脈（descending aorta）,食道（esophagus）,右主支氣管（right main bronchus）,,C,C,standard,,False,113090_1301.pdf,113090_ANS1301.pdf
MOEX-113090-1301-Q016,113,第二次,113090,1301,16,解剖學,胸腔,胸腔,解剖姿勢下，肺動脈幹（pulmonary trunk）通常約在下列何處，分支成左右肺動脈？,第四／第五胸椎高度處,第六／第七胸椎高度處,第一／第二胸椎高度處,第二／第三胸椎高度處,,A,A,standard,,False,113090_1301.pdf,113090_ANS1301.pdf
MOEX-113090-1301-Q017,113,第二次,113090,1301,17,解剖學,胸腔,胸腔,下列那一關節最不可能參與呼吸時胸廓的運動？,劍突胸骨關節（xiphisternal joint）,肋橫關節（costotransverse joint）,柄胸關節（manubriosternal joint）,胸肋關節（sternocostal joint）,,A,A,standard,,False,113090_1301.pdf,113090_ANS1301.pdf
MOEX-113090-1301-Q018,113,第二次,113090,1301,18,解剖學,胸腔,胸腔,有關胸管（thoracic duct）在縱隔之敘述，下列何者正確？,在食道與脊椎之間,在氣管與食道之間,在胸主動脈與脊椎之間,在奇靜脈與交感神經幹之間,,A,A,standard,,False,113090_1301.pdf,113090_ANS1301.pdf
MOEX-113090-1301-Q019,113,第二次,113090,1301,19,解剖學,胸腔,胸腔,下列何者藉由橫膈（diaphragm）的食道裂口（esophageal hiatus）由胸腔進入腹腔？,胸管（thoracic duct）,主動脈（aorta）,迷走神經幹（vagal trunk）,下腔靜脈（inferior vena cava）,,C,C,standard,,False,113090_1301.pdf,113090_ANS1301.pdf
MOEX-113090-1301-Q020,113,第二次,113090,1301,20,解剖學,腹部,腹部,下列構造與十二指腸（duodenum）關係的敘述，何者最為正確？,膽囊（gallbladder）位於十二指腸上段（superior part of duodenum）的後方,下腔靜脈（inferior vena cava）位於十二指腸水平段（horizontal part of duodenum）的前方,胰臟頭部（head of pancreas）位於十二指腸下降段（descending part of duodenum）的外側,上腸繫膜靜脈（superior mesenteric vein）位於十二指腸水平段（horizontal part of duodenum）的前 方,,D,D,standard,,False,113090_1301.pdf,113090_ANS1301.pdf
MOEX-113090-1301-Q021,113,第二次,113090,1301,21,解剖學,腹部,腹部,提睪肌（cremaster muscle）是由前腹壁中的何塊肌肉向下形成？,腹橫肌（transversus abdominis）,腹內斜肌（internal oblique muscle）,腹外斜肌（external oblique muscle）,腹直肌（rectus abdominis）,,B,B,standard,,False,113090_1301.pdf,113090_ANS1301.pdf
MOEX-113090-1301-Q022,113,第二次,113090,1301,22,解剖學,腹部,腹部,下列何者一般不直接起源自腹腔動脈幹（celiac trunk）？,左胃動脈（left gastric artery）,右胃動脈（right gastric artery）,肝總動脈（common hepatic artery）,脾動脈（splenic artery）,,B,B,standard,,False,113090_1301.pdf,113090_ANS1301.pdf
MOEX-113090-1301-Q023,113,第二次,113090,1301,23,解剖學,骨盆與會陰,骨盆與會陰,關於尿道球腺（bulbourethral gland），下列敘述何者正確？,直徑約5公分,尿道球腺和外尿道括約肌（external urethral sphincter）都位於會陰深隙（deep perineal pouch）內,尿道球腺的導管（ducts of bulbourethral glands）不穿過會陰膜（perineal membrane）,尿道球腺的導管開口於膜部尿道（membranous urethra）,,B,B,standard,,False,113090_1301.pdf,113090_ANS1301.pdf
MOEX-113090-1301-Q024,113,第二次,113090,1301,24,解剖學,骨盆與會陰,骨盆與會陰,下列何者供應陰蒂腳（crura of clitoris）血液？,前庭球動脈（artery of bulb of vestibule）,陰蒂深動脈（deep artery of clitoris）,陰蒂背動脈（dorsal artery of clitoris）,橫會陰動脈（transverse perineal artery）,,B,B,standard,,False,113090_1301.pdf,113090_ANS1301.pdf
MOEX-113090-1301-Q025,113,第二次,113090,1301,25,解剖學,骨盆與會陰,骨盆與會陰,膀胱下動脈（inferior vesical artery）阻塞時，對下列何者的影響最小？,直腸,膀胱,儲精囊,前列腺,,A,A,standard,,False,113090_1301.pdf,113090_ANS1301.pdf
MOEX-113090-1301-Q026,113,第二次,113090,1301,26,解剖學,骨盆與會陰,骨盆與會陰,海綿體尿道部（spongy urethra）破裂時，尿液最不可能滲漏至下列何處？,陰囊（scrotum）皮下,陰莖（penis）皮下,會陰深隙（deep perineal pouch）,前下腹壁之淺筋膜層（superficial fascia of anterior inferior abdominal wall）,,C,C,standard,,False,113090_1301.pdf,113090_ANS1301.pdf
MOEX-113090-1301-Q027,113,第二次,113090,1301,27,解剖學,上肢,上肢,下列那一條神經，會走在肱肌（brachialis）與肱二頭肌（biceps brachii）之間？,尺神經（ulnar nerve）,橈神經（radial nerve）,正中神經（median nerve）,肌皮神經（musculocutaneous nerve）,,D,D,standard,,False,113090_1301.pdf,113090_ANS1301.pdf
MOEX-113090-1301-Q028,113,第二次,113090,1301,28,解剖學,下肢,下肢,腓骨（fibula）頭部與頸部的骨折，最可能傷及下列何者？,腓動脈（fibular artery）,脛前動脈（anterior tibial artery）,脛後動脈（posterior tibial artery）,膕動脈（popliteal artery）,,B,B,standard,,False,113090_1301.pdf,113090_ANS1301.pdf
MOEX-113090-1301-Q029,113,第二次,113090,1301,29,組織學,組織學,,構成跗部位的骨頭（tarsal bones）中，何者沒有肌肉或是肌腱附著？,跟骨（calcaneus bone）,舟狀骨（navicular bone）,骰骨（cuboid bone）,距骨（talus bone）,,D,D,standard,,False,113090_1301.pdf,113090_ANS1301.pdf
MOEX-113090-1301-Q030,113,第二次,113090,1301,30,解剖學,解剖學,,下列那一條神經出現在枕下三角內（suboccipital triangle）？,枕下神經（suboccipital nerve）,枕大神經（greater occipital nerve）,枕小神經（lesser occipital nerve）,第三枕神經（3rd occipital nerve）,,A,A,standard,,False,113090_1301.pdf,113090_ANS1301.pdf
MOEX-113090-1301-Q031,113,第二次,113090,1301,31,解剖學,骨盆與會陰,骨盆與會陰,下列何者由坐骨大孔（greater sciatic foramen）進入臀區時，其位置最靠外側？,閉孔內肌神經（nerve to obturator internus）,陰部神經（pudendal nerve）,大腿後側皮神經（posterior cutaneous nerve of thigh）,坐骨神經（sciatic nerve）,,D,D,standard,,False,113090_1301.pdf,113090_ANS1301.pdf
MOEX-113090-1301-Q032,113,第二次,113090,1301,32,胚胎及發育生物學,胚胎及發育生物學,,胚胎發育的第三週（第15～21天）期間，下列何者不會出現？,原腸胚（gastrula）,脊索（notochord）,神經溝（neural groove）,咽弓（pharyngeal arch）,,D,D,standard,,False,113090_1301.pdf,113090_ANS1301.pdf
MOEX-113090-1301-Q033,113,第二次,113090,1301,33,組織學,組織學,,肺臟（lung）發育進入那一時期之後，會開始出現明顯的血氣障壁（blood-air barrier），以及產生較多 的表面張力劑（surfactant）？,偽腺期（pseudoglandular stage）,末囊期（terminal sac stage）,小管期（canalicular stage）,肺泡期（alveolar stage）,,B,B,standard,,False,113090_1301.pdf,113090_ANS1301.pdf
MOEX-113090-1301-Q034,113,第二次,113090,1301,34,胚胎及發育生物學,胚胎及發育生物學,,下腔靜脈肝臟段（hepatic portion of the inferior vena cava）主要是由下列何者發育而來？,卵黃靜脈（vitelline vein）,臍靜脈（umbilical vein）,下主靜脈（subcardinal vein）,上主靜脈（supracardinal vein）,,A,A,standard,,False,113090_1301.pdf,113090_ANS1301.pdf
MOEX-113090-1301-Q035,113,第二次,113090,1301,35,解剖學,腹部,腹部,下列何者屬於軀幹的軸下肌（hypaxial muscle）？,豎脊肌（erector spinae）,腹直肌（rectus abdominis）,闊背肌（latissmus dorsi）,棘肌（spinalis）,,B,B,standard,,False,113090_1301.pdf,113090_ANS1301.pdf
MOEX-113090-1301-Q036,113,第二次,113090,1301,36,解剖學,頭頸部,頭頸部,聽小骨（auditory ossicle）之砧骨（incus）是源自何處？,第一咽弓（first pharyngeal arch）,第二咽弓（second pharyngeal arch）,第三咽弓（third pharyngeal arch）,第四咽弓（fourth pharyngeal arch）,,A,A,standard,,False,113090_1301.pdf,113090_ANS1301.pdf
MOEX-113090-1301-Q037,113,第二次,113090,1301,37,組織學,組織學,,下列關於胞器（organelle）的敘述，何者正確？,粒線體（mitochondria）是單層膜胞器，是以無氧呼吸產生能量的主要場所,核糖體RNA（ribosomal RNA）存在細胞質內，是由核糖體（ribosome）所製造,平滑內質網（smooth ER）含有許多核糖體，負責蛋白質的醣化（glycosylation）,高基氏體（Golgi apparatus）負責蛋白質修飾（modification）和分類（sorting）,,D,D,standard,,False,113090_1301.pdf,113090_ANS1301.pdf
MOEX-113090-1301-Q038,113,第二次,113090,1301,38,組織學,組織學,,一般用來觀察組織切片的明視野顯微鏡（bright-field microscope），其最佳解析度（resolution）大約 是：,0.2 mm,0.2 μm,0.2 nm,0.2 pm,,B,B,standard,,False,113090_1301.pdf,113090_ANS1301.pdf
MOEX-113090-1301-Q039,113,第二次,113090,1301,39,組織學,組織學,,骨生成（bone formation）時，骨基質（bone matrix）主要由下列何者分泌？,骨生成細胞（osteoprogenitor cells）,成骨細胞（osteoblasts）,蝕骨細胞（osteoclasts）,骨細胞（osteocytes）,,B,B,standard,,False,113090_1301.pdf,113090_ANS1301.pdf
MOEX-113090-1301-Q040,113,第二次,113090,1301,40,組織學,組織學,,下列何者是主要負責神經元的軸突運輸（axonal transport）之構造？,髓鞘（myelin sheath）,平滑內質網（smooth endoplasmic reticulum）,微小管（microtubule）,粗糙內質網（rough endoplasmic reticulum）,,C,C,standard,,False,113090_1301.pdf,113090_ANS1301.pdf
MOEX-113090-1301-Q041,113,第二次,113090,1301,41,組織學,組織學,,下列何種細胞具有類似未分化間質幹細胞（undifferentiated mesenchymal stem cell）的特性，受刺激能 分化形成內皮細胞或平滑肌細胞？,周細胞（pericytes）,軟骨細胞（chondrocytes）,足細胞（podocytes）,肥大細胞（mast cells）,,A,A,standard,,False,113090_1301.pdf,113090_ANS1301.pdf
MOEX-113090-1301-Q042,113,第二次,113090,1301,42,組織學,組織學,,下列有關牙本質（dentin）和琺瑯質（enamel）的比較，何者正確？,兩者均存在齒冠（crown）和齒根（root）,兩者均是由成牙質細胞（odontoblasts）分泌形成,牙本質小管（dentinal tubule）內具有成牙質細胞突（odontoblastic process）,牙本質直接與牙周韌帶（periodontal ligament）相接,,C,C,standard,,False,113090_1301.pdf,113090_ANS1301.pdf
MOEX-113090-1301-Q043,113,第二次,113090,1301,43,解剖學,腹部,腹部,下列何者細胞主要分布在胃底腺（fundic glands），而沒有分布在胃幽門腺（pyloric glands）？,主細胞（chief cells）,未分化細胞（undifferentiated cells）,黏液分泌細胞（mucous-secreting cells）,腸內分泌細胞（enteroendocrine cells）,,A,A,standard,,False,113090_1301.pdf,113090_ANS1301.pdf
MOEX-113090-1301-Q044,113,第二次,113090,1301,44,組織學,組織學,,下列有關腎小管（renal tubule）結構之敘述，何者錯誤？,近曲小管（proximal convoluted tubule）和遠曲小管（distal convoluted tubule）的管壁細胞均有基 部橫紋（basal striation）,近曲小管（proximal convoluted tubule）的管壁細胞頂端之微絨毛數量比遠曲小管（distal convoluted tubule）的管壁細胞頂端之微絨毛數量多,腎髓射線（medullary ray）包括腎元（nephron）的近曲小管（proximal convoluted tubule）與遠曲小 管（distal convoluted tubule）,緻密斑（macula densa）是由遠曲小管（distal convoluted tubule）的管壁細胞特化而成,,C,C,standard,,False,113090_1301.pdf,113090_ANS1301.pdf
MOEX-113090-1301-Q045,113,第二次,113090,1301,45,解剖學,骨盆與會陰,骨盆與會陰,卵巢濾泡（ovarian follicle）成長時，顆粒細胞（granulosa cell）之間的接合構造（junction），何者 會廣泛的出現？,緊密接合（tight junction）,黏連接合（adherens junction）,間隙接合（gap junction）,橋粒（desmosome）,,C,C,standard,,False,113090_1301.pdf,113090_ANS1301.pdf
MOEX-113090-1301-Q046,113,第二次,113090,1301,46,組織學,組織學,,下列何種腺體內的細胞不會合成激素（hormone）？,腦下垂體前葉（anterior lobe of pituitary gland）,腦下垂體後葉（posterior lobe of pituitary gland）,腎上腺皮質（adrenal cortex）,腎上腺髓質（adrenal medulla）,,B,B,standard,,False,113090_1301.pdf,113090_ANS1301.pdf
MOEX-113090-1301-Q047,113,第二次,113090,1301,47,組織學,組織學,,下列有關細胞外液（extracellular fluid）的敘述，何者錯誤？,氯離子為細胞外液之主要陰離子,鉀離子為細胞外液之主要陽離子,造成細胞內外液之主要陽離子分布不同，須賴位於細胞膜上Na+/K+ ATPase之作用,一位體重70公斤的成年男性，其細胞外液量約為14公升,,B,B,standard,,False,113090_1301.pdf,113090_ANS1301.pdf
MOEX-113090-1301-Q048,113,第二次,113090,1301,48,組織學,組織學,,Horner syndrome的病人分布於臉面的交感神經受損，最不可能出現下列何項特徵？,額頭排汗減少,眼皮下垂,瞳孔持續放大,眼球下陷,,C,C,standard,,False,113090_1301.pdf,113090_ANS1301.pdf
MOEX-113090-1301-Q049,113,第二次,113090,1301,49,胚胎及發育生物學,胚胎及發育生物學,,下列關於語言優勢腦半球（dominant hemisphere）或語言互補式特化（complementary specialization） 半球的描述，下列何項最適當？,多數人負責語言理解和製造的語言優勢腦半球皆位於右腦半球,語言優勢腦半球和人臉及負向表情辨識的優勢腦半球通常位於不同半球,語言優勢腦半球是一個將語言的視空間化表徵特性轉化為時間表徵特性的腦半球,Wernicke's aphasia是專指語言優勢腦半球的Wernicke's area受損，使語言的製造上出現問題，但語言理 解是正常的,,B,B,standard,,False,113090_1301.pdf,113090_ANS1301.pdf
MOEX-113090-1301-Q050,113,第二次,113090,1301,50,組織學,組織學,,下列有關神經肌肉聯結或神經肌接頭（neuromuscular junction）之敘述，何項最不適當？,當junction的後方是骨骼肌的肌梭外肌纖維（extrafusal muscle fiber），junction的前方往往是alpha- motor neuron,在該處產生的endplate potential，是指junction前方運動神經元軸突末端膨紐（terminal bouton）細胞 膜上產生的graded potential,junction前方運動神經元釋放的神經傳導物質通常是乙醯膽鹼，junction後方的肌纖維細胞膜上的乙醯膽 鹼受體本身為一陽離子通道,在該junction處發現的miniature endplate potential，可用於推論出該junction前方的神經元在釋放神 經傳導物質時可能是以vesicle為單位的量子釋放（quantal release）,,B,B,standard,,False,113090_1301.pdf,113090_ANS1301.pdf
MOEX-113090-1301-Q051,113,第二次,113090,1301,51,組織學,組織學,,下列何種神經傳導物質不會貯存在突觸前的囊泡裡？,腺苷三磷酸（ATP）,催產素（oxytocin）,一氧化氮（NO）,組織胺（histamine）,,C,C,standard,,False,113090_1301.pdf,113090_ANS1301.pdf
MOEX-113090-1301-Q052,113,第二次,113090,1301,52,生理學,生理學,,下列何種受體屬於代謝型受體（metabotropic receptor）？,AMPA受體（AMPA recepter）,NMDA受體（NMDA recepter）,甘胺酸受體（glycine recepter）,蕈毒類受體（muscarinic recepter）,,D,D,standard,,False,113090_1301.pdf,113090_ANS1301.pdf
MOEX-113090-1301-Q053,113,第二次,113090,1301,53,醫學一其他科目,醫學一其他科目,,下列何種部位的損傷，最可能導致患者兩眼左視野消失？,right optic tract,left optic nerve,optic chiasm,optic disc,,A,A,standard,,False,113090_1301.pdf,113090_ANS1301.pdf
MOEX-113090-1301-Q054,113,第二次,113090,1301,54,組織學,組織學,,下列何者屬於單突觸反射作用（monosynaptic reflex）？,起始於皮膚痛覺受器受到刺激的縮回反射（withdrawal reflex）,狗經訓練後，聽到鈴聲而分泌唾液的條件反射（conditional reflex）,起始於肌肉受到牽張（stretch）的膝跳反射（knee jerk reflex）,起始於肌肉張力增加的伸肌反射（extensor reflex）,,C,C,standard,,False,113090_1301.pdf,113090_ANS1301.pdf
MOEX-113090-1301-Q055,113,第二次,113090,1301,55,生物化學,生物化學,,下列何者可以最快速度提供ATP供肌纖維收縮之用？,有氧磷酸化（oxidative phosphorylation）,糖解作用（glycolysis）,肝糖分解作用（glycogenolysis）,磷酸肌酸（creatine phosphate）,,D,D,standard,,False,113090_1301.pdf,113090_ANS1301.pdf
MOEX-113090-1301-Q056,113,第二次,113090,1301,56,組織學,組織學,,下列那些肌細胞具有自發性去極化（spontaneous depolarization）的能力？,skeletal muscle and specialized cardiac muscle,skeletal muscle and multi-unit smooth muscle,single-unit smooth muscle and multi-unit smooth muscle,single-unit smooth muscle and specialized cardiac muscle,,D,D,standard,,False,113090_1301.pdf,113090_ANS1301.pdf
MOEX-113090-1301-Q057,113,第二次,113090,1301,57,解剖學,胸腔,胸腔,急診來了一位患者，半年前他曾經進行健康檢查，檢查人員抽取 1 mL的血液，經離心後測量血漿 （plasma）體積為 0.6 mL，並告訴他正常。今日他因身體不適來到急診室，再次進行血液檢查後，醫生告 訴患者出現貧血現象。下列那一個數值，最可能是今日此患者在急診室測到的血比容（hematocrit）？,30%,40%,50%,75%,,A,A,standard,,False,113090_1301.pdf,113090_ANS1301.pdf
MOEX-113090-1301-Q058,113,第二次,113090,1301,58,解剖學,胸腔,胸腔,心臟組織的傳導速度由快到慢的排列，下列何者正確？,Purkinje system＞atrial pathways＞SA node,Purkinje system＞SA node＞atrial pathways,SA node＞Purkinje system＞atrial pathways,atrial pathways＞Purkinje system＞SA node,,A,A,standard,,False,113090_1301.pdf,113090_ANS1301.pdf
MOEX-113090-1301-Q059,113,第二次,113090,1301,59,解剖學,胸腔,胸腔,下列有關淋巴系統運作，何者最不易發生？,交感神經興奮促使淋巴管平滑肌收縮，可減緩淋巴液流速,增加骨骼肌泵活動，可增加淋巴液流速,淋巴管的平滑肌自發性節律收縮，可將淋巴液往心臟方向推動,淋巴管的瓣膜可以幫助往心臟方向推動淋巴液,,A,A,standard,,False,113090_1301.pdf,113090_ANS1301.pdf
MOEX-113090-1301-Q060,113,第二次,113090,1301,60,生理學,生理學,,循環系統作用受到體內恆定機制嚴謹調控，下列何項敘述最不可能發生？,血液體積上升，可導致周邊靜脈壓上升，心臟收縮末期容積增加,周邊靜脈壓上升，可導致心搏量增加，動脈壓上升,周邊靜脈壓上升，靜脈回流心臟增加，可導致心輸出量上升,血液體積上升，可導致尿液流失鈉離子與水分增加,,A,A,standard,,False,113090_1301.pdf,113090_ANS1301.pdf
MOEX-113090-1301-Q061,113,第二次,113090,1301,61,解剖學,胸腔,胸腔,吸氣時有時會延長主動脈和肺動脈瓣膜關閉差距的時間，這會造成那一心音分裂（splitting）？,第一心音,第二心音,第三心音,第四心音,,B,B,standard,,False,113090_1301.pdf,113090_ANS1301.pdf
MOEX-113090-1301-Q062,113,第二次,113090,1301,62,解剖學,胸腔,胸腔,"在整個呼吸循環（respiratory cycle）中，肺泡內壓（alveolar pressure, P ）於何時達到最高點？ alv",開始吸氣時,吸氣階段中途,吸氣結束，開始呼氣之前,呼氣階段中途,,D,D,standard,,False,113090_1301.pdf,113090_ANS1301.pdf
MOEX-113090-1301-Q063,113,第二次,113090,1301,63,解剖學,胸腔,胸腔,"相較於健康者，肺氣腫（emphysema）的病患有下列那些特徵？①呼吸道阻力（airway resistance）增 加 ②肺臟順應性（lung compliance）減少 ③生理無效腔（physiological dead space）增加 ④體動 脈（systemic artery）血中血氧飽和度百分比（oxygen saturation percentage, ）不變",①②③④,僅①③,僅②③,僅①④,,B,B,standard,,False,113090_1301.pdf,113090_ANS1301.pdf
MOEX-113090-1301-Q064,113,第二次,113090,1301,64,生理學,生理學,,關於腸道內分泌荷爾蒙（hormones）的生理功能敘述，下列何者最適當？,"膽囊收縮素（cholecystokinin, CCK）主要促進胃排空（gastric emptying），並可促進胃結腸反射 （gastrocolic reflex）","膽囊收縮素（cholecystokinin, CCK）可因感受腸道酸鹼值（pH）下降而分泌，主要促進奧迪氏括約肌 （sphincter of Oddi）收縮",胰泌素（secretin）主要促進胰臟碳酸根離子（HCO -）釋放，並抑制胃部氫離子（H+）分泌 3,胰泌素（secretin）可因感受腸道中之酸鹼值（pH）上升而分泌，主要促進胰臟製造消化酵素,,C,C,standard,,False,113090_1301.pdf,113090_ANS1301.pdf
MOEX-113090-1301-Q065,113,第二次,113090,1301,65,解剖學,腹部,腹部,關於不帶有spike potentials的腸道慢波（slow waves）的敘述，下列何者最適當？,"起源與卡氏間質細胞（interstitial cells of Cajal, ICC）有關，常導致腸道平滑肌之收縮",起源與潘氏細胞（Paneth cell）有關，常導致腸道平滑肌之收縮,"起源與卡氏間質細胞（interstitial cells of Cajal, ICC）有關，很少導致腸道平滑肌之收縮",起源與潘氏細胞（Paneth cell）有關，很少導致腸道平滑肌之收縮,,C,C,standard,,False,113090_1301.pdf,113090_ANS1301.pdf
MOEX-113090-1301-Q066,113,第二次,113090,1301,66,生物化學,生物化學,,下列何者不是身體得到H+的來源或狀況？,腹瀉而造成流失碳酸鹽（bicarbonate）,換氣不足（hypoventilation）,腎臟排除銨離子（NH +） 4,由蛋白質及其他有機物在代謝過程中產生非揮發性酸（nonvolatile acid）,,C,C,standard,,False,113090_1301.pdf,113090_ANS1301.pdf
MOEX-113090-1301-Q067,113,第二次,113090,1301,67,解剖學,腹部,腹部,"若受試者的腎血流量（renal blood flow）為1,250 mL/min，血比容（hematocrit）為50%，腎絲球過濾率 （glomerular filtration rate）125 mL/min，則其腎臟之過濾分數（filtration fraction）最接近下列 何者？",20%,40%,60%,80%,,A,A,standard,,False,113090_1301.pdf,113090_ANS1301.pdf
MOEX-113090-1301-Q068,113,第二次,113090,1301,68,生理學,生理學,,下列何種因素最不具有促進泌乳激素（prolactin）分泌的作用？,睡眠,壓力,懷孕,給與多巴胺（dopamine）受體致效劑,,D,D,standard,,False,113090_1301.pdf,113090_ANS1301.pdf
MOEX-113090-1301-Q069,113,第二次,113090,1301,69,生理學,生理學,,一位被評估為身材矮小的6歲女童，血中生長激素濃度卻落在該年齡層正常範圍，下列何者為最可能的致病 原因？,腦下垂體前葉生長激素釋放激素（GHRH）受體結構缺損,生長激素受體結構缺損,腦下垂體前葉所分泌之體抑素（somatostatin）不足,動情素合成分泌功能缺損,,B,B,standard,,False,113090_1301.pdf,113090_ANS1301.pdf
MOEX-113090-1301-Q070,113,第二次,113090,1301,70,生理學,生理學,,欲檢測人類腎上腺皮質之功能狀況，下列何種激素之血中濃度最具代表性？,皮質醇（cortisol）,皮質酮（corticosterone）,促腎上腺皮質激素（ACTH）,皮釋素（CRH）,,A,A,standard,,False,113090_1301.pdf,113090_ANS1301.pdf
MOEX-113090-1301-Q071,113,第二次,113090,1301,71,生理學,生理學,,下列何者促進血鈣濃度升高的能力最強？,calcitonin,parathyroid hormone,prolactin,oxytocin,,B,B,standard,,False,113090_1301.pdf,113090_ANS1301.pdf
MOEX-113090-1301-Q072,113,第二次,113090,1301,72,解剖學,腹部,腹部,飯後胰島素明顯增加，相對而言，下列何種組織是其最主要的作用標的，以促使葡萄糖進入其細胞而降低血 糖？,腎臟組織,大腦皮質,脂肪組織,小腸黏膜,,C,C,standard,,False,113090_1301.pdf,113090_ANS1301.pdf
MOEX-113090-1301-Q073,113,第二次,113090,1301,73,解剖學,骨盆與會陰,骨盆與會陰,下列有關生殖生理功能和調控的敘述，何者最不適當？,"睪固酮（testosterone）抑制腦下垂體前葉（anterior pituitary）分泌黃體生成素（luteinizing hormone, LH）",抑制素（inhibin）抑制萊氏細胞（Leydig cell）分泌睪固酮（testosterone）,睪固酮（testosterone）促進Wolffian duct分化,"二氫睪固酮（dihydrotestosterone, DHT）促進前列腺（prostate）發育",,B,B,standard,,False,113090_1301.pdf,113090_ANS1301.pdf
MOEX-113090-1301-Q074,113,第二次,113090,1301,74,生物化學,生物化學,,下列何種蛋白質純化方法的專一性（specificity）最好？,親合力層析法（affinity chromatography）,離子交換層析法（ion-exchange chromatography）,膠體過濾層析法（gel filtration chromatography）,鹽析法（salting-out）,,A,A,standard,,False,113090_1301.pdf,113090_ANS1301.pdf
MOEX-113090-1301-Q075,113,第二次,113090,1301,75,生物化學,生物化學,,下列何種處理方法最容易破壞蛋白質結構中的雙硫鍵（disulfide bond）？,高溫（high temperature）,強酸（low pH）,加入還原劑（reducing agent）,加入界面活性劑（detergent）,,C,C,standard,,False,113090_1301.pdf,113090_ANS1301.pdf
MOEX-113090-1301-Q076,113,第二次,113090,1301,76,醫學一其他科目,醫學一其他科目,,將Michaelis-Menten equation轉型作成的雙倒數圖（double reciprocal plot），稱為Lineweaver-Burk plot，其方程式：1/V =K /(V [S])+1/V ，由此雙倒數圖要如何求得K ？ 0 m max max m,X軸的截距為其K m,X軸截距的倒數為其K m,X軸截距的倒數乘以-1為其K m,Y軸截距的倒數乘以-1為其K m,,C,C,standard,,True,113090_1301.pdf,113090_ANS1301.pdf
MOEX-113090-1301-Q077,113,第二次,113090,1301,77,醫學一其他科目,醫學一其他科目,,Alanine aminotransferase可將丙胺酸（alanine）轉換為丙酮酸（pyruvate），下列何者是此轉胺作用 （transamination）所需的輔酶？,NADPH,NADH,pyridoxal phosphate,thiamine pyrophosphate,,C,C,standard,,False,113090_1301.pdf,113090_ANS1301.pdf
MOEX-113090-1301-Q078,113,第二次,113090,1301,78,組織學,組織學,,下列有關不同脂溶性vitamin性質與功能之敘述，何者錯誤？,vitamin D 作為類固醇激素，經代謝後可調節鈣和磷的體內平衡 3,vitamin D 可經由陽光照射皮膚中的7-dehydrocholesterol來生成 3,vitamin E具有抗氧化功能,vitamin K參與血液凝結及K+結合,,D,D,standard,,False,113090_1301.pdf,113090_ANS1301.pdf
MOEX-113090-1301-Q079,113,第二次,113090,1301,79,組織學,組織學,,單股DNA的結構相當有彈性，可自我纏繞為多股的特殊構型以進行基因表達的調控。目前已知在端粒 （telomere）鳥嘌呤（guanine）含量較高之單股DNA以下列何種結構穩定存在於細胞內？,雙股DNA結構,三股DNA結構,四股DNA結構,五股DNA結構,,C,C,standard,,False,113090_1301.pdf,113090_ANS1301.pdf
MOEX-113090-1301-Q080,113,第二次,113090,1301,80,組織學,組織學,,輔酶coenzyme A結構中含有下列何種核苷酸？,尿嘧啶核苷酸（uracil nucleotide）,胞嘧啶核苷酸（cytosin nucleotide）,腺嘌呤核苷酸（adenine nucleotide）,鳥嘌呤核苷酸（guanine nucleotide）,,C,C,standard,,False,113090_1301.pdf,113090_ANS1301.pdf
MOEX-113090-1301-Q081,113,第二次,113090,1301,81,組織學,組織學,,哺乳動物細胞中的DNA同源性重組（homologous recombination）過程，不需要下列何者？,BRCA1,MRN complex,RAD51,RAG1/2,,D,D,standard,,False,113090_1301.pdf,113090_ANS1301.pdf
MOEX-113090-1301-Q082,113,第二次,113090,1301,82,微生物免疫寄生蟲公衛,微生物免疫寄生蟲公衛,,大腸桿菌之Dam甲基化酶（Dam methylase）於DNA複製過程中的生物功能為何？,在尿嘧啶（uracil）上進行甲基化，轉變成胸腺嘧啶（thymine），進行DNA修復,在胞嘧啶（cytosine）上進行甲基化，轉變成5-甲基胞嘧啶（5-methylcytosine）,標記DNA，以作為DNA錯誤配對修復（mismatch repair）之模板股辨識,將胸腺嘧啶（thymine）上的甲基移除,,C,C,standard,,False,113090_1301.pdf,113090_ANS1301.pdf
MOEX-113090-1301-Q083,113,第二次,113090,1301,83,組織學,組織學,,光裂合酶（DNA photolyase）修復嘧啶二聚體（pyrimidine dimer）需要下列何種輔助因子（cofactor）？,輔酶A（coenzyme A）,還原型黃素腺嘌呤二核苷酸（FADH–）,"磷酸吡哆醛（pyridoxal phosphate, PLP）",輔酶Q（coenzyme Q）,,B,B,standard,,False,113090_1301.pdf,113090_ANS1301.pdf
MOEX-113090-1301-Q084,113,第二次,113090,1301,84,生物化學,生物化學,,下列有關細菌蛋白質初始合成（the initiation of protein synthesis）的敘述，何者錯誤？,fMet-tRNAfMet結合在核糖體（ribosome）的P位置,factor IF3可以結合在核糖體（ribosome）的30s subunit,mRNA之起始（5'）AUG，位於核糖體（ribosome）的A位置,factor IF1結合在核糖體（ribosome）的A位置,,C,C,standard,,False,113090_1301.pdf,113090_ANS1301.pdf
MOEX-113090-1301-Q085,113,第二次,113090,1301,85,生物化學,生物化學,,許多抗生素的作用機轉為抑制細菌中的蛋白質轉譯。下列何者不是抑制蛋白質轉譯作用的抗生素？,四環黴素（tetracycline）,立汎黴素（rifampicin）,紅黴素（erythromycin）,鏈黴素（streptomycin）,,B,B,standard,,False,113090_1301.pdf,113090_ANS1301.pdf
MOEX-113090-1301-Q086,113,第二次,113090,1301,86,醫學一其他科目,醫學一其他科目,,下列何者具有異位調控蛋白（allosteric protein）的特性？,操縱子（operator）,抑制子（repressor）,啟動子（promoter）,誘導子（inducer）,,B,B,standard,,False,113090_1301.pdf,113090_ANS1301.pdf
MOEX-113090-1301-Q087,113,第二次,113090,1301,87,生物化學,生物化學,,下列何者具有反轉錄酶（reverse transcriptase）之活性？,telomerase,hammerhead ribozyme,RNase P,RNA polymerase Ⅲ,,A,A,standard,,False,113090_1301.pdf,113090_ANS1301.pdf
MOEX-113090-1301-Q088,113,第二次,113090,1301,88,解剖學,腹部,腹部,下列有關pyruvate dehydrogenase（PDH）活性調控之敘述，何者錯誤？,NADH會抑制PDH活性,acetyl-CoA會抑制PDH活性,胰島素（insulin）會透過PDH phosphatase抑制PDH活性,ATP會透過PDH kinase抑制PDH活性,,C,C,standard,,False,113090_1301.pdf,113090_ANS1301.pdf
MOEX-113090-1301-Q089,113,第二次,113090,1301,89,醫學一其他科目,醫學一其他科目,,下列那兩種單醣分子互為變旋異構物（anomers）？,D-glucose和D-fructose,D-glucose和D-mannose,D-glucose和L-glucose,α-D-glucose和β-D-glucose,,D,D,standard,,False,113090_1301.pdf,113090_ANS1301.pdf
MOEX-113090-1301-Q090,113,第二次,113090,1301,90,組織學,組織學,,下列關於glucose在人類的紅血球中代謝的敘述，何者錯誤？,glucose代謝最終產物之一為lactic acid,pyruvate可轉化為acetyl-CoA進一步代謝,提供NADPH使glutathione保持還原狀態,glucose也可以利用pentose phosphate途徑代謝,,B,B,standard,,False,113090_1301.pdf,113090_ANS1301.pdf
MOEX-113090-1301-Q091,113,第二次,113090,1301,91,生物化學,生物化學,,下列何者不是造成未治療的第一型（type 1）糖尿病病人有ketoacidosis的原因？,草醯乙酸（oxaloacetate）太低,酮體（ketone bodies）產生過多,檸檬酸循環（TCA cycle）加速進行,解脂作用（lipolysis）升高,,C,C,standard,,False,113090_1301.pdf,113090_ANS1301.pdf
MOEX-113090-1301-Q092,113,第二次,113090,1301,92,生物化學,生物化學,,下列關於細胞膜（plasma membrane）的敘述何者正確？,大多數細胞膜含有百分之七十以上的蛋白質,膽固醇（cholesterol）普遍存在於細菌細胞膜中,膽固醇（cholesterol）普遍存在於人類細胞膜中,膽固醇（cholesterol）普遍存在於植物細胞膜中,,C,C,standard,,False,113090_1301.pdf,113090_ANS1301.pdf
MOEX-113090-1301-Q093,113,第二次,113090,1301,93,生物化學,生物化學,,下列有關膽固醇（cholesterol）的敘述，何者錯誤？,膽固醇可經由ω-oxidation產生能量,acetyl-CoA為膽固醇生合成的前驅物,膽固醇為維生素D生合成的前驅物,β-hydroxy-β-methylglutaryl-CoA（HMG-CoA）reductase的催化反應為膽固醇生合成的速率決定步驟,,A,A,standard,,False,113090_1301.pdf,113090_ANS1301.pdf
MOEX-113090-1301-Q094,113,第二次,113090,1301,94,生物化學,生物化學,,"下列何種胺基酸可代謝產生丙酮酸（pyruvate）及硫化氫（hydrogen sulfide, H S）？ 2",甲硫胺酸（methionine）,半胱胺酸（cysteine）,絲胺酸（serine）,蘇胺酸（threonine）,,B,B,standard,,False,113090_1301.pdf,113090_ANS1301.pdf
MOEX-113090-1301-Q095,113,第二次,113090,1301,95,生物化學,生物化學,,"下列何種胺基酸可代謝為神經傳導物質γ-胺基丁酸（γ-aminobutyric acid, GABA）？",麩胺酸（glutamate）,甲硫胺酸（methionine）,蘇胺酸（threonine）,丙胺酸（alanine）,,A,A,standard,,False,113090_1301.pdf,113090_ANS1301.pdf
MOEX-113090-1301-Q096,113,第二次,113090,1301,96,組織學,組織學,,人類棕色脂肪組織（brown adipose tissue）中，thermogenin利用下列何種物質在粒線體內膜兩側的濃度 差，做為產熱的能量來源？,ATP,氫離子（H+）,鈣離子（Ca2+）,鈉離子（Na+）,,B,B,standard,,False,113090_1301.pdf,113090_ANS1301.pdf
MOEX-113090-1301-Q097,113,第二次,113090,1301,97,醫學一其他科目,醫學一其他科目,,Cyclin-dependent protein kinase（CDK）主要受下列何者抑制？,lamin,myosin,p21,retinoblastoma（Rb）protein,,C,C,standard,,False,113090_1301.pdf,113090_ANS1301.pdf
MOEX-113090-1301-Q098,113,第二次,113090,1301,98,生物化學,生物化學,,人體中nitric oxide由NO synthase生成時，需要何種胺基酸參與反應？,天門冬醯胺（asparagine）,穀胺酸（glutamate）,精胺酸（arginine）,酪胺酸（tyrosine）,,C,C,standard,,False,113090_1301.pdf,113090_ANS1301.pdf
MOEX-113090-1301-Q099,113,第二次,113090,1301,99,組織學,組織學,,"磷脂酶C（phospholipase C）水解phosphatidylinositol 4,5-bisphosphate（PIP ），直接產生的次級訊 2 息傳遞者（second messenger）包括下列何者？",二醯基甘油（diacylglycerol）,磷脂醯肌醇（phosphatidylinositol）,cAMP,cGMP,,A,A,standard,,False,113090_1301.pdf,113090_ANS1301.pdf
MOEX-113090-1301-Q100,113,第二次,113090,1301,100,生物化學,生物化學,,若要將兩個質體上的去氧核糖核酸（DNA）片段進行重組，下列何種酵素最可能被使用？,限制酶（restriction enzyme）,核糖核酸聚合酶（RNA polymerase）,反轉錄酶（reverse transcriptase）,多核苷酸激酶（polynucleotide kinase）,,A,A,standard,,False,113090_1301.pdf,113090_ANS1301.pdf
MOEX-114020-1301-Q001,114,第一次,114020,1301,1,組織學,組織學,,下 列何者含有耳蝸神經核（cochlear nucleus）傳遞到下丘（inferior colliculus）的神經纖維？,內 側蹄系（medial lemniscus）,脊 髓蹄系（spinal lemniscus）,外 側蹄系（lateral lemniscus）,三 叉蹄系（trigeminal lemniscus）,,C,C,standard,,False,114020_1301.pdf,114020_MOD1301.pdf
MOEX-114020-1301-Q002,114,第一次,114020,1301,2,解剖學,神經解剖,神經解剖,病 人脊髓受損導致受傷部位以下肢體無力，溫痛覺喪失，但本體感覺與震動覺保留，下列何處最不可能受損？,後 索（posterior funiculus）,前 索（anterior funiculus）,側 索（lateral funiculus）,前 角（anterior horn）,,A,A,standard,,False,114020_1301.pdf,114020_MOD1301.pdf
MOEX-114020-1301-Q003,114,第一次,114020,1301,3,解剖學,頭頸部,神經解剖,關 於前脈絡叢動脈（anterior choroidal artery）之敘述，下列何者錯誤？,可 供給側腦室（lateral ventricle）之脈絡叢（choroid plexus）,可 供給內囊後支（posterior limb of internal capsule）,多 數人的前脈絡叢動脈，由內頸動脈（internal carotid artery）分支出,基 底核（basal ganglion）的殼核（putamen），主要由前脈絡叢動脈供給,,D,D,standard,,False,114020_1301.pdf,114020_MOD1301.pdf
MOEX-114020-1301-Q004,114,第一次,114020,1301,4,解剖學,神經解剖,神經解剖,下 列有關巴金森氏病（Parkinson's disease）之敘述，何者錯誤？,病 變部位主要在黑質網狀區（substantia nigra pars reticulata）,與 dopamine 分泌不足有關,為 一種神經退化性疾病,可 同時影響基底核迴路中的 direct loop 與 indirect loop,,A,A,standard,,False,114020_1301.pdf,114020_MOD1301.pdf
MOEX-114020-1301-Q005,114,第一次,114020,1301,5,解剖學,解剖學,,下 列何者最不可能直接參與眼睛看近物時的調適反應（accommodation-convergence reaction）？,雙 眼內直肌（medial rectus）,動 眼神經（oculomotor nerve）,額 葉眼區（frontal eye field）,睫 狀肌（ciliary muscle）,,C,C,standard,,False,114020_1301.pdf,114020_MOD1301.pdf
MOEX-114020-1301-Q006,114,第一次,114020,1301,6,解剖學,頭頸部,神經解剖,下 列何者負責供應內耳血液？,副 腦膜動脈（accessory meningeal artery）,後 腦膜動脈（posterior meningeal artery）,迷 路動脈（labyrinthine artery）,咽 升動脈（ascending pharyngeal artery）,,C,C,standard,,False,114020_1301.pdf,114020_MOD1301.pdf
MOEX-114020-1301-Q007,114,第一次,114020,1301,7,解剖學,頭頸部,頭頸部,下 列何者並不同時參與外聽道（external acoustic meatus）與鼓膜（tympanic membrane）之一般感覺？,三 叉神經（trigeminal nerve）,顏 面神經（facial nerve）,舌 咽神經（glossopharyngeal nerve）,迷 走神經（vagus nerve）,,C,C,standard,,False,114020_1301.pdf,114020_MOD1301.pdf
MOEX-114020-1301-Q008,114,第一次,114020,1301,8,解剖學,解剖學,,下 列何者隔開耳蝸管（cochlear duct/scala media）與鼓室階（scala tympani）？,前 庭膜（vestibular membrane）,基 底膜（basilar membrane）,鼓 膜（tympanic membrane）,螺 旋韌帶（spiral ligament）,,B,B,standard,,False,114020_1301.pdf,114020_MOD1301.pdf
MOEX-114020-1301-Q009,114,第一次,114020,1301,9,解剖學,解剖學,,下 列何者並不以共同腱環（common tendinous ring）為起點？,上 直肌（superior rectus）,下 直肌（inferior rectus）,外 直肌（lateral rectus）,下 斜肌（inferior oblique）,,D,D,standard,,False,114020_1301.pdf,114020_MOD1301.pdf
MOEX-114020-1301-Q010,114,第一次,114020,1301,10,解剖學,頭頸部,頭頸部,下 列何者與鐙骨肌（stapedius muscle）有相同的神經支配？,鼓 膜張肌（tensor tympani muscle）,眼 輪匝肌（orbicularis oculi muscle）,腭 帆提肌（levator veli palatini muscle）,腭 帆張肌（tensor veli palatini muscle）,,B,B,standard,,False,114020_1301.pdf,114020_MOD1301.pdf
MOEX-114020-1301-Q011,114,第一次,114020,1301,11,解剖學,頭頸部,頭頸部,前 囟門（anterior fontanelle）處的頭皮（scalp）主要血液供應來自：,眶 上動脈（supraorbital artery）,升 咽動脈（ascending pharyngeal artery）,耳 後動脈（posterior auricular artery）,枕 動脈（occipital artery）,,A,A,standard,,False,114020_1301.pdf,114020_MOD1301.pdf
MOEX-114020-1301-Q012,114,第一次,114020,1301,12,解剖學,神經解剖,神經解剖,擠 壓鼻尖產生的痛覺，其感覺訊息透過下列何者傳遞？,眼 神經分支（branches of ophthalmic nerve）,上 頷神經分支（branches of maxillary nerve）,下 頷神經分支（branches of mandibular nerve）,顏 面神經分支（branches of facial nerve）,,A,A,standard,,False,114020_1301.pdf,114020_MOD1301.pdf
MOEX-114020-1301-Q013,114,第一次,114020,1301,13,解剖學,頭頸部,頭頸部,下 列腦神經與其所關聯的副交感神經節的配對，何者正確？,第 三對腦神經（CN III）；耳神經節（otic ganglion）,第 七對腦神經（CN VII）；翼腭神經節（pterygopalatine ganglion）,第 九對腦神經（CN IX）；睫狀神經節（ciliary ganglion）,第 十對腦神經（CN X）；下頷下神經節（submandibular ganglion）,,B,B,standard,,False,114020_1301.pdf,114020_MOD1301.pdf
MOEX-114020-1301-Q014,114,第一次,114020,1301,14,解剖學,胸腔,胸腔,下 列何處，有最發達的心臟梳狀肌（pectinate muscle）？,左 心房後半部,右 心房前半部,左 心室前半部,右 心室後半部,,B,B,standard,,False,114020_1301.pdf,114020_MOD1301.pdf
MOEX-114020-1301-Q015,114,第一次,114020,1301,15,解剖學,頭頸部,神經解剖,若 病人的主動脈弓（aortic arch）發生動脈瘤（aneurysm），造成聲音沙啞，最可能是因為下列那一條神經 功能間接受損？,右 側迷走神經（right vagus nerve）,右 側交感神經幹（right sympathetic trunk）,左 側交感神經幹（left sympathetic trunk）,左 側喉返神經（left recurrent laryngeal nerve）,,D,D,standard,,False,114020_1301.pdf,114020_MOD1301.pdf
MOEX-114020-1301-Q016,114,第一次,114020,1301,16,解剖學,上肢,上肢,若 病人在縱隔部分（mediastinal part）的胸膜（pleura）發炎，其轉位痛最容易出現在下列何處？,頸 部外側與鎖骨上方處,前 胸第四肋間附近,手 臂內側靠近腋下處,背 部肩胛骨下方,,A,A,standard,,False,114020_1301.pdf,114020_MOD1301.pdf
MOEX-114020-1301-Q017,114,第一次,114020,1301,17,解剖學,胸腔,胸腔,有 關氣管之敘述，下列何者錯誤？,氣 管通常在胸骨角（sternal angle）水平面，分支為左、右主支氣管,右 支氣管通常比左支氣管寬且較為垂直（vertical）,正 常之左、右支氣管夾角約在 150 度,除 氣管隆突（carina）之外，氣管的軟骨全為 C 型軟骨,,C,C,standard,,False,114020_1301.pdf,114020_MOD1301.pdf
MOEX-114020-1301-Q018,114,第一次,114020,1301,18,解剖學,腹部,腹部,下 列何者是腹膜內器官（intraperitoneal organ）？,胰 臟（pancreas）,腎 臟（kidney）,十 二指腸（duodenum）,迴 腸（ileum）,,D,D,standard,,False,114020_1301.pdf,114020_MOD1301.pdf
MOEX-114020-1301-Q019,114,第一次,114020,1301,19,解剖學,腹部,腹部,進 行闌尾（appendix）去除手術前，可藉由下列何種結構快速找到闌尾？,腸 脂垂（omental appendices）,右 結腸動脈（right colic artery）,盲 腸上的結腸帶（taenia coli of cecum）,迴 結腸動脈（ileocolic artery）,,C,C,standard,,False,114020_1301.pdf,114020_MOD1301.pdf
MOEX-114020-1301-Q020,114,第一次,114020,1301,20,解剖學,腹部,腹部,下 列何結構上有腹股溝淺環（superifical inguinal ring）的開口？,腹 外斜肌腱膜（aponeurosis of external oblique muscle）,腹 直肌腱膜（aponeurosis of rectus abdominis）,腹 內斜肌腱膜（aponeurosis of internal oblique muscle）,腹 橫肌腱膜（aponeurosis of transversus abdominis）,,A,A,standard,,False,114020_1301.pdf,114020_MOD1301.pdf
MOEX-114020-1301-Q021,114,第一次,114020,1301,21,解剖學,腹部,腹部,下 列何者不是腹腔幹（celiac trunk）的一級分支？,總 肝動脈（common hepatic artery）,左 胃動脈（left gastric artery）,胃 十二指腸動脈（gastroduodenal artery）,脾 動脈（splenic artery）,,C,C,standard,,False,114020_1301.pdf,114020_MOD1301.pdf
MOEX-114020-1301-Q022,114,第一次,114020,1301,22,解剖學,骨盆與會陰,骨盆與會陰,關 於子宮動脈（uterine artery），下列敘述何者錯誤？,子 宮動脈是髂內動脈（internal iliac artery）的分支,子 宮動脈有一段會直接跨在輸尿管（ureter）的上方,子 宮動脈的主幹會先進入子宮底（fundus），之後再發出分支供應子宮頸（cervix）,子 宮動脈會與卵巢動脈吻合（anastomosis）,,C,C,standard,,False,114020_1301.pdf,114020_MOD1301.pdf
MOEX-114020-1301-Q023,114,第一次,114020,1301,23,解剖學,骨盆與會陰,骨盆與會陰,下 列何者附著於恥骨聯合（pubic symphysis）？,陰 莖懸韌帶（suspensory ligament of penis）,陰 莖襻狀韌帶（fundiform ligament of penis）,會 陰體（perineal body）,會 陰淺橫肌（superficial transverse perineal muscle）,,A,A,standard,,False,114020_1301.pdf,114020_MOD1301.pdf
MOEX-114020-1301-Q024,114,第一次,114020,1301,24,解剖學,骨盆與會陰,骨盆與會陰,下 列何者不是薦神經叢（sacral plexus）的分支？,臀 上神經（superior gluteal nerve）,閉 孔內肌神經（nerve to obturator internus）,陰 部神經（pudendal nerve）,閉 孔神經（obturator nerve）,,D,D,standard,,False,114020_1301.pdf,114020_MOD1301.pdf
MOEX-114020-1301-Q025,114,第一次,114020,1301,25,解剖學,骨盆與會陰,骨盆與會陰,下 列何構造開口於海綿體尿道（spongy urethra）？,前 列腺（prostate gland）,精 囊（seminal vesicle）,射 精管（ejaculatory duct）,尿 道球腺（bulbourethral gland）,,D,D,standard,,False,114020_1301.pdf,114020_MOD1301.pdf
MOEX-114020-1301-Q026,114,第一次,114020,1301,26,解剖學,上肢,上肢,下 列那一條肌肉的支配神經與其他選項完全不同？,背 闊肌（latissimus dorsi）,大 菱形肌（rhomboid major）,小 菱形肌（rhomboid minor）,提 肩胛肌（levator scapulae）,,A,A,standard,,False,114020_1301.pdf,114020_MOD1301.pdf
MOEX-114020-1301-Q027,114,第一次,114020,1301,27,解剖學,上肢,上肢,下 列那一神經受損，食指的外展、內收作用（abduct and adduct index）都會出現障礙？,腋 神經（axillary nerve）,橈 神經（radial nerve）,尺 神經（ulnar nerve）,正 中神經（median nerve）,,C,C,standard,,False,114020_1301.pdf,114020_MOD1301.pdf
MOEX-114020-1301-Q028,114,第一次,114020,1301,28,組織學,組織學,,下 列何者夾在內踝（medial malleolus）與外踝（lateral malleolus）之間？,跟 骨（calcaneus）,距 骨（talus）,舟 狀骨（navicular）,骰 骨（cuboid）,,B,B,standard,,False,114020_1301.pdf,114020_MOD1301.pdf
MOEX-114020-1301-Q029,114,第一次,114020,1301,29,解剖學,下肢,下肢,下 列何肌肉肌腱不構成鵝足（pes anserinus）？,股 薄肌（gracilis）,縫 匠肌（sartorius）,半 腱肌（semitendinosus）,內 收長肌（adductor longus）,,D,D,standard,,False,114020_1301.pdf,114020_MOD1301.pdf
MOEX-114020-1301-Q030,114,第一次,114020,1301,30,解剖學,上肢,上肢,正 常情形下，臂神經叢（brachial plexus）的那一部分會包圍住腋動脈的第二段（second part of axillary artery）？,神 經根（roots）,神 經幹（trunks）,神 經分部（divisions）,神 經索（cords）,,D,D,standard,,False,114020_1301.pdf,114020_MOD1301.pdf
MOEX-114020-1301-Q031,114,第一次,114020,1301,31,組織學,組織學,,下 列何者位於枕下三角（suboccipital triangle）內，並且支配枕下三角的肌肉群？,第 一頸神經的前支（anterior ramus of C1）,第 一頸神經的後支（posterior ramus of C1）,枕 大神經（greater occipital nerve）,枕 小神經（lesser occipital nerve）,,B,B,standard,,False,114020_1301.pdf,114020_MOD1301.pdf
MOEX-114020-1301-Q032,114,第一次,114020,1301,32,胚胎及發育生物學,胚胎及發育生物學,,若 孕婦將著床出血誤認為月經出血，而估算出預產期為 7 月 1 日，正確的預產期為何？,比 7 月 1 日早一週,比 7 月 1 日晚一週,比 7 月 1 日晚兩週,比 7 月 1 日早兩週,,D,D,standard,,False,114020_1301.pdf,114020_MOD1301.pdf
MOEX-114020-1301-Q033,114,第一次,114020,1301,33,解剖學,胸腔,胸腔,胎 兒的肺臟（lung）發育至下列那一時期發生早產，即使小心照護也無法存活（survive）？,偽 腺期（pseudoglandular stage）,末 囊期（terminal sac stage）,小 管期（canalicular stage）,肺 泡期（alveolar stage）,,A,A,standard,,False,114020_1301.pdf,114020_MOD1301.pdf
MOEX-114020-1301-Q034,114,第一次,114020,1301,34,解剖學,腹部,腹部,下 列關於胰臟（pancreas）發育的敘述，何者正確？,由 中胚層發育衍生出背胰芽（dorsal pancreatic buds）和腹胰芽（ventral pancreatic buds）,當 十二指腸旋轉至左側時，會使背胰芽（dorsal pancreatic buds）轉至後側和十二指腸前方的腹胰芽 （ventral pancreatic buds）癒合，形成胰臟,腹 胰芽（ventral pancreatic buds）主要發育為胰臟的鉤狀突（uncinate process）以及部分的頭端,環 狀胰臟（annular pancreas）為常見的消化道缺陷，主要會造成胃阻塞,,C,C,standard,,False,114020_1301.pdf,114020_MOD1301.pdf
MOEX-114020-1301-Q035,114,第一次,114020,1301,35,解剖學,胸腔,胸腔,胚 胎正常發育時，奇靜脈根部（root of azygos vein）的起源是：,後 主靜脈（posterior cardinal vein）,總 主靜脈（common cardinal vein）,前 主靜脈（anterior cardinal vein）,下 主靜脈（subcardinal vein）,,A,A,standard,,False,114020_1301.pdf,114020_MOD1301.pdf
MOEX-114020-1301-Q036,114,第一次,114020,1301,36,解剖學,頭頸部,頭頸部,嚼 肌（masseter）主要是源自下列何者？,第 一咽弓（first pharyngeal arch）,第 二咽弓（second pharyngeal arch）,第 三咽弓（third pharyngeal arch）,第 四及第六咽弓（fourth and sixth pharyngeal arches）,,A,A,standard,,False,114020_1301.pdf,114020_MOD1301.pdf
MOEX-114020-1301-Q037,114,第一次,114020,1301,37,組織學,組織學,,下 列那些屬於無膜胞器（nonmembranous organelle）？① 胞內體（endosome） ② 粗糙內質網（rough endoplasmic reticulum） ③ 核糖體（ribosome） ④ 蛋白酶體（proteasome）,① ②,② ③,③ ④,① ④,,C,C,standard,,False,114020_1301.pdf,114020_MOD1301.pdf
MOEX-114020-1301-Q038,114,第一次,114020,1301,38,組織學,組織學,,關 於黏液細胞（mucous cell）的敘述，下列何者正確？,黏 液細胞的細胞核常位於細胞的中央,在 H&E 染色下，黏液細胞的核周邊細胞質常有大量粗糙內質網（rough endoplasmic reticulum），呈現嗜 鹼（basophilic）性,在 H&E 染色下，黏液細胞的頂部細胞質常呈現嗜伊紅（eosinophilic）性,在 PAS 染色下，黏液細胞之黏原顆粒（mucinogen granule）常呈現 PAS 陽性,,D,D,standard,,False,114020_1301.pdf,114020_MOD1301.pdf
MOEX-114020-1301-Q039,114,第一次,114020,1301,39,組織學,組織學,,下 列何者有軟骨（cartilage）參與作用？,膜 內骨化（intramembranous ossification）,骨 元形成（development of osteons）,直 接骨癒合（direct bone healing）,間 接骨癒合（indirect bone healing）,,D,D,standard,,False,114020_1301.pdf,114020_MOD1301.pdf
MOEX-114020-1301-Q040,114,第一次,114020,1301,40,組織學,組織學,,下 列有關彈性纖維（elastic fibers）的敘述，何者正確？,由 3 條彈力素原纖維（elastin fibrils）形成,皮 膚切片用 H&E 染色，即可分辨膠原纖維與彈性纖維,含 有小纖維蛋白微纖維（fibrillin microfibrils）,淋 巴組織中有大量的彈性纖維,,C,C,standard,,False,114020_1301.pdf,114020_MOD1301.pdf
MOEX-114020-1301-Q041,114,第一次,114020,1301,41,解剖學,神經解剖,神經解剖,成 年後何區域的神經元（neuron）受損後，仍可由幹細胞再生？,腦 幹（brainstem）,脊 髓灰質（gray matter）,嗅 球（olfactory bulb）,背 根神經節（dorsal root ganglion）,,C,C,standard,,False,114020_1301.pdf,114020_MOD1301.pdf
MOEX-114020-1301-Q042,114,第一次,114020,1301,42,組織學,組織學,,下 列對於連續型微血管（continuous capillary）的敘述，何者正確？,其 血管壁由內膜（tunica intima）、中膜（tunica media）和外膜（tunica adventitia）組成,內 皮細胞（endothelial cell）外圍不具有基底板（basal lamina）,內 皮細胞（endothelial cell）有孔（fenestration）,在 肌肉和中樞神經組織中常可觀察到此種微血管,,D,D,standard,,False,114020_1301.pdf,114020_MOD1301.pdf
MOEX-114020-1301-Q043,114,第一次,114020,1301,43,解剖學,腹部,腹部,胃 腺（gastric gland）的細胞中，何者主要分泌胃蛋白酶原（pepsinogen），且在 H&E 染色下呈現嗜鹼性 （basophilic）？,主 細胞（chief cell）,黏 液頸細胞（mucous neck cell）,胃 壁細胞（parietal cell）,腸 內分泌細胞（enteroendocrine cell）,,A,A,standard,,False,114020_1301.pdf,114020_MOD1301.pdf
MOEX-114020-1301-Q044,114,第一次,114020,1301,44,解剖學,腹部,腹部,消 化道中，下列何者的黏膜層（mucosa）及黏膜下層（submucosa）皆具有分泌黏液（mucus）的腺體？,食 道（esophagus）,胃 （stomach）,結 腸（colon）,闌 尾（appendix）,,A,A,standard,,False,114020_1301.pdf,114020_MOD1301.pdf
MOEX-114020-1301-Q045,114,第一次,114020,1301,45,組織學,組織學,,下 列何種現象可在老化皮膚中觀察到？,角 質細胞（keratinocyte）出現萎縮現象,蘭 氏細胞（Langerhans cell）數量增加,真 皮的纖維母細胞（dermal fibroblast）活性增加,皮 脂腺（sebaceous gland）分泌量增加,,A,A,standard,,False,114020_1301.pdf,114020_MOD1301.pdf
MOEX-114020-1301-Q046,114,第一次,114020,1301,46,組織學,組織學,,下 列何者的上皮細胞表面有特化的靜纖毛（stereocilia）？,直 小管（straight tubule）,輸 出小管（efferent ductule）,副 睪（epididymis）,曲 細精管（seminiferous tubule）,,C,C,standard,,False,114020_1301.pdf,114020_MOD1301.pdf
MOEX-114020-1301-Q047,114,第一次,114020,1301,47,解剖學,神經解剖,神經解剖,下 列有關人類嗅覺功能之敘述，何者最恰當？,嗅 球（olfactory bulbs）中有許多嗅覺小球（olfactory glomeruli），每一個嗅覺小球接收同一類嗅覺受 器（olfactory receptors）傳導,嗅 覺刺激常與情緒反應相關，原因是來自嗅球（olfactory bulbs）的神經傳導路徑上行至中樞的海馬迴 （hippocampus）,嗅 球（olfactory bulbs）中之顆粒細胞（granule cells）以 glutamate 為傳導物刺激僧帽細胞（mitral cells），而僧帽細胞以 glycine 為傳導物抑制顆粒細胞,嗅 覺接受器與氣味分子結合後，會藉由 cGMP 為第二信使（second messenger）進而使嗅覺感受神經元產生 興奮性電位,,A,A,standard,,False,114020_1301.pdf,114020_MOD1301.pdf
MOEX-114020-1301-Q048,114,第一次,114020,1301,48,解剖學,神經解剖,神經解剖,下 列那一個腦區，在維持晝夜節律（circadian rhythm）方面，比其他三個腦區扮演更為重要的角色？,室 旁核（paraventricular nucleus）,視 前區（preoptic area）,上 丘（superior colliculus）,視 交叉上核（suprachiasmatic nucleus）,,D,D,standard,,False,114020_1301.pdf,114020_MOD1301.pdf
MOEX-114020-1301-Q049,114,第一次,114020,1301,49,解剖學,胸腔,胸腔,情 緒很緊張時，交感神經系統（sympathetic nervous system）會亢奮，此時其節後神經纖維 （postganglionic fiber）最可能會：,釋 放正腎上腺素（norepinephrine），並作用在心臟竇房結（SA node） beta2 受器（β2 receptor），促 使心跳加快,釋 放乙醯膽鹼（acetylcholine），並作用在皮膚小汗腺尼古丁型受器（nicotinic receptor），促使流汗 增加,釋 放正腎上腺素，並作用在支氣管平滑肌 beta2 受器（β2 receptor），促使支氣管平滑肌收縮,釋 放正腎上腺素，並作用在眼睛虹膜（iris）的放射肌（radial muscle）alpha1 受器（α1 receptor）， 造成瞳孔（pupil）放大,,D,D,standard,,False,114020_1301.pdf,114020_MOD1301.pdf
MOEX-114020-1301-Q050,114,第一次,114020,1301,50,解剖學,腹部,腹部,下 列有關眼睛的光學現象，何者最不適當？,看 遠物時，眼睛焦點落在視網膜之後的現象，稱為遠視,看 近物時，睫狀肌收縮但水晶體無法增加聚焦能力的現象，稱為近視,水 晶體隨看遠物時的扁平狀變成看近物時的橢圓狀，稱為調視（accommodation）,角 膜或水晶體不是完美弧形的現象，稱為散光（astigmatism）,,B,B,standard,,False,114020_1301.pdf,114020_MOD1301.pdf
MOEX-114020-1301-Q051,114,第一次,114020,1301,51,解剖學,神經解剖,神經解剖,在 腦電圖記錄中，K 複合波最常出現在不同睡眠階段的那一期？,快 速動眼期,非 快速動眼階段的第一期,非 快速動眼階段的第二期,非 快速動眼階段的第三期,,C,C,standard,,True,114020_1301.pdf,114020_MOD1301.pdf
MOEX-114020-1301-Q052,114,第一次,114020,1301,52,解剖學,腹部,腹部,自 celiac ganglion 出發的交感神經節後神經，最不可能影響下列何種器官之生理功能？,胃,胰 臟,肝 臟,唾 液腺,,D,D,standard,,False,114020_1301.pdf,114020_MOD1301.pdf
MOEX-114020-1301-Q053,114,第一次,114020,1301,53,胚胎及發育生物學,胚胎及發育生物學,,一 名未有先天或退化腦傷病史的職業殺手，在車禍意外撞傷頭部昏迷約十數小時，復甦後剛開始竟想不起自 己的職業、姓名、此次旅行目的等屬於事實的知識，但殺手過去有的技術與身手俱在，而後逐漸回憶起幾乎 所有知道的事實。下列關於該個案的敘述，何項最適當？,個 案所擁有的「事實」的知識，應是屬於內隱記憶（implicit memory），而「身手」是外顯記憶 （explicit memory）,個 案所擁有的「事實」的知識，應是屬於外顯記憶（explicit memory），而「身手」是內隱記憶 （implicit memory）,個 案所擁有的「事實」的知識與「身手」，皆是內隱記憶（implicit memory）,個 案所擁有的「事實」的知識與「身手」，皆是外顯記憶（explicit memory）,,B,B,standard,,False,114020_1301.pdf,114020_MOD1301.pdf
MOEX-114020-1301-Q054,114,第一次,114020,1301,54,組織學,組織學,,因 釋放正腎上腺素（norepinephrine），而與白天的清醒程度最有關之神經細胞，其細胞體主要位於腦內何 處？,r eticular activating system,h ypothalamus,a mygdala,m edial prefrontal cortex,,A,A,standard,,False,114020_1301.pdf,114020_MOD1301.pdf
MOEX-114020-1301-Q055,114,第一次,114020,1301,55,組織學,組織學,,造 成屍僵（rigor mortis）的主要原因為何？,乳 酸（lactic acid）累積,骨 骼肌細胞內缺乏鈣離子,肝 醣（glycogen）耗盡,骨 骼肌細胞內缺乏 ATP,,D,D,standard,,False,114020_1301.pdf,114020_MOD1301.pdf
MOEX-114020-1301-Q056,114,第一次,114020,1301,56,組織學,組織學,,下 列有關骨骼肌纖維長度與張力之間關係（length-tension relation）的敘述，何者最為適當？,當 肌纖維的長度在放鬆長度的 60％～175％範圍時，肌纖維拉得越長，收縮產生的張力就越大,肌 纖維等長收縮產生最大張力的最佳長度（optimal length），大約是放鬆長度的 175％,當 肌纖維被拉得越長時，其被動張力（passive tension）不會有所改變,粗 肌絲橫橋與細肌絲可結合的數目越多，產生的張力就越大,,D,D,standard,,False,114020_1301.pdf,114020_MOD1301.pdf
MOEX-114020-1301-Q057,114,第一次,114020,1301,57,組織學,組織學,,若 缺乏溫韋伯氏因子（von Willebrand factor），最可能出現下列何種情況？,血 小板（platelets）不會黏附在膠原蛋白（collagen）上,纖 維蛋白原（fibrinogen）無法聚合,凝 血酶（thrombin）永遠不會被活化,血 塊會比一般健康人更堅固,,A,A,standard,,False,114020_1301.pdf,114020_MOD1301.pdf
MOEX-114020-1301-Q058,114,第一次,114020,1301,58,解剖學,胸腔,胸腔,對 於正常左心與右心的比較，下列敘述何者最不適當？,左 心室與右心室的心搏量（stroke volume）是一樣的,主 動脈壓恆高於肺動脈壓與右心室壓,心 臟週期中主動脈瓣和肺動脈瓣都是同步開關的,心 收縮期（systole）的右心室壓均高於肺動脈壓,,D,D,standard,,False,114020_1301.pdf,114020_MOD1301.pdf
MOEX-114020-1301-Q059,114,第一次,114020,1301,59,組織學,組織學,,S A node 的動作電位的主升段（上升幅度最大的段落）主要是因下列何種離子的流動而產生？,f ast sodium channels open，使鈉離子流入細胞內,f unny channels open，使鈉離子流入細胞內,f unny channels open，使鉀離子流入細胞內,L -type calcium channels open，使鈣離子流入細胞內,,D,D,standard,,False,114020_1301.pdf,114020_MOD1301.pdf
MOEX-114020-1301-Q060,114,第一次,114020,1301,60,解剖學,胸腔,胸腔,正 常生理情況下，下列有關冠狀動脈（coronary artery）血流增加的時機與其原因的說明，何者正確？,主 要在心舒張期（diastole）才會出現明顯血流，因為在心收縮期冠狀動脈會受收縮的心肌壓迫且其入口亦 遭遮蔽,主 要在心舒張期（diastole）才會出現明顯血流，因為心舒張期時冠狀動脈壓力小於主動脈壓力，冠狀動脈 瓣膜才能開啟,主 要在心收縮期（systole）才會出現明顯血流，因心收縮期時主動脈壓較大，較容易將血液送入冠狀動脈,主 要在心收縮期（systole）才會出現明顯血流，因僅在心收縮期時血液才由左心室送入主動脈，進而再送 入冠狀動脈,,A,A,standard,,False,114020_1301.pdf,114020_MOD1301.pdf
MOEX-114020-1301-Q061,114,第一次,114020,1301,61,生理學,生理學,,許 多情況可導致血壓升高。此時人體為因應此一血壓上升狀況，所啟動的下調血壓機制，最可能為下列何 者？,活 化可釋放一氧化氮之神經元，並減少 endothelin-1 釋放,抑 制可釋放一氧化氮之神經元，並增加 endothelin-1 釋放,抑 制可釋放一氧化氮之神經元，並減少 endothelin-1 釋放,活 化可釋放一氧化氮之神經元，並增加 endothelin-1 釋放,,A,A,standard,,False,114020_1301.pdf,114020_MOD1301.pdf
MOEX-114020-1301-Q062,114,第一次,114020,1301,62,解剖學,胸腔,胸腔,下 列何種刺激最可能會造成支氣管收縮（bronchoconstriction）？,鄰 近的肺小動脈（pulmonary arteriole）被阻塞,肺 泡（alveolus）內二氧化碳分壓（ ）上升,吸 氣（inspiration）,支 氣管平滑肌（smooth muscle）的β 腎上腺素受器（adrenergic receptor）被刺激 2,,A,A,standard,,False,114020_1301.pdf,114020_MOD1301.pdf
MOEX-114020-1301-Q063,114,第一次,114020,1301,63,生理學,生理學,,有 關肺傳導區（conducting zone）之特性，下列敘述何者最不適當？,分 泌黏液（mucus）,構 成解剖無效腔（anatomical dead space）,分 泌表面張力素（surfactant）,調 控呼吸道阻力（airway resistance）,,C,C,standard,,False,114020_1301.pdf,114020_MOD1301.pdf
MOEX-114020-1301-Q064,114,第一次,114020,1301,64,解剖學,腹部,腹部,下 列何種脂肪酶（lipase）需要膽汁幫助其消化作用？,g astric lipase,p ancreatic lipase,p ancreatic colipase,l ingual lipase,,B,B,standard,,False,114020_1301.pdf,114020_MOD1301.pdf
MOEX-114020-1301-Q065,114,第一次,114020,1301,65,生理學,生理學,,分 泌素（secretin）最主要的生理作用為何？,刺 激肝臟分泌凝血因子,刺 激胰臟分泌胰島素,刺 激肝臟免疫細胞分泌促發炎激素,刺 激胰臟分泌碳酸氫根離子,,D,D,standard,,False,114020_1301.pdf,114020_MOD1301.pdf
MOEX-114020-1301-Q066,114,第一次,114020,1301,66,組織學,組織學,,某 物質在血液中維持恆定濃度 0.3 mg/L，可由腎絲球過濾。在收集整日尿液後，得知此物質在 1500 mL 尿液 中，濃度為 10 mg/L。腎小管對此物質最可能進行何種作用？,r eabsorption,s ecretion,f iltration only,a nabolism,,A,A,standard,,False,114020_1301.pdf,114020_MOD1301.pdf
MOEX-114020-1301-Q067,114,第一次,114020,1301,67,解剖學,腹部,神經解剖,與 近髓質腎元（juxtamedullary nephron）相比較，皮質腎元（cortical nephron）最常缺少下列那一部 分？,近 曲小管（proximal convoluted tubule）,近 直小管（proximal straight tubule）,"亨 利氏上升細小管（thin ascending limb, Henle's loop）",遠 曲小管（distal convoluted tubule）,,C,C,standard,,False,114020_1301.pdf,114020_MOD1301.pdf
MOEX-114020-1301-Q068,114,第一次,114020,1301,68,生理學,生理學,,某 人有高血糖及高血壓的問題，同時發現其有色素沉積皮膚的現象。此人最有可能罹患下列何種疾病？,先 天性腎上腺增生症（congenital adrenal hyperplasia）,愛 迪生氏症（Addison's disease）,腦 下腺腫瘤產生大量腎皮促素（adrenocorticotropic hormone）分泌,腎 上腺皮質腫瘤產生大量皮質醇（cortisol）與醛固酮（aldosterone）,,C,C,standard,,False,114020_1301.pdf,114020_MOD1301.pdf
MOEX-114020-1301-Q069,114,第一次,114020,1301,69,組織學,組織學,,有 關副甲狀腺功能相關的敘述，下列何者最不適當？,接 受兩側副甲狀腺切除手術的病人術後血漿中磷離子濃度降低,缺 乏副甲狀腺素的病人會造成其肌肉神經系統過度興奮（neuromuscular hyperexcitability）,副 甲狀腺素會促進腎臟活化態維生素 D 的生成作用,副 甲狀腺素會增加骨吸收作用（bone resorption）,,A,A,standard,,False,114020_1301.pdf,114020_MOD1301.pdf
MOEX-114020-1301-Q070,114,第一次,114020,1301,70,組織學,組織學,,有 關甲狀腺荷爾蒙（thyroid hormone）的敘述，下列何者最不適當？,"促 甲狀腺荷爾蒙（thyroid-stimulating hormone, TSH）會促進甲狀球蛋白（thyroglobulin）分解而釋放 甲狀腺荷爾蒙",甲 狀腺分泌的甲狀腺荷爾蒙主要是 thyroxine（T ） 4,在 血液中 thyroxine（T ）主要會與血漿蛋白結合，triiodothyronine（T ）則以游離型（free-form）居多 4 3,在 目標細胞內與甲狀腺荷爾蒙受器（thyroid hormone receptor）結合的分子主要為 triiodothyronine （T ） 3,,C,C,standard,,False,114020_1301.pdf,114020_MOD1301.pdf
MOEX-114020-1301-Q071,114,第一次,114020,1301,71,組織學,組織學,,"甲 狀腺功能亢進（hyperthyroidism）患者血液含有高量甲狀腺素（thyroid hormone）和低量甲狀腺促素 （thyroid-stimulating hormone, TSH），此最可能是下列何種情況所造成？",甲 狀腺腫瘤（thyroid tumor）,副 甲狀腺萎縮（parathyroid atrophy）,腦 下腺前葉腫瘤（anterior pituitary tumor）,下 視丘腫瘤（hypothalamic tumor）,,A,A,standard,,False,114020_1301.pdf,114020_MOD1301.pdf
MOEX-114020-1301-Q072,114,第一次,114020,1301,72,生理學,生理學,,有 關荷爾蒙之敘述，下列何者最為適當？,甲 狀腺素是衍生自血清蛋白（albumin）,雌 性素（estrogens）是合成雄性素（androgens）的前驅物,自 主神經系統（autonomic nervous system）參與調節醛固酮（aldosterone）之分泌,類 固醇荷爾蒙（steroid hormones）是衍生自三酸甘油酯（triglycerides）,,C,C,standard,,False,114020_1301.pdf,114020_MOD1301.pdf
MOEX-114020-1301-Q073,114,第一次,114020,1301,73,組織學,組織學,,下 列何者在生殖週期中期誘發性促素（FSH 與 LH）高峰分泌（surge），以促使卵細胞成熟與排卵？,雌 二醇（estradiol）,黃 體素（progesterone）,前 列腺素（prostaglandin）,二 氫睪固酮（dihydrotestosterone）,,A,A,standard,,False,114020_1301.pdf,114020_MOD1301.pdf
MOEX-114020-1301-Q074,114,第一次,114020,1301,74,醫學一其他科目,醫學一其他科目,,下 列鍵結或作用力中，何者在生理條件下的穩定度最高？,離 子鍵（ionic bonds∕salt bridge）,共 價鍵（covalent bonds）,氫 鍵（hydrogen bonds）,凡 得瓦力（van der Waals interactions）,,B,B,standard,,False,114020_1301.pdf,114020_MOD1301.pdf
MOEX-114020-1301-Q075,114,第一次,114020,1301,75,醫學一其他科目,醫學一其他科目,,蛋 白質主鏈上有兩個可以轉動的二面角（phi (Φ) and psi (Ψ)）。這兩個二面角是位於下列那個原子的兩 側？,N,C -alpha,C -carbonyl,C -beta,,B,B,standard,,False,114020_1301.pdf,114020_MOD1301.pdf
MOEX-114020-1301-Q076,114,第一次,114020,1301,76,生物化學,生物化學,,下 列關於酵素的敘述，何者錯誤？,具 有酵素功能的生物分子不一定是蛋白質,酵 素可改變其催化反應的熱力學平衡狀態,酵 素可改變其催化反應的動力學活化能,酵 素催化反應後大多可回復至初始狀態,,B,B,standard,,False,114020_1301.pdf,114020_MOD1301.pdf
MOEX-114020-1301-Q077,114,第一次,114020,1301,77,醫學一其他科目,醫學一其他科目,,N AD+ 的化學結構應為下列何者？,,,,,,ALL,ALL,all_credit,第77題一律給分,False,114020_1301.pdf,114020_MOD1301.pdf
MOEX-114020-1301-Q078,114,第一次,114020,1301,78,生物化學,生物化學,,下 列何者可以通過改變 DNA 的連接數（linking number），來調控 DNA 的緊密度或纏繞狀態，並在 DNA 的複 製過程中扮演關鍵角色？,D NA 解螺旋酶（DNA helicase）,D NA 聚合酶（DNA polymerase）,D NA 連接酶（DNA ligase）,D NA 拓樸異構酶（DNA topoisomerase）,,D,D,standard,,False,114020_1301.pdf,114020_MOD1301.pdf
MOEX-114020-1301-Q079,114,第一次,114020,1301,79,生理學,生理學,,當 粒線體呼吸（mitochondrial respiration）被抑制時，也會造成嘧啶（pyrimidine）重新合成路徑（de novo synthesis）之抑制，此現象是影響下列何種酵素所造成？,c arbamoyl phosphate synthetase,a spartate transcarbamoylase,d ihydroorotate dehydrogenase,o rotidine 5'-mono-phosphate decarboxylase,,C,C,standard,,False,114020_1301.pdf,114020_MOD1301.pdf
MOEX-114020-1301-Q080,114,第一次,114020,1301,80,組織學,組織學,,真 核細胞的 DNA 聚合酶中，下列何者沒有參與細胞核內染色體的 DNA 合成？,D NA 聚合酶α,D NA 聚合酶ε,D NA 聚合酶γ,D NA 聚合酶δ,,C,C,standard,,False,114020_1301.pdf,114020_MOD1301.pdf
MOEX-114020-1301-Q081,114,第一次,114020,1301,81,生物化學,生物化學,,一 般 DNA 聚合酶（DNA polymerase）的聚合作用，反應中通常不需加：,引 子（primer）,鎂 離子（Mg2+）,腺 苷三磷酸（ATP）,去 氧核糖核苷三磷酸（dNTPs）,,C,C,standard,,False,114020_1301.pdf,114020_MOD1301.pdf
MOEX-114020-1301-Q082,114,第一次,114020,1301,82,微生物免疫寄生蟲公衛,微生物免疫寄生蟲公衛,,下 列那一個蛋白沒有直接參與大腸桿菌的甲基指引核酸配對錯誤修復（methyl-directed mismatch repair）？,D NA 聚合酶Ⅲ,D NA 連接酶（DNA ligase）,D NA 糖基化酶（DNA glycosylase）,D NA 解螺旋酶Ⅱ（DNA helicase Ⅱ）,,C,C,standard,,False,114020_1301.pdf,114020_MOD1301.pdf
MOEX-114020-1301-Q083,114,第一次,114020,1301,83,生物化學,生物化學,,蛋 白質轉譯後修飾時，下列那個胺基酸殘基無法進行磷酸化（phosphorylation）？,酪 胺酸（tyrosine）,絲 胺酸（serine）,甲 硫胺酸（methionine）,蘇 胺酸（threonine）,,C,C,standard,,False,114020_1301.pdf,114020_MOD1301.pdf
MOEX-114020-1301-Q084,114,第一次,114020,1301,84,生物化學,生物化學,,D NA 足跡鑑定（DNA footprinting assay）最適用於下列何種分析？,一 段基因編碼區的 5'端以及 3'端的位置,基 因組中會與調控 RNA 結合的位置,D NA 與蛋白質發生專一性結合的位置,被 剪接的內含子（intron）在前信使 RNA（pro-mRNA）中的位置,,C,C,standard,,False,114020_1301.pdf,114020_MOD1301.pdf
MOEX-114020-1301-Q085,114,第一次,114020,1301,85,生物化學,生物化學,,在 原核生物細胞的轉譯作用中，下列那一個蛋白質專責於結合並運送起始 tRNA（initiator tRNA）？,I F1,I F2,I F3,e IF2,,B,B,standard,,False,114020_1301.pdf,114020_MOD1301.pdf
MOEX-114020-1301-Q086,114,第一次,114020,1301,86,生物化學,生物化學,,R NA 聚合酶執行轉錄作用時，首先結合的特定 DNA 序列稱為：,操 作子（operator）,抑 制因子（repressor）,啟 動子（promoter）,誘 導子（inducer）,,C,C,standard,,False,114020_1301.pdf,114020_MOD1301.pdf
MOEX-114020-1301-Q087,114,第一次,114020,1301,87,生物化學,生物化學,,在 五碳糖磷酸途徑中（pentose phosphate pathway），核酮糖 5-磷酸（ribulose 5-phosphate）可經由何 種酵素或代謝過程，轉換成 glucose 6-phosphate？,單 碳代謝作用（one carbon metabolism）,轉 酮酶和轉醛醇酶（transketolase and transaldolase）,磷 酸五碳糖甲基轉移酶及其羥化酶（phosphopentose methyltransferase and hydroxylase）,磷 酸五碳糖羧化酶及其還原酶（phosphopentose carboxylase and reductase）,,B,B,standard,,False,114020_1301.pdf,114020_MOD1301.pdf
MOEX-114020-1301-Q088,114,第一次,114020,1301,88,生理學,生理學,,烏 頭酸酶（aconitase）經由下列何種酵素催化作用，將檸檬酸（citrate）轉化成異檸檬酸 （isocitrate）？,脫 水和再水合作用（dehydration and rehydration）,脫 羥基化和再羥化作用（dehydroxylation and rehydroxylation）,脫 氫和再氫化作用（dehydrogenation and rehydrogenation）,脫 羧化和再羧化作用（decarboxylation and recarboxylation）,,A,A,standard,,False,114020_1301.pdf,114020_MOD1301.pdf
MOEX-114020-1301-Q089,114,第一次,114020,1301,89,組織學,組織學,,位 於細胞膜之胞外側（extracellular side）的周邊膜蛋白經常藉由與脂質形成共價鍵結後錨定（anchor） 在脂雙層結構的膜上，下列何者是最常鍵結的脂類？,棕 櫚醯基（palmitoyl）,"糖 磷脂醯肌醇（glycosyl phosphatidylinositol, GPI）",法 尼醯基（farnesyl）,豆 蔻醯基（N-myristoyl）,,B,B,standard,,False,114020_1301.pdf,114020_MOD1301.pdf
MOEX-114020-1301-Q090,114,第一次,114020,1301,90,組織學,組織學,,組 成胞膜的脂質在合成之後會運送到細胞各處形成膜結構，可透過那一個分子在膜融合處完成運送？,脂 質運送蛋白（lipid transfer protein）,醯 基載體蛋白（acyl carrier protein）,載 脂蛋白（apolipoprotein）,肉 鹼棕櫚醯轉移酶（carnitine palmitoyltransferase）,,A,A,standard,,False,114020_1301.pdf,114020_MOD1301.pdf
MOEX-114020-1301-Q091,114,第一次,114020,1301,91,生物化學,生物化學,,下 列何者可促進脂質合成速限步驟（rate-limiting step）酵素 acetyl-CoA carboxylase 的活性？,c itrate,g lucagon,p almitoyl-CoA,e pinephrine,,A,A,standard,,False,114020_1301.pdf,114020_MOD1301.pdf
MOEX-114020-1301-Q092,114,第一次,114020,1301,92,生物化學,生物化學,,下 列何種酵素主要參與將原血紅素（heme）代謝為膽綠素（biliverdin）？,血 紅素氧化酶（heme oxidase）,血 紅素加氧酶（heme oxygenase）,血 紅素去氫酶（heme dehydrogenase）,血 紅素過氧化氫酶（heme peroxidase）,,B,B,standard,,False,114020_1301.pdf,114020_MOD1301.pdf
MOEX-114020-1301-Q093,114,第一次,114020,1301,93,生物化學,生物化學,,"下 列那個胺基酸組合可經由細胞代謝合成三磷酸胞苷（cytidine triphosphate, CTP）？",甘 胺酸（glycine）和麩胺酸（glutamate）,精 胺酸（arginine）和苯丙胺酸（phenylalanine）,半 胱胺酸（cysteine）和麩胺酸（glutamate）,天 門冬胺酸（aspartate）和麩醯胺酸（glutamine）,,D,D,standard,,False,114020_1301.pdf,114020_MOD1301.pdf
MOEX-114020-1301-Q094,114,第一次,114020,1301,94,組織學,組織學,,一 般而言，當電子從 NADH 藉由電子傳遞鏈轉移到氧分子（O ），會比電子從 FADH 藉由電子傳遞鏈轉移到氧 2 2 分子產生更多的 ATP，其主要原因為何？,F ADH 只能攜帶一個電子 2,粒 線體中 complexⅡ比 complexⅠ少,c omplexⅡ無法將氫離子轉移到粒線體內外膜間隙,細 胞內 NADH 濃度比 FADH 高 2,,C,C,standard,,False,114020_1301.pdf,114020_MOD1301.pdf
MOEX-114020-1301-Q095,114,第一次,114020,1301,95,生理學,生理學,,下 列荷爾蒙（hormones），何者不需藉由細胞膜上受體來傳遞訊號至胞內？,甲 狀腺刺激素（thyroid-stimulating hormone）,腎 上腺素（adrenaline）,濾 泡刺激素（follicle-stimulating hormone）,甲 狀腺素（thyroid hormones）,,D,D,standard,,False,114020_1301.pdf,114020_MOD1301.pdf
MOEX-114020-1301-Q096,114,第一次,114020,1301,96,組織學,組織學,,下 列受體系統何者最常透過環腺苷酸（c-AMP）當作訊號傳遞之第二信差（secondary messenger）？,G 蛋白偶聯受體（G protein-coupled receptor）,受 體酪胺酸激酶（receptor tyrosine kinase）,核 受體（nuclear receptor）,配 體門控離子通道（ligand-gated ion channel）,,A,A,standard,,False,114020_1301.pdf,114020_MOD1301.pdf
MOEX-114020-1301-Q097,114,第一次,114020,1301,97,醫學一其他科目,醫學一其他科目,,"下 列何者為磷脂肌醇 4,5-雙磷酸（phosphotidylinositol 4,5-bisphosphate）被磷酸肌醇 3-激酶 （phosphoinositide 3-kinase, PI3K）作用後的直接產物？",肌 醇三磷酸（inositol trisphosphate）,"磷 脂肌醇 1,4,5 三磷酸（phosphatidylinositol 1,4,5-triphosphate）",二 酸甘油酯（diacylglycerol）,"磷 脂肌醇 3,4,5 三磷酸（phosphatidylinositol 3,4,5-triphosphate）",,D,D,standard,,False,114020_1301.pdf,114020_MOD1301.pdf
MOEX-114020-1301-Q098,114,第一次,114020,1301,98,生物化學,生物化學,,如 果想要將一特定基因的單股多聚核苷酸（polynucleotide）製作成偵測此特定基因的探針（probe），通常 會利用多聚核苷酸激酶（polynucleotide kinase）在其 5'端標記具有放射性的 32P，進行該反應時，需加入 下列何種 32P-dATP 材料來進行標記？,α -32P-dATP,β -32P-dATP,γ -32P-dATP,A TP,,C,C,standard,,False,114020_1301.pdf,114020_MOD1301.pdf
MOEX-114020-1301-Q099,114,第一次,114020,1301,99,生物化學,生物化學,,在 進行重組 DNA 實驗時，常需使用可接入選殖 DNA 片段的選殖質體（cloning plasmids），下列關於此選殖 質體的敘述何者正確？,在 大腸桿菌內進行 DNA 複製（replication）時，此環狀質體（circular plasmids）不需要複製起點 （origin of replication）,經 常可用來選殖超過 50×103 鹼基對（base pairs）的外來 DNA 片段,通 常需要具有抗生素抗藥性基因（antibiotic resistance gene）提供篩選的標記,需 要環化重組酶（Cre recombinase）協助外來 DNA 片段插入,,C,C,standard,,False,114020_1301.pdf,114020_MOD1301.pdf
MOEX-114020-1301-Q100,114,第一次,114020,1301,100,生物化學,生物化學,,下列功能性 DNA 序列在一個細菌質體（plasmid）上的排序，何者最能有效地表達出蛋白質？,5 '端-核糖體結合位點（ribosome-binding site） — 操作子（operator） — 啟動子（promoter） — 轉 錄終止子（transcription terminator）-3'端,5 '端-啟動子（promoter） — 操作子（operator） — 核糖體結合位點（ribosome-binding site） — 轉 錄終止子（transcription terminator）-3'端,5 '端-核糖體結合位點（ribosome-binding site） — 啟動子（promoter） — 操作子（operator） — 轉 錄終止子（transcription terminator）-3'端,5 '端-轉錄終止子（transcription terminator） — 核糖體結合位點（ribosome-binding site） — 啟動 子（promoter） — 操作子（operator）-3'端,,B,B,standard,,False,114020_1301.pdf,114020_MOD1301.pdf
MOEX-114090-1301-Q001,114,第二次,114090,1301,1,解剖學,神經解剖,神經解剖,下 列位於腦幹的神經核中，那一神經核與小腦（cerebellum）有直接且大量的神經纖維連結？,動 眼神經核（oculomotor nucleus）,三 叉神經脊髓核（spinal trigeminal nucleus）,三 叉神經橋腦核（pontine trigeminal nucleus）,前 庭神經核（vestibular nucleus）,,D,D,standard,,False,114090_1301.pdf,114090_MOD1301.pdf
MOEX-114090-1301-Q002,114,第二次,114090,1301,2,解剖學,神經解剖,神經解剖,視 覺皮質（primary visual cortex）主要由下列何者供應血液？,上 小腦動脈（superior cerebellar artery）,前 大腦動脈（anterior cerebral artery）,中 大腦動脈（middle cerebral artery）,後 大腦動脈（posterior cerebral artery）,,D,D,standard,,False,114090_1301.pdf,114090_MOD1301.pdf
MOEX-114090-1301-Q003,114,第二次,114090,1301,3,解剖學,神經解剖,神經解剖,基 底核（basal ganglia）傳出的神經纖維進入下列丘腦（thalamus）的那一個核區？,腹 前側核（ventral anterior nuclei）,前 側核（anterior nuclei）,腹 後外側核（ventral posterior lateral nuclei）,腹 後內側核（ventral posterior medial nuclei）,,A,A,standard,,False,114090_1301.pdf,114090_MOD1301.pdf
MOEX-114090-1301-Q004,114,第二次,114090,1301,4,解剖學,神經解剖,神經解剖,從 大腦皮質發出至脊髓的大腦皮質脊髓徑（corticospinal tract），一般不通過下列何處？,延 腦的錐體（pyramid of medulla oblongata）,中 腦的基底腳（basis pedunculi of midbrain）,橋 腦的基部（basilar pons）,內 囊的前肢（anterior limb of internal capsule）,,D,D,standard,,False,114090_1301.pdf,114090_MOD1301.pdf
MOEX-114090-1301-Q005,114,第二次,114090,1301,5,解剖學,神經解剖,神經解剖,在 牽張反射（muscle stretch reflex）中，負責將高基氏肌腱受器（Golgi tendon organ）的訊號往脊髓傳 送的神經纖維屬於下列何種類型？,g roup Ia,g roup Ib,A δ,C,,B,B,standard,,False,114090_1301.pdf,114090_MOD1301.pdf
MOEX-114090-1301-Q006,114,第二次,114090,1301,6,解剖學,神經解剖,神經解剖,下 列何者位於大腦額葉？,a ngular gyrus,B roca's area,t ransverse gyri of Heschl,c uneus,,B,B,standard,,False,114090_1301.pdf,114090_MOD1301.pdf
MOEX-114090-1301-Q007,114,第二次,114090,1301,7,解剖學,解剖學,,下 列何者不含內淋巴液？,球 囊（saccule）,橢 圓囊（utricle）,耳 蝸管（cochlear duct）,鼓 室階（scala tympani）,,D,D,standard,,False,114090_1301.pdf,114090_MOD1301.pdf
MOEX-114090-1301-Q008,114,第二次,114090,1301,8,組織學,組織學,,下 列神經與其支配肌肉之說明，何者錯誤？,滑 車神經（trochlear nerve）支配上斜肌（superior oblique）,動 眼神經（oculomotor nerve）支配下斜肌（inferior oblique）,動 眼神經（oculomotor nerve）支配外直肌（lateral rectus）,動 眼神經（oculomotor nerve）支配提上眼瞼肌（levator palpebrae superioris）,,C,C,standard,,False,114090_1301.pdf,114090_MOD1301.pdf
MOEX-114090-1301-Q009,114,第二次,114090,1301,9,解剖學,解剖學,,下 列何者與頰肌（buccinator）由相同的神經支配？,上 直肌（superior rectus）,上 斜肌（superior oblique）,外 直肌（lateral rectus）,口 輪匝肌（orbicularis oris）,,D,D,standard,,False,114090_1301.pdf,114090_MOD1301.pdf
MOEX-114090-1301-Q010,114,第二次,114090,1301,10,組織學,組織學,,「 新式骨傳導耳機」在傳遞聲波時，省去下列那一傳遞結構？,前 庭耳蝸神經（vestibulocochlear nerve）,柯 蒂氏器（organ of Corti）,耳 蝸（cochlea）,外 聽道（external acoustic meatus）,,D,D,standard,,False,114090_1301.pdf,114090_MOD1301.pdf
MOEX-114090-1301-Q011,114,第二次,114090,1301,11,解剖學,頭頸部,頭頸部,當 舌神經（lingual nerve）於顳下窩（infratemporal fossa）內受損時，下列那種舌乳突（papillae）的 一般感覺訊息傳遞最不可能受影響？,輪 廓狀乳突（vallate papillae）,葉 狀乳突（foliate papillae）,絲 狀乳突（filiform papillae）,蕈 狀乳突（fungiform papillae）,,A,A,standard,,False,114090_1301.pdf,114090_MOD1301.pdf
MOEX-114090-1301-Q012,114,第二次,114090,1301,12,組織學,組織學,,下 頷骨角（angle of mandible）處的皮膚喪失痛覺，最可能是下列那條神經受損？,頰 神經（buccal nerve）,耳 大神經（great auricular nerve）,枕 小神經（lesser occipital nerve）,頦 神經（mental nerve）,,B,B,standard,,False,114090_1301.pdf,114090_MOD1301.pdf
MOEX-114090-1301-Q013,114,第二次,114090,1301,13,解剖學,頭頸部,頭頸部,下 列何者不參與形成翼腭窩（pterygopalatine fossa）？,蝶 骨（sphenoid bone）,顳 骨（temporal bone）,腭 骨（palatine bone）,上 頷骨（maxilla bone）,,B,B,standard,,False,114090_1301.pdf,114090_MOD1301.pdf
MOEX-114090-1301-Q014,114,第二次,114090,1301,14,解剖學,頭頸部,頭頸部,下 列何者不在頸部的肌三角（muscular triangle）內？,胸 骨甲狀肌（sternothyroid muscle）,甲 狀腺（thyroid gland）,氣 管（trachea）,外 頸動脈（external carotid artery）,,D,D,standard,,False,114090_1301.pdf,114090_MOD1301.pdf
MOEX-114090-1301-Q015,114,第二次,114090,1301,15,解剖學,胸腔,胸腔,關 於肋骨與胸廓（thoracic cage）的連接方式，下列敘述何者最恰當？,第 一肋骨一般與第一胸椎（thoracic vertebra）以及第七頸椎（cervical vertebra）相接,第 九肋骨和胸骨（sternum），通常直接相連接,第 六肋骨與第六胸椎的下肋關節面（inferior costal facet）相連接,第 十一胸椎通常不含橫肋關節面（transverse costal facet），因此第十一肋骨只有其頭端（head of rib）和第十一胸椎相接,,D,D,standard,,False,114090_1301.pdf,114090_MOD1301.pdf
MOEX-114090-1301-Q016,114,第二次,114090,1301,16,解剖學,胸腔,神經解剖,一 般情況下，下列何者負責將血壓與血液化學變化訊息傳入中樞神經系統以參與心臟反射（cardiac reflex）？,迷 走神經（vagus nerve）,頸 部交感神經（cervical sympathetic nerve）,胸 部交感神經（thoracic sympathetic nerve）,胸 部內臟神經（thoracic splanchnic nerve）,,A,A,standard,,False,114090_1301.pdf,114090_MOD1301.pdf
MOEX-114090-1301-Q017,114,第二次,114090,1301,17,解剖學,胸腔,胸腔,有 關心包膜橫竇（transverse pericardial sinus）的解剖位置描述，下列何者最恰當？,位 在上腔靜脈（superior vena cava）的前方,位 在肺靜脈（pulmonary vein）的後方,位 在左心房下方,位 在肺動脈幹（pulmonary trunk）與主動脈（aorta）之間,,A,A,standard,,False,114090_1301.pdf,114090_MOD1301.pdf
MOEX-114090-1301-Q018,114,第二次,114090,1301,18,解剖學,胸腔,胸腔,下 列那部分的冠狀動脈栓塞最不可能造成左心房、左心室前壁與側壁、心尖以及心室中隔缺氧？,前 室間支（anterior interventricular branch）,後 室間支（posterior interventricular branch）,右 邊緣支（right marginal branch）,左 迴旋支（left circumflex branch）,,C,C,standard,,False,114090_1301.pdf,114090_MOD1301.pdf
MOEX-114090-1301-Q019,114,第二次,114090,1301,19,解剖學,腹部,腹部,下 列何者不具備腸繫膜（mesentery）的構造？,十 二指腸下降段（descending part of duodenum）,闌 尾（appendix）,乙 狀結腸（sigmoid colon）,橫 結腸（transverse colon）,,A,A,standard,,False,114090_1301.pdf,114090_MOD1301.pdf
MOEX-114090-1301-Q020,114,第二次,114090,1301,20,解剖學,腹部,腹部,支 配胃大彎處（greater curvature of the stomach）的左胃網膜動脈（left gastroepiploic artery）， 源自下列那條動脈？,總 肝動脈（common hepatic artery）,左 胃動脈（left gastric artery）,後 胃動脈（posterior gastric artery）,脾 動脈（splenic artery）,,D,D,standard,,False,114090_1301.pdf,114090_MOD1301.pdf
MOEX-114090-1301-Q021,114,第二次,114090,1301,21,解剖學,腹部,腹部,前 腹壁內面的臍內側韌帶（medial umbilical fold），是因腹膜（peritoneum）包覆下列何種結構所形成？,輸 精管（vas deferens）,臍 動脈（umbilical artery）,上 腹壁動脈（superior epigastric artery）,肝 靜脈（hepatic vein）,,B,B,standard,,False,114090_1301.pdf,114090_MOD1301.pdf
MOEX-114090-1301-Q022,114,第二次,114090,1301,22,解剖學,解剖學,,前 下腹壁的皮下脂肪主要存在於下列那一層？,C amper's fascia,S carpa's fascia,腹 橫筋膜（transversalis fascia）,闊 筋膜（fascia lata）,,A,A,standard,,False,114090_1301.pdf,114090_MOD1301.pdf
MOEX-114090-1301-Q023,114,第二次,114090,1301,23,組織學,組織學,,關 於前列腺（prostate），下列敘述何者錯誤？,除 了腺體組織（glandular tissue），也含纖維肌肉組織（fibromuscular tissue）,後 表面靠近直腸（rectum）,其 血液供應最主要來自上膀胱動脈（superior vesical artery）,前 列腺靜脈叢（prostatic venous plexus）和膀胱靜脈叢（vesical venous plexus）相連通,,C,C,standard,,False,114090_1301.pdf,114090_MOD1301.pdf
MOEX-114090-1301-Q024,114,第二次,114090,1301,24,組織學,組織學,,關 於陰莖深背靜脈（deep dorsal vein of penis），下列敘述何者正確？,主 要收集陰莖皮膚的血液,走 在陰莖背面，位於巴克氏筋膜（Buck's fascia）的淺層,穿 過陰莖襻狀韌帶（fundiform ligament of penis）進入骨盆腔,進 入骨盆腔後會將血液注入前列腺靜脈叢（prostatic venous plexus）,,D,D,standard,,False,114090_1301.pdf,114090_MOD1301.pdf
MOEX-114090-1301-Q025,114,第二次,114090,1301,25,解剖學,骨盆與會陰,骨盆與會陰,關 於男性會陰部肌肉，下列敘述何者正確？,坐 骨海綿體肌（ischiocavernosus）收縮可壓迫陰莖球（bulb of penis），有助於維持陰莖勃起,於 排尿後期，球海綿體肌（bulbospongiosus）收縮有助於將尿道內殘留尿液排出,坐 骨海綿體肌（ischiocavernosus）附著於會陰體（perineal body）,會 陰淺橫肌（superficial transverse perineal muscle）附著於坐骨棘（ischial spine）,,B,B,standard,,False,114090_1301.pdf,114090_MOD1301.pdf
MOEX-114090-1301-Q026,114,第二次,114090,1301,26,解剖學,骨盆與會陰,骨盆與會陰,關 於膀胱（urinary bladder）的神經支配，下列敘述何者錯誤？,下 腹神經（hypogastric nerves）包含支配膀胱的交感神經纖維（sympathetic fibers）,薦 內臟神經（sacral splanchnic nerves）包含支配膀胱的副交感神經纖維（parasympathetic fibers）,交 感神經纖維（sympathetic fibers）可刺激尿道內括約肌（internal urethral sphincter）收縮,副 交感神經纖維（parasympathetic fibers）可刺激逼尿肌（detrusor muscle）收縮,,B,B,standard,,False,114090_1301.pdf,114090_MOD1301.pdf
MOEX-114090-1301-Q027,114,第二次,114090,1301,27,解剖學,上肢,上肢,下 列何者是鎖骨下動脈（subclavian artery）的直接分支？,上 胸動脈（superior thoracic artery）,外 胸動脈（lateral thoracic artery）,內 胸動脈（internal thoracic artery）,胸 肩峰動脈（thoraco-acromial artery）,,C,C,standard,,False,114090_1301.pdf,114090_MOD1301.pdf
MOEX-114090-1301-Q028,114,第二次,114090,1301,28,解剖學,下肢,下肢,下 列何動作不是大腿前肌群的作用？,彎 曲髖關節（flex hip joint）,外 旋大腿（laterally rotate thigh）,伸 直膝關節（extend knee joint）,伸 直髖關節（extend hip joint）,,D,D,standard,,False,114090_1301.pdf,114090_MOD1301.pdf
MOEX-114090-1301-Q029,114,第二次,114090,1301,29,解剖學,上肢,上肢,下 圖黑色陰影區域的表皮感覺神經來自：,正 中神經（median nerve）,肌 皮神經（musculocutaneous nerve）,橈 神經（radial nerve）,尺 神經（ulnar nerve）,,C,C,standard,,True,114090_1301.pdf,114090_MOD1301.pdf
MOEX-114090-1301-Q030,114,第二次,114090,1301,30,組織學,組織學,,股 骨（femur）的內收結節（adductor tubercle）位於何處？,大 轉子（greater trochanter）內側,內 上髁（medial epicondyle）上方,外 上髁（lateral epicondyle）下方,小 轉子（lesser trochanter）外方,,B,B,standard,,False,114090_1301.pdf,114090_MOD1301.pdf
MOEX-114090-1301-Q031,114,第二次,114090,1301,31,解剖學,下肢,下肢,下 列何者不是膕動脈（popliteal artery）的分支？,降 膝動脈（descending genicular artery）,上 膝動脈（superior genicular artery）,中 膝動脈（middle genicular artery）,下 膝動脈（inferior genicular artery）,,A,A,standard,,False,114090_1301.pdf,114090_MOD1301.pdf
MOEX-114090-1301-Q032,114,第二次,114090,1301,32,組織學,組織學,,下 列何者不是由神經嵴細胞（neural crest cell）衍生而成？,黑 色素細胞（melanocyte）,交 感節後神經元（postganglionic sympathetic neuron）,甲 狀腺之濾泡細胞（follicular cell of thyroid gland）,腎 上腺髓質之嗜鉻細胞（chromaffin cell of adrenal medulla）,,C,C,standard,,False,114090_1301.pdf,114090_MOD1301.pdf
MOEX-114090-1301-Q033,114,第二次,114090,1301,33,解剖學,頭頸部,頭頸部,舌 （tongue）的發育過程中，那一咽弓會形成聯合部（copula），且最後會被擠壓而消失？,第 一咽弓（first pharyngeal arch）,第 二咽弓（second pharyngeal arch）,第 三咽弓（third pharyngeal arch）,第 四咽弓（fourth pharyngeal arch）,,B,B,standard,,False,114090_1301.pdf,114090_MOD1301.pdf
MOEX-114090-1301-Q034,114,第二次,114090,1301,34,解剖學,骨盆與會陰,骨盆與會陰,女 性陰道（vagina）的發育，是由下列那兩個構造共同形成？,中 腎管（mesonephric duct）與尿殖竇（urogenital sinus）,中 腎管（mesonephric duct）與竇陰道球泡（sinovaginal bulb）,副 中腎管（paramesonephric duct）與竇陰道球泡（sinovaginal bulb）,副 中腎管（paramesonephric duct）與生殖結節（genital tubercle）,,C,C,standard,,False,114090_1301.pdf,114090_MOD1301.pdf
MOEX-114090-1301-Q035,114,第二次,114090,1301,35,胚胎及發育生物學,胚胎及發育生物學,,內 側臍韌帶（medial umbilical ligament）主要為何構造的遺跡？,臍 動脈（umbilical artery）,臍 靜脈（umbilical vein）,靜 脈導管（ductus venosus）,動 脈導管（ductus arteriosus）,,A,A,standard,,False,114090_1301.pdf,114090_MOD1301.pdf
MOEX-114090-1301-Q036,114,第二次,114090,1301,36,解剖學,神經解剖,神經解剖,神 經垂體部（neurohypophysis）是衍生自：,端 腦（telencephalon）,間 腦（diencephalon）,中 腦（mesencephalon）,髓 腦（myelencephalon）,,B,B,standard,,False,114090_1301.pdf,114090_MOD1301.pdf
MOEX-114090-1301-Q037,114,第二次,114090,1301,37,組織學,組織學,,下 列那個接合構造，不會出現在上皮細胞的側面（lateral domain）？,間 隙接合（gap junction）,黏 連接合（adhering junction）,半 橋粒（hemidesmosome）,緊 密接合（tight junction）,,C,C,standard,,False,114090_1301.pdf,114090_MOD1301.pdf
MOEX-114090-1301-Q038,114,第二次,114090,1301,38,組織學,組織學,,下 列有關成熟骨骼肌細胞（skeletal muscle cell）的敘述，何者正確？,相 鄰的細胞之間藉由間隙接合（gap junction）傳遞訊息,細 胞膜（plasma membrane）內凹形成終池（terminal cisternae）,一 個終池與兩條相鄰的 T 小管（T tubules）共同組成三聯體（triad）,三 聯體（triad）分布於肌節（sarcomere）的明帶與暗帶交接處（A-I junction）,,D,D,standard,,False,114090_1301.pdf,114090_MOD1301.pdf
MOEX-114090-1301-Q039,114,第二次,114090,1301,39,組織學,組織學,,下 列何者不存在於關節面的軟骨（cartilage of articular surface）？,軟 骨膜（perichondrium）,玻 尿酸（hyaluronan）,透 明軟骨（hyaline cartilage）,同 源細胞群（isogenous group）,,A,A,standard,,False,114090_1301.pdf,114090_MOD1301.pdf
MOEX-114090-1301-Q040,114,第二次,114090,1301,40,組織學,組織學,,關 於骨生成（bone formation）的敘述，何者正確？,扁 平骨（flat bone）的生成主要是靠軟骨內骨化作用（endochondral ossification）,膜 內骨化（intramembranous ossification）時，骨針（spicule）加大並形成骨小樑連結（trabecular network），使骨增厚，稱做間質性生長（interstitial growth）,長 骨（long bone）進行軟骨內骨化（endochondral ossification）時，會出現初級及次級的骨化中心 （primary and secondary ossification centers）,軟 骨內骨化（endochondral ossification）時，蝕骨細胞（osteoclast）會在肥大區（zone of hypertrophy）中分解骨質,,C,C,standard,,False,114090_1301.pdf,114090_MOD1301.pdf
MOEX-114090-1301-Q041,114,第二次,114090,1301,41,組織學,組織學,,交 感神經節（sympathetic ganglion）內的神經元，多屬於下列何種形態？,多 極型（multipolar）神經元,雙 極型（bipolar）神經元,偽 單極（pseudounipolar）神經元,偽 單極（pseudounipolar）神經元與雙極型（bipolar）神經元混合,,A,A,standard,,False,114090_1301.pdf,114090_MOD1301.pdf
MOEX-114090-1301-Q042,114,第二次,114090,1301,42,組織學,組織學,,下 列何種細胞最不可能出現在嗅覺上皮（olfactory epithelium）？,支 持細胞（supporting cell）,基 底細胞（basal cell）,刷 狀細胞（brush cell）,杯 狀細胞（goblet cell）,,D,D,standard,,False,114090_1301.pdf,114090_MOD1301.pdf
MOEX-114090-1301-Q043,114,第二次,114090,1301,43,解剖學,腹部,腹部,消 化道中，下列何者不與其它三者位於同一器官？,絨 毛（villi）,乳 糜管（lacteal）,環 皺襞（plicae circulares）,結 腸帶（teniae coli）,,D,D,standard,,False,114090_1301.pdf,114090_MOD1301.pdf
MOEX-114090-1301-Q044,114,第二次,114090,1301,44,胚胎及發育生物學,胚胎及發育生物學,,有 關表皮（epidermis）中的蘭氏細胞（Langerhans cell）之敘述，何者正確？,均 勻分布在表皮的五層細胞中,常 發現在基底層（stratum basale）,是 抗原呈現細胞（antigen-presenting cell）,為 機械性受器（mechanoreceptor）,,C,C,standard,,False,114090_1301.pdf,114090_MOD1301.pdf
MOEX-114090-1301-Q045,114,第二次,114090,1301,45,組織學,組織學,,關 於甲狀腺濾泡（thyroid follicle）構造和功能的敘述，下列何者正確？,甲 狀腺是由許多大小相似（直徑約 2 mm）之甲狀腺濾泡所組成,甲 狀腺濾泡細胞（follicular cell）環繞甲狀腺膠體（colloid）所構成的甲狀腺濾泡，是甲狀腺的基本構 造單位,甲 狀腺球蛋白（thyroglobulin）在濾泡細胞內，經甲狀腺氧化酶（thyroid oxidase）進行碘化作用，再送 至膠體（colloid）內,濾 泡細胞（follicular cell）的主要功能是分泌降鈣素（calcitonin）,,B,B,standard,,False,114090_1301.pdf,114090_MOD1301.pdf
MOEX-114090-1301-Q046,114,第二次,114090,1301,46,組織學,組織學,,下 列關於前列腺（prostate gland）的敘述，何者正確？,男 嬰的前列腺中可觀察到許多鈣化的前列腺凝結體（prostatic concretion）,前 列腺癌（prostatic carcinoma）最常發生於過渡區（transitional zone）,前 列腺的中央區（central zone）為前列腺腺體組織的最大區域,腺 體種類屬於管泡腺（tubuloalveolar gland）,,D,D,standard,,False,114090_1301.pdf,114090_MOD1301.pdf
MOEX-114090-1301-Q047,114,第二次,114090,1301,47,組織學,組織學,,將 人體紅血球置入下列何種溶液之中，最容易見到細胞體積脹大？,1 00 mM NaCl + 200 mM KCl,1 00 mM NaCl + 200 mM 尿素,1 00 mM NaCl + 200 mM 葡萄糖,1 00 mM NaCl + 100 mM 葡萄糖,,B,B,standard,,False,114090_1301.pdf,114090_MOD1301.pdf
MOEX-114090-1301-Q048,114,第二次,114090,1301,48,組織學,組織學,,"有 關骨骼肌纖維（skeletal muscle fiber）的終板電位（endplate potential, EPP），下列描述何者最為 適當？",從 運動神經纖維末梢釋放的乙醯膽鹼（acetylcholine）會與肌漿膜（sarcolemma）上的蕈毒型受器 （muscarinic receptor）結合，因而產生 EPP,E PP 是因為大量鉀離子（K+）流入肌纖維內所造成的一種動作電位（action potential）,E PP 會沿著橫小管（transverse tubule）傳遞到骨骼肌纖維內部，促使肌漿網（sarcoplasmic reticulum）釋放鈣離子,肉 毒桿菌毒素（botulinum toxin）中毒會使運動神經纖維末梢不易釋放乙醯膽鹼，使得 EPP 變小，最終導 致肌肉無法收縮,,D,D,standard,,False,114090_1301.pdf,114090_MOD1301.pdf
MOEX-114090-1301-Q049,114,第二次,114090,1301,49,組織學,組織學,,某 一病人罹患中風後講話流利，但卻出現閱讀上的困難，下列何者最有可能是發生病變的位置？,W ernicke's area,B roca's area,a ngular gyrus,a rcuate fasciculus,,#,#,standard,,False,114090_1301.pdf,114090_MOD1301.pdf
MOEX-114090-1301-Q050,114,第二次,114090,1301,50,解剖學,神經解剖,神經解剖,下 列那個腦區和恐懼情緒最直接相關？,視 上核（supraoptic nucleus）,視 叉上核（suprachiasmatic nucleus）,杏 仁核（amygdaloid nucleus）,海 馬迴（hippocampus）,,C,C,standard,,False,114090_1301.pdf,114090_MOD1301.pdf
MOEX-114090-1301-Q051,114,第二次,114090,1301,51,解剖學,神經解剖,神經解剖,下 列有關自主神經系統的敘述，何者最不適當？,自 主神經系統的交感部門也稱為頭薦部門,交 感神經系統的節前運動神經元釋放的神經傳導物質主要是乙醯膽鹼,副 交感神經系統的節後運動神經元釋放的神經傳導物質主要是乙醯膽鹼,與 交感神經相較，副交感神經系統的自主神經節一般比較靠近標的組織,,A,A,standard,,False,114090_1301.pdf,114090_MOD1301.pdf
MOEX-114090-1301-Q052,114,第二次,114090,1301,52,生理學,生理學,,神 經傳導物質（neurotransmitter）與其相對應的代謝型受體（metabotropic receptor）之配對，何者正 確？,n orepinephrine→α receptor 1,h istamine→5-HT receptor 1,a cetylcholine→nicotinic receptor,g lutamate→AMPA receptor,,A,A,standard,,False,114090_1301.pdf,114090_MOD1301.pdf
MOEX-114090-1301-Q053,114,第二次,114090,1301,53,醫學一其他科目,醫學一其他科目,,人 在移動時能感受到垂直加速，最主要是下列那一個構造之功能？,半 規管（semicircular canal）,橢 圓囊（utricle）,球 囊（saccule）,柯 蒂氏器（organ of Corti）,,C,C,standard,,False,114090_1301.pdf,114090_MOD1301.pdf
MOEX-114090-1301-Q054,114,第二次,114090,1301,54,解剖學,神經解剖,神經解剖,在 副交感神經系統興奮的情況下，下列何者有關眼球之變化最不可能發生？,睫 狀體（ciliary body）的環肌傾向處於收縮狀態,懸 繫小帶（zonule）的張力傾向變低,水 晶體的形狀傾向變薄變長,瞳 孔傾向變小,,C,C,standard,,False,114090_1301.pdf,114090_MOD1301.pdf
MOEX-114090-1301-Q055,114,第二次,114090,1301,55,組織學,組織學,,在 一般開始運動的最初幾秒鐘內，骨骼肌所需 ATP 最可能之來源為何？,脂 肪酸（fatty acid）,葡 萄糖（glucose）,蛋 白質（protein）,磷 酸肌胺酸（creatine phosphate）,,D,D,standard,,False,114090_1301.pdf,114090_MOD1301.pdf
MOEX-114090-1301-Q056,114,第二次,114090,1301,56,組織學,組織學,,與 第 1 型骨骼肌纖維相比，2X 型骨骼肌纖維有何不同？,2 X 型纖維有更多粒線體,2 X 型纖維更容易疲勞,2 X 型纖維有更豐富的肌紅蛋白（myoglobin）,2 X 型肌肉纖維之微血管供應較多,,B,B,standard,,False,114090_1301.pdf,114090_MOD1301.pdf
MOEX-114090-1301-Q057,114,第二次,114090,1301,57,組織學,組織學,,下 列關於血栓溶解機制的敘述，何者錯誤？,內 皮細胞分泌組織血漿素原活化劑（tissue plasminogen activator）,血 漿素原（plasminogen）需轉化成血漿素（plasmin）,可 溶性纖維蛋白片段聚集成纖維蛋白（fibrin）,纖 維蛋白（fibrin）與 組織血漿素原活化劑（tissue plasminogen activator）結合，可增加後者之活性,,C,C,standard,,False,114090_1301.pdf,114090_MOD1301.pdf
MOEX-114090-1301-Q058,114,第二次,114090,1301,58,生理學,生理學,,"下 列有關心電圖（electrocardiogram, ECG）各導程波形所代表的生病理狀況描述，何者最適當？",血 中鈣離子濃度正常情況下，高血鉀（hyperkalemia）病人的 lead Ⅱ常見高 T 波（tall T）,一 級房室傳導阻斷（first-degree atrioventricular heart block）時，在 lead Ⅱ中常見 PR interval 縮短,以 aVR 單極導程記錄 ECG，和 lead Ⅱ有相似的 QRS 波，均為向上偏斜（upward deflection）波形,T 波代表心室再極化，因此 V1-V6（precordial leads）的 T 波，均為向下偏斜（downward deflection）波 形,,A,A,standard,,True,114090_1301.pdf,114090_MOD1301.pdf
MOEX-114090-1301-Q059,114,第二次,114090,1301,59,解剖學,胸腔,胸腔,記 錄心肌細胞的動作電位時，在去極化與平原期之間有一段快速而短暫的再極化期（initial rapid repolarization），下列何者是它產生的主要機制？,關 閉鈉離子通道，打開鉀離子通道,關 閉鈉離子通道，打開氯離子通道,關 閉 L-type 鈣離子通道，打開 T-type 鈣離子通道,關 閉 T-type 鈣離子通道，打開 L-type 鈣離子通道,,A,A,standard,,False,114090_1301.pdf,114090_MOD1301.pdf
MOEX-114090-1301-Q060,114,第二次,114090,1301,60,解剖學,胸腔,胸腔,對 於心室肌細胞和 SA node 細胞電位的比較，下列那一敘述最為適當？,兩 種細胞皆有穩定的靜止膜電位（steady resting membrane potential），均約為-90 mV,兩 種細胞產生的動作電位皆有平原期（plateau phase），主要均是因為打開 L-type Ca2+ channels,兩 種細胞動作電位的去極化，主要都是因為打開 Na+ channels，使得 Na+流入細胞而造成,兩 種細胞動作電位的再極化，主要都是因為打開 K+ channels，使得 K+流出細胞而造成,,D,D,standard,,False,114090_1301.pdf,114090_MOD1301.pdf
MOEX-114090-1301-Q061,114,第二次,114090,1301,61,解剖學,胸腔,胸腔,下 列血壓、心跳之變化，何者最易發生於顱內壓上升的病人？,血 壓、心跳速率均下降,血 壓上升、心跳速率下降,血 壓、心跳速率均上升,血 壓下降、心跳速率上升,,B,B,standard,,False,114090_1301.pdf,114090_MOD1301.pdf
MOEX-114090-1301-Q062,114,第二次,114090,1301,62,解剖學,胸腔,胸腔,一 位成年女子，其體動脈血中氧氣濃度 200 mL/L，全身氧氣消耗速率（oxygen consumption rate）為 250 mL/min。已知她的心輸出量（cardiac output）為 5 L/min，血紅素濃度 16 g/dL，而且體動脈血中結合在血 紅素上的氧氣量（O bound to hemoglobin）占全部血中氧氣的 98％。則她的體靜脈血中氧氣濃度最接近下 2 列何者？,1 50 mL/L,1 46 mL/L,1 43 mL/L,4 7 mL/L,,A,A,standard,,False,114090_1301.pdf,114090_MOD1301.pdf
MOEX-114090-1301-Q063,114,第二次,114090,1301,63,醫學一其他科目,醫學一其他科目,,下 列各種混合氣體，總壓力均為 760 mmHg，除了以下所述成分以外，其餘皆為氮氣。當人體吸入何種混合氣 體時，每分鐘總通氣量（minute ventilation）最大？,2 1％氧氣＋0.05％二氧化碳,5 ％氧氣＋0.05％二氧化碳,2 1％氧氣＋5％二氧化碳,5 ％氧氣＋5％二氧化碳,,D,D,standard,,False,114090_1301.pdf,114090_MOD1301.pdf
MOEX-114090-1301-Q064,114,第二次,114090,1301,64,解剖學,腹部,腹部,游 離態的膽固醇在小腸上皮細胞最主要是經由下列何種方式吸收？,初 級主動運輸（primary active transport）,次 級主動運輸（secondary active transport）,擴 散作用（diffusion）,內 吞作用（endocytosis）,,C,C,standard,,False,114090_1301.pdf,114090_MOD1301.pdf
MOEX-114090-1301-Q065,114,第二次,114090,1301,65,解剖學,腹部,腹部,下 列何者是胰泌素（secretin）的最主要的直接作用？,刺 激膽囊收縮釋放膽汁和促進胰臟胰島素的分泌,刺 激肝臟分泌膽汁和促進膽囊收縮,刺 激胰臟碳酸氫根離子分泌和抑制胃腺分泌 gastrin,刺 激腸道上皮細胞分泌離子和促進胃腺分泌 HCl,,C,C,standard,,False,114090_1301.pdf,114090_MOD1301.pdf
MOEX-114090-1301-Q066,114,第二次,114090,1301,66,生理學,生理學,,有 關正常生理情況下之腎臟滲透壓調節（renal osmolar regulation），下列敘述何者最為適當？,"血 漿滲透壓值小於 280 mOsm/L 後會刺激抗利尿荷爾蒙（antidiuretic hormone, ADH）分泌","刺 激口渴感覺的血漿滲透壓閾值（threshold），要比刺激抗利尿荷爾蒙（antidiuretic hormone, ADH）分 泌之閾值為低","抗 利尿荷爾蒙（antidiuretic hormone, ADH）使近端腎小管對水分子容易重吸收",尿 液濃縮與稀釋時之滲透壓範圍，可高至 1200 mOsm/L，或低至 50 mOsm/L,,D,D,standard,,False,114090_1301.pdf,114090_MOD1301.pdf
MOEX-114090-1301-Q067,114,第二次,114090,1301,67,組織學,組織學,,下 列關於腎小管水分再吸收之敘述，何者錯誤？,亨 氏管下降枝（descending limb of loop of Henle）主要因具有第一型水通道（aquaporin-1）而對水分 有高度通透性,亨 氏管上升段粗枝（thick ascending limb of loop of Henle）主要因具有鈉－氯協同運輸蛋白（Na+-Cl- cotransporter）故能再吸收水分,亨 氏管上升段粗枝的基底外側膜（basolateral membrane）主要因具有鈉－鉀腺苷三磷酸酶（Na+-K+ ATPase），故能帶動鈉離子及水分再吸收,腎 小管內液在離開亨氏管上升段粗枝（thick ascending limb of loop of Henle）進入遠端小管時呈現低 張（hypotonic）狀況,,B,B,standard,,False,114090_1301.pdf,114090_MOD1301.pdf
MOEX-114090-1301-Q068,114,第二次,114090,1301,68,解剖學,腹部,腹部,下 列有關胰島素的調控和生理作用的敘述，何者最為適當？,血 鉀降低會促進胰島素的分泌作用,胰 島素會促進肝臟的葡萄糖產生速率,胰 島素會促進脂肪組織脂肪合成速率,胰 島素會促進酮體的生成作用（ketogenesis）,,C,C,standard,,False,114090_1301.pdf,114090_MOD1301.pdf
MOEX-114090-1301-Q069,114,第二次,114090,1301,69,胚胎及發育生物學,胚胎及發育生物學,,下 列那兩個激素與甲促素（thyroid-stimulating hormone）具有相同的 alpha 蛋白次單元（subunit）？,生 長激素（growth hormone）與泌乳素（prolactin）,腎 皮促素（adrenocorticotropic hormone）與濾泡刺激素(follicle-stimulating hormone）,抗 利尿激素（antidiuretic hormone）與催產素（oxytocin）,黃 體生成素（luteinizing hormone）與人類絨毛性腺刺激素（human chorionic gonadotropin）,,D,D,standard,,False,114090_1301.pdf,114090_MOD1301.pdf
MOEX-114090-1301-Q070,114,第二次,114090,1301,70,生理學,生理學,,當 身體內外環境改變時，下列有關荷爾蒙分泌之敘述何者最不適當？,當 血糖下降至 40 mg/dL 時，腎上腺素（epinephrine）會大量分泌,受 到壓力（stress）時，血漿中皮質素（cortisol）的分泌會增加,受 到壓力時，會刺激下視丘的神經細胞分泌促腎上腺皮質素（ACTH）,晝 夜節律（circadian rhythm）會參與調控促腎上腺皮質素（ACTH）的分泌,,C,C,standard,,False,114090_1301.pdf,114090_MOD1301.pdf
MOEX-114090-1301-Q071,114,第二次,114090,1301,71,生理學,生理學,,下 列何種分子功能缺失，最可能導致胰臟（pancreas）beta 細胞無法感應血糖增加，以致胰島素 （insulin）分泌低落？,"葡 萄糖運輸蛋白（glucose transporter-2, GLUT-2）",葡 萄糖－鈣離子反向運輸蛋白（glucose-calcium antiporter）,葡 萄糖－氯離子反向運輸蛋白（glucose-chloride antiporter）,葡 萄糖－胺基酸共同運輸蛋白（glucose-amino acid cotransporter）,,A,A,standard,,False,114090_1301.pdf,114090_MOD1301.pdf
MOEX-114090-1301-Q072,114,第二次,114090,1301,72,組織學,組織學,,有 關兩側副甲狀腺切除後 2～3 天內所造成的影響，下列何種情況最不可能發生？,血 漿中磷濃度升高,神 經肌肉興奮性下降,腸 道鈣離子的吸收作用下降,血 漿中鈣離子濃度下降,,B,B,standard,,False,114090_1301.pdf,114090_MOD1301.pdf
MOEX-114090-1301-Q073,114,第二次,114090,1301,73,解剖學,骨盆與會陰,骨盆與會陰,有 關卵巢濾泡（follicle）的生長，下列敘述何者最不適當?,最 早期的濾泡為原始濾泡（primordial follicle），至青春期才會開始發育形成初級濾泡（primary follicle）,初 級濾泡的卵母細胞（oocyte）與顆粒細胞（granulosa cell）之間有透明帶（zona pellucida）形成,月 經週期初期，數個濾泡生長，而後會選出一個優勢濾泡（dominant follicle），達到最後成熟的濾泡,濾 泡凋零萎縮（atresia），在濾泡發育過程之各階段皆可能發生,,A,A,standard,,False,114090_1301.pdf,114090_MOD1301.pdf
MOEX-114090-1301-Q074,114,第二次,114090,1301,74,生物化學,生物化學,,一 條由 12 個胺基酸形成的多肽（polypeptide）含有幾個胜肽鍵（peptide bond）？,9,1 0,1 1,1 2,,C,C,standard,,False,114090_1301.pdf,114090_MOD1301.pdf
MOEX-114090-1301-Q075,114,第二次,114090,1301,75,生物化學,生物化學,,下 列何者對固有無序蛋白（intrinsically disordered proteins）特性的描述最適當？,在 生理上大多沒有功能,缺 乏一個確定的三維結構,主 要由芳香族胺基酸組成,不 會與其他蛋白質相互作用,,B,B,standard,,False,114090_1301.pdf,114090_MOD1301.pdf
MOEX-114090-1301-Q076,114,第二次,114090,1301,76,醫學一其他科目,醫學一其他科目,,"當 血紅蛋白（hemoglobin）與 2,3-bisphosphoglycerate（2,3-BPG）結合時，會更易於形成下列何種四級結 構？",R 狀態（R state）,T 狀態（T state）,A 形態（A form）,Z 形態（Z form）,,B,B,standard,,False,114090_1301.pdf,114090_MOD1301.pdf
MOEX-114090-1301-Q077,114,第二次,114090,1301,77,解剖學,腹部,腹部,下 列那一種維生素需要膽汁幫助吸收？,v itamin A,v itamin B 6,v itamin B 12,v itamin C,,A,A,standard,,False,114090_1301.pdf,114090_MOD1301.pdf
MOEX-114090-1301-Q078,114,第二次,114090,1301,78,生物化學,生物化學,,關 於人類基因組的描述，下列何者錯誤？,人 類基因組中，大部分基因被非編碼的內含子（intron）打斷，因而呈現不連續性,人 類基因組中，超過 40%的 DNA 負責編碼蛋白質,人 類基因組中約有一半由轉座子（transposon）組成,真 核生物染色體中的著絲粒（有絲分裂紡錘體的附著點）和端粒（位於染色體末端）是具有特殊功能的重複 DNA 序列,,B,B,standard,,False,114090_1301.pdf,114090_MOD1301.pdf
MOEX-114090-1301-Q079,114,第二次,114090,1301,79,生物化學,生物化學,,化 療藥物 5-fluorouracil 經酵素作用轉化成 5-fluoro-2'-deoxyuridine 5'-monophosphate（FdUMP），會 與下列何種酵素結合抑制 DNA 合成？,黃 嘌呤氧化酶（xanthine oxidase）,胺 基甲醯磷酸合成酶Ⅱ（carbamoyl phosphate synthase Ⅱ）,腺 苷脫胺酶（adenosine deaminase）,胸 苷酸合成酶（thymidylate synthase）,,D,D,standard,,False,114090_1301.pdf,114090_MOD1301.pdf
MOEX-114090-1301-Q080,114,第二次,114090,1301,80,生物化學,生物化學,,在 抗體輕鏈（light chain）的生成過程中，V 區與 J 區的重組以及 J 區與 C 區的重組分別是在那個層面上進 行？,D NA；DNA,D NA；RNA,D NA；蛋白質,R NA；RNA,,B,B,standard,,False,114090_1301.pdf,114090_MOD1301.pdf
MOEX-114090-1301-Q081,114,第二次,114090,1301,81,生物化學,生物化學,,愛 滋病毒的基因體能夠快速變異，主要是因為病毒的何種特性？,隨 機插入人類染色體,帶 有特殊的 DNA 水解酵素,反 轉錄酶合成 DNA 的精準度（fidelity）不佳,蛋 白質水解酶無法精準切割合成的病毒蛋白,,C,C,standard,,False,114090_1301.pdf,114090_MOD1301.pdf
MOEX-114090-1301-Q082,114,第二次,114090,1301,82,微生物免疫寄生蟲公衛,微生物免疫寄生蟲公衛,,在 錯誤配對修復（mismatch repair）過程中，大腸桿菌是利用何種機制來標記模板股 DNA，以作為 DNA 修復 辨識？,將 胸腺嘧啶（thymine）上的甲基移除,在 尿嘧啶（uracil）上進行甲基化，轉變成胸腺嘧啶（thymine）,在 腺嘌呤（adenine）上進行甲基化,在 胞嘧啶（cytosine）上進行甲基化,,C,C,standard,,False,114090_1301.pdf,114090_MOD1301.pdf
MOEX-114090-1301-Q083,114,第二次,114090,1301,83,生物化學,生物化學,,假 設在某種胺醯-tRNA 合成酶（aminoacyl-tRNA synthetase）基因發生突變時，雖不影響其催化活性，但對 其識別 tRNA 分子的專一性降低。這種突變最可能導致下列何種後果？,蛋 白質合成效率增加，因為 tRNA 分子可以攜帶多種胺基酸,蛋 白質合成解碼過程中錯誤增加，導致功能異常的蛋白質產生,蛋 白質合成停止，因為胺醯-tRNA 合成酶無法連接任何胺基酸到 tRNA,核 糖體無法識別突變 tRNA，導致 tRNA 分子無法進入核糖體的 A 位點，阻止轉譯進行,,B,B,standard,,False,114090_1301.pdf,114090_MOD1301.pdf
MOEX-114090-1301-Q084,114,第二次,114090,1301,84,組織學,組織學,,下 列何者不是真核細胞 RNA 聚合酶Ⅱ之 TFⅡH 次單元所具有的生理功能？,三 磷酸腺苷的水解（ATP hydrolysis）,轉 錄前起始複合體的形成,具 有去氧核糖核酸解旋酶（helicase）與激酶（kinase）的活性,轉 錄作用的終止,,D,D,standard,,False,114090_1301.pdf,114090_MOD1301.pdf
MOEX-114090-1301-Q085,114,第二次,114090,1301,85,生物化學,生物化學,,原 核生物中，調控基因表現的操縱組（operon）其中操作子（operator）序列主要是由下列何種分子進行結 合？,s uppressor tRNA,m iRNA,i nducer,r epressor,,D,D,standard,,False,114090_1301.pdf,114090_MOD1301.pdf
MOEX-114090-1301-Q086,114,第二次,114090,1301,86,生物化學,生物化學,,關 於細菌色胺酸操縱組（trp operon）調控方式的敘述，下列何者最適當？,前 導胜肽是一種催化轉錄衰減（transcription attenuation）的酵素,當 色胺酸（tryptophan）水平較低時，trp operon 之轉錄作用在其結構基因被轉錄之前便衰減 （attenuation）,前 導胜肽在催化轉錄衰減（transcription attenuation）作用中，會直接和核糖核酸聚合酶結合並限制其 移動,編 碼前導胜肽的序列中包含的色胺酸密碼子會使得 trp operon 的轉錄活性受到細胞中色胺酸 （tryptophan）的含量所調控,,D,D,standard,,False,114090_1301.pdf,114090_MOD1301.pdf
MOEX-114090-1301-Q087,114,第二次,114090,1301,87,生物化學,生物化學,,下 列何種代謝物其磷酸根，只經人體細胞一個代謝反應後，就可直接製造出 ATP？,甘 油磷酸（glycerol-3-phosphate）,6 -磷酸葡萄糖酸內酯（6-phosphogluconolactone）,"果 糖 1,6-雙磷酸（fructose 1,6-bisphosphate）","1 ,3-雙磷酸甘油酸（1,3-bisphosphoglycerate）",,D,D,standard,,False,114090_1301.pdf,114090_MOD1301.pdf
MOEX-114090-1301-Q088,114,第二次,114090,1301,88,醫學一其他科目,醫學一其他科目,,下 列何者為結構型多醣（structural polysaccharide）而非儲存型多醣（storage polysaccharide）？,c ellulose,a mylose,a mylopectin,g lycogen,,A,A,standard,,False,114090_1301.pdf,114090_MOD1301.pdf
MOEX-114090-1301-Q089,114,第二次,114090,1301,89,解剖學,腹部,腹部,細 胞膜上包含甘油（glycerol）架構的複合性脂質為：,膽 固醇（cholesterol）,磷 脂膽鹼（phosphatidylcholine）,神 經醯胺（ceramide）,神 經鞘磷脂（sphingomyelin）,,B,B,standard,,False,114090_1301.pdf,114090_MOD1301.pdf
MOEX-114090-1301-Q090,114,第二次,114090,1301,90,生物化學,生物化學,,N ADPH 為脂質合成中提供還原能的重要來源，合成 1 莫耳 palmitate 需要幾莫耳的 NADPH？,7,1 4,1 6,2 1,,B,B,standard,,False,114090_1301.pdf,114090_MOD1301.pdf
MOEX-114090-1301-Q091,114,第二次,114090,1301,91,生理學,生理學,,關 於血糖高低與脂質氧化代謝的調控機制，何者正確？,血 糖低時，升糖素血中濃度上升，減少脂肪酸進入粒線體進行氧化,血 糖高時，升糖素血中濃度上升，減少脂肪酸進入粒線體進行氧化,血 糖高時，胰島素血中濃度上升，減少脂肪酸進入粒線體進行氧化,血 糖低時，胰島素血中濃度上升，增加脂肪酸進入粒線體進行氧化,,C,C,standard,,False,114090_1301.pdf,114090_MOD1301.pdf
MOEX-114090-1301-Q092,114,第二次,114090,1301,92,組織學,組織學,,在 人體尿素代謝循環（urea cycle）過程中，下列何者論述最適切？,麩 胺酸（glutamate）釋放出氨離子（NH +）的代謝作用發生在肝臟粒線體（mitochondria）中，尿素 4 （urea）的產生是在肝臟細胞質（cytosol）中進行,麩 胺酸（glutamate）釋放出氨離子（NH +）的代謝作用發生在肝臟過氧化體（peroxisome）中，尿素 4 （urea）的產生是在肝臟的粒線體（mitochondria）中進行,麩 胺酸（glutamate）釋放出氨離子（NH +）和尿素（urea）產生的一連串代謝作用均在肝臟的粒線體 4 （mitochondria）中進行。製造出的尿素（urea），主要經由囊泡（vesicle）運送機制至細胞外,麩 胺酸（glutamate）釋放出氨離子（NH +）和尿素（urea）產生的分解作用，一連串的代謝作用均在肝臟的 4 過氧化體（peroxisome）中進行。製造出的尿素（urea），須經由內質網（endoplasmic reticulum）和囊 泡（vesicle）共同運送機制至細胞外,,A,A,standard,,False,114090_1301.pdf,114090_MOD1301.pdf
MOEX-114090-1301-Q093,114,第二次,114090,1301,93,生物化學,生物化學,,糖 尿病患者或在飢餓狀態時會利用下列何種生酮胺基酸（ketogenic amino acid）代謝產生能量提供使用？,白 胺酸（leucine）,精 胺酸（arginine）,脯 胺酸（proline）,麩 胺酸（glutamate）,,A,A,standard,,False,114090_1301.pdf,114090_MOD1301.pdf
MOEX-114090-1301-Q094,114,第二次,114090,1301,94,組織學,組織學,,參 與粒線體呼吸鏈（或稱電子傳遞鏈）的蛋白質複合體在傳遞電子的同時，也同時扮演氫離子幫浦 （hydrogen pump）的角色。下列敘述何者正確？,c omplex Ⅰ會將 4 個氫離子移轉到粒線體基質（matrix）,c omplex Ⅲ會將 4 個氫離子移轉到粒線體基質（matrix）,c omplex Ⅲ會將 4 個氫離子移轉到粒線體膜間腔（intermembrane space）,c omplex Ⅳ會將 4 個氫離子移轉到粒線體膜間腔（intermembrane space）,,#,#,standard,,False,114090_1301.pdf,114090_MOD1301.pdf
MOEX-114090-1301-Q095,114,第二次,114090,1301,95,解剖學,腹部,腹部,"關 於胰島素（insulin）訊息如何活化肝臟細胞的肝醣合成酶（glycogen synthase, GS）的活性，下列描述 何者最合理？","造 成肝醣合成激酶 3（glycogen synthase kinase 3, GSK3）去磷酸化，提高 GSK3 激酶活性，活化 GS","造 成肝醣合成激酶 3（glycogen synthase kinase 3, GSK3）磷酸化，提高 GSK3 激酶活性，活化 GS","造 成肝醣合成激酶 3（glycogen synthase kinase 3, GSK3）去磷酸化，抑制 GSK3 激酶活性，活化 GS","造 成肝醣合成激酶 3（glycogen synthase kinase 3, GSK3）磷酸化，抑制 GSK3 激酶活性，活化 GS",,D,D,standard,,False,114090_1301.pdf,114090_MOD1301.pdf
MOEX-114090-1301-Q096,114,第二次,114090,1301,96,醫學一其他科目,醫學一其他科目,,下 列有關蛋白激酶 A（protein kinase A）活化的描述，何者正確？,需 要 cAMP 結合其 R 次單元,需 要 cAMP 結合其 C 次單元,需 要鈣離子結合其 R 次單元,需 要鈣離子結合其 C 次單元,,A,A,standard,,False,114090_1301.pdf,114090_MOD1301.pdf
MOEX-114090-1301-Q097,114,第二次,114090,1301,97,組織學,組織學,,P hosphoinositide 3-kinase（PI3K）主要以磷酸化細胞膜上的那一個分子來傳遞訊息？,R as,P KC,P IP 2,P KB,,C,C,standard,,False,114090_1301.pdf,114090_MOD1301.pdf
MOEX-114090-1301-Q098,114,第二次,114090,1301,98,生物化學,生物化學,,研 究人員需要選殖（cloning）大片段的 DNA 進行相關研究時，下列載體（cloning vector）何者可以承載最 大的 DNA 片段？,p BR322 質體（pBR322 plasmid）,"酵 母菌人工染色體（yeast artificial chromosome, YAC）",噬 菌體載體（phage vector）,"細 菌人工染色體（bacterial artificial chromosome, BAC）",,B,B,standard,,False,114090_1301.pdf,114090_MOD1301.pdf
MOEX-114090-1301-Q099,114,第二次,114090,1301,99,組織學,組織學,,"在 哺乳動物細胞中，RNA 干擾作用（RNA interference, RNAi）是由小干擾 RNA（small interfering RNA, siRNA）所誘發，siRNA 一般由幾個核苷酸組成？",1 1～13,2 1～23,3 1～33,4 1～43,,B,B,standard,,False,114090_1301.pdf,114090_MOD1301.pdf
MOEX-114090-1301-Q100,114,第二次,114090,1301,100,組織學,組織學,,下列何種分析方法一般不適用於分析蛋白質與蛋白質之間的交互作用？,串 接親和共純化（tandem affinity purification）,免 疫共沉澱法（co-immunoprecipitation）,免 疫組織化學染色法（immunohistochemical staining）,酵 母菌雙雜交測定（yeast two-hybrid assay）,,ALL,ALL,all_credit,第100題一律給分,False,114090_1301.pdf,114090_MOD1301.pdf
MOEX-115020-1301-Q001,115,第一次,115020,1301,1,解剖學,神經解剖,神經解剖,顏面神經的感覺根（sensory root of facial nerve）主要將接收到的感覺訊息直接傳入下列腦幹內的那兩個 神經核？,三叉神經脊髓核（spinal trigeminal nucleus）與孤立核（solitary nucleus）,三叉神經脊髓核（spinal trigeminal nucleus）與顏面運動神經核（facial motor nucleus）,疑核（nucleus ambiguus）與孤立核（solitary nucleus）,疑核（nucleus ambiguus）與涎核（salivatory nucleus）,,A,A,standard,,False,115020_1301.pdf,115020_MOD1301.pdf
MOEX-115020-1301-Q002,115,第一次,115020,1301,2,解剖學,神經解剖,神經解剖,下列何者含有小腦的傳入神經纖維（afferent fibers），但不含傳出神經纖維（efferent fibers）？,上小腦腳（superior cerebellar peduncle）,中小腦腳（middle cerebellar peduncle）,下小腦腳（inferior cerebellar peduncle）,上小腦腳交叉（decussation of superior cerebellar peduncle）,,B,B,standard,,False,115020_1301.pdf,115020_MOD1301.pdf
MOEX-115020-1301-Q003,115,第一次,115020,1301,3,解剖學,神經解剖,神經解剖,下肢本體感覺（propioception）經由內側蹄系（medial lemniscus）主要傳入丘腦（thalamus）何處？,腹前側核（ventral anterior nuclei）,腹外側核（ventral lateral nuclei）,腹後外側核（ventral posterior lateral nuclei）,腹後內側核（ventral posterior medial nuclei）,,C,C,standard,,False,115020_1301.pdf,115020_MOD1301.pdf
MOEX-115020-1301-Q004,115,第一次,115020,1301,4,解剖學,神經解剖,神經解剖,杏仁核（amygdala）以何構造與隔區（septal area）相連結？,終紋（stria terminalis）,穹窿（fornix）,前腦內側束（medial forebrain bundle）,內側縱束（medial longitudinal fasciculus）,,A,A,standard,,False,115020_1301.pdf,115020_MOD1301.pdf
MOEX-115020-1301-Q005,115,第一次,115020,1301,5,解剖學,神經解剖,神經解剖,關於伸張反射（stretch reflex）之敘述，下列何者錯誤？,其傳入纖維（afferent fiber），主要來自肌梭（muscle spindle）,其傳入纖維（afferent fiber），主要為大型髓鞘神經纖維,下運動神經元（lower motor neuron）損傷，可能導致伸張反射消失,伸張反射為多突觸反射（multi-synaptic reflex）,,D,D,standard,,False,115020_1301.pdf,115020_MOD1301.pdf
MOEX-115020-1301-Q006,115,第一次,115020,1301,6,解剖學,神經解剖,神經解剖,下列何者不位於視網膜到大腦皮質的視覺傳導路徑（visual pathway）上？,外側膝狀體（lateral geniculate body）,視徑（optic tract）,上丘（superior colliculus）,視神經（optic nerve）,,C,C,standard,,False,115020_1301.pdf,115020_MOD1301.pdf
MOEX-115020-1301-Q007,115,第一次,115020,1301,7,組織學,組織學,,下列有關三塊聽小骨的結構，何者錯誤？,錘骨（malleus）外側突（lateral process）附著於鼓膜（tympanic membrane）,鼓索神經（chorda tympani）行經砧骨（incus）長支與鐙骨（stapes）之間,砧骨（incus）主體位於鼓室上隱窩（epitympanic recess）,鐙骨（stapes）基部連結至卵圓窗（oval window）,,B,B,standard,,False,115020_1301.pdf,115020_MOD1301.pdf
MOEX-115020-1301-Q008,115,第一次,115020,1301,8,解剖學,頭頸部,頭頸部,關於眼眶內部之骨性結構的描述，下列何者最不恰當？,滑車小窩（trochlear fovea）位於額骨,淚腺窩（fossa of lacrimal gland）位於眼眶內側壁,眶上孔（supraorbital foramen）位於額骨,視神經管（optic canal）位於蝶骨,,B,B,standard,,False,115020_1301.pdf,115020_MOD1301.pdf
MOEX-115020-1301-Q009,115,第一次,115020,1301,9,解剖學,頭頸部,頭頸部,下列關於外頸動脈（external carotid artery）的描述，何者最恰當？,近甲狀軟骨下緣的水平高度處由總頸動脈分支出,近環狀軟骨水平高度處分支出甲狀下動脈（inferior thyroid artery）,位於胸鎖乳突肌（sternocleidomastoid muscle）之上,近舌骨體水平高度處分支出舌動脈（lingual artery）,,D,D,standard,,False,115020_1301.pdf,115020_MOD1301.pdf
MOEX-115020-1301-Q010,115,第一次,115020,1301,10,解剖學,神經解剖,神經解剖,下列何者不經由動眼神經（oculomotor nerve）來執行？,睫狀體收縮,瞳孔收縮,眼球向內側注視,瞳孔擴張,,D,D,standard,,False,115020_1301.pdf,115020_MOD1301.pdf
MOEX-115020-1301-Q011,115,第一次,115020,1301,11,解剖學,頭頸部,神經解剖,下列何者不由顏面神經（facial nerve）支配？,頰肌（buccinator muscle）,內翼肌（medial pterygoid muscle）,闊頸肌（platysma）,二腹肌後腹（posterior belly of the digastric muscle）,,B,B,standard,,False,115020_1301.pdf,115020_MOD1301.pdf
MOEX-115020-1301-Q012,115,第一次,115020,1301,12,解剖學,解剖學,,下列何孔洞位於眶上裂（superior orbital fissure）後側尾端，靠近蝶竇（sphenoidal sinus）的外壁？,後篩孔（posterior ethmoidal foramen）,圓孔（foramen rotundum）,乳突孔（mastoid foramen）,視神經管（optic canal）,,B,B,standard,,False,115020_1301.pdf,115020_MOD1301.pdf
MOEX-115020-1301-Q013,115,第一次,115020,1301,13,組織學,組織學,,下列何者是第十對腦神經（CN X）的支配範疇？,唾液腺的分泌,耳咽管的痛覺,會厭軟骨（epiglottis）上的味覺,胸鎖乳突肌（sternocleidomastoid muscle）的收縮,,C,C,standard,,False,115020_1301.pdf,115020_MOD1301.pdf
MOEX-115020-1301-Q014,115,第一次,115020,1301,14,解剖學,頭頸部,頭頸部,下列何者附著於舌骨（hyoid bone）？,上咽縮肌（superior pharyngeal constrictor muscle）,中咽縮肌（middle pharyngeal constrictor muscle）,下咽縮肌（inferior pharyngeal constrictor muscle）,莖突咽肌（stylopharyngeus muscle）,,B,B,standard,,False,115020_1301.pdf,115020_MOD1301.pdf
MOEX-115020-1301-Q015,115,第一次,115020,1301,15,解剖學,胸腔,胸腔,在解剖位置，心臟的前面（anterior surface）絕大部分面積是由下列那一個腔室所占據？,左心房,左心室,右心房,右心室,,D,D,standard,,False,115020_1301.pdf,115020_MOD1301.pdf
MOEX-115020-1301-Q016,115,第一次,115020,1301,16,解剖學,胸腔,胸腔,在肋軟骨內面（inner side），肋間神經主要的解剖位置為何？,位於肋間內肌（internal intercostal muscle）與胸內筋膜（endothoracic fascia）或胸橫肌 （transversus thoracic muscle）之間,位於肋間外肌（external intercostal muscle）與肋間內肌（internal intercostal muscle）之間,位於肋間內肌（internal intercostal muscle）與最內肋間肌（innermost intercostal muscle）之間,位於最內肋間肌（innermost intercostal muscle）與胸內筋膜（endothoracic fascia）之間,,A,A,standard,,False,115020_1301.pdf,115020_MOD1301.pdf
MOEX-115020-1301-Q017,115,第一次,115020,1301,17,解剖學,胸腔,胸腔,有關肺動脈（pulmonary artery）的常見解剖位置，下列敘述何者最恰當？,肺動脈幹（pulmonary trunk）的開口處，位在升主動脈（ascending aorta）基部的右後方,右側肺動脈（pulmonary artery）位在升主動脈（ascending aorta）的後方,左側肺動脈（pulmonary artery）位在降主動脈（descending aorta）的後方,肺動脈幹（pulmonary trunk）不被心包膜（pericardium）所包覆,,B,B,standard,,False,115020_1301.pdf,115020_MOD1301.pdf
MOEX-115020-1301-Q018,115,第一次,115020,1301,18,解剖學,解剖學,,典型腰椎下關節突（inferior articular process）的關節面朝向：,上方,內側,下方,外側,,D,D,standard,,False,115020_1301.pdf,115020_MOD1301.pdf
MOEX-115020-1301-Q019,115,第一次,115020,1301,19,解剖學,腹部,腹部,主胰管（main pancreatic duct）及膽管（bile duct）會藉由何種結構共同開口於十二指腸下降段 （descending part of duodenum）？,肝管（hepatic duct）,大十二指腸乳頭（major duodenal papilla）,小十二指腸乳頭（minor duodenal papilla）,膽囊管（cystic duct）,,B,B,standard,,False,115020_1301.pdf,115020_MOD1301.pdf
MOEX-115020-1301-Q020,115,第一次,115020,1301,20,解剖學,腹部,腹部,腹膜包覆下列何種結構形成臍外側韌帶（lateral umbilical fold）？,臍靜脈（umbilical vein）,輸尿管（ureter）,下腹壁動脈（inferior epigastric artery）,內髂動脈（internal iliac artery）,,C,C,standard,,False,115020_1301.pdf,115020_MOD1301.pdf
MOEX-115020-1301-Q021,115,第一次,115020,1301,21,組織學,組織學,,下列何者攜帶交感節前神經纖維？,頸內動脈神經（internal carotid nerve）,心神經（cardiac nerve）,大內臟神經（greater splanchnic nerve）,骨盆內臟神經（pelvic splanchnic nerve）,,C,C,standard,,False,115020_1301.pdf,115020_MOD1301.pdf
MOEX-115020-1301-Q022,115,第一次,115020,1301,22,解剖學,骨盆與會陰,腹部,下列何者不發出分支供應腎上腺（suprarenal gland）？,膈下動脈（inferior phrenic artery）,腹主動脈（abdominal aorta）,睪丸動脈（testicular artery）,腎動脈（renal artery）,,C,C,standard,,False,115020_1301.pdf,115020_MOD1301.pdf
MOEX-115020-1301-Q023,115,第一次,115020,1301,23,解剖學,腹部,腹部,關於肛管（anal canal），下列敘述何者正確？,肛管的長度大約 10 至 15 公分,肛門內括約肌（internal anal sphincter）由平滑肌構成，圍繞在肛管下端的肛門（anus）周圍,交感神經纖維（sympathetic fibers）刺激肛門內括約肌（internal anal sphincter）收縮,肛門外括約肌（external anal sphincter）只圍繞肛管的上段，不圍繞肛管的下段,,C,C,standard,,False,115020_1301.pdf,115020_MOD1301.pdf
MOEX-115020-1301-Q024,115,第一次,115020,1301,24,解剖學,骨盆與會陰,骨盆與會陰,關於陰部神經（pudendal nerve），下列敘述何者錯誤？,陰部神經起始於薦神經叢（sacral plexus）,陰部神經藉由通過坐骨小孔（lesser sciatic foramen）而離開骨盆腔,陰部神經藉由通過坐骨小孔（lesser sciatic foramem）而進入會陰（perineum）,下直腸神經（inferior rectal nerve）是陰部神經的分支,,B,B,standard,,False,115020_1301.pdf,115020_MOD1301.pdf
MOEX-115020-1301-Q025,115,第一次,115020,1301,25,解剖學,骨盆與會陰,骨盆與會陰,關於膀胱（urinary bladder），下列敘述何者錯誤？,膀胱底（fundus）位於膀胱的上表面（superior surface)，被腹膜（peritoneum）覆蓋,膀胱尖（apex）朝向恥骨聯合（pubic symphysis）,膀胱頸（neck）在膀胱下部，靠近前列腺（prostate）,尿道內括約肌（internal urethral sphincter）位於膀胱下部，主要在膀胱頸（bladder neck）,,A,A,standard,,False,115020_1301.pdf,115020_MOD1301.pdf
MOEX-115020-1301-Q026,115,第一次,115020,1301,26,解剖學,骨盆與會陰,骨盆與會陰,下列何者最可能走在腰薦神經幹（lumbosacral trunk）與第一薦神經（S1）之間？,髂腰動脈（iliolumbar artery）,臀上動脈（superior gluteal artery）,臀下動脈（inferior gluteal artery）,陰部內動脈（internal pudendal artery）,,B,B,standard,,False,115020_1301.pdf,115020_MOD1301.pdf
MOEX-115020-1301-Q027,115,第一次,115020,1301,27,解剖學,上肢,上肢,下列那一條神經所支配的肌肉具有內收（adduct）上臂的作用？,肩胛背神經（dorsal scapular nerve）,肩胛上神經（suprascapular nerve）,胸背神經（thoracodorsal nerve）,長胸神經（long thoracic nerve）,,C,C,standard,,False,115020_1301.pdf,115020_MOD1301.pdf
MOEX-115020-1301-Q028,115,第一次,115020,1301,28,組織學,組織學,,下列那一條肌肉的支配神經與其他選項不同？,掌側骨間肌（palmar interossei）,內收拇肌（adductor pollicis）,外展拇短肌（abductor pollicis brevis）,第四蚓狀肌（4th lumbrical）,,C,C,standard,,False,115020_1301.pdf,115020_MOD1301.pdf
MOEX-115020-1301-Q029,115,第一次,115020,1301,29,解剖學,上肢,上肢,下列有關肘窩（cubital fossa）的敘述，何者正確？,旋前圓肌（pronator teres）位在上外側,肱橈肌（brachioradialis）位在底部,內含有尺神經（ulnar nerve）,內含有正中神經（median nerve）,,D,D,standard,,False,115020_1301.pdf,115020_MOD1301.pdf
MOEX-115020-1301-Q030,115,第一次,115020,1301,30,解剖學,下肢,下肢,股骨骨折導致大轉子（ggrreeaatteerr ttrroocchhaanntteerr）斷裂，下列何者的功能最不受影響？,上孖肌（superior gemellus）,閉孔內肌（obturator internus）,臀大肌（gluteus maximus）,梨狀肌（piriformis）,,C,C,standard,,False,115020_1301.pdf,115020_MOD1301.pdf
MOEX-115020-1301-Q031,115,第一次,115020,1301,31,解剖學,下肢,下肢,下列何者的肌腱，不會通過跗骨隧道（（tarsal tunnel）？,脛前肌（tibialis anterior）,脛後肌（tibialis posterior）,屈 長肌（fflleexxoorr hhaalllluucciiss lloonngguuss）,屈趾長肌（fflleexxoorr ddiiggiittoorruumm lloonngguuss）,,A,A,standard,,False,115020_1301.pdf,115020_MOD1301.pdf
MOEX-115020-1301-Q032,115,第一次,115020,1301,32,生理學,生理學,,女性在青春期時，體內何種激素（hhoorrmmoonnee）的釋放量，會在排卵前與排卵後，分分別別出出現現一一次次高高峰峰？,濾泡刺激激素（follicle-ssttiimmuullaattiinngg hhoorrmmoonnee）,黃體成長激素（lluutteeiinniizziinngg hhoorrmmoonnee）,動情素（estrogen）,黃體酮（progesterone）,,C,C,standard,,False,115020_1301.pdf,115020_MOD1301.pdf
MOEX-115020-1301-Q033,115,第一次,115020,1301,33,胚胎及發育生物學,胚胎及發育生物學,,胚胎發育至何種時期，會突破透明層（（zona pellucida）而孵化（hatching）？,受精卵（zygote）,八細胞時期（eight-cell stage）,桑葚胚（morula）,囊胚（blastocyst）,,D,D,standard,,False,115020_1301.pdf,115020_MOD1301.pdf
MOEX-115020-1301-Q034,115,第一次,115020,1301,34,胚胎及發育生物學,胚胎及發育生物學,,下列關於染色體數目異常的敘述，何何者者正正確確？,孕婦的年齡不影響染色體 21 三倍體（（trisomy 21）的發生率,性染色體三倍症（ttrriissoommyy ooff sseexx cchhrroommoossoommeess），常在青春期時才發現,透納氏症（Turner syndrome）多多為為男男性性，且具有性腺及第二性徵的發育,具有染色體四倍體（tetrasomy）的的胎胎兒兒不不易易流流產產，仍可足月生產,,B,B,standard,,False,115020_1301.pdf,115020_MOD1301.pdf
MOEX-115020-1301-Q035,115,第一次,115020,1301,35,胚胎及發育生物學,胚胎及發育生物學,,下列何種構造之來源不是外胚層（eeccttooddeerrmm）？,皮脂腺（sebaceous gland）,汗腺（sweat gland）,頭髮（hair）,豎毛肌（arrector pili muscle）,,D,D,standard,,False,115020_1301.pdf,115020_MOD1301.pdf
MOEX-115020-1301-Q036,115,第一次,115020,1301,36,解剖學,神經解剖,神經解剖,下列構造與其發育來源的位置配對，何者錯誤？,橋腦及小腦（pons and cerebellum）：後腦（metencephalon）,四疊體（tectum）：中腦（mesencephalon）,乳狀體（mammillary body）：間腦（diencephalon）,視囊（optic vesicle）：髓腦（myelencephalon）,,D,D,standard,,False,115020_1301.pdf,115020_MOD1301.pdf
MOEX-115020-1301-Q037,115,第一次,115020,1301,37,組織學,組織學,,下列那個連結會出現在上皮細胞的基底面（basal domain）？,緊密接合（tight junction）,黏連接合（adhering junction）,橋粒（desmosome）,點狀黏著（focal adhesion）,,D,D,standard,,False,115020_1301.pdf,115020_MOD1301.pdf
MOEX-115020-1301-Q038,115,第一次,115020,1301,38,解剖學,胸腔,胸腔,心肌間盤（intercalated disc）的組成構造，不包括：,黏連接合（adhering junction）,橋粒（desmosome）,緊密接合（tight junction）,間隙接合（gap junction）,,C,C,standard,,False,115020_1301.pdf,115020_MOD1301.pdf
MOEX-115020-1301-Q039,115,第一次,115020,1301,39,組織學,組織學,,蝕骨細胞（osteoclasts）具有下列何種特性？,合成類骨質（osteoid）,源自於骨生成細胞（osteoprogenitor cell）,具有多個細胞核且胞質為嗜酸性,細胞周邊發出骨小管（canaliculi）,,C,C,standard,,False,115020_1301.pdf,115020_MOD1301.pdf
MOEX-115020-1301-Q040,115,第一次,115020,1301,40,組織學,組織學,,下列細胞的配對，何者的功能最相似，以及其前驅細胞來源最相近？,肥大細胞（mast cell）－巨噬細胞（macrophage）,自然殺手細胞（NK cell）－漿細胞（plasma cell）,嗜鹼細胞（basophil）－肥大細胞（mast cell）,巨噬細胞（macrophage）－巨核細胞（megakaryocyte）,,C,C,standard,,False,115020_1301.pdf,115020_MOD1301.pdf
MOEX-115020-1301-Q041,115,第一次,115020,1301,41,組織學,組織學,,下列何者的神經元（neuron）不屬於雙極神經元（bipolar neuron）？,前庭神經節（vestibular ganglion）,嗅覺上皮（olfactory epithelium）,柯蒂氏螺旋神經節（spiral ganglion of Corti）,視網膜的神經節細胞層（ganglion cell layer of retina）,,D,D,standard,,False,115020_1301.pdf,115020_MOD1301.pdf
MOEX-115020-1301-Q042,115,第一次,115020,1301,42,組織學,組織學,,下列關於脾臟（spleen）的敘述，何者正確？,為身體最大的淋巴器官，具有輸入與輸出淋巴管，直接和淋巴循環相連接,紅髓（red pulp）是由大量的淋巴細胞圍繞中央動脈（central artery）所構成,具有高內皮小靜脈（high endothelial venules）過濾不成熟的淋巴球,紅血球經有鞘微血管（sheathed capillary），以開放式循環進入脾索（splenic cord）,,D,D,standard,,False,115020_1301.pdf,115020_MOD1301.pdf
MOEX-115020-1301-Q043,115,第一次,115020,1301,43,解剖學,頭頸部,頭頸部,舌乳頭（papillae）中，何者數量最多且構造最小？,絲狀乳頭（filiform papillae）,蕈狀乳頭（fungiform papillae）,輪廓乳頭（circumvallate papillae）,葉狀乳頭（foliate papillae）,,A,A,standard,,False,115020_1301.pdf,115020_MOD1301.pdf
MOEX-115020-1301-Q044,115,第一次,115020,1301,44,解剖學,腹部,腹部,關於消化道的組織結構，下列敘述何者正確？,黏膜肌層（muscularis mucosae）分布區域是由食道（esophagus）至盲腸（cecum）為止,胃底腺（fundic gland）分布是由黏膜層向下延伸至肌外層（muscularis externa）,小腸的絨毛（villi）主要是由黏膜下層（submucosa）突出至腸腔的構造,闌尾（appendix）的黏膜層有豐富的淋巴小結（lymphatic nodules），有時會延伸到黏膜下層 （submucosa）,,D,D,standard,,False,115020_1301.pdf,115020_MOD1301.pdf
MOEX-115020-1301-Q045,115,第一次,115020,1301,45,解剖學,腹部,腹部,腎臟構造中，下列何者具有最發達的刷狀緣（brush border）？,近曲小管（proximal convoluted tubule）,遠曲小管（distal convoluted tubule）,亨利氏環的細升支（thin ascending limb of the loop of Henle）,髓質的集尿管（medullary collecting duct）,,A,A,standard,,False,115020_1301.pdf,115020_MOD1301.pdf
MOEX-115020-1301-Q046,115,第一次,115020,1301,46,生理學,生理學,,下列關於內分泌腺體的細胞與其分泌的激素（hormone）之敘述，何者正確？,胰島（pancreatic islet）內的 A 細胞（alpha cell）主要分泌胰島素（insulin）,腎上腺髓質（adrenal medulla）內的嗜鉻細胞（chromaffin cell）主要分泌雄性激素（androgen）,松果腺（pineal gland）的膠細胞（glial cell）主要分泌褪黑激素（melatonin）,副甲狀腺（parathyroid gland）中的主細胞（chief cell）主要分泌副甲狀腺激素（parathyroid hormone）,,D,D,standard,,False,115020_1301.pdf,115020_MOD1301.pdf
MOEX-115020-1301-Q047,115,第一次,115020,1301,47,組織學,組織學,,一般體內生理情況下，鈉鈣交換子（Na+/Ca2+-exchanger）的輸送方式最常見屬於下列何種方式？,簡單擴散,協助擴散,初級主動運輸,次級主動運輸,,D,D,standard,,False,115020_1301.pdf,115020_MOD1301.pdf
MOEX-115020-1301-Q048,115,第一次,115020,1301,48,解剖學,腹部,腹部,交感神經及副交感神經合作無間調節人體的許多功能及行為包括性行為，在男性進行性行為生殖器勃起時， 下列那一個敘述最恰當？,交感神經節後神經元釋放乙醯膽鹼（acetylcholine）,副交感神經節後神經元釋放乙醯膽鹼（acetylcholine）,交感神經節後神經元釋放正腎上腺素（norepinephrine）,副交感神經節後神經元釋放正腎上腺素（norepinephrine）,,B,B,standard,,False,115020_1301.pdf,115020_MOD1301.pdf
MOEX-115020-1301-Q049,115,第一次,115020,1301,49,組織學,組織學,,視錐細胞（cone cell）的光線傳導（phototransduction）過程中，在黑暗時下列何者最可能發生？,cAMP 的產生大量增加,cGMP 的產生大量增加,cAMP 的產生大量降低,cGMP 的產生大量降低,,B,B,standard,,False,115020_1301.pdf,115020_MOD1301.pdf
MOEX-115020-1301-Q050,115,第一次,115020,1301,50,解剖學,腹部,神經解剖,副交感神經系統活化會造成下列何種變化？,氣管平滑肌舒張,膽囊舒張,虹膜括約肌收縮,豎毛肌收縮,,C,C,standard,,False,115020_1301.pdf,115020_MOD1301.pdf
MOEX-115020-1301-Q051,115,第一次,115020,1301,51,組織學,組織學,,下列那一個是把正腎上腺素（norepinephrine）轉換成腎上腺素（epinephrine）最重要的酶？,組織胺 N-甲基轉移酶（histamine N-methyltransferase）,菸鹼醯胺 N-甲基轉移酶（nicotinamide N-methyltransferase）,胍基乙酸 N-甲基轉移酶（guanidinoacetate N-methyltransferase）,苯基乙醇胺 N-甲基轉移酶（phenylethanolamine N-methyltransferase）,,D,D,standard,,False,115020_1301.pdf,115020_MOD1301.pdf
MOEX-115020-1301-Q052,115,第一次,115020,1301,52,解剖學,神經解剖,神經解剖,為控制癲癇的發作，某病人在成年時被切去兩側的海馬迴（hippocampus）。下列對他在手術後情況的描述， 何者最為可能？,忘記小學畢業成績為全校第一,仍可以學會騎腳踏車,記得昨天中午去聚餐的朋友,記得 30 分鐘前進行過的對話,,B,B,standard,,False,115020_1301.pdf,115020_MOD1301.pdf
MOEX-115020-1301-Q053,115,第一次,115020,1301,53,生理學,生理學,,下列何種組合的神經纖維，一般會有最快的動作電位傳導速度？,細且有髓鞘,細且無髓鞘,粗且有髓鞘,粗且無髓鞘,,C,C,standard,,False,115020_1301.pdf,115020_MOD1301.pdf
MOEX-115020-1301-Q054,115,第一次,115020,1301,54,解剖學,腹部,腹部,1995 年日本奧姆真理教發動東京地鐵沙林（sarin）毒氣攻擊，造成多人死亡與輕重傷。症狀較輕的只有瞳 孔縮小，症狀嚴重還會出現呼吸困難、肌肉抽搐或胃腸道問題等症狀。根據這些症狀，沙林的作用機制最可 能是：,競爭性抑制乙醯膽鹼（acetylcholine）結合到尼古丁型（nicotinic type）膽鹼受體,非競爭性抑制乙醯膽鹼（acetylcholine）結合到尼古丁型（nicotinic type）膽鹼受體,抑制突觸前含乙醯膽鹼（acetylcholine）突觸小泡的釋放,抑制乙醯膽鹼酶（acetylcholinesterase）的作用,,D,D,standard,,False,115020_1301.pdf,115020_MOD1301.pdf
MOEX-115020-1301-Q055,115,第一次,115020,1301,55,組織學,組織學,,下列關於骨骼肌和平滑肌收縮的敘述，何者最為適當？,在骨骼肌中，鈣離子主要經由與旋轉素（troponin）結合啟動收縮；而在平滑肌中，鈣離子主要直接與肌凝 蛋白（myosin）結合來啟動收縮,在骨骼肌中，鈣離子主要與細絲（thin filaments）上的調節蛋白（regulatory protein）結合；而在平滑 肌中，鈣離子主要與粗肌絲（thick filaments）上的調節蛋白結合,在骨骼肌中，鈣離子主要經由與肌凝蛋白輕鏈激酶（myosin light-chain kinase）結合來啟動收縮；而在 平滑肌中，鈣離子主要直接與旋轉肌凝蛋白（tropomyosin）結合來啟動收縮,在骨骼肌中，鈣離子主要透過與旋轉素（troponin）結合來啟動收縮；而在平滑肌中，鈣離子主要透過與攜 鈣素（calmodulin）結合來啟動收縮,,D,D,standard,,False,115020_1301.pdf,115020_MOD1301.pdf
MOEX-115020-1301-Q056,115,第一次,115020,1301,56,組織學,組織學,,下列關於紅血球（red blood cell）的敘述，何者最不適當？,有許多粒線體存在細胞質中,具有高的表面積與體積比以助氣體擴散,能在血液中攜帶氧氣和二氧化碳,顯微鏡下觀察成熟紅血球未發現細胞核,,A,A,standard,,False,115020_1301.pdf,115020_MOD1301.pdf
MOEX-115020-1301-Q057,115,第一次,115020,1301,57,解剖學,胸腔,胸腔,"下列有關心電圖（electrocardiogram, ECG）中 P 波的敘述，何者最不適當？",P 波代表心房去極化，心房開始收縮,P 波出現後心室容積會顯著升高,P 波出現後心房壓力會略為升高,P 波出現於心臟週期的收縮期（systolic phase）,,D,D,standard,,True,115020_1301.pdf,115020_MOD1301.pdf
MOEX-115020-1301-Q058,115,第一次,115020,1301,58,解剖學,胸腔,胸腔,正常情況下，下列那一現象最不可能發生於心臟週期中的舒張期（diastole）？,產生第三心音,心房收縮,房室瓣（A-V valve）打開,心電圖的 T 波開始發生,,D,D,standard,,True,115020_1301.pdf,115020_MOD1301.pdf
MOEX-115020-1301-Q059,115,第一次,115020,1301,59,組織學,組織學,,某某段段微微血血管管內內靠靠近近動動脈脈端端之之微微血血管管流流體體靜靜壓壓為為 36 毫米汞柱，血血漿漿蛋蛋白白質質造造成成之之滲滲透透壓壓為為 26 毫米汞柱，微血 管外組織間液流體靜壓為 0 毫米汞柱，，組織間液蛋白質造成之滲透壓為 3 毫米汞柱，該該微微血血管管之之淨淨過過濾濾壓壓值值 為何？,7 毫米汞柱,13 毫米汞柱,59 毫米汞柱,65 毫米汞柱,,B,B,standard,,False,115020_1301.pdf,115020_MOD1301.pdf
MOEX-115020-1301-Q060,115,第一次,115020,1301,60,生理學,生理學,,有關腦部循環與血流調控之敘述，何何者者最最為為適適當當？,腦部之流量自動控制（ffllooww aauuttoorreegguullaattiioonn）機制較肝臟顯著，腦腦部部動動脈脈血血中中二二氧氧化化碳碳濃濃度度升升高高時時會會引引起起 血管擴張,肝臟之流量自動控制（ffllooww aauuttoorreegguullaattiioonn）機制較腦部顯著，腦腦部部動動脈脈血血中中二二氧氧化化碳碳濃濃度度升升高高時時會會引引起起 血管擴張,腦部之流量自動控制（ffllooww aauuttoorreegguullaattiioonn）機制較肝臟顯著，腦腦部部動動脈脈血血中中二二氧氧化化碳碳濃濃度度升升高高時時會會引引起起 血管收縮,肝臟之流量自動控制（ffllooww aauuttoorreegguullaattiioonn）機制較腦部顯著，腦腦部部動動脈脈血血中中二二氧氧化化碳碳濃濃度度升升高高時時會會引引起起 血管收縮,,A,A,standard,,False,115020_1301.pdf,115020_MOD1301.pdf
MOEX-115020-1301-Q061,115,第一次,115020,1301,61,解剖學,胸腔,胸腔,內肋間肌（iinntteerrnnaall iinntteerrccoossttaall mmuussccllee）主要在何時會收縮？,平靜吸氣,平靜呼氣,用力吸氣,用力呼氣,,D,D,standard,,False,115020_1301.pdf,115020_MOD1301.pdf
MOEX-115020-1301-Q062,115,第一次,115020,1301,62,解剖學,胸腔,胸腔,當肺內某區域的肺小動脈（ppuullmmoonnaarryy aarrtteerriioollee）發生局部血管阻塞時，最最可可能能會會導導致致下下列列何何種種反反應應？,"此區域的肺泡內二氧化碳分壓（ ）升高，進入此區域肺泡之通氣量（vveennttiillaattiioonn,, VV ）增加 A","此區域的肺泡內二氧化碳分壓（ ）升高，進入此區域肺泡之通氣量（vveennttiillaattiioonn,, VV ）減少 A","此區域的肺泡內二氧化碳分壓（ ）降低，進入此區域肺泡之通氣量（vveennttiillaattiioonn,, VV ）增加 A","此區域的肺泡內二氧化碳分壓（ ）降低，進入此區域肺泡之通氣量（vveennttiillaattiioonn,, VV ）減少 A",,D,D,standard,,False,115020_1301.pdf,115020_MOD1301.pdf
MOEX-115020-1301-Q063,115,第一次,115020,1301,63,組織學,組織學,,關於胃壁細胞（parietal cells）的的運運輸輸器器在在細細胞胞膜膜表表現現位位置置，下下列列敘敘述述何何者者最最為為適適當當？,H+-K+-ATPase 位於細胞膜的底側面（bbaassoollaatteerraall mmeemmbbrraannee）,anion exchanger 位位於於細細胞胞膜膜的的底底側側面面（basolateral membrane）,ccyyssttiicc ffiibbrroossiiss ttrraannssmmeemmbbrraannee ccoonndduuccttaannccee rreegguullaattoorr（CFTR）位位於於細細胞胞膜膜的的底底側側面面（basolateral membrane）,peptide transporter 1（PepT1）位位於於細細胞胞膜膜的的的的頂頂端端面面（apical membrane）,,B,B,standard,,False,115020_1301.pdf,115020_MOD1301.pdf
MOEX-115020-1301-Q064,115,第一次,115020,1301,64,解剖學,腹部,腹部,膽酸（bile acid）的功能敘述，下列何者最為適當？,膽酸有親脂性但無親水性，可促進三酸甘油酯通過上皮細胞膜,膽酸有親水與親脂性，可經由結腸被回收利用稱之為腸肝循環,膽酸有親水與親脂性，可幫助卵磷脂的結晶,膽酸有親水與親脂性，可促進脂肪乳糜化及微膠粒作用,,D,D,standard,,False,115020_1301.pdf,115020_MOD1301.pdf
MOEX-115020-1301-Q065,115,第一次,115020,1301,65,生理學,生理學,,關於高蛋白質飲食所引發的腎功能變化，下列何者最不可能發生？,腎素（renin）的分泌增加,緻密斑（macula densa）管腔內的鈉離子濃度減低,入球小動脈收縮 GFR 下降,前列腺素分泌量增加,,C,C,standard,,False,115020_1301.pdf,115020_MOD1301.pdf
MOEX-115020-1301-Q066,115,第一次,115020,1301,66,解剖學,腹部,腹部,關於氨的排泄，下列敘述何者最不適當？,肝臟會將有毒的氨轉變為尿素（urea）或麩醯胺酸（glutamine），兩者都是腎臟排出體外,尿素（urea）從尿液的排出會受血管加壓素（vasopressin）的表現而下降,麩醯胺酸（glutamine）在腎臟中的代謝量，會因為代謝性酸中毒而增加,尿素（urea）的再吸收是初級主動運輸通道表現上升，促使尿素的再吸收,,#,#,standard,,False,115020_1301.pdf,115020_MOD1301.pdf
MOEX-115020-1301-Q067,115,第一次,115020,1301,67,組織學,組織學,,下列何者最不可能為壓力反應下，皮質醇（cortisol）所導致之生理作用？,促進肝臟進行糖質新生作用（gluconeogenesis）,促進骨骼肌吸收葡萄糖,促進骨骼肌蛋白分解,促進脂肪細胞的三酸甘油酯分解,,B,B,standard,,False,115020_1301.pdf,115020_MOD1301.pdf
MOEX-115020-1301-Q068,115,第一次,115020,1301,68,生理學,生理學,,有關腦下垂體後葉的激素分泌功能和作用，下列敘述何者最不適當？,催產素（oxytocin）是由神經細胞所分泌,催產素（oxytocin）會促進子宮平滑肌收縮作用,抗利尿激素（ADH）會促進近端腎小管水分重吸收作用,當血漿滲透壓升高時，會促進抗利尿激素（ADH）的分泌作用,,C,C,standard,,False,115020_1301.pdf,115020_MOD1301.pdf
MOEX-115020-1301-Q069,115,第一次,115020,1301,69,胚胎及發育生物學,胚胎及發育生物學,,下列何種症狀最不可能會發生在腦下垂體功能低下（pituitary insufficiency）的病人？,不孕,生長發育遲緩,基礎代謝速率變慢,尿液濃縮功能受損,,D,D,standard,,False,115020_1301.pdf,115020_MOD1301.pdf
MOEX-115020-1301-Q070,115,第一次,115020,1301,70,生理學,生理學,,"病人出現副甲狀腺（parathyroid hormone, PTH）功能低下的症狀，但其循環中副甲狀腺素的濃度卻略高於 正常濃度範圍，下列何者為最可能之原因？",副甲狀腺上鈣離子受體功能受損,副甲狀腺素的合成分泌功能受損,副甲狀腺素的受體功能受損,降血鈣素（calcitonin）的拮抗功能受損,,C,C,standard,,False,115020_1301.pdf,115020_MOD1301.pdf
MOEX-115020-1301-Q071,115,第一次,115020,1301,71,生物化學,生物化學,,下列有關升糖素（glucagon）的敘述，何者最不適當？,運動會刺激升糖素的分泌,增加血中胺基酸的濃度會刺激升糖素的分泌,升糖素分泌增加會促進肝臟葡萄糖新生作用（gluconeogenesis）,升糖素分泌增加會抑制肝臟肝醣分解（glycogenolysis）,,D,D,standard,,False,115020_1301.pdf,115020_MOD1301.pdf
MOEX-115020-1301-Q072,115,第一次,115020,1301,72,胚胎及發育生物學,胚胎及發育生物學,,有關妊娠期間母體內分泌調節與胎兒發育，下列敘述何者最為適當？,母體血液醛固酮（aldosterone）含量增加，以抗衡胰島素（insulin）的作用,母體血液濾泡促素（FSH）含量是作為胚體（conceptus）正常狀態的臨床指標,胎兒循環系統的靜脈導管（ductus venosus）有利於有效提供其全身充氧血液,母體之血液甲狀腺素（thyroid hormone）含量提升，以調節血鈣提供鈣離子給胎兒成長之需,,C,C,standard,,False,115020_1301.pdf,115020_MOD1301.pdf
MOEX-115020-1301-Q073,115,第一次,115020,1301,73,生理學,生理學,,下列何者的主要作用是抑制 anterior pituitary 的 follicle-stimulating hormone（FSH）分泌，但對 luteinizing hormone（LH）的分泌則相對較無影響 ？,progesterone,estrogen,inhibin B,testosterone,,C,C,standard,,False,115020_1301.pdf,115020_MOD1301.pdf
MOEX-115020-1301-Q074,115,第一次,115020,1301,74,生物化學,生物化學,,某種蛋白質可用尿素（urea）將其變性（denature），且將尿素移除後會自發性地折疊回其具有活性的三級 結構。關於下列熱力學對於該蛋白質再折疊（protein refolding）的描述，何者錯誤？,蛋白質本身亂度（entropy）一定減少,過程一定是放熱反應,反應過程的自由能（free energy）一定減少,總亂度（蛋白質本身和環境）一定增加,,B,B,standard,,False,115020_1301.pdf,115020_MOD1301.pdf
MOEX-115020-1301-Q075,115,第一次,115020,1301,75,生理學,生理學,,某酵素催化反應的 k =600（單位 1/s），K=10 μM。當受質濃度是 50 μM，酵素濃度是 20 nM，此時測得 cat M 之反應初速度（Ｖ ）約為多少μM/s？ 0,1,10,60,500,,B,B,standard,,False,115020_1301.pdf,115020_MOD1301.pdf
MOEX-115020-1301-Q076,115,第一次,115020,1301,76,生物化學,生物化學,,胺基酸被歸類為一種兩性電解質（ampholytes）的主因是胺基酸能：,呈現酸性及鹼性的功能,轉換為不帶電荷的分子及離子的狀態,轉換為極性及非極性的狀態,轉換為在 260nm 及 280nm 的吸光化合物,,A,A,standard,,False,115020_1301.pdf,115020_MOD1301.pdf
MOEX-115020-1301-Q077,115,第一次,115020,1301,77,解剖學,腹部,腹部,有關 vitamin D 代謝和功能，下列敘述何者最適切？ 3,"1α,25-二羥基維生素 D （1α,25-dihydroxyvitamin D ）可經由陽光紫外線在皮膚中形成膽鈣化醇 3 3 （cholecalciferol）","1α,25-二羥基維生素 D （1α,25-dihydroxyvitamin D ）與特定核受體蛋白相互作用來調節基因表現 3 3",7-脫氫膽固醇（7-dehydrocholesterol）調節腸道鈣吸收,calcitriol 在肝和腎臟中形成 vitamin D 3,,B,B,standard,,False,115020_1301.pdf,115020_MOD1301.pdf
MOEX-115020-1301-Q078,115,第一次,115020,1301,78,組織學,組織學,,所謂的 ABO 血型，是指血球細胞膜上具有不同的抗原來決定其血型。在分子層次上，ABO 血型之抗原的主要 差異為何？,細胞膜的脂肪組成不同,細胞膜上的葡萄糖載體蛋白（glucose transporter）種類不同,細胞膜上的特定醣蛋白（glycoprotein）數量不同,細胞膜上的特定醣蛋白末端組成之單醣種類不同,,D,D,standard,,False,115020_1301.pdf,115020_MOD1301.pdf
MOEX-115020-1301-Q079,115,第一次,115020,1301,79,生理學,生理學,,下列何種物質可以降低血中同半胱胺酸（homocysteine）的濃度，並可減少心臟病、高血壓及中風的風險？,天門冬胺酸（aspartate）,蘋果酸（malate）,葉酸（folate）,瓜胺酸（citrulline）,,C,C,standard,,False,115020_1301.pdf,115020_MOD1301.pdf
MOEX-115020-1301-Q080,115,第一次,115020,1301,80,組織學,組織學,,粒線體呼吸鏈（或稱電子傳遞鏈）是一連串的氧化還原反應，下列有關呼吸鏈相關之氧化還原反應的敘述， 何者正確？,NADH 為最終的電子接受者,complex Ⅱ將 FAD 還原成 FADH 2,coenzyme Q 的還原發生在 complex Ⅲ,cytochrome c 的氧化發生在 complex Ⅳ,,D,D,standard,,False,115020_1301.pdf,115020_MOD1301.pdf
MOEX-115020-1301-Q081,115,第一次,115020,1301,81,生物化學,生物化學,,"在肝醣合成酶（glycogen synthase, GS）被肝醣合成激酶 3（glycogen synthase kinase 3）磷酸化之前， GS 須先經下列何種酵素進行引導式（priming）磷酸化修飾？",酪蛋白激酶Ⅱ（casein kinase Ⅱ）,磷酸化酶激酶（phosphorylase kinase）,蛋白質激酶 A（protein kinase A）,蛋白質激酶 B（protein kinase B）,,A,A,standard,,False,115020_1301.pdf,115020_MOD1301.pdf
MOEX-115020-1301-Q082,115,第一次,115020,1301,82,生物化學,生物化學,,若欲使用 Ni2+親和層析法來純化某特定蛋白，則應以重組 DNA 技術（recombinant DNA technology）在此蛋 白加入下列何種親和性標籤（affinity tag）？,β-半乳糖苷酶（β-Galactosidase）,"穀胱甘肽-S-轉移酶（Glutathione-S-transferase, GST）",六個連續組胺酸（His） 6,蛋白質 A（Protein A）,,C,C,standard,,False,115020_1301.pdf,115020_MOD1301.pdf
MOEX-115020-1301-Q083,115,第一次,115020,1301,83,生物化學,生物化學,,下列有關核苷酸（nucleotide）的敘述，何者錯誤？,尿苷（uridine）是屬於 RNA 的核苷（nucleoside）之一,磷酸根（phosphate）主要連接在五碳糖的 5 號碳上,DNA 結構中的五碳糖之 2 號碳上的官能基為 OH 基團,RNA 結構中的五碳糖是屬於 D-核糖（D-ribose）,,C,C,standard,,False,115020_1301.pdf,115020_MOD1301.pdf
MOEX-115020-1301-Q084,115,第一次,115020,1301,84,生物化學,生物化學,,核糖核苷酸（ribonucleotide）需要何種酵素將其催化成為去氧核糖核苷酸（deoxyribonucleotide），使其 能被用於 DNA 之複製及修復？,胸苷酸合成酶（thymidylate synthase）,核苷單磷酸激酶（nucleoside monophosphate kinase）,核糖核苷酸還原酶（ribonucleotide reductase）,胞苷酸合成酶（cytidylate synthase）,,C,C,standard,,False,115020_1301.pdf,115020_MOD1301.pdf
MOEX-115020-1301-Q085,115,第一次,115020,1301,85,生物化學,生物化學,,在大腸桿菌 DNA 複製過程中，下列何種酶的功能是去除 RNA 引子，並用 DNA 替換？,解旋酶（helicase）,引子酶（primase）,DNA 連接酶（DNA ligase）,DNA 聚合酶Ⅰ（DNA polymerase Ⅰ）,,D,D,standard,,False,115020_1301.pdf,115020_MOD1301.pdf
MOEX-115020-1301-Q086,115,第一次,115020,1301,86,胚胎及發育生物學,胚胎及發育生物學,,移除 DNA 上錯誤的脲嘧啶（uracil）鹼基，主要由何種 DNA 修復機制來執行？,直接修復機制（direct repair）,鹼基切除修復（base excision repair）,鹼基錯誤配對修復（mismatch repair）,核苷酸切除修復（nucleotide-excision repair）,,B,B,standard,,False,115020_1301.pdf,115020_MOD1301.pdf
MOEX-115020-1301-Q087,115,第一次,115020,1301,87,生物化學,生物化學,,下列關於 DNA 複製（DNA replication）的敘述，何者錯誤？,雙股 DNA 的複製，是利用一股 DNA 為模板，合成新股 DNA,真核細胞 DNA 複製時，可以在染色體 DNA 上多個不同的複製起始點同時進行,DNA 聚合酶合成 DNA 時，除了可利用 RNA 為引子（primer），也可以利用 DNA 為引子,DNA 聚合反應（polymerization）的方向可以是 5'端→3'端，也可以是 3'端→5'端,,D,D,standard,,False,115020_1301.pdf,115020_MOD1301.pdf
MOEX-115020-1301-Q088,115,第一次,115020,1301,88,生物化學,生物化學,,大腸桿菌（E. coli）處於富含乳糖且缺乏葡萄糖的環境時，其乳糖操縱組（lac operon）的基因調控模式， 主要有下列那兩種類型？①透過減少抑制蛋白結合而活化轉錄 ②通過增加抑制蛋白結合而抑制轉錄 ③通 過增加活化蛋白結合而活化轉錄 ④通過減少活化蛋白結合而抑制轉錄,①④,②③,②④,①③,,D,D,standard,,False,115020_1301.pdf,115020_MOD1301.pdf
MOEX-115020-1301-Q089,115,第一次,115020,1301,89,生物化學,生物化學,,核糖體在進行蛋白質合成時，下列那個步驟不會直接消耗能量？,胺基酸活化（amino acid activation）,胺醯-tRNA 進入核糖體進行結合（binding of an incoming aminoacyl-tRNA）,肽鍵形成（peptide bond formation）,轉位（translocation）,,C,C,standard,,False,115020_1301.pdf,115020_MOD1301.pdf
MOEX-115020-1301-Q090,115,第一次,115020,1301,90,生物化學,生物化學,,真核細胞 RNA 聚合酶Ⅱ（RNA polymerase Ⅱ）會辨認位於轉錄起始位置（transcription start site）上游 約 30 base pairs 的啟動子（promoter），下列何者為最常出現於啟動子的 DNA 序列？,TRE（GAGGGACGTACCGCA）,GC box（GGGCGG）,TATA box（TATAAAA）,Octamer（ATTTGCAT）,,C,C,standard,,False,115020_1301.pdf,115020_MOD1301.pdf
MOEX-115020-1301-Q091,115,第一次,115020,1301,91,生物化學,生物化學,,主要用於解碼 mRNA 上起始密碼子（initiation codon）的胺醯-tRNA（aminoacyl-tRNA），在原核生物及真 核生物中分別為下列何者？,Met-tRNA；N-formyl-Met-tRNA,N-formyl-Pro-tRNA；Pro-tRNA,N-formyl-Met-tRNA；Met-tRNA,Met-tRNA；Met-tRNA,,C,C,standard,,False,115020_1301.pdf,115020_MOD1301.pdf
MOEX-115020-1301-Q092,115,第一次,115020,1301,92,生物化學,生物化學,,一單元葡萄糖進入糖解分解作用，當全部分解至 acetyl-CoA 時，共可生成多少單元的 NADH？,2,3,4,10,,C,C,standard,,False,115020_1301.pdf,115020_MOD1301.pdf
MOEX-115020-1301-Q093,115,第一次,115020,1301,93,生物化學,生物化學,,使葡萄糖經糖解作用（glycolysis）後的產物直接進入克氏循環（Krebs cycle，亦稱 citric acid cycle 或 TCA cycle）的關鍵酵素為何？,succinate dehydrogenase complex,isocitrate dehydrogenase complex,pyruvate dehydrogenase complex,malate dehydrogenase complex,,C,C,standard,,False,115020_1301.pdf,115020_MOD1301.pdf
MOEX-115020-1301-Q094,115,第一次,115020,1301,94,生物化學,生物化學,,細胞膜上的脂質（membrane lipids）不包含下列那類分子？,磷脂質,膽固醇,醣脂,游離脂肪酸,,D,D,standard,,False,115020_1301.pdf,115020_MOD1301.pdf
MOEX-115020-1301-Q095,115,第一次,115020,1301,95,解剖學,腹部,腹部,下列何種物質主要是在小腸形成，並幫助將三酸甘油酯（triglyceride）運送到肝臟？,chylomicron,high-density lipoprotein,intermediate-density lipoprotein,ApoB-100,,ALL,ALL,all_credit,第95題一律給分,False,115020_1301.pdf,115020_MOD1301.pdf
MOEX-115020-1301-Q096,115,第一次,115020,1301,96,生物化學,生物化學,,肝臟以外組織中的胺基酸經代謝分解後產生 NH +（ammonia），其會藉由形成何種物質進入肝臟粒線體，隨後 4 再經肝臟代謝轉化成尿素（urea）？,葡萄糖 6-磷酸（glucose 6-phosphate）,腺苷三磷酸（ATP）,麩醯胺酸（glutamine）,乙醯輔酶 A（acetyl-CoA）,,C,C,standard,,False,115020_1301.pdf,115020_MOD1301.pdf
MOEX-115020-1301-Q097,115,第一次,115020,1301,97,生理學,生理學,,下列有關細胞訊號傳遞的敘述，何者最不適當？,多細胞生物體可藉由細胞間互相交換眾多不同的訊號，來引發各種合適的反應,細胞和生物體只會偵測環境中的化學訊號，而物理訊號則無法啟動細胞傳訊機制,訊號分子是可被特異受體偵測到的訊息，可引發細胞做出適當反應,將訊號分子轉換成化學變化，即稱為訊息傳導（signal transduction），乃是活細胞普遍存在的一種特性,,B,B,standard,,False,115020_1301.pdf,115020_MOD1301.pdf
MOEX-115020-1301-Q098,115,第一次,115020,1301,98,生物化學,生物化學,,Protein kinase A（PKA）是一種磷酸化激酶，可催化在其受質蛋白中的何種胺基酸上進行磷酸化 （phosphorylation）？,組胺酸（histidine）,蘇胺酸（threonine）,酪胺酸（tyrosine）,麩胺酸（glutamate）,,B,B,standard,,False,115020_1301.pdf,115020_MOD1301.pdf
MOEX-115020-1301-Q099,115,第一次,115020,1301,99,組織學,組織學,,下列何者是原核細胞蛋白表現載體（expression vector）必備的序列？,核糖體結合區（ribosome-binding site）、內含子（intron）,核糖體結合區（ribosome-binding site）、轉錄啟動子（promoter）,內含子（intron）、轉錄啟動子（promoter）,核糖體結合區（ribosome-binding site）、端粒（telomere）,,B,B,standard,,False,115020_1301.pdf,115020_MOD1301.pdf
MOEX-115020-1301-Q100,115,第一次,115020,1301,100,組織學,組織學,,下列關於真核生物染色質（chromatin）的描述，何者正確？,常染色質（euchromatin）是染色質的深染色和結構較緊密的區域,異染色質（heterochromatin）是染色質的淺染色和結構較鬆散的區域,"組蛋白離胺酸（histone H3 lysine 4, H3K4）甲基化（methylation）是常染色質形成的轉錄抑制訊號",染色質結構會隨著細胞週期發生動態性變化,,D,D,standard,,False,115020_1301.pdf,115020_MOD1301.pdf
