canonical_id,source_id,group,roc_year,gregorian_year,exam_code,paper_code,question_no,source_name
MOEX-100030-1101-Q001,MOEX-100030-1101-Q001,醫學（一）,100,2011,100030,1101,1,moex_med1_missing_batch1_100030_1101_detailed.json
MOEX-100030-1101-Q002,MOEX-100030-1101-Q002,醫學（一）,100,2011,100030,1101,2,moex_med1_missing_batch1_100030_1101_detailed.json
MOEX-100030-1101-Q003,MOEX-100030-1101-Q003,醫學（一）,100,2011,100030,1101,3,moex_med1_missing_batch1_100030_1101_detailed.json
MOEX-100030-1101-Q004,MOEX-100030-1101-Q004,醫學（一）,100,2011,100030,1101,4,moex_med1_missing_batch1_100030_1101_detailed.json
MOEX-100030-1101-Q005,MOEX-100030-1101-Q005,醫學（一）,100,2011,100030,1101,5,moex_med1_missing_batch1_100030_1101_detailed.json
MOEX-100030-1101-Q006,MOEX-100030-1101-Q006,醫學（一）,100,2011,100030,1101,6,moex_med1_missing_batch1_100030_1101_detailed.json
MOEX-100030-1101-Q007,MOEX-100030-1101-Q007,醫學（一）,100,2011,100030,1101,7,moex_med1_missing_batch1_100030_1101_detailed.json
MOEX-100030-1101-Q008,MOEX-100030-1101-Q008,醫學（一）,100,2011,100030,1101,8,moex_med1_missing_batch1_100030_1101_detailed.json
MOEX-100030-1101-Q009,MOEX-100030-1101-Q009,醫學（一）,100,2011,100030,1101,9,moex_med1_missing_batch1_100030_1101_detailed.json
MOEX-100030-1101-Q010,MOEX-100030-1101-Q010,醫學（一）,100,2011,100030,1101,10,moex_med1_missing_batch1_100030_1101_detailed.json
MOEX-100030-1101-Q011,MOEX-100030-1101-Q011,醫學（一）,100,2011,100030,1101,11,moex_med1_missing_batch1_100030_1101_detailed.json
MOEX-100030-1101-Q012,MOEX-100030-1101-Q012,醫學（一）,100,2011,100030,1101,12,moex_med1_missing_batch1_100030_1101_detailed.json
MOEX-100030-1101-Q013,MOEX-100030-1101-Q013,醫學（一）,100,2011,100030,1101,13,moex_med1_missing_batch1_100030_1101_detailed.json
MOEX-100030-1101-Q014,MOEX-100030-1101-Q014,醫學（一）,100,2011,100030,1101,14,moex_med1_missing_batch1_100030_1101_detailed.json
MOEX-100030-1101-Q015,MOEX-100030-1101-Q015,醫學（一）,100,2011,100030,1101,15,moex_med1_missing_batch1_100030_1101_detailed.json
MOEX-100030-1101-Q016,MOEX-100030-1101-Q016,醫學（一）,100,2011,100030,1101,16,moex_med1_missing_batch1_100030_1101_detailed.json
MOEX-100030-1101-Q017,MOEX-100030-1101-Q017,醫學（一）,100,2011,100030,1101,17,moex_med1_missing_batch1_100030_1101_detailed.json
MOEX-100030-1101-Q018,MOEX-100030-1101-Q018,醫學（一）,100,2011,100030,1101,18,moex_med1_missing_batch1_100030_1101_detailed.json
MOEX-100030-1101-Q019,MOEX-100030-1101-Q019,醫學（一）,100,2011,100030,1101,19,moex_med1_missing_batch1_100030_1101_detailed.json
MOEX-100030-1101-Q020,MOEX-100030-1101-Q020,醫學（一）,100,2011,100030,1101,20,moex_med1_missing_batch1_100030_1101_detailed.json
MOEX-100030-1101-Q021,MOEX-100030-1101-Q021,醫學（一）,100,2011,100030,1101,21,moex_med1_missing_batch1_100030_1101_detailed.json
MOEX-100030-1101-Q022,MOEX-100030-1101-Q022,醫學（一）,100,2011,100030,1101,22,moex_med1_missing_batch1_100030_1101_detailed.json
MOEX-100030-1101-Q023,MOEX-100030-1101-Q023,醫學（一）,100,2011,100030,1101,23,moex_med1_missing_batch1_100030_1101_detailed.json
MOEX-100030-1101-Q024,MOEX-100030-1101-Q024,醫學（一）,100,2011,100030,1101,24,moex_med1_missing_batch1_100030_1101_detailed.json
MOEX-100030-1101-Q025,MOEX-100030-1101-Q025,醫學（一）,100,2011,100030,1101,25,moex_med1_missing_batch1_100030_1101_detailed.json
MOEX-100030-1101-Q026,MOEX-100030-1101-Q026,醫學（一）,100,2011,100030,1101,26,moex_med1_missing_batch1_100030_1101_detailed.json
MOEX-100030-1101-Q027,MOEX-100030-1101-Q027,醫學（一）,100,2011,100030,1101,27,moex_med1_missing_batch1_100030_1101_detailed.json
MOEX-100030-1101-Q028,MOEX-100030-1101-Q028,醫學（一）,100,2011,100030,1101,28,moex_med1_missing_batch1_100030_1101_detailed.json
MOEX-100030-1101-Q029,MOEX-100030-1101-Q029,醫學（一）,100,2011,100030,1101,29,moex_med1_missing_batch1_100030_1101_detailed.json
MOEX-100030-1101-Q030,MOEX-100030-1101-Q030,醫學（一）,100,2011,100030,1101,30,moex_med1_missing_batch1_100030_1101_detailed.json
MOEX-100030-1101-Q031,MOEX-100030-1101-Q031,醫學（一）,100,2011,100030,1101,31,moex_med1_missing_batch1_100030_1101_detailed.json
MOEX-100030-1101-Q032,MOEX-100030-1101-Q032,醫學（一）,100,2011,100030,1101,32,moex_med1_missing_batch1_100030_1101_detailed.json
MOEX-100030-1101-Q033,MOEX-100030-1101-Q033,醫學（一）,100,2011,100030,1101,33,moex_med1_missing_batch1_100030_1101_detailed.json
MOEX-100030-1101-Q034,MOEX-100030-1101-Q034,醫學（一）,100,2011,100030,1101,34,moex_med1_missing_batch1_100030_1101_detailed.json
MOEX-100030-1101-Q035,MOEX-100030-1101-Q035,醫學（一）,100,2011,100030,1101,35,moex_med1_missing_batch1_100030_1101_detailed.json
MOEX-100030-1101-Q036,MOEX-100030-1101-Q036,醫學（一）,100,2011,100030,1101,36,moex_med1_missing_batch1_100030_1101_detailed.json
MOEX-100030-1101-Q037,MOEX-100030-1101-Q037,醫學（一）,100,2011,100030,1101,37,moex_med1_missing_batch1_100030_1101_detailed.json
MOEX-100030-1101-Q038,MOEX-100030-1101-Q038,醫學（一）,100,2011,100030,1101,38,moex_med1_missing_batch1_100030_1101_detailed.json
MOEX-100030-1101-Q039,MOEX-100030-1101-Q039,醫學（一）,100,2011,100030,1101,39,moex_med1_missing_batch1_100030_1101_detailed.json
MOEX-100030-1101-Q040,MOEX-100030-1101-Q040,醫學（一）,100,2011,100030,1101,40,moex_med1_missing_batch1_100030_1101_detailed.json
MOEX-100030-1101-Q041,MOEX-100030-1101-Q041,醫學（一）,100,2011,100030,1101,41,moex_med1_missing_batch1_100030_1101_detailed.json
MOEX-100030-1101-Q042,MOEX-100030-1101-Q042,醫學（一）,100,2011,100030,1101,42,moex_med1_missing_batch1_100030_1101_detailed.json
MOEX-100030-1101-Q043,MOEX-100030-1101-Q043,醫學（一）,100,2011,100030,1101,43,moex_med1_missing_batch1_100030_1101_detailed.json
MOEX-100030-1101-Q044,MOEX-100030-1101-Q044,醫學（一）,100,2011,100030,1101,44,moex_med1_missing_batch1_100030_1101_detailed.json
MOEX-100030-1101-Q045,MOEX-100030-1101-Q045,醫學（一）,100,2011,100030,1101,45,moex_med1_missing_batch1_100030_1101_detailed.json
MOEX-100030-1101-Q046,MOEX-100030-1101-Q046,醫學（一）,100,2011,100030,1101,46,moex_med1_missing_batch1_100030_1101_detailed.json
MOEX-100030-1101-Q047,MOEX-100030-1101-Q047,醫學（一）,100,2011,100030,1101,47,moex_med1_missing_batch1_100030_1101_detailed.json
MOEX-100030-1101-Q048,MOEX-100030-1101-Q048,醫學（一）,100,2011,100030,1101,48,moex_med1_missing_batch1_100030_1101_detailed.json
MOEX-100030-1101-Q049,MOEX-100030-1101-Q049,醫學（一）,100,2011,100030,1101,49,moex_med1_missing_batch1_100030_1101_detailed.json
MOEX-100030-1101-Q050,MOEX-100030-1101-Q050,醫學（一）,100,2011,100030,1101,50,moex_med1_missing_batch1_100030_1101_detailed.json
MOEX-100030-1101-Q051,MOEX-100030-1101-Q051,醫學（一）,100,2011,100030,1101,51,moex_med1_missing_batch1_100030_1101_detailed.json
MOEX-100030-1101-Q052,MOEX-100030-1101-Q052,醫學（一）,100,2011,100030,1101,52,moex_med1_missing_batch1_100030_1101_detailed.json
MOEX-100030-1101-Q053,MOEX-100030-1101-Q053,醫學（一）,100,2011,100030,1101,53,moex_med1_missing_batch1_100030_1101_detailed.json
MOEX-100030-1101-Q054,MOEX-100030-1101-Q054,醫學（一）,100,2011,100030,1101,54,moex_med1_missing_batch1_100030_1101_detailed.json
MOEX-100030-1101-Q055,MOEX-100030-1101-Q055,醫學（一）,100,2011,100030,1101,55,moex_med1_missing_batch1_100030_1101_detailed.json
MOEX-100030-1101-Q056,MOEX-100030-1101-Q056,醫學（一）,100,2011,100030,1101,56,moex_med1_missing_batch1_100030_1101_detailed.json
MOEX-100030-1101-Q057,MOEX-100030-1101-Q057,醫學（一）,100,2011,100030,1101,57,moex_med1_missing_batch1_100030_1101_detailed.json
MOEX-100030-1101-Q058,MOEX-100030-1101-Q058,醫學（一）,100,2011,100030,1101,58,moex_med1_missing_batch1_100030_1101_detailed.json
MOEX-100030-1101-Q059,MOEX-100030-1101-Q059,醫學（一）,100,2011,100030,1101,59,moex_med1_missing_batch1_100030_1101_detailed.json
MOEX-100030-1101-Q060,MOEX-100030-1101-Q060,醫學（一）,100,2011,100030,1101,60,moex_med1_missing_batch1_100030_1101_detailed.json
MOEX-100030-1101-Q061,MOEX-100030-1101-Q061,醫學（一）,100,2011,100030,1101,61,moex_med1_missing_batch1_100030_1101_detailed.json
MOEX-100030-1101-Q062,MOEX-100030-1101-Q062,醫學（一）,100,2011,100030,1101,62,moex_med1_missing_batch1_100030_1101_detailed.json
MOEX-100030-1101-Q063,MOEX-100030-1101-Q063,醫學（一）,100,2011,100030,1101,63,moex_med1_missing_batch1_100030_1101_detailed.json
MOEX-100030-1101-Q064,MOEX-100030-1101-Q064,醫學（一）,100,2011,100030,1101,64,moex_med1_missing_batch1_100030_1101_detailed.json
MOEX-100030-1101-Q065,MOEX-100030-1101-Q065,醫學（一）,100,2011,100030,1101,65,moex_med1_missing_batch1_100030_1101_detailed.json
MOEX-100030-1101-Q066,MOEX-100030-1101-Q066,醫學（一）,100,2011,100030,1101,66,moex_med1_missing_batch1_100030_1101_detailed.json
MOEX-100030-1101-Q067,MOEX-100030-1101-Q067,醫學（一）,100,2011,100030,1101,67,moex_med1_missing_batch1_100030_1101_detailed.json
MOEX-100030-1101-Q068,MOEX-100030-1101-Q068,醫學（一）,100,2011,100030,1101,68,moex_med1_missing_batch1_100030_1101_detailed.json
MOEX-100030-1101-Q069,MOEX-100030-1101-Q069,醫學（一）,100,2011,100030,1101,69,moex_med1_missing_batch1_100030_1101_detailed.json
MOEX-100030-1101-Q070,MOEX-100030-1101-Q070,醫學（一）,100,2011,100030,1101,70,moex_med1_missing_batch1_100030_1101_detailed.json
MOEX-100030-1101-Q071,MOEX-100030-1101-Q071,醫學（一）,100,2011,100030,1101,71,moex_med1_missing_batch1_100030_1101_detailed.json
MOEX-100030-1101-Q072,MOEX-100030-1101-Q072,醫學（一）,100,2011,100030,1101,72,moex_med1_missing_batch1_100030_1101_detailed.json
MOEX-100030-1101-Q073,MOEX-100030-1101-Q073,醫學（一）,100,2011,100030,1101,73,moex_med1_missing_batch1_100030_1101_detailed.json
MOEX-100030-1101-Q074,MOEX-100030-1101-Q074,醫學（一）,100,2011,100030,1101,74,moex_med1_missing_batch1_100030_1101_detailed.json
MOEX-100030-1101-Q075,MOEX-100030-1101-Q075,醫學（一）,100,2011,100030,1101,75,moex_med1_missing_batch1_100030_1101_detailed.json
MOEX-100030-1101-Q076,MOEX-100030-1101-Q076,醫學（一）,100,2011,100030,1101,76,moex_med1_missing_batch1_100030_1101_detailed.json
MOEX-100030-1101-Q077,MOEX-100030-1101-Q077,醫學（一）,100,2011,100030,1101,77,moex_med1_missing_batch1_100030_1101_detailed.json
MOEX-100030-1101-Q078,MOEX-100030-1101-Q078,醫學（一）,100,2011,100030,1101,78,moex_med1_missing_batch1_100030_1101_detailed.json
MOEX-100030-1101-Q079,MOEX-100030-1101-Q079,醫學（一）,100,2011,100030,1101,79,moex_med1_missing_batch1_100030_1101_detailed.json
MOEX-100030-1101-Q080,MOEX-100030-1101-Q080,醫學（一）,100,2011,100030,1101,80,moex_med1_missing_batch1_100030_1101_detailed.json
MOEX-100030-1101-Q081,MOEX-100030-1101-Q081,醫學（一）,100,2011,100030,1101,81,moex_med1_missing_batch1_100030_1101_detailed.json
MOEX-100030-1101-Q082,MOEX-100030-1101-Q082,醫學（一）,100,2011,100030,1101,82,moex_med1_missing_batch1_100030_1101_detailed.json
MOEX-100030-1101-Q083,MOEX-100030-1101-Q083,醫學（一）,100,2011,100030,1101,83,moex_med1_missing_batch1_100030_1101_detailed.json
MOEX-100030-1101-Q084,MOEX-100030-1101-Q084,醫學（一）,100,2011,100030,1101,84,moex_med1_missing_batch1_100030_1101_detailed.json
MOEX-100030-1101-Q085,MOEX-100030-1101-Q085,醫學（一）,100,2011,100030,1101,85,moex_med1_missing_batch1_100030_1101_detailed.json
MOEX-100030-1101-Q086,MOEX-100030-1101-Q086,醫學（一）,100,2011,100030,1101,86,moex_med1_missing_batch1_100030_1101_detailed.json
MOEX-100030-1101-Q087,MOEX-100030-1101-Q087,醫學（一）,100,2011,100030,1101,87,moex_med1_missing_batch1_100030_1101_detailed.json
MOEX-100030-1101-Q088,MOEX-100030-1101-Q088,醫學（一）,100,2011,100030,1101,88,moex_med1_missing_batch1_100030_1101_detailed.json
MOEX-100030-1101-Q089,MOEX-100030-1101-Q089,醫學（一）,100,2011,100030,1101,89,moex_med1_missing_batch1_100030_1101_detailed.json
MOEX-100030-1101-Q090,MOEX-100030-1101-Q090,醫學（一）,100,2011,100030,1101,90,moex_med1_missing_batch1_100030_1101_detailed.json
MOEX-100030-1101-Q091,MOEX-100030-1101-Q091,醫學（一）,100,2011,100030,1101,91,moex_med1_missing_batch1_100030_1101_detailed.json
MOEX-100030-1101-Q092,MOEX-100030-1101-Q092,醫學（一）,100,2011,100030,1101,92,moex_med1_missing_batch1_100030_1101_detailed.json
MOEX-100030-1101-Q093,MOEX-100030-1101-Q093,醫學（一）,100,2011,100030,1101,93,moex_med1_missing_batch1_100030_1101_detailed.json
MOEX-100030-1101-Q094,MOEX-100030-1101-Q094,醫學（一）,100,2011,100030,1101,94,moex_med1_missing_batch1_100030_1101_detailed.json
MOEX-100030-1101-Q095,MOEX-100030-1101-Q095,醫學（一）,100,2011,100030,1101,95,moex_med1_missing_batch1_100030_1101_detailed.json
MOEX-100030-1101-Q096,MOEX-100030-1101-Q096,醫學（一）,100,2011,100030,1101,96,moex_med1_missing_batch1_100030_1101_detailed.json
MOEX-100030-1101-Q097,MOEX-100030-1101-Q097,醫學（一）,100,2011,100030,1101,97,moex_med1_missing_batch1_100030_1101_detailed.json
MOEX-100030-1101-Q098,MOEX-100030-1101-Q098,醫學（一）,100,2011,100030,1101,98,moex_med1_missing_batch1_100030_1101_detailed.json
MOEX-100030-1101-Q099,MOEX-100030-1101-Q099,醫學（一）,100,2011,100030,1101,99,moex_med1_missing_batch1_100030_1101_detailed.json
MOEX-100030-1101-Q100,MOEX-100030-1101-Q100,醫學（一）,100,2011,100030,1101,100,moex_med1_missing_batch1_100030_1101_detailed.json
MOEX-100140-1101-Q001,MOEX-100140-1101-Q001,醫學（一）,100,2011,100140,1101,1,anatomyQuestions.ts
MOEX-100140-1101-Q002,MOEX-100140-1101-Q002,醫學（一）,100,2011,100140,1101,2,anatomyQuestions.ts
MOEX-100140-1101-Q003,MOEX-100140-1101-Q003,醫學（一）,100,2011,100140,1101,3,anatomyQuestions.ts
MOEX-100140-1101-Q004,MOEX-100140-1101-Q004,醫學（一）,100,2011,100140,1101,4,anatomyQuestions.ts
MOEX-100140-1101-Q005,MOEX-100140-1101-Q005,醫學（一）,100,2011,100140,1101,5,anatomyQuestions.ts
MOEX-100140-1101-Q006,MOEX-100140-1101-Q006,醫學（一）,100,2011,100140,1101,6,anatomyQuestions.ts
MOEX-100140-1101-Q007,MOEX-100140-1101-Q007,醫學（一）,100,2011,100140,1101,7,anatomyQuestions.ts
MOEX-100140-1101-Q008,MOEX-100140-1101-Q008,醫學（一）,100,2011,100140,1101,8,anatomyQuestions.ts
MOEX-100140-1101-Q009,MOEX-100140-1101-Q009,醫學（一）,100,2011,100140,1101,9,anatomyQuestions.ts
MOEX-100140-1101-Q010,MOEX-100140-1101-Q010,醫學（一）,100,2011,100140,1101,10,anatomyQuestions.ts
MOEX-100140-1101-Q011,MOEX-100140-1101-Q011,醫學（一）,100,2011,100140,1101,11,anatomyQuestions.ts
MOEX-100140-1101-Q012,MOEX-100140-1101-Q012,醫學（一）,100,2011,100140,1101,12,anatomyQuestions.ts
MOEX-100140-1101-Q013,MOEX-100140-1101-Q013,醫學（一）,100,2011,100140,1101,13,anatomyQuestions.ts
MOEX-100140-1101-Q014,MOEX-100140-1101-Q014,醫學（一）,100,2011,100140,1101,14,anatomyQuestions.ts
MOEX-100140-1101-Q015,MOEX-100140-1101-Q015,醫學（一）,100,2011,100140,1101,15,anatomyQuestions.ts
MOEX-100140-1101-Q016,MOEX-100140-1101-Q016,醫學（一）,100,2011,100140,1101,16,moex_med1_remaining_detailed_v4_merged_001_1827.ts
MOEX-100140-1101-Q017,MOEX-100140-1101-Q017,醫學（一）,100,2011,100140,1101,17,anatomyQuestions.ts
MOEX-100140-1101-Q018,MOEX-100140-1101-Q018,醫學（一）,100,2011,100140,1101,18,anatomyQuestions.ts
MOEX-100140-1101-Q019,MOEX-100140-1101-Q019,醫學（一）,100,2011,100140,1101,19,anatomyQuestions.ts
MOEX-100140-1101-Q020,MOEX-100140-1101-Q020,醫學（一）,100,2011,100140,1101,20,moex_med1_remaining_detailed_v4_merged_001_1827.ts
MOEX-100140-1101-Q021,moex-med1-supplement-v5-100140-1101-021,醫學（一）,100,2011,100140,1101,21,moex_med1_requested_71_questions_detailed_patch_v5.ts
MOEX-100140-1101-Q022,MOEX-100140-1101-Q022,醫學（一）,100,2011,100140,1101,22,moex_med1_remaining_detailed_v4_merged_001_1827.ts
MOEX-100140-1101-Q023,MOEX-100140-1101-Q023,醫學（一）,100,2011,100140,1101,23,moex_med1_remaining_detailed_v4_merged_001_1827.ts
MOEX-100140-1101-Q024,MOEX-100140-1101-Q024,醫學（一）,100,2011,100140,1101,24,anatomyQuestions.ts
MOEX-100140-1101-Q025,MOEX-100140-1101-Q025,醫學（一）,100,2011,100140,1101,25,anatomyQuestions.ts
MOEX-100140-1101-Q026,MOEX-100140-1101-Q026,醫學（一）,100,2011,100140,1101,26,moex_med1_remaining_detailed_v4_merged_001_1827.ts
MOEX-100140-1101-Q027,MOEX-100140-1101-Q027,醫學（一）,100,2011,100140,1101,27,moex_med1_remaining_detailed_v4_merged_001_1827.ts
MOEX-100140-1101-Q028,MOEX-100140-1101-Q028,醫學（一）,100,2011,100140,1101,28,anatomyQuestions.ts
MOEX-100140-1101-Q029,MOEX-100140-1101-Q029,醫學（一）,100,2011,100140,1101,29,moex_med1_remaining_detailed_v4_merged_001_1827.ts
MOEX-100140-1101-Q030,MOEX-100140-1101-Q030,醫學（一）,100,2011,100140,1101,30,moex_med1_remaining_detailed_v4_merged_001_1827.ts
MOEX-100140-1101-Q031,MOEX-100140-1101-Q031,醫學（一）,100,2011,100140,1101,31,moex_med1_remaining_detailed_v4_merged_001_1827.ts
MOEX-100140-1101-Q032,MOEX-100140-1101-Q032,醫學（一）,100,2011,100140,1101,32,moex_med1_remaining_detailed_v4_merged_001_1827.ts
MOEX-100140-1101-Q033,MOEX-100140-1101-Q033,醫學（一）,100,2011,100140,1101,33,moex_med1_remaining_detailed_v4_merged_001_1827.ts
MOEX-100140-1101-Q034,MOEX-100140-1101-Q034,醫學（一）,100,2011,100140,1101,34,moex_med1_remaining_detailed_v4_merged_001_1827.ts
MOEX-100140-1101-Q035,MOEX-100140-1101-Q035,醫學（一）,100,2011,100140,1101,35,moex_med1_remaining_detailed_v4_merged_001_1827.ts
MOEX-100140-1101-Q036,MOEX-100140-1101-Q036,醫學（一）,100,2011,100140,1101,36,moex_med1_remaining_detailed_v4_merged_001_1827.ts
MOEX-100140-1101-Q037,MOEX-100140-1101-Q037,醫學（一）,100,2011,100140,1101,37,moex_med1_remaining_detailed_v4_merged_001_1827.ts
MOEX-100140-1101-Q038,MOEX-100140-1101-Q038,醫學（一）,100,2011,100140,1101,38,moex_med1_remaining_detailed_v4_merged_001_1827.ts
MOEX-100140-1101-Q039,MOEX-100140-1101-Q039,醫學（一）,100,2011,100140,1101,39,moex_med1_remaining_detailed_v4_merged_001_1827.ts
MOEX-100140-1101-Q040,MOEX-100140-1101-Q040,醫學（一）,100,2011,100140,1101,40,moex_med1_remaining_detailed_v4_merged_001_1827.ts
MOEX-100140-1101-Q041,MOEX-100140-1101-Q041,醫學（一）,100,2011,100140,1101,41,moex_med1_remaining_detailed_v4_merged_001_1827.ts
MOEX-100140-1101-Q042,MOEX-100140-1101-Q042,醫學（一）,100,2011,100140,1101,42,moex_med1_remaining_detailed_v4_merged_001_1827.ts
MOEX-100140-1101-Q043,MOEX-100140-1101-Q043,醫學（一）,100,2011,100140,1101,43,moex_med1_remaining_detailed_v4_merged_001_1827.ts
MOEX-100140-1101-Q044,MOEX-100140-1101-Q044,醫學（一）,100,2011,100140,1101,44,moex_med1_remaining_detailed_v4_merged_001_1827.ts
MOEX-100140-1101-Q045,MOEX-100140-1101-Q045,醫學（一）,100,2011,100140,1101,45,moex_med1_remaining_detailed_v4_merged_001_1827.ts
MOEX-100140-1101-Q046,MOEX-100140-1101-Q046,醫學（一）,100,2011,100140,1101,46,moex_med1_remaining_detailed_v4_merged_001_1827.ts
MOEX-100140-1101-Q047,MOEX-100140-1101-Q047,醫學（一）,100,2011,100140,1101,47,moex_med1_remaining_detailed_v4_merged_001_1827.ts
MOEX-100140-1101-Q048,MOEX-100140-1101-Q048,醫學（一）,100,2011,100140,1101,48,moex_med1_remaining_detailed_v4_merged_001_1827.ts
MOEX-100140-1101-Q049,MOEX-100140-1101-Q049,醫學（一）,100,2011,100140,1101,49,moex_med1_remaining_detailed_v4_merged_001_1827.ts
MOEX-100140-1101-Q050,MOEX-100140-1101-Q050,醫學（一）,100,2011,100140,1101,50,moex_med1_remaining_detailed_v4_merged_001_1827.ts
MOEX-100140-1101-Q051,MOEX-100140-1101-Q051,醫學（一）,100,2011,100140,1101,51,anatomyQuestions.ts
MOEX-100140-1101-Q052,MOEX-100140-1101-Q052,醫學（一）,100,2011,100140,1101,52,moex_med1_remaining_detailed_v4_merged_001_1827.ts
MOEX-100140-1101-Q053,MOEX-100140-1101-Q053,醫學（一）,100,2011,100140,1101,53,moex_med1_remaining_detailed_v4_merged_001_1827.ts
MOEX-100140-1101-Q054,MOEX-100140-1101-Q054,醫學（一）,100,2011,100140,1101,54,moex_med1_remaining_detailed_v4_merged_001_1827.ts
MOEX-100140-1101-Q055,MOEX-100140-1101-Q055,醫學（一）,100,2011,100140,1101,55,moex_med1_remaining_detailed_v4_merged_001_1827.ts
MOEX-100140-1101-Q056,MOEX-100140-1101-Q056,醫學（一）,100,2011,100140,1101,56,moex_med1_remaining_detailed_v4_merged_001_1827.ts
MOEX-100140-1101-Q057,MOEX-100140-1101-Q057,醫學（一）,100,2011,100140,1101,57,moex_med1_remaining_detailed_v4_merged_001_1827.ts
MOEX-100140-1101-Q058,MOEX-100140-1101-Q058,醫學（一）,100,2011,100140,1101,58,moex_med1_remaining_detailed_v4_merged_001_1827.ts
MOEX-100140-1101-Q059,MOEX-100140-1101-Q059,醫學（一）,100,2011,100140,1101,59,moex_med1_remaining_detailed_v4_merged_001_1827.ts
MOEX-100140-1101-Q060,MOEX-100140-1101-Q060,醫學（一）,100,2011,100140,1101,60,moex_med1_remaining_detailed_v4_merged_001_1827.ts
MOEX-100140-1101-Q061,MOEX-100140-1101-Q061,醫學（一）,100,2011,100140,1101,61,moex_med1_remaining_detailed_v4_merged_001_1827.ts
MOEX-100140-1101-Q062,MOEX-100140-1101-Q062,醫學（一）,100,2011,100140,1101,62,moex_med1_remaining_detailed_v4_merged_001_1827.ts
MOEX-100140-1101-Q063,MOEX-100140-1101-Q063,醫學（一）,100,2011,100140,1101,63,moex_med1_remaining_detailed_v4_merged_001_1827.ts
MOEX-100140-1101-Q064,MOEX-100140-1101-Q064,醫學（一）,100,2011,100140,1101,64,moex_med1_remaining_detailed_v4_merged_001_1827.ts
MOEX-100140-1101-Q065,MOEX-100140-1101-Q065,醫學（一）,100,2011,100140,1101,65,moex_med1_remaining_detailed_v4_merged_001_1827.ts
MOEX-100140-1101-Q066,MOEX-100140-1101-Q066,醫學（一）,100,2011,100140,1101,66,moex_med1_remaining_detailed_v4_merged_001_1827.ts
MOEX-100140-1101-Q067,MOEX-100140-1101-Q067,醫學（一）,100,2011,100140,1101,67,moex_med1_remaining_detailed_v4_merged_001_1827.ts
MOEX-100140-1101-Q068,MOEX-100140-1101-Q068,醫學（一）,100,2011,100140,1101,68,moex_med1_remaining_detailed_v4_merged_001_1827.ts
MOEX-100140-1101-Q069,MOEX-100140-1101-Q069,醫學（一）,100,2011,100140,1101,69,moex_med1_remaining_detailed_v4_merged_001_1827.ts
MOEX-100140-1101-Q070,MOEX-100140-1101-Q070,醫學（一）,100,2011,100140,1101,70,moex_med1_remaining_detailed_v4_merged_001_1827.ts
MOEX-100140-1101-Q071,MOEX-100140-1101-Q071,醫學（一）,100,2011,100140,1101,71,moex_med1_remaining_detailed_v4_merged_001_1827.ts
MOEX-100140-1101-Q072,MOEX-100140-1101-Q072,醫學（一）,100,2011,100140,1101,72,moex_med1_remaining_detailed_v4_merged_001_1827.ts
MOEX-100140-1101-Q073,MOEX-100140-1101-Q073,醫學（一）,100,2011,100140,1101,73,moex_med1_remaining_detailed_v4_merged_001_1827.ts
MOEX-100140-1101-Q074,MOEX-100140-1101-Q074,醫學（一）,100,2011,100140,1101,74,moex_med1_remaining_detailed_v4_merged_001_1827.ts
MOEX-100140-1101-Q075,MOEX-100140-1101-Q075,醫學（一）,100,2011,100140,1101,75,moex_med1_remaining_detailed_v4_merged_001_1827.ts
MOEX-100140-1101-Q076,MOEX-100140-1101-Q076,醫學（一）,100,2011,100140,1101,76,anatomyQuestions.ts
MOEX-100140-1101-Q077,MOEX-100140-1101-Q077,醫學（一）,100,2011,100140,1101,77,moex_med1_remaining_detailed_v4_merged_001_1827.ts
MOEX-100140-1101-Q078,MOEX-100140-1101-Q078,醫學（一）,100,2011,100140,1101,78,moex_med1_remaining_detailed_v4_merged_001_1827.ts
MOEX-100140-1101-Q079,MOEX-100140-1101-Q079,醫學（一）,100,2011,100140,1101,79,moex_med1_remaining_detailed_v4_merged_001_1827.ts
MOEX-100140-1101-Q080,MOEX-100140-1101-Q080,醫學（一）,100,2011,100140,1101,80,moex_med1_remaining_detailed_v4_merged_001_1827.ts
MOEX-100140-1101-Q081,MOEX-100140-1101-Q081,醫學（一）,100,2011,100140,1101,81,moex_med1_remaining_detailed_v4_merged_001_1827.ts
MOEX-100140-1101-Q082,MOEX-100140-1101-Q082,醫學（一）,100,2011,100140,1101,82,moex_med1_remaining_detailed_v4_merged_001_1827.ts
MOEX-100140-1101-Q083,MOEX-100140-1101-Q083,醫學（一）,100,2011,100140,1101,83,moex_med1_remaining_detailed_v4_merged_001_1827.ts
MOEX-100140-1101-Q084,MOEX-100140-1101-Q084,醫學（一）,100,2011,100140,1101,84,moex_med1_remaining_detailed_v4_merged_001_1827.ts
MOEX-100140-1101-Q085,MOEX-100140-1101-Q085,醫學（一）,100,2011,100140,1101,85,moex_med1_remaining_detailed_v4_merged_001_1827.ts
MOEX-100140-1101-Q086,MOEX-100140-1101-Q086,醫學（一）,100,2011,100140,1101,86,anatomyQuestions.ts
MOEX-100140-1101-Q087,MOEX-100140-1101-Q087,醫學（一）,100,2011,100140,1101,87,anatomyQuestions.ts
MOEX-100140-1101-Q088,MOEX-100140-1101-Q088,醫學（一）,100,2011,100140,1101,88,moex_med1_remaining_detailed_v4_merged_001_1827.ts
MOEX-100140-1101-Q089,MOEX-100140-1101-Q089,醫學（一）,100,2011,100140,1101,89,moex_med1_remaining_detailed_v4_merged_001_1827.ts
MOEX-100140-1101-Q090,MOEX-100140-1101-Q090,醫學（一）,100,2011,100140,1101,90,moex_med1_remaining_detailed_v4_merged_001_1827.ts
MOEX-100140-1101-Q091,MOEX-100140-1101-Q091,醫學（一）,100,2011,100140,1101,91,anatomyQuestions.ts
MOEX-100140-1101-Q092,MOEX-100140-1101-Q092,醫學（一）,100,2011,100140,1101,92,moex_med1_remaining_detailed_v4_merged_001_1827.ts
MOEX-100140-1101-Q093,MOEX-100140-1101-Q093,醫學（一）,100,2011,100140,1101,93,moex_med1_remaining_detailed_v4_merged_001_1827.ts
MOEX-100140-1101-Q094,MOEX-100140-1101-Q094,醫學（一）,100,2011,100140,1101,94,moex_med1_remaining_detailed_v4_merged_001_1827.ts
MOEX-100140-1101-Q095,MOEX-100140-1101-Q095,醫學（一）,100,2011,100140,1101,95,moex_med1_remaining_detailed_v4_merged_001_1827.ts
MOEX-100140-1101-Q096,MOEX-100140-1101-Q096,醫學（一）,100,2011,100140,1101,96,moex_med1_remaining_detailed_v4_merged_001_1827.ts
MOEX-100140-1101-Q097,MOEX-100140-1101-Q097,醫學（一）,100,2011,100140,1101,97,moex_med1_remaining_detailed_v4_merged_001_1827.ts
MOEX-100140-1101-Q098,MOEX-100140-1101-Q098,醫學（一）,100,2011,100140,1101,98,moex_med1_remaining_detailed_v4_merged_001_1827.ts
MOEX-100140-1101-Q099,MOEX-100140-1101-Q099,醫學（一）,100,2011,100140,1101,99,moex_med1_remaining_detailed_v4_merged_001_1827.ts
MOEX-100140-1101-Q100,MOEX-100140-1101-Q100,醫學（一）,100,2011,100140,1101,100,moex_med1_remaining_detailed_v4_merged_001_1827.ts
MOEX-100030-2101-Q001,MOEX-100030-2101-Q001,醫學（二）,100,2011,100030,2101,1,moex_med_stage2_detailed_merged_001_3100_classified_v3.json
MOEX-100030-2101-Q002,MOEX-100030-2101-Q002,醫學（二）,100,2011,100030,2101,2,moex_med_stage2_detailed_merged_001_3100_classified_v3.json
MOEX-100030-2101-Q003,MOEX-100030-2101-Q003,醫學（二）,100,2011,100030,2101,3,moex_med_stage2_detailed_merged_001_3100_classified_v3.json
MOEX-100030-2101-Q004,MOEX-100030-2101-Q004,醫學（二）,100,2011,100030,2101,4,moex_med_stage2_detailed_merged_001_3100_classified_v3.json
MOEX-100030-2101-Q005,MOEX-100030-2101-Q005,醫學（二）,100,2011,100030,2101,5,moex_med_stage2_detailed_merged_001_3100_classified_v3.json
MOEX-100030-2101-Q006,MOEX-100030-2101-Q006,醫學（二）,100,2011,100030,2101,6,moex_med_stage2_detailed_merged_001_3100_classified_v3.json
MOEX-100030-2101-Q007,MOEX-100030-2101-Q007,醫學（二）,100,2011,100030,2101,7,moex_med_stage2_detailed_merged_001_3100_classified_v3.json
MOEX-100030-2101-Q008,MOEX-100030-2101-Q008,醫學（二）,100,2011,100030,2101,8,moex_med_stage2_detailed_merged_001_3100_classified_v3.json
MOEX-100030-2101-Q009,MOEX-100030-2101-Q009,醫學（二）,100,2011,100030,2101,9,moex_med_stage2_detailed_merged_001_3100_classified_v3.json
MOEX-100030-2101-Q010,MOEX-100030-2101-Q010,醫學（二）,100,2011,100030,2101,10,moex_med_stage2_detailed_merged_001_3100_classified_v3.json
MOEX-100030-2101-Q011,MOEX-100030-2101-Q011,醫學（二）,100,2011,100030,2101,11,moex_med_stage2_detailed_merged_001_3100_classified_v3.json
MOEX-100030-2101-Q012,MOEX-100030-2101-Q012,醫學（二）,100,2011,100030,2101,12,moex_med_stage2_detailed_merged_001_3100_classified_v3.json
MOEX-100030-2101-Q013,MOEX-100030-2101-Q013,醫學（二）,100,2011,100030,2101,13,moex_med_stage2_detailed_merged_001_3100_classified_v3.json
MOEX-100030-2101-Q014,MOEX-100030-2101-Q014,醫學（二）,100,2011,100030,2101,14,moex_med_stage2_detailed_merged_001_3100_classified_v3.json
MOEX-100030-2101-Q015,MOEX-100030-2101-Q015,醫學（二）,100,2011,100030,2101,15,moex_med_stage2_detailed_merged_001_3100_classified_v3.json
MOEX-100030-2101-Q016,MOEX-100030-2101-Q016,醫學（二）,100,2011,100030,2101,16,moex_med_stage2_detailed_merged_001_3100_classified_v3.json
MOEX-100030-2101-Q017,MOEX-100030-2101-Q017,醫學（二）,100,2011,100030,2101,17,moex_med_stage2_detailed_merged_001_3100_classified_v3.json
MOEX-100030-2101-Q018,MOEX-100030-2101-Q018,醫學（二）,100,2011,100030,2101,18,moex_med_stage2_detailed_merged_001_3100_classified_v3.json
MOEX-100030-2101-Q019,MOEX-100030-2101-Q019,醫學（二）,100,2011,100030,2101,19,moex_med_stage2_detailed_merged_001_3100_classified_v3.json
MOEX-100030-2101-Q020,MOEX-100030-2101-Q020,醫學（二）,100,2011,100030,2101,20,moex_med_stage2_detailed_merged_001_3100_classified_v3.json
MOEX-100030-2101-Q021,MOEX-100030-2101-Q021,醫學（二）,100,2011,100030,2101,21,moex_med_stage2_detailed_merged_001_3100_classified_v3.json
MOEX-100030-2101-Q022,MOEX-100030-2101-Q022,醫學（二）,100,2011,100030,2101,22,moex_med_stage2_detailed_merged_001_3100_classified_v3.json
MOEX-100030-2101-Q023,MOEX-100030-2101-Q023,醫學（二）,100,2011,100030,2101,23,moex_med_stage2_detailed_merged_001_3100_classified_v3.json
MOEX-100030-2101-Q024,MOEX-100030-2101-Q024,醫學（二）,100,2011,100030,2101,24,moex_med_stage2_detailed_merged_001_3100_classified_v3.json
MOEX-100030-2101-Q025,MOEX-100030-2101-Q025,醫學（二）,100,2011,100030,2101,25,moex_med_stage2_detailed_merged_001_3100_classified_v3.json
MOEX-100030-2101-Q026,MOEX-100030-2101-Q026,醫學（二）,100,2011,100030,2101,26,moex_med_stage2_detailed_merged_001_3100_classified_v3.json
MOEX-100030-2101-Q027,MOEX-100030-2101-Q027,醫學（二）,100,2011,100030,2101,27,moex_med_stage2_detailed_merged_001_3100_classified_v3.json
MOEX-100030-2101-Q028,MOEX-100030-2101-Q028,醫學（二）,100,2011,100030,2101,28,moex_med_stage2_detailed_merged_001_3100_classified_v3.json
MOEX-100030-2101-Q029,MOEX-100030-2101-Q029,醫學（二）,100,2011,100030,2101,29,moex_med_stage2_detailed_merged_001_3100_classified_v3.json
MOEX-100030-2101-Q030,MOEX-100030-2101-Q030,醫學（二）,100,2011,100030,2101,30,moex_med_stage2_detailed_merged_001_3100_classified_v3.json
MOEX-100030-2101-Q031,MOEX-100030-2101-Q031,醫學（二）,100,2011,100030,2101,31,moex_med_stage2_detailed_merged_001_3100_classified_v3.json
MOEX-100030-2101-Q032,MOEX-100030-2101-Q032,醫學（二）,100,2011,100030,2101,32,moex_med_stage2_detailed_merged_001_3100_classified_v3.json
MOEX-100030-2101-Q033,MOEX-100030-2101-Q033,醫學（二）,100,2011,100030,2101,33,moex_med_stage2_detailed_merged_001_3100_classified_v3.json
MOEX-100030-2101-Q034,MOEX-100030-2101-Q034,醫學（二）,100,2011,100030,2101,34,moex_med_stage2_detailed_merged_001_3100_classified_v3.json
MOEX-100030-2101-Q035,MOEX-100030-2101-Q035,醫學（二）,100,2011,100030,2101,35,moex_med_stage2_detailed_merged_001_3100_classified_v3.json
MOEX-100030-2101-Q036,MOEX-100030-2101-Q036,醫學（二）,100,2011,100030,2101,36,moex_med_stage2_detailed_merged_001_3100_classified_v3.json
MOEX-100030-2101-Q037,MOEX-100030-2101-Q037,醫學（二）,100,2011,100030,2101,37,moex_med_stage2_detailed_merged_001_3100_classified_v3.json
MOEX-100030-2101-Q038,MOEX-100030-2101-Q038,醫學（二）,100,2011,100030,2101,38,moex_med_stage2_detailed_merged_001_3100_classified_v3.json
MOEX-100030-2101-Q039,MOEX-100030-2101-Q039,醫學（二）,100,2011,100030,2101,39,moex_med_stage2_detailed_merged_001_3100_classified_v3.json
MOEX-100030-2101-Q040,MOEX-100030-2101-Q040,醫學（二）,100,2011,100030,2101,40,moex_med_stage2_detailed_merged_001_3100_classified_v3.json
MOEX-100030-2101-Q041,MOEX-100030-2101-Q041,醫學（二）,100,2011,100030,2101,41,moex_med_stage2_detailed_merged_001_3100_classified_v3.json
MOEX-100030-2101-Q042,MOEX-100030-2101-Q042,醫學（二）,100,2011,100030,2101,42,moex_med_stage2_detailed_merged_001_3100_classified_v3.json
MOEX-100030-2101-Q043,MOEX-100030-2101-Q043,醫學（二）,100,2011,100030,2101,43,moex_med_stage2_detailed_merged_001_3100_classified_v3.json
MOEX-100030-2101-Q044,MOEX-100030-2101-Q044,醫學（二）,100,2011,100030,2101,44,moex_med_stage2_detailed_merged_001_3100_classified_v3.json
MOEX-100030-2101-Q045,MOEX-100030-2101-Q045,醫學（二）,100,2011,100030,2101,45,moex_med_stage2_detailed_merged_001_3100_classified_v3.json
MOEX-100030-2101-Q046,MOEX-100030-2101-Q046,醫學（二）,100,2011,100030,2101,46,moex_med_stage2_detailed_merged_001_3100_classified_v3.json
MOEX-100030-2101-Q047,MOEX-100030-2101-Q047,醫學（二）,100,2011,100030,2101,47,moex_med_stage2_detailed_merged_001_3100_classified_v3.json
MOEX-100030-2101-Q048,MOEX-100030-2101-Q048,醫學（二）,100,2011,100030,2101,48,moex_med_stage2_detailed_merged_001_3100_classified_v3.json
MOEX-100030-2101-Q049,MOEX-100030-2101-Q049,醫學（二）,100,2011,100030,2101,49,moex_med_stage2_detailed_merged_001_3100_classified_v3.json
MOEX-100030-2101-Q050,MOEX-100030-2101-Q050,醫學（二）,100,2011,100030,2101,50,moex_med_stage2_detailed_merged_001_3100_classified_v3.json
MOEX-100030-2101-Q051,MOEX-100030-2101-Q051,醫學（二）,100,2011,100030,2101,51,moex_med_stage2_detailed_merged_001_3100_classified_v3.json
MOEX-100030-2101-Q052,MOEX-100030-2101-Q052,醫學（二）,100,2011,100030,2101,52,moex_med_stage2_detailed_merged_001_3100_classified_v3.json
MOEX-100030-2101-Q053,MOEX-100030-2101-Q053,醫學（二）,100,2011,100030,2101,53,moex_med_stage2_detailed_merged_001_3100_classified_v3.json
MOEX-100030-2101-Q054,MOEX-100030-2101-Q054,醫學（二）,100,2011,100030,2101,54,moex_med_stage2_detailed_merged_001_3100_classified_v3.json
MOEX-100030-2101-Q055,MOEX-100030-2101-Q055,醫學（二）,100,2011,100030,2101,55,moex_med_stage2_detailed_merged_001_3100_classified_v3.json
MOEX-100030-2101-Q056,MOEX-100030-2101-Q056,醫學（二）,100,2011,100030,2101,56,moex_med_stage2_detailed_merged_001_3100_classified_v3.json
MOEX-100030-2101-Q057,MOEX-100030-2101-Q057,醫學（二）,100,2011,100030,2101,57,moex_med_stage2_detailed_merged_001_3100_classified_v3.json
MOEX-100030-2101-Q058,MOEX-100030-2101-Q058,醫學（二）,100,2011,100030,2101,58,moex_med_stage2_detailed_merged_001_3100_classified_v3.json
MOEX-100030-2101-Q059,MOEX-100030-2101-Q059,醫學（二）,100,2011,100030,2101,59,moex_med_stage2_detailed_merged_001_3100_classified_v3.json
MOEX-100030-2101-Q060,MOEX-100030-2101-Q060,醫學（二）,100,2011,100030,2101,60,moex_med_stage2_detailed_merged_001_3100_classified_v3.json
MOEX-100030-2101-Q061,MOEX-100030-2101-Q061,醫學（二）,100,2011,100030,2101,61,moex_med_stage2_detailed_merged_001_3100_classified_v3.json
MOEX-100030-2101-Q062,MOEX-100030-2101-Q062,醫學（二）,100,2011,100030,2101,62,moex_med_stage2_detailed_merged_001_3100_classified_v3.json
MOEX-100030-2101-Q063,MOEX-100030-2101-Q063,醫學（二）,100,2011,100030,2101,63,moex_med_stage2_detailed_merged_001_3100_classified_v3.json
MOEX-100030-2101-Q064,MOEX-100030-2101-Q064,醫學（二）,100,2011,100030,2101,64,moex_med_stage2_detailed_merged_001_3100_classified_v3.json
MOEX-100030-2101-Q065,MOEX-100030-2101-Q065,醫學（二）,100,2011,100030,2101,65,moex_med_stage2_detailed_merged_001_3100_classified_v3.json
MOEX-100030-2101-Q066,MOEX-100030-2101-Q066,醫學（二）,100,2011,100030,2101,66,moex_med_stage2_detailed_merged_001_3100_classified_v3.json
MOEX-100030-2101-Q067,MOEX-100030-2101-Q067,醫學（二）,100,2011,100030,2101,67,moex_med_stage2_detailed_merged_001_3100_classified_v3.json
MOEX-100030-2101-Q068,MOEX-100030-2101-Q068,醫學（二）,100,2011,100030,2101,68,moex_med_stage2_detailed_merged_001_3100_classified_v3.json
MOEX-100030-2101-Q069,MOEX-100030-2101-Q069,醫學（二）,100,2011,100030,2101,69,moex_med_stage2_detailed_merged_001_3100_classified_v3.json
MOEX-100030-2101-Q070,MOEX-100030-2101-Q070,醫學（二）,100,2011,100030,2101,70,moex_med_stage2_detailed_merged_001_3100_classified_v3.json
MOEX-100030-2101-Q071,MOEX-100030-2101-Q071,醫學（二）,100,2011,100030,2101,71,moex_med_stage2_detailed_merged_001_3100_classified_v3.json
MOEX-100030-2101-Q072,MOEX-100030-2101-Q072,醫學（二）,100,2011,100030,2101,72,moex_med_stage2_detailed_merged_001_3100_classified_v3.json
MOEX-100030-2101-Q073,MOEX-100030-2101-Q073,醫學（二）,100,2011,100030,2101,73,moex_med_stage2_detailed_merged_001_3100_classified_v3.json
MOEX-100030-2101-Q074,MOEX-100030-2101-Q074,醫學（二）,100,2011,100030,2101,74,moex_med_stage2_detailed_merged_001_3100_classified_v3.json
MOEX-100030-2101-Q075,MOEX-100030-2101-Q075,醫學（二）,100,2011,100030,2101,75,moex_med_stage2_detailed_merged_001_3100_classified_v3.json
MOEX-100030-2101-Q076,MOEX-100030-2101-Q076,醫學（二）,100,2011,100030,2101,76,moex_med_stage2_detailed_merged_001_3100_classified_v3.json
MOEX-100030-2101-Q077,MOEX-100030-2101-Q077,醫學（二）,100,2011,100030,2101,77,moex_med_stage2_detailed_merged_001_3100_classified_v3.json
MOEX-100030-2101-Q078,MOEX-100030-2101-Q078,醫學（二）,100,2011,100030,2101,78,moex_med_stage2_detailed_merged_001_3100_classified_v3.json
MOEX-100030-2101-Q079,MOEX-100030-2101-Q079,醫學（二）,100,2011,100030,2101,79,moex_med_stage2_detailed_merged_001_3100_classified_v3.json
MOEX-100030-2101-Q080,MOEX-100030-2101-Q080,醫學（二）,100,2011,100030,2101,80,moex_med_stage2_detailed_merged_001_3100_classified_v3.json
MOEX-100030-2101-Q081,MOEX-100030-2101-Q081,醫學（二）,100,2011,100030,2101,81,moex_med_stage2_detailed_merged_001_3100_classified_v3.json
MOEX-100030-2101-Q082,MOEX-100030-2101-Q082,醫學（二）,100,2011,100030,2101,82,moex_med_stage2_detailed_merged_001_3100_classified_v3.json
MOEX-100030-2101-Q083,MOEX-100030-2101-Q083,醫學（二）,100,2011,100030,2101,83,moex_med_stage2_detailed_merged_001_3100_classified_v3.json
MOEX-100030-2101-Q084,MOEX-100030-2101-Q084,醫學（二）,100,2011,100030,2101,84,moex_med_stage2_detailed_merged_001_3100_classified_v3.json
MOEX-100030-2101-Q085,MOEX-100030-2101-Q085,醫學（二）,100,2011,100030,2101,85,moex_med_stage2_detailed_merged_001_3100_classified_v3.json
MOEX-100030-2101-Q086,MOEX-100030-2101-Q086,醫學（二）,100,2011,100030,2101,86,moex_med_stage2_detailed_merged_001_3100_classified_v3.json
MOEX-100030-2101-Q087,MOEX-100030-2101-Q087,醫學（二）,100,2011,100030,2101,87,moex_med_stage2_detailed_merged_001_3100_classified_v3.json
MOEX-100030-2101-Q088,MOEX-100030-2101-Q088,醫學（二）,100,2011,100030,2101,88,moex_med_stage2_detailed_merged_001_3100_classified_v3.json
MOEX-100030-2101-Q089,MOEX-100030-2101-Q089,醫學（二）,100,2011,100030,2101,89,moex_med_stage2_detailed_merged_001_3100_classified_v3.json
MOEX-100030-2101-Q090,MOEX-100030-2101-Q090,醫學（二）,100,2011,100030,2101,90,moex_med_stage2_detailed_merged_001_3100_classified_v3.json
MOEX-100030-2101-Q091,MOEX-100030-2101-Q091,醫學（二）,100,2011,100030,2101,91,moex_med_stage2_detailed_merged_001_3100_classified_v3.json
MOEX-100030-2101-Q092,MOEX-100030-2101-Q092,醫學（二）,100,2011,100030,2101,92,moex_med_stage2_detailed_merged_001_3100_classified_v3.json
MOEX-100030-2101-Q093,MOEX-100030-2101-Q093,醫學（二）,100,2011,100030,2101,93,moex_med_stage2_detailed_merged_001_3100_classified_v3.json
MOEX-100030-2101-Q094,MOEX-100030-2101-Q094,醫學（二）,100,2011,100030,2101,94,moex_med_stage2_detailed_merged_001_3100_classified_v3.json
MOEX-100030-2101-Q095,MOEX-100030-2101-Q095,醫學（二）,100,2011,100030,2101,95,moex_med_stage2_detailed_merged_001_3100_classified_v3.json
MOEX-100030-2101-Q096,MOEX-100030-2101-Q096,醫學（二）,100,2011,100030,2101,96,moex_med_stage2_detailed_merged_001_3100_classified_v3.json
MOEX-100030-2101-Q097,MOEX-100030-2101-Q097,醫學（二）,100,2011,100030,2101,97,moex_med_stage2_detailed_merged_001_3100_classified_v3.json
MOEX-100030-2101-Q098,MOEX-100030-2101-Q098,醫學（二）,100,2011,100030,2101,98,moex_med_stage2_detailed_merged_001_3100_classified_v3.json
MOEX-100030-2101-Q099,MOEX-100030-2101-Q099,醫學（二）,100,2011,100030,2101,99,moex_med_stage2_detailed_merged_001_3100_classified_v3.json
MOEX-100030-2101-Q100,MOEX-100030-2101-Q100,醫學（二）,100,2011,100030,2101,100,moex_med_stage2_detailed_merged_001_3100_classified_v3.json
MOEX-100140-2101-Q001,MOEX-100140-2101-Q001,醫學（二）,100,2011,100140,2101,1,moex_med_stage2_detailed_merged_001_3100_classified_v3.json
MOEX-100140-2101-Q002,MOEX-100140-2101-Q002,醫學（二）,100,2011,100140,2101,2,moex_med_stage2_detailed_merged_001_3100_classified_v3.json
MOEX-100140-2101-Q003,MOEX-100140-2101-Q003,醫學（二）,100,2011,100140,2101,3,moex_med_stage2_detailed_merged_001_3100_classified_v3.json
MOEX-100140-2101-Q004,MOEX-100140-2101-Q004,醫學（二）,100,2011,100140,2101,4,moex_med_stage2_detailed_merged_001_3100_classified_v3.json
MOEX-100140-2101-Q005,MOEX-100140-2101-Q005,醫學（二）,100,2011,100140,2101,5,moex_med_stage2_detailed_merged_001_3100_classified_v3.json
MOEX-100140-2101-Q006,MOEX-100140-2101-Q006,醫學（二）,100,2011,100140,2101,6,moex_med_stage2_detailed_merged_001_3100_classified_v3.json
MOEX-100140-2101-Q007,MOEX-100140-2101-Q007,醫學（二）,100,2011,100140,2101,7,moex_med_stage2_detailed_merged_001_3100_classified_v3.json
MOEX-100140-2101-Q008,MOEX-100140-2101-Q008,醫學（二）,100,2011,100140,2101,8,moex_med_stage2_detailed_merged_001_3100_classified_v3.json
MOEX-100140-2101-Q009,MOEX-100140-2101-Q009,醫學（二）,100,2011,100140,2101,9,moex_med_stage2_detailed_merged_001_3100_classified_v3.json
MOEX-100140-2101-Q010,MOEX-100140-2101-Q010,醫學（二）,100,2011,100140,2101,10,moex_med_stage2_detailed_merged_001_3100_classified_v3.json
MOEX-100140-2101-Q011,MOEX-100140-2101-Q011,醫學（二）,100,2011,100140,2101,11,moex_med_stage2_detailed_merged_001_3100_classified_v3.json
MOEX-100140-2101-Q012,MOEX-100140-2101-Q012,醫學（二）,100,2011,100140,2101,12,moex_med_stage2_detailed_merged_001_3100_classified_v3.json
MOEX-100140-2101-Q013,MOEX-100140-2101-Q013,醫學（二）,100,2011,100140,2101,13,moex_med_stage2_detailed_merged_001_3100_classified_v3.json
MOEX-100140-2101-Q014,MOEX-100140-2101-Q014,醫學（二）,100,2011,100140,2101,14,moex_med_stage2_detailed_merged_001_3100_classified_v3.json
MOEX-100140-2101-Q015,MOEX-100140-2101-Q015,醫學（二）,100,2011,100140,2101,15,moex_med_stage2_detailed_merged_001_3100_classified_v3.json
MOEX-100140-2101-Q016,MOEX-100140-2101-Q016,醫學（二）,100,2011,100140,2101,16,moex_med_stage2_detailed_merged_001_3100_classified_v3.json
MOEX-100140-2101-Q017,MOEX-100140-2101-Q017,醫學（二）,100,2011,100140,2101,17,moex_med_stage2_detailed_merged_001_3100_classified_v3.json
MOEX-100140-2101-Q018,MOEX-100140-2101-Q018,醫學（二）,100,2011,100140,2101,18,moex_med_stage2_detailed_merged_001_3100_classified_v3.json
MOEX-100140-2101-Q019,MOEX-100140-2101-Q019,醫學（二）,100,2011,100140,2101,19,moex_med_stage2_detailed_merged_001_3100_classified_v3.json
MOEX-100140-2101-Q020,MOEX-100140-2101-Q020,醫學（二）,100,2011,100140,2101,20,moex_med_stage2_detailed_merged_001_3100_classified_v3.json
MOEX-100140-2101-Q021,MOEX-100140-2101-Q021,醫學（二）,100,2011,100140,2101,21,moex_med_stage2_detailed_merged_001_3100_classified_v3.json
MOEX-100140-2101-Q022,MOEX-100140-2101-Q022,醫學（二）,100,2011,100140,2101,22,moex_med_stage2_detailed_merged_001_3100_classified_v3.json
MOEX-100140-2101-Q023,MOEX-100140-2101-Q023,醫學（二）,100,2011,100140,2101,23,moex_med_stage2_detailed_merged_001_3100_classified_v3.json
MOEX-100140-2101-Q024,MOEX-100140-2101-Q024,醫學（二）,100,2011,100140,2101,24,moex_med_stage2_detailed_merged_001_3100_classified_v3.json
MOEX-100140-2101-Q025,MOEX-100140-2101-Q025,醫學（二）,100,2011,100140,2101,25,moex_med_stage2_detailed_merged_001_3100_classified_v3.json
MOEX-100140-2101-Q026,MOEX-100140-2101-Q026,醫學（二）,100,2011,100140,2101,26,moex_med_stage2_detailed_merged_001_3100_classified_v3.json
MOEX-100140-2101-Q027,MOEX-100140-2101-Q027,醫學（二）,100,2011,100140,2101,27,moex_med_stage2_detailed_merged_001_3100_classified_v3.json
MOEX-100140-2101-Q028,MOEX-100140-2101-Q028,醫學（二）,100,2011,100140,2101,28,moex_med_stage2_detailed_merged_001_3100_classified_v3.json
MOEX-100140-2101-Q029,MOEX-100140-2101-Q029,醫學（二）,100,2011,100140,2101,29,moex_med_stage2_detailed_merged_001_3100_classified_v3.json
MOEX-100140-2101-Q030,MOEX-100140-2101-Q030,醫學（二）,100,2011,100140,2101,30,moex_med_stage2_detailed_merged_001_3100_classified_v3.json
MOEX-100140-2101-Q031,MOEX-100140-2101-Q031,醫學（二）,100,2011,100140,2101,31,moex_med_stage2_detailed_merged_001_3100_classified_v3.json
MOEX-100140-2101-Q032,MOEX-100140-2101-Q032,醫學（二）,100,2011,100140,2101,32,moex_med_stage2_detailed_merged_001_3100_classified_v3.json
MOEX-100140-2101-Q033,MOEX-100140-2101-Q033,醫學（二）,100,2011,100140,2101,33,moex_med_stage2_detailed_merged_001_3100_classified_v3.json
MOEX-100140-2101-Q034,MOEX-100140-2101-Q034,醫學（二）,100,2011,100140,2101,34,moex_med_stage2_detailed_merged_001_3100_classified_v3.json
MOEX-100140-2101-Q035,MOEX-100140-2101-Q035,醫學（二）,100,2011,100140,2101,35,moex_med_stage2_detailed_merged_001_3100_classified_v3.json
MOEX-100140-2101-Q036,MOEX-100140-2101-Q036,醫學（二）,100,2011,100140,2101,36,moex_med_stage2_detailed_merged_001_3100_classified_v3.json
MOEX-100140-2101-Q037,MOEX-100140-2101-Q037,醫學（二）,100,2011,100140,2101,37,moex_med_stage2_detailed_merged_001_3100_classified_v3.json
MOEX-100140-2101-Q038,MOEX-100140-2101-Q038,醫學（二）,100,2011,100140,2101,38,moex_med_stage2_detailed_merged_001_3100_classified_v3.json
MOEX-100140-2101-Q039,MOEX-100140-2101-Q039,醫學（二）,100,2011,100140,2101,39,moex_med_stage2_detailed_merged_001_3100_classified_v3.json
MOEX-100140-2101-Q040,MOEX-100140-2101-Q040,醫學（二）,100,2011,100140,2101,40,moex_med_stage2_detailed_merged_001_3100_classified_v3.json
MOEX-100140-2101-Q041,MOEX-100140-2101-Q041,醫學（二）,100,2011,100140,2101,41,moex_med_stage2_detailed_merged_001_3100_classified_v3.json
MOEX-100140-2101-Q042,MOEX-100140-2101-Q042,醫學（二）,100,2011,100140,2101,42,moex_med_stage2_detailed_merged_001_3100_classified_v3.json
MOEX-100140-2101-Q043,MOEX-100140-2101-Q043,醫學（二）,100,2011,100140,2101,43,moex_med_stage2_detailed_merged_001_3100_classified_v3.json
MOEX-100140-2101-Q044,MOEX-100140-2101-Q044,醫學（二）,100,2011,100140,2101,44,moex_med_stage2_detailed_merged_001_3100_classified_v3.json
MOEX-100140-2101-Q045,MOEX-100140-2101-Q045,醫學（二）,100,2011,100140,2101,45,moex_med_stage2_detailed_merged_001_3100_classified_v3.json
MOEX-100140-2101-Q046,MOEX-100140-2101-Q046,醫學（二）,100,2011,100140,2101,46,moex_med_stage2_detailed_merged_001_3100_classified_v3.json
MOEX-100140-2101-Q047,MOEX-100140-2101-Q047,醫學（二）,100,2011,100140,2101,47,moex_med_stage2_detailed_merged_001_3100_classified_v3.json
MOEX-100140-2101-Q048,MOEX-100140-2101-Q048,醫學（二）,100,2011,100140,2101,48,moex_med_stage2_detailed_merged_001_3100_classified_v3.json
MOEX-100140-2101-Q049,MOEX-100140-2101-Q049,醫學（二）,100,2011,100140,2101,49,moex_med_stage2_detailed_merged_001_3100_classified_v3.json
MOEX-100140-2101-Q050,MOEX-100140-2101-Q050,醫學（二）,100,2011,100140,2101,50,moex_med_stage2_detailed_merged_001_3100_classified_v3.json
MOEX-100140-2101-Q051,MOEX-100140-2101-Q051,醫學（二）,100,2011,100140,2101,51,moex_med_stage2_detailed_merged_001_3100_classified_v3.json
MOEX-100140-2101-Q052,MOEX-100140-2101-Q052,醫學（二）,100,2011,100140,2101,52,moex_med_stage2_detailed_merged_001_3100_classified_v3.json
MOEX-100140-2101-Q053,MOEX-100140-2101-Q053,醫學（二）,100,2011,100140,2101,53,moex_med_stage2_detailed_merged_001_3100_classified_v3.json
MOEX-100140-2101-Q054,MOEX-100140-2101-Q054,醫學（二）,100,2011,100140,2101,54,moex_med_stage2_detailed_merged_001_3100_classified_v3.json
MOEX-100140-2101-Q055,MOEX-100140-2101-Q055,醫學（二）,100,2011,100140,2101,55,moex_med_stage2_detailed_merged_001_3100_classified_v3.json
MOEX-100140-2101-Q056,MOEX-100140-2101-Q056,醫學（二）,100,2011,100140,2101,56,moex_med_stage2_detailed_merged_001_3100_classified_v3.json
MOEX-100140-2101-Q057,MOEX-100140-2101-Q057,醫學（二）,100,2011,100140,2101,57,moex_med_stage2_detailed_merged_001_3100_classified_v3.json
MOEX-100140-2101-Q058,MOEX-100140-2101-Q058,醫學（二）,100,2011,100140,2101,58,moex_med_stage2_detailed_merged_001_3100_classified_v3.json
MOEX-100140-2101-Q059,MOEX-100140-2101-Q059,醫學（二）,100,2011,100140,2101,59,moex_med_stage2_detailed_merged_001_3100_classified_v3.json
MOEX-100140-2101-Q060,MOEX-100140-2101-Q060,醫學（二）,100,2011,100140,2101,60,moex_med_stage2_detailed_merged_001_3100_classified_v3.json
MOEX-100140-2101-Q061,MOEX-100140-2101-Q061,醫學（二）,100,2011,100140,2101,61,moex_med_stage2_detailed_merged_001_3100_classified_v3.json
MOEX-100140-2101-Q062,MOEX-100140-2101-Q062,醫學（二）,100,2011,100140,2101,62,moex_med_stage2_detailed_merged_001_3100_classified_v3.json
MOEX-100140-2101-Q063,MOEX-100140-2101-Q063,醫學（二）,100,2011,100140,2101,63,moex_med_stage2_detailed_merged_001_3100_classified_v3.json
MOEX-100140-2101-Q064,MOEX-100140-2101-Q064,醫學（二）,100,2011,100140,2101,64,moex_med_stage2_detailed_merged_001_3100_classified_v3.json
MOEX-100140-2101-Q065,MOEX-100140-2101-Q065,醫學（二）,100,2011,100140,2101,65,moex_med_stage2_detailed_merged_001_3100_classified_v3.json
MOEX-100140-2101-Q066,MOEX-100140-2101-Q066,醫學（二）,100,2011,100140,2101,66,moex_med_stage2_detailed_merged_001_3100_classified_v3.json
MOEX-100140-2101-Q067,MOEX-100140-2101-Q067,醫學（二）,100,2011,100140,2101,67,moex_med_stage2_detailed_merged_001_3100_classified_v3.json
MOEX-100140-2101-Q068,MOEX-100140-2101-Q068,醫學（二）,100,2011,100140,2101,68,moex_med_stage2_detailed_merged_001_3100_classified_v3.json
MOEX-100140-2101-Q069,MOEX-100140-2101-Q069,醫學（二）,100,2011,100140,2101,69,moex_med_stage2_detailed_merged_001_3100_classified_v3.json
MOEX-100140-2101-Q070,MOEX-100140-2101-Q070,醫學（二）,100,2011,100140,2101,70,moex_med_stage2_detailed_merged_001_3100_classified_v3.json
MOEX-100140-2101-Q071,MOEX-100140-2101-Q071,醫學（二）,100,2011,100140,2101,71,moex_med_stage2_detailed_merged_001_3100_classified_v3.json
MOEX-100140-2101-Q072,MOEX-100140-2101-Q072,醫學（二）,100,2011,100140,2101,72,moex_med_stage2_detailed_merged_001_3100_classified_v3.json
MOEX-100140-2101-Q073,MOEX-100140-2101-Q073,醫學（二）,100,2011,100140,2101,73,moex_med_stage2_detailed_merged_001_3100_classified_v3.json
MOEX-100140-2101-Q074,MOEX-100140-2101-Q074,醫學（二）,100,2011,100140,2101,74,moex_med_stage2_detailed_merged_001_3100_classified_v3.json
MOEX-100140-2101-Q075,MOEX-100140-2101-Q075,醫學（二）,100,2011,100140,2101,75,moex_med_stage2_detailed_merged_001_3100_classified_v3.json
MOEX-100140-2101-Q076,MOEX-100140-2101-Q076,醫學（二）,100,2011,100140,2101,76,moex_med_stage2_detailed_merged_001_3100_classified_v3.json
MOEX-100140-2101-Q077,MOEX-100140-2101-Q077,醫學（二）,100,2011,100140,2101,77,moex_med_stage2_detailed_merged_001_3100_classified_v3.json
MOEX-100140-2101-Q078,MOEX-100140-2101-Q078,醫學（二）,100,2011,100140,2101,78,moex_med_stage2_detailed_merged_001_3100_classified_v3.json
MOEX-100140-2101-Q079,MOEX-100140-2101-Q079,醫學（二）,100,2011,100140,2101,79,moex_med_stage2_detailed_merged_001_3100_classified_v3.json
MOEX-100140-2101-Q080,MOEX-100140-2101-Q080,醫學（二）,100,2011,100140,2101,80,moex_med_stage2_detailed_merged_001_3100_classified_v3.json
MOEX-100140-2101-Q081,MOEX-100140-2101-Q081,醫學（二）,100,2011,100140,2101,81,moex_med_stage2_detailed_merged_001_3100_classified_v3.json
MOEX-100140-2101-Q082,MOEX-100140-2101-Q082,醫學（二）,100,2011,100140,2101,82,moex_med_stage2_detailed_merged_001_3100_classified_v3.json
MOEX-100140-2101-Q083,MOEX-100140-2101-Q083,醫學（二）,100,2011,100140,2101,83,moex_med_stage2_detailed_merged_001_3100_classified_v3.json
MOEX-100140-2101-Q084,MOEX-100140-2101-Q084,醫學（二）,100,2011,100140,2101,84,moex_med_stage2_detailed_merged_001_3100_classified_v3.json
MOEX-100140-2101-Q085,MOEX-100140-2101-Q085,醫學（二）,100,2011,100140,2101,85,moex_med_stage2_detailed_merged_001_3100_classified_v3.json
MOEX-100140-2101-Q086,MOEX-100140-2101-Q086,醫學（二）,100,2011,100140,2101,86,moex_med_stage2_detailed_merged_001_3100_classified_v3.json
MOEX-100140-2101-Q087,MOEX-100140-2101-Q087,醫學（二）,100,2011,100140,2101,87,moex_med_stage2_detailed_merged_001_3100_classified_v3.json
MOEX-100140-2101-Q088,MOEX-100140-2101-Q088,醫學（二）,100,2011,100140,2101,88,moex_med_stage2_detailed_merged_001_3100_classified_v3.json
MOEX-100140-2101-Q089,MOEX-100140-2101-Q089,醫學（二）,100,2011,100140,2101,89,moex_med_stage2_detailed_merged_001_3100_classified_v3.json
MOEX-100140-2101-Q090,MOEX-100140-2101-Q090,醫學（二）,100,2011,100140,2101,90,moex_med_stage2_detailed_merged_001_3100_classified_v3.json
MOEX-100140-2101-Q091,MOEX-100140-2101-Q091,醫學（二）,100,2011,100140,2101,91,moex_med_stage2_detailed_merged_001_3100_classified_v3.json
MOEX-100140-2101-Q092,MOEX-100140-2101-Q092,醫學（二）,100,2011,100140,2101,92,moex_med_stage2_detailed_merged_001_3100_classified_v3.json
MOEX-100140-2101-Q093,MOEX-100140-2101-Q093,醫學（二）,100,2011,100140,2101,93,moex_med_stage2_detailed_merged_001_3100_classified_v3.json
MOEX-100140-2101-Q094,MOEX-100140-2101-Q094,醫學（二）,100,2011,100140,2101,94,moex_med_stage2_detailed_merged_001_3100_classified_v3.json
MOEX-100140-2101-Q095,MOEX-100140-2101-Q095,醫學（二）,100,2011,100140,2101,95,moex_med_stage2_detailed_merged_001_3100_classified_v3.json
MOEX-100140-2101-Q096,MOEX-100140-2101-Q096,醫學（二）,100,2011,100140,2101,96,moex_med_stage2_detailed_merged_001_3100_classified_v3.json
MOEX-100140-2101-Q097,MOEX-100140-2101-Q097,醫學（二）,100,2011,100140,2101,97,moex_med_stage2_detailed_merged_001_3100_classified_v3.json
MOEX-100140-2101-Q098,MOEX-100140-2101-Q098,醫學（二）,100,2011,100140,2101,98,moex_med_stage2_detailed_merged_001_3100_classified_v3.json
MOEX-100140-2101-Q099,MOEX-100140-2101-Q099,醫學（二）,100,2011,100140,2101,99,moex_med_stage2_detailed_merged_001_3100_classified_v3.json
MOEX-100140-2101-Q100,MOEX-100140-2101-Q100,醫學（二）,100,2011,100140,2101,100,moex_med_stage2_detailed_merged_001_3100_classified_v3.json
MOEX-101030-1101-Q001,MOEX-101030-1101-Q001,醫學（一）,101,2012,101030,1101,1,moex_med1_remaining_detailed_v4_merged_001_1827.ts
MOEX-101030-1101-Q002,MOEX-101030-1101-Q002,醫學（一）,101,2012,101030,1101,2,anatomyQuestions.ts
MOEX-101030-1101-Q003,MOEX-101030-1101-Q003,醫學（一）,101,2012,101030,1101,3,moex_med1_remaining_detailed_v4_merged_001_1827.ts
MOEX-101030-1101-Q004,MOEX-101030-1101-Q004,醫學（一）,101,2012,101030,1101,4,anatomyQuestions.ts
MOEX-101030-1101-Q005,MOEX-101030-1101-Q005,醫學（一）,101,2012,101030,1101,5,anatomyQuestions.ts
MOEX-101030-1101-Q006,MOEX-101030-1101-Q006,醫學（一）,101,2012,101030,1101,6,anatomyQuestions.ts
MOEX-101030-1101-Q007,MOEX-101030-1101-Q007,醫學（一）,101,2012,101030,1101,7,anatomyQuestions.ts
MOEX-101030-1101-Q008,MOEX-101030-1101-Q008,醫學（一）,101,2012,101030,1101,8,anatomyQuestions.ts
MOEX-101030-1101-Q009,MOEX-101030-1101-Q009,醫學（一）,101,2012,101030,1101,9,anatomyQuestions.ts
MOEX-101030-1101-Q010,MOEX-101030-1101-Q010,醫學（一）,101,2012,101030,1101,10,anatomyQuestions.ts
MOEX-101030-1101-Q011,MOEX-101030-1101-Q011,醫學（一）,101,2012,101030,1101,11,anatomyQuestions.ts
MOEX-101030-1101-Q012,MOEX-101030-1101-Q012,醫學（一）,101,2012,101030,1101,12,anatomyQuestions.ts
MOEX-101030-1101-Q013,MOEX-101030-1101-Q013,醫學（一）,101,2012,101030,1101,13,anatomyQuestions.ts
MOEX-101030-1101-Q014,MOEX-101030-1101-Q014,醫學（一）,101,2012,101030,1101,14,anatomyQuestions.ts
MOEX-101030-1101-Q015,MOEX-101030-1101-Q015,醫學（一）,101,2012,101030,1101,15,anatomyQuestions.ts
MOEX-101030-1101-Q016,MOEX-101030-1101-Q016,醫學（一）,101,2012,101030,1101,16,anatomyQuestions.ts
MOEX-101030-1101-Q017,MOEX-101030-1101-Q017,醫學（一）,101,2012,101030,1101,17,moex_med1_remaining_detailed_v4_merged_001_1827.ts
MOEX-101030-1101-Q018,MOEX-101030-1101-Q018,醫學（一）,101,2012,101030,1101,18,anatomyQuestions.ts
MOEX-101030-1101-Q019,MOEX-101030-1101-Q019,醫學（一）,101,2012,101030,1101,19,anatomyQuestions.ts
MOEX-101030-1101-Q020,MOEX-101030-1101-Q020,醫學（一）,101,2012,101030,1101,20,anatomyQuestions.ts
MOEX-101030-1101-Q021,MOEX-101030-1101-Q021,醫學（一）,101,2012,101030,1101,21,anatomyQuestions.ts
MOEX-101030-1101-Q022,MOEX-101030-1101-Q022,醫學（一）,101,2012,101030,1101,22,anatomyQuestions.ts
MOEX-101030-1101-Q023,missing-2012-1-101030-1101-q023,醫學（一）,101,2012,101030,1101,23,moex_med1_missing_22_questions_detailed_v5.ts
MOEX-101030-1101-Q024,MOEX-101030-1101-Q024,醫學（一）,101,2012,101030,1101,24,moex_med1_remaining_detailed_v4_merged_001_1827.ts
MOEX-101030-1101-Q025,MOEX-101030-1101-Q025,醫學（一）,101,2012,101030,1101,25,moex_med1_remaining_detailed_v4_merged_001_1827.ts
MOEX-101030-1101-Q026,MOEX-101030-1101-Q026,醫學（一）,101,2012,101030,1101,26,anatomyQuestions.ts
MOEX-101030-1101-Q027,MOEX-101030-1101-Q027,醫學（一）,101,2012,101030,1101,27,anatomyQuestions.ts
MOEX-101030-1101-Q028,MOEX-101030-1101-Q028,醫學（一）,101,2012,101030,1101,28,anatomyQuestions.ts
MOEX-101030-1101-Q029,MOEX-101030-1101-Q029,醫學（一）,101,2012,101030,1101,29,moex_med1_remaining_detailed_v4_merged_001_1827.ts
MOEX-101030-1101-Q030,MOEX-101030-1101-Q030,醫學（一）,101,2012,101030,1101,30,moex_med1_remaining_detailed_v4_merged_001_1827.ts
MOEX-101030-1101-Q031,MOEX-101030-1101-Q031,醫學（一）,101,2012,101030,1101,31,moex_med1_remaining_detailed_v4_merged_001_1827.ts
MOEX-101030-1101-Q032,MOEX-101030-1101-Q032,醫學（一）,101,2012,101030,1101,32,moex_med1_remaining_detailed_v4_merged_001_1827.ts
MOEX-101030-1101-Q033,MOEX-101030-1101-Q033,醫學（一）,101,2012,101030,1101,33,moex_med1_remaining_detailed_v4_merged_001_1827.ts
MOEX-101030-1101-Q034,MOEX-101030-1101-Q034,醫學（一）,101,2012,101030,1101,34,moex_med1_remaining_detailed_v4_merged_001_1827.ts
MOEX-101030-1101-Q035,MOEX-101030-1101-Q035,醫學（一）,101,2012,101030,1101,35,moex_med1_remaining_detailed_v4_merged_001_1827.ts
MOEX-101030-1101-Q036,MOEX-101030-1101-Q036,醫學（一）,101,2012,101030,1101,36,moex_med1_remaining_detailed_v4_merged_001_1827.ts
MOEX-101030-1101-Q037,MOEX-101030-1101-Q037,醫學（一）,101,2012,101030,1101,37,moex_med1_remaining_detailed_v4_merged_001_1827.ts
MOEX-101030-1101-Q038,MOEX-101030-1101-Q038,醫學（一）,101,2012,101030,1101,38,moex_med1_remaining_detailed_v4_merged_001_1827.ts
MOEX-101030-1101-Q039,MOEX-101030-1101-Q039,醫學（一）,101,2012,101030,1101,39,moex_med1_remaining_detailed_v4_merged_001_1827.ts
MOEX-101030-1101-Q040,MOEX-101030-1101-Q040,醫學（一）,101,2012,101030,1101,40,moex_med1_remaining_detailed_v4_merged_001_1827.ts
MOEX-101030-1101-Q041,MOEX-101030-1101-Q041,醫學（一）,101,2012,101030,1101,41,moex_med1_remaining_detailed_v4_merged_001_1827.ts
MOEX-101030-1101-Q042,MOEX-101030-1101-Q042,醫學（一）,101,2012,101030,1101,42,moex_med1_remaining_detailed_v4_merged_001_1827.ts
MOEX-101030-1101-Q043,MOEX-101030-1101-Q043,醫學（一）,101,2012,101030,1101,43,moex_med1_remaining_detailed_v4_merged_001_1827.ts
MOEX-101030-1101-Q044,MOEX-101030-1101-Q044,醫學（一）,101,2012,101030,1101,44,moex_med1_remaining_detailed_v4_merged_001_1827.ts
MOEX-101030-1101-Q045,MOEX-101030-1101-Q045,醫學（一）,101,2012,101030,1101,45,moex_med1_remaining_detailed_v4_merged_001_1827.ts
MOEX-101030-1101-Q046,MOEX-101030-1101-Q046,醫學（一）,101,2012,101030,1101,46,moex_med1_remaining_detailed_v4_merged_001_1827.ts
MOEX-101030-1101-Q047,MOEX-101030-1101-Q047,醫學（一）,101,2012,101030,1101,47,moex_med1_remaining_detailed_v4_merged_001_1827.ts
MOEX-101030-1101-Q048,MOEX-101030-1101-Q048,醫學（一）,101,2012,101030,1101,48,moex_med1_remaining_detailed_v4_merged_001_1827.ts
MOEX-101030-1101-Q049,MOEX-101030-1101-Q049,醫學（一）,101,2012,101030,1101,49,moex_med1_remaining_detailed_v4_merged_001_1827.ts
MOEX-101030-1101-Q050,MOEX-101030-1101-Q050,醫學（一）,101,2012,101030,1101,50,moex_med1_remaining_detailed_v4_merged_001_1827.ts
MOEX-101030-1101-Q051,MOEX-101030-1101-Q051,醫學（一）,101,2012,101030,1101,51,moex_med1_remaining_detailed_v4_merged_001_1827.ts
MOEX-101030-1101-Q052,MOEX-101030-1101-Q052,醫學（一）,101,2012,101030,1101,52,moex_med1_remaining_detailed_v4_merged_001_1827.ts
MOEX-101030-1101-Q053,MOEX-101030-1101-Q053,醫學（一）,101,2012,101030,1101,53,moex_med1_remaining_detailed_v4_merged_001_1827.ts
MOEX-101030-1101-Q054,MOEX-101030-1101-Q054,醫學（一）,101,2012,101030,1101,54,moex_med1_remaining_detailed_v4_merged_001_1827.ts
MOEX-101030-1101-Q055,MOEX-101030-1101-Q055,醫學（一）,101,2012,101030,1101,55,moex_med1_remaining_detailed_v4_merged_001_1827.ts
MOEX-101030-1101-Q056,MOEX-101030-1101-Q056,醫學（一）,101,2012,101030,1101,56,moex_med1_remaining_detailed_v4_merged_001_1827.ts
MOEX-101030-1101-Q057,MOEX-101030-1101-Q057,醫學（一）,101,2012,101030,1101,57,moex_med1_remaining_detailed_v4_merged_001_1827.ts
MOEX-101030-1101-Q058,MOEX-101030-1101-Q058,醫學（一）,101,2012,101030,1101,58,moex_med1_remaining_detailed_v4_merged_001_1827.ts
MOEX-101030-1101-Q059,MOEX-101030-1101-Q059,醫學（一）,101,2012,101030,1101,59,moex_med1_remaining_detailed_v4_merged_001_1827.ts
MOEX-101030-1101-Q060,MOEX-101030-1101-Q060,醫學（一）,101,2012,101030,1101,60,moex_med1_remaining_detailed_v4_merged_001_1827.ts
MOEX-101030-1101-Q061,MOEX-101030-1101-Q061,醫學（一）,101,2012,101030,1101,61,moex_med1_remaining_detailed_v4_merged_001_1827.ts
MOEX-101030-1101-Q062,MOEX-101030-1101-Q062,醫學（一）,101,2012,101030,1101,62,moex_med1_remaining_detailed_v4_merged_001_1827.ts
MOEX-101030-1101-Q063,MOEX-101030-1101-Q063,醫學（一）,101,2012,101030,1101,63,moex_med1_remaining_detailed_v4_merged_001_1827.ts
MOEX-101030-1101-Q064,MOEX-101030-1101-Q064,醫學（一）,101,2012,101030,1101,64,moex_med1_remaining_detailed_v4_merged_001_1827.ts
MOEX-101030-1101-Q065,MOEX-101030-1101-Q065,醫學（一）,101,2012,101030,1101,65,moex_med1_remaining_detailed_v4_merged_001_1827.ts
MOEX-101030-1101-Q066,MOEX-101030-1101-Q066,醫學（一）,101,2012,101030,1101,66,moex_med1_remaining_detailed_v4_merged_001_1827.ts
MOEX-101030-1101-Q067,MOEX-101030-1101-Q067,醫學（一）,101,2012,101030,1101,67,moex_med1_remaining_detailed_v4_merged_001_1827.ts
MOEX-101030-1101-Q068,MOEX-101030-1101-Q068,醫學（一）,101,2012,101030,1101,68,moex_med1_remaining_detailed_v4_merged_001_1827.ts
MOEX-101030-1101-Q069,MOEX-101030-1101-Q069,醫學（一）,101,2012,101030,1101,69,moex_med1_remaining_detailed_v4_merged_001_1827.ts
MOEX-101030-1101-Q070,MOEX-101030-1101-Q070,醫學（一）,101,2012,101030,1101,70,moex_med1_remaining_detailed_v4_merged_001_1827.ts
MOEX-101030-1101-Q071,MOEX-101030-1101-Q071,醫學（一）,101,2012,101030,1101,71,moex_med1_remaining_detailed_v4_merged_001_1827.ts
MOEX-101030-1101-Q072,MOEX-101030-1101-Q072,醫學（一）,101,2012,101030,1101,72,moex_med1_remaining_detailed_v4_merged_001_1827.ts
MOEX-101030-1101-Q073,MOEX-101030-1101-Q073,醫學（一）,101,2012,101030,1101,73,moex_med1_remaining_detailed_v4_merged_001_1827.ts
MOEX-101030-1101-Q074,MOEX-101030-1101-Q074,醫學（一）,101,2012,101030,1101,74,moex_med1_remaining_detailed_v4_merged_001_1827.ts
MOEX-101030-1101-Q075,MOEX-101030-1101-Q075,醫學（一）,101,2012,101030,1101,75,moex_med1_remaining_detailed_v4_merged_001_1827.ts
MOEX-101030-1101-Q076,MOEX-101030-1101-Q076,醫學（一）,101,2012,101030,1101,76,moex_med1_remaining_detailed_v4_merged_001_1827.ts
MOEX-101030-1101-Q077,MOEX-101030-1101-Q077,醫學（一）,101,2012,101030,1101,77,moex_med1_remaining_detailed_v4_merged_001_1827.ts
MOEX-101030-1101-Q078,MOEX-101030-1101-Q078,醫學（一）,101,2012,101030,1101,78,moex_med1_remaining_detailed_v4_merged_001_1827.ts
MOEX-101030-1101-Q079,MOEX-101030-1101-Q079,醫學（一）,101,2012,101030,1101,79,moex_med1_remaining_detailed_v4_merged_001_1827.ts
MOEX-101030-1101-Q080,MOEX-101030-1101-Q080,醫學（一）,101,2012,101030,1101,80,moex_med1_remaining_detailed_v4_merged_001_1827.ts
MOEX-101030-1101-Q081,MOEX-101030-1101-Q081,醫學（一）,101,2012,101030,1101,81,moex_med1_remaining_detailed_v4_merged_001_1827.ts
MOEX-101030-1101-Q082,MOEX-101030-1101-Q082,醫學（一）,101,2012,101030,1101,82,moex_med1_remaining_detailed_v4_merged_001_1827.ts
MOEX-101030-1101-Q083,MOEX-101030-1101-Q083,醫學（一）,101,2012,101030,1101,83,moex_med1_remaining_detailed_v4_merged_001_1827.ts
MOEX-101030-1101-Q084,MOEX-101030-1101-Q084,醫學（一）,101,2012,101030,1101,84,moex_med1_remaining_detailed_v4_merged_001_1827.ts
MOEX-101030-1101-Q085,MOEX-101030-1101-Q085,醫學（一）,101,2012,101030,1101,85,moex_med1_remaining_detailed_v4_merged_001_1827.ts
MOEX-101030-1101-Q086,MOEX-101030-1101-Q086,醫學（一）,101,2012,101030,1101,86,moex_med1_remaining_detailed_v4_merged_001_1827.ts
MOEX-101030-1101-Q087,MOEX-101030-1101-Q087,醫學（一）,101,2012,101030,1101,87,moex_med1_remaining_detailed_v4_merged_001_1827.ts
MOEX-101030-1101-Q088,MOEX-101030-1101-Q088,醫學（一）,101,2012,101030,1101,88,moex_med1_remaining_detailed_v4_merged_001_1827.ts
MOEX-101030-1101-Q089,MOEX-101030-1101-Q089,醫學（一）,101,2012,101030,1101,89,anatomyQuestions.ts
MOEX-101030-1101-Q090,MOEX-101030-1101-Q090,醫學（一）,101,2012,101030,1101,90,anatomyQuestions.ts
MOEX-101030-1101-Q091,MOEX-101030-1101-Q091,醫學（一）,101,2012,101030,1101,91,moex_med1_remaining_detailed_v4_merged_001_1827.ts
MOEX-101030-1101-Q092,MOEX-101030-1101-Q092,醫學（一）,101,2012,101030,1101,92,moex_med1_remaining_detailed_v4_merged_001_1827.ts
MOEX-101030-1101-Q093,MOEX-101030-1101-Q093,醫學（一）,101,2012,101030,1101,93,anatomyQuestions.ts
MOEX-101030-1101-Q094,MOEX-101030-1101-Q094,醫學（一）,101,2012,101030,1101,94,moex_med1_remaining_detailed_v4_merged_001_1827.ts
MOEX-101030-1101-Q095,MOEX-101030-1101-Q095,醫學（一）,101,2012,101030,1101,95,anatomyQuestions.ts
MOEX-101030-1101-Q096,MOEX-101030-1101-Q096,醫學（一）,101,2012,101030,1101,96,moex_med1_remaining_detailed_v4_merged_001_1827.ts
MOEX-101030-1101-Q097,MOEX-101030-1101-Q097,醫學（一）,101,2012,101030,1101,97,moex_med1_remaining_detailed_v4_merged_001_1827.ts
MOEX-101030-1101-Q098,MOEX-101030-1101-Q098,醫學（一）,101,2012,101030,1101,98,anatomyQuestions.ts
MOEX-101030-1101-Q099,MOEX-101030-1101-Q099,醫學（一）,101,2012,101030,1101,99,moex_med1_remaining_detailed_v4_merged_001_1827.ts
MOEX-101030-1101-Q100,MOEX-101030-1101-Q100,醫學（一）,101,2012,101030,1101,100,anatomyQuestions.ts
MOEX-101110-1101-Q001,MOEX-101110-1101-Q001,醫學（一）,101,2012,101110,1101,1,moex_med1_remaining_detailed_v4_merged_001_1827.ts
MOEX-101110-1101-Q002,MOEX-101110-1101-Q002,醫學（一）,101,2012,101110,1101,2,anatomyQuestions.ts
MOEX-101110-1101-Q003,MOEX-101110-1101-Q003,醫學（一）,101,2012,101110,1101,3,anatomyQuestions.ts
MOEX-101110-1101-Q004,MOEX-101110-1101-Q004,醫學（一）,101,2012,101110,1101,4,moex_med1_remaining_detailed_v4_merged_001_1827.ts
MOEX-101110-1101-Q005,MOEX-101110-1101-Q005,醫學（一）,101,2012,101110,1101,5,anatomyQuestions.ts
MOEX-101110-1101-Q006,MOEX-101110-1101-Q006,醫學（一）,101,2012,101110,1101,6,anatomyQuestions.ts
MOEX-101110-1101-Q007,MOEX-101110-1101-Q007,醫學（一）,101,2012,101110,1101,7,anatomyQuestions.ts
MOEX-101110-1101-Q008,missing-2012-2-101110-1101-q008,醫學（一）,101,2012,101110,1101,8,moex_med1_missing_22_questions_detailed_v5.ts
MOEX-101110-1101-Q009,MOEX-101110-1101-Q009,醫學（一）,101,2012,101110,1101,9,anatomyQuestions.ts
MOEX-101110-1101-Q010,MOEX-101110-1101-Q010,醫學（一）,101,2012,101110,1101,10,anatomyQuestions.ts
MOEX-101110-1101-Q011,moex-med1-supplement-v5-101110-1101-011,醫學（一）,101,2012,101110,1101,11,moex_med1_requested_71_questions_detailed_patch_v5.ts
MOEX-101110-1101-Q012,MOEX-101110-1101-Q012,醫學（一）,101,2012,101110,1101,12,anatomyQuestions.ts
MOEX-101110-1101-Q013,MOEX-101110-1101-Q013,醫學（一）,101,2012,101110,1101,13,anatomyQuestions.ts
MOEX-101110-1101-Q014,MOEX-101110-1101-Q014,醫學（一）,101,2012,101110,1101,14,anatomyQuestions.ts
MOEX-101110-1101-Q015,MOEX-101110-1101-Q015,醫學（一）,101,2012,101110,1101,15,anatomyQuestions.ts
MOEX-101110-1101-Q016,MOEX-101110-1101-Q016,醫學（一）,101,2012,101110,1101,16,anatomyQuestions.ts
MOEX-101110-1101-Q017,MOEX-101110-1101-Q017,醫學（一）,101,2012,101110,1101,17,anatomyQuestions.ts
MOEX-101110-1101-Q018,MOEX-101110-1101-Q018,醫學（一）,101,2012,101110,1101,18,moex_med1_remaining_detailed_v4_merged_001_1827.ts
MOEX-101110-1101-Q019,MOEX-101110-1101-Q019,醫學（一）,101,2012,101110,1101,19,anatomyQuestions.ts
MOEX-101110-1101-Q020,MOEX-101110-1101-Q020,醫學（一）,101,2012,101110,1101,20,anatomyQuestions.ts
MOEX-101110-1101-Q021,MOEX-101110-1101-Q021,醫學（一）,101,2012,101110,1101,21,anatomyQuestions.ts
MOEX-101110-1101-Q022,MOEX-101110-1101-Q022,醫學（一）,101,2012,101110,1101,22,anatomyQuestions.ts
MOEX-101110-1101-Q023,MOEX-101110-1101-Q023,醫學（一）,101,2012,101110,1101,23,anatomyQuestions.ts
MOEX-101110-1101-Q024,moex-med1-supplement-v5-101110-1101-024,醫學（一）,101,2012,101110,1101,24,moex_med1_requested_71_questions_detailed_patch_v5.ts
MOEX-101110-1101-Q025,MOEX-101110-1101-Q025,醫學（一）,101,2012,101110,1101,25,anatomyQuestions.ts
MOEX-101110-1101-Q026,MOEX-101110-1101-Q026,醫學（一）,101,2012,101110,1101,26,anatomyQuestions.ts
MOEX-101110-1101-Q027,MOEX-101110-1101-Q027,醫學（一）,101,2012,101110,1101,27,anatomyQuestions.ts
MOEX-101110-1101-Q028,MOEX-101110-1101-Q028,醫學（一）,101,2012,101110,1101,28,moex_med1_remaining_detailed_v4_merged_001_1827.ts
MOEX-101110-1101-Q029,MOEX-101110-1101-Q029,醫學（一）,101,2012,101110,1101,29,moex_med1_remaining_detailed_v4_merged_001_1827.ts
MOEX-101110-1101-Q030,MOEX-101110-1101-Q030,醫學（一）,101,2012,101110,1101,30,moex_med1_remaining_detailed_v4_merged_001_1827.ts
MOEX-101110-1101-Q031,moex-med1-supplement-v5-101110-1101-031,醫學（一）,101,2012,101110,1101,31,moex_med1_requested_71_questions_detailed_patch_v5.ts
MOEX-101110-1101-Q032,MOEX-101110-1101-Q032,醫學（一）,101,2012,101110,1101,32,moex_med1_remaining_detailed_v4_merged_001_1827.ts
MOEX-101110-1101-Q033,MOEX-101110-1101-Q033,醫學（一）,101,2012,101110,1101,33,anatomyQuestions.ts
MOEX-101110-1101-Q034,MOEX-101110-1101-Q034,醫學（一）,101,2012,101110,1101,34,moex_med1_remaining_detailed_v4_merged_001_1827.ts
MOEX-101110-1101-Q035,MOEX-101110-1101-Q035,醫學（一）,101,2012,101110,1101,35,moex_med1_remaining_detailed_v4_merged_001_1827.ts
MOEX-101110-1101-Q036,MOEX-101110-1101-Q036,醫學（一）,101,2012,101110,1101,36,moex_med1_remaining_detailed_v4_merged_001_1827.ts
MOEX-101110-1101-Q037,MOEX-101110-1101-Q037,醫學（一）,101,2012,101110,1101,37,moex_med1_remaining_detailed_v4_merged_001_1827.ts
MOEX-101110-1101-Q038,MOEX-101110-1101-Q038,醫學（一）,101,2012,101110,1101,38,moex_med1_remaining_detailed_v4_merged_001_1827.ts
MOEX-101110-1101-Q039,MOEX-101110-1101-Q039,醫學（一）,101,2012,101110,1101,39,moex_med1_remaining_detailed_v4_merged_001_1827.ts
MOEX-101110-1101-Q040,MOEX-101110-1101-Q040,醫學（一）,101,2012,101110,1101,40,moex_med1_remaining_detailed_v4_merged_001_1827.ts
MOEX-101110-1101-Q041,MOEX-101110-1101-Q041,醫學（一）,101,2012,101110,1101,41,moex_med1_remaining_detailed_v4_merged_001_1827.ts
MOEX-101110-1101-Q042,MOEX-101110-1101-Q042,醫學（一）,101,2012,101110,1101,42,moex_med1_remaining_detailed_v4_merged_001_1827.ts
MOEX-101110-1101-Q043,MOEX-101110-1101-Q043,醫學（一）,101,2012,101110,1101,43,moex_med1_remaining_detailed_v4_merged_001_1827.ts
MOEX-101110-1101-Q044,MOEX-101110-1101-Q044,醫學（一）,101,2012,101110,1101,44,moex_med1_remaining_detailed_v4_merged_001_1827.ts
MOEX-101110-1101-Q045,MOEX-101110-1101-Q045,醫學（一）,101,2012,101110,1101,45,moex_med1_remaining_detailed_v4_merged_001_1827.ts
MOEX-101110-1101-Q046,MOEX-101110-1101-Q046,醫學（一）,101,2012,101110,1101,46,moex_med1_remaining_detailed_v4_merged_001_1827.ts
MOEX-101110-1101-Q047,MOEX-101110-1101-Q047,醫學（一）,101,2012,101110,1101,47,moex_med1_remaining_detailed_v4_merged_001_1827.ts
MOEX-101110-1101-Q048,MOEX-101110-1101-Q048,醫學（一）,101,2012,101110,1101,48,moex_med1_remaining_detailed_v4_merged_001_1827.ts
MOEX-101110-1101-Q049,MOEX-101110-1101-Q049,醫學（一）,101,2012,101110,1101,49,moex_med1_remaining_detailed_v4_merged_001_1827.ts
MOEX-101110-1101-Q050,MOEX-101110-1101-Q050,醫學（一）,101,2012,101110,1101,50,moex_med1_remaining_detailed_v4_merged_001_1827.ts
MOEX-101110-1101-Q051,MOEX-101110-1101-Q051,醫學（一）,101,2012,101110,1101,51,moex_med1_remaining_detailed_v4_merged_001_1827.ts
MOEX-101110-1101-Q052,MOEX-101110-1101-Q052,醫學（一）,101,2012,101110,1101,52,moex_med1_remaining_detailed_v4_merged_001_1827.ts
MOEX-101110-1101-Q053,MOEX-101110-1101-Q053,醫學（一）,101,2012,101110,1101,53,moex_med1_remaining_detailed_v4_merged_001_1827.ts
MOEX-101110-1101-Q054,MOEX-101110-1101-Q054,醫學（一）,101,2012,101110,1101,54,moex_med1_remaining_detailed_v4_merged_001_1827.ts
MOEX-101110-1101-Q055,MOEX-101110-1101-Q055,醫學（一）,101,2012,101110,1101,55,moex_med1_remaining_detailed_v4_merged_001_1827.ts
MOEX-101110-1101-Q056,MOEX-101110-1101-Q056,醫學（一）,101,2012,101110,1101,56,moex_med1_remaining_detailed_v4_merged_001_1827.ts
MOEX-101110-1101-Q057,MOEX-101110-1101-Q057,醫學（一）,101,2012,101110,1101,57,moex_med1_remaining_detailed_v4_merged_001_1827.ts
MOEX-101110-1101-Q058,MOEX-101110-1101-Q058,醫學（一）,101,2012,101110,1101,58,moex_med1_remaining_detailed_v4_merged_001_1827.ts
MOEX-101110-1101-Q059,MOEX-101110-1101-Q059,醫學（一）,101,2012,101110,1101,59,moex_med1_remaining_detailed_v4_merged_001_1827.ts
MOEX-101110-1101-Q060,MOEX-101110-1101-Q060,醫學（一）,101,2012,101110,1101,60,moex_med1_remaining_detailed_v4_merged_001_1827.ts
MOEX-101110-1101-Q061,MOEX-101110-1101-Q061,醫學（一）,101,2012,101110,1101,61,moex_med1_remaining_detailed_v4_merged_001_1827.ts
MOEX-101110-1101-Q062,MOEX-101110-1101-Q062,醫學（一）,101,2012,101110,1101,62,moex_med1_remaining_detailed_v4_merged_001_1827.ts
MOEX-101110-1101-Q063,MOEX-101110-1101-Q063,醫學（一）,101,2012,101110,1101,63,moex_med1_remaining_detailed_v4_merged_001_1827.ts
MOEX-101110-1101-Q064,MOEX-101110-1101-Q064,醫學（一）,101,2012,101110,1101,64,moex_med1_remaining_detailed_v4_merged_001_1827.ts
MOEX-101110-1101-Q065,MOEX-101110-1101-Q065,醫學（一）,101,2012,101110,1101,65,moex_med1_remaining_detailed_v4_merged_001_1827.ts
MOEX-101110-1101-Q066,MOEX-101110-1101-Q066,醫學（一）,101,2012,101110,1101,66,moex_med1_remaining_detailed_v4_merged_001_1827.ts
MOEX-101110-1101-Q067,MOEX-101110-1101-Q067,醫學（一）,101,2012,101110,1101,67,moex_med1_remaining_detailed_v4_merged_001_1827.ts
MOEX-101110-1101-Q068,MOEX-101110-1101-Q068,醫學（一）,101,2012,101110,1101,68,moex_med1_remaining_detailed_v4_merged_001_1827.ts
MOEX-101110-1101-Q069,MOEX-101110-1101-Q069,醫學（一）,101,2012,101110,1101,69,moex_med1_remaining_detailed_v4_merged_001_1827.ts
MOEX-101110-1101-Q070,MOEX-101110-1101-Q070,醫學（一）,101,2012,101110,1101,70,moex_med1_remaining_detailed_v4_merged_001_1827.ts
MOEX-101110-1101-Q071,MOEX-101110-1101-Q071,醫學（一）,101,2012,101110,1101,71,moex_med1_remaining_detailed_v4_merged_001_1827.ts
MOEX-101110-1101-Q072,MOEX-101110-1101-Q072,醫學（一）,101,2012,101110,1101,72,moex_med1_remaining_detailed_v4_merged_001_1827.ts
MOEX-101110-1101-Q073,MOEX-101110-1101-Q073,醫學（一）,101,2012,101110,1101,73,moex_med1_remaining_detailed_v4_merged_001_1827.ts
MOEX-101110-1101-Q074,MOEX-101110-1101-Q074,醫學（一）,101,2012,101110,1101,74,moex_med1_remaining_detailed_v4_merged_001_1827.ts
MOEX-101110-1101-Q075,MOEX-101110-1101-Q075,醫學（一）,101,2012,101110,1101,75,moex_med1_remaining_detailed_v4_merged_001_1827.ts
MOEX-101110-1101-Q076,MOEX-101110-1101-Q076,醫學（一）,101,2012,101110,1101,76,moex_med1_remaining_detailed_v4_merged_001_1827.ts
MOEX-101110-1101-Q077,MOEX-101110-1101-Q077,醫學（一）,101,2012,101110,1101,77,moex_med1_remaining_detailed_v4_merged_001_1827.ts
MOEX-101110-1101-Q078,MOEX-101110-1101-Q078,醫學（一）,101,2012,101110,1101,78,moex_med1_remaining_detailed_v4_merged_001_1827.ts
MOEX-101110-1101-Q079,MOEX-101110-1101-Q079,醫學（一）,101,2012,101110,1101,79,moex_med1_remaining_detailed_v4_merged_001_1827.ts
MOEX-101110-1101-Q080,MOEX-101110-1101-Q080,醫學（一）,101,2012,101110,1101,80,moex_med1_remaining_detailed_v4_merged_001_1827.ts
MOEX-101110-1101-Q081,MOEX-101110-1101-Q081,醫學（一）,101,2012,101110,1101,81,moex_med1_remaining_detailed_v4_merged_001_1827.ts
MOEX-101110-1101-Q082,MOEX-101110-1101-Q082,醫學（一）,101,2012,101110,1101,82,moex_med1_remaining_detailed_v4_merged_001_1827.ts
MOEX-101110-1101-Q083,MOEX-101110-1101-Q083,醫學（一）,101,2012,101110,1101,83,moex_med1_remaining_detailed_v4_merged_001_1827.ts
MOEX-101110-1101-Q084,MOEX-101110-1101-Q084,醫學（一）,101,2012,101110,1101,84,moex_med1_remaining_detailed_v4_merged_001_1827.ts
MOEX-101110-1101-Q085,MOEX-101110-1101-Q085,醫學（一）,101,2012,101110,1101,85,moex_med1_remaining_detailed_v4_merged_001_1827.ts
MOEX-101110-1101-Q086,MOEX-101110-1101-Q086,醫學（一）,101,2012,101110,1101,86,moex_med1_remaining_detailed_v4_merged_001_1827.ts
MOEX-101110-1101-Q087,MOEX-101110-1101-Q087,醫學（一）,101,2012,101110,1101,87,moex_med1_remaining_detailed_v4_merged_001_1827.ts
MOEX-101110-1101-Q088,MOEX-101110-1101-Q088,醫學（一）,101,2012,101110,1101,88,moex_med1_remaining_detailed_v4_merged_001_1827.ts
MOEX-101110-1101-Q089,MOEX-101110-1101-Q089,醫學（一）,101,2012,101110,1101,89,anatomyQuestions.ts
MOEX-101110-1101-Q090,MOEX-101110-1101-Q090,醫學（一）,101,2012,101110,1101,90,moex_med1_remaining_detailed_v4_merged_001_1827.ts
MOEX-101110-1101-Q091,MOEX-101110-1101-Q091,醫學（一）,101,2012,101110,1101,91,moex_med1_remaining_detailed_v4_merged_001_1827.ts
MOEX-101110-1101-Q092,MOEX-101110-1101-Q092,醫學（一）,101,2012,101110,1101,92,moex_med1_remaining_detailed_v4_merged_001_1827.ts
MOEX-101110-1101-Q093,MOEX-101110-1101-Q093,醫學（一）,101,2012,101110,1101,93,moex_med1_remaining_detailed_v4_merged_001_1827.ts
MOEX-101110-1101-Q094,MOEX-101110-1101-Q094,醫學（一）,101,2012,101110,1101,94,moex_med1_remaining_detailed_v4_merged_001_1827.ts
MOEX-101110-1101-Q095,MOEX-101110-1101-Q095,醫學（一）,101,2012,101110,1101,95,moex_med1_remaining_detailed_v4_merged_001_1827.ts
MOEX-101110-1101-Q096,MOEX-101110-1101-Q096,醫學（一）,101,2012,101110,1101,96,anatomyQuestions.ts
MOEX-101110-1101-Q097,MOEX-101110-1101-Q097,醫學（一）,101,2012,101110,1101,97,moex_med1_remaining_detailed_v4_merged_001_1827.ts
MOEX-101110-1101-Q098,MOEX-101110-1101-Q098,醫學（一）,101,2012,101110,1101,98,moex_med1_remaining_detailed_v4_merged_001_1827.ts
MOEX-101110-1101-Q099,MOEX-101110-1101-Q099,醫學（一）,101,2012,101110,1101,99,moex_med1_remaining_detailed_v4_merged_001_1827.ts
MOEX-101110-1101-Q100,MOEX-101110-1101-Q100,醫學（一）,101,2012,101110,1101,100,moex_med1_remaining_detailed_v4_merged_001_1827.ts
MOEX-101030-2101-Q001,MOEX-101030-2101-Q001,醫學（二）,101,2012,101030,2101,1,moex_med_stage2_detailed_merged_001_3100_classified_v3.json
MOEX-101030-2101-Q002,MOEX-101030-2101-Q002,醫學（二）,101,2012,101030,2101,2,moex_med_stage2_detailed_merged_001_3100_classified_v3.json
MOEX-101030-2101-Q003,MOEX-101030-2101-Q003,醫學（二）,101,2012,101030,2101,3,moex_med_stage2_detailed_merged_001_3100_classified_v3.json
MOEX-101030-2101-Q004,MOEX-101030-2101-Q004,醫學（二）,101,2012,101030,2101,4,moex_med_stage2_detailed_merged_001_3100_classified_v3.json
MOEX-101030-2101-Q005,MOEX-101030-2101-Q005,醫學（二）,101,2012,101030,2101,5,moex_med_stage2_detailed_merged_001_3100_classified_v3.json
MOEX-101030-2101-Q006,MOEX-101030-2101-Q006,醫學（二）,101,2012,101030,2101,6,moex_med_stage2_detailed_merged_001_3100_classified_v3.json
MOEX-101030-2101-Q007,MOEX-101030-2101-Q007,醫學（二）,101,2012,101030,2101,7,moex_med_stage2_detailed_merged_001_3100_classified_v3.json
MOEX-101030-2101-Q008,MOEX-101030-2101-Q008,醫學（二）,101,2012,101030,2101,8,moex_med_stage2_detailed_merged_001_3100_classified_v3.json
MOEX-101030-2101-Q009,MOEX-101030-2101-Q009,醫學（二）,101,2012,101030,2101,9,moex_med_stage2_detailed_merged_001_3100_classified_v3.json
MOEX-101030-2101-Q010,MOEX-101030-2101-Q010,醫學（二）,101,2012,101030,2101,10,moex_med_stage2_detailed_merged_001_3100_classified_v3.json
MOEX-101030-2101-Q011,MOEX-101030-2101-Q011,醫學（二）,101,2012,101030,2101,11,moex_med_stage2_detailed_merged_001_3100_classified_v3.json
MOEX-101030-2101-Q012,MOEX-101030-2101-Q012,醫學（二）,101,2012,101030,2101,12,moex_med_stage2_detailed_merged_001_3100_classified_v3.json
MOEX-101030-2101-Q013,MOEX-101030-2101-Q013,醫學（二）,101,2012,101030,2101,13,moex_med_stage2_detailed_merged_001_3100_classified_v3.json
MOEX-101030-2101-Q014,MOEX-101030-2101-Q014,醫學（二）,101,2012,101030,2101,14,moex_med_stage2_detailed_merged_001_3100_classified_v3.json
MOEX-101030-2101-Q015,MOEX-101030-2101-Q015,醫學（二）,101,2012,101030,2101,15,moex_med_stage2_detailed_merged_001_3100_classified_v3.json
MOEX-101030-2101-Q016,MOEX-101030-2101-Q016,醫學（二）,101,2012,101030,2101,16,moex_med_stage2_detailed_merged_001_3100_classified_v3.json
MOEX-101030-2101-Q017,MOEX-101030-2101-Q017,醫學（二）,101,2012,101030,2101,17,moex_med_stage2_detailed_merged_001_3100_classified_v3.json
MOEX-101030-2101-Q018,MOEX-101030-2101-Q018,醫學（二）,101,2012,101030,2101,18,moex_med_stage2_detailed_merged_001_3100_classified_v3.json
MOEX-101030-2101-Q019,MOEX-101030-2101-Q019,醫學（二）,101,2012,101030,2101,19,moex_med_stage2_detailed_merged_001_3100_classified_v3.json
MOEX-101030-2101-Q020,MOEX-101030-2101-Q020,醫學（二）,101,2012,101030,2101,20,moex_med_stage2_detailed_merged_001_3100_classified_v3.json
MOEX-101030-2101-Q021,MOEX-101030-2101-Q021,醫學（二）,101,2012,101030,2101,21,moex_med_stage2_detailed_merged_001_3100_classified_v3.json
MOEX-101030-2101-Q022,MOEX-101030-2101-Q022,醫學（二）,101,2012,101030,2101,22,moex_med_stage2_detailed_merged_001_3100_classified_v3.json
MOEX-101030-2101-Q023,MOEX-101030-2101-Q023,醫學（二）,101,2012,101030,2101,23,moex_med_stage2_detailed_merged_001_3100_classified_v3.json
MOEX-101030-2101-Q024,MOEX-101030-2101-Q024,醫學（二）,101,2012,101030,2101,24,moex_med_stage2_detailed_merged_001_3100_classified_v3.json
MOEX-101030-2101-Q025,MOEX-101030-2101-Q025,醫學（二）,101,2012,101030,2101,25,moex_med_stage2_detailed_merged_001_3100_classified_v3.json
MOEX-101030-2101-Q026,MOEX-101030-2101-Q026,醫學（二）,101,2012,101030,2101,26,moex_med_stage2_detailed_merged_001_3100_classified_v3.json
MOEX-101030-2101-Q027,MOEX-101030-2101-Q027,醫學（二）,101,2012,101030,2101,27,moex_med_stage2_detailed_merged_001_3100_classified_v3.json
MOEX-101030-2101-Q028,MOEX-101030-2101-Q028,醫學（二）,101,2012,101030,2101,28,moex_med_stage2_detailed_merged_001_3100_classified_v3.json
MOEX-101030-2101-Q029,MOEX-101030-2101-Q029,醫學（二）,101,2012,101030,2101,29,moex_med_stage2_detailed_merged_001_3100_classified_v3.json
MOEX-101030-2101-Q030,MOEX-101030-2101-Q030,醫學（二）,101,2012,101030,2101,30,moex_med_stage2_detailed_merged_001_3100_classified_v3.json
MOEX-101030-2101-Q031,MOEX-101030-2101-Q031,醫學（二）,101,2012,101030,2101,31,moex_med_stage2_detailed_merged_001_3100_classified_v3.json
MOEX-101030-2101-Q032,MOEX-101030-2101-Q032,醫學（二）,101,2012,101030,2101,32,moex_med_stage2_detailed_merged_001_3100_classified_v3.json
MOEX-101030-2101-Q033,MOEX-101030-2101-Q033,醫學（二）,101,2012,101030,2101,33,moex_med_stage2_detailed_merged_001_3100_classified_v3.json
MOEX-101030-2101-Q034,MOEX-101030-2101-Q034,醫學（二）,101,2012,101030,2101,34,moex_med_stage2_detailed_merged_001_3100_classified_v3.json
MOEX-101030-2101-Q035,MOEX-101030-2101-Q035,醫學（二）,101,2012,101030,2101,35,moex_med_stage2_detailed_merged_001_3100_classified_v3.json
MOEX-101030-2101-Q036,MOEX-101030-2101-Q036,醫學（二）,101,2012,101030,2101,36,moex_med_stage2_detailed_merged_001_3100_classified_v3.json
MOEX-101030-2101-Q037,MOEX-101030-2101-Q037,醫學（二）,101,2012,101030,2101,37,moex_med_stage2_detailed_merged_001_3100_classified_v3.json
MOEX-101030-2101-Q038,MOEX-101030-2101-Q038,醫學（二）,101,2012,101030,2101,38,moex_med_stage2_detailed_merged_001_3100_classified_v3.json
MOEX-101030-2101-Q039,MOEX-101030-2101-Q039,醫學（二）,101,2012,101030,2101,39,moex_med_stage2_detailed_merged_001_3100_classified_v3.json
MOEX-101030-2101-Q040,MOEX-101030-2101-Q040,醫學（二）,101,2012,101030,2101,40,moex_med_stage2_detailed_merged_001_3100_classified_v3.json
MOEX-101030-2101-Q041,MOEX-101030-2101-Q041,醫學（二）,101,2012,101030,2101,41,moex_med_stage2_detailed_merged_001_3100_classified_v3.json
MOEX-101030-2101-Q042,MOEX-101030-2101-Q042,醫學（二）,101,2012,101030,2101,42,moex_med_stage2_detailed_merged_001_3100_classified_v3.json
MOEX-101030-2101-Q043,MOEX-101030-2101-Q043,醫學（二）,101,2012,101030,2101,43,moex_med_stage2_detailed_merged_001_3100_classified_v3.json
MOEX-101030-2101-Q044,MOEX-101030-2101-Q044,醫學（二）,101,2012,101030,2101,44,moex_med_stage2_detailed_merged_001_3100_classified_v3.json
MOEX-101030-2101-Q045,MOEX-101030-2101-Q045,醫學（二）,101,2012,101030,2101,45,moex_med_stage2_detailed_merged_001_3100_classified_v3.json
MOEX-101030-2101-Q046,MOEX-101030-2101-Q046,醫學（二）,101,2012,101030,2101,46,moex_med_stage2_detailed_merged_001_3100_classified_v3.json
MOEX-101030-2101-Q047,MOEX-101030-2101-Q047,醫學（二）,101,2012,101030,2101,47,moex_med_stage2_detailed_merged_001_3100_classified_v3.json
MOEX-101030-2101-Q048,MOEX-101030-2101-Q048,醫學（二）,101,2012,101030,2101,48,moex_med_stage2_detailed_merged_001_3100_classified_v3.json
MOEX-101030-2101-Q049,MOEX-101030-2101-Q049,醫學（二）,101,2012,101030,2101,49,moex_med_stage2_detailed_merged_001_3100_classified_v3.json
MOEX-101030-2101-Q050,MOEX-101030-2101-Q050,醫學（二）,101,2012,101030,2101,50,moex_med_stage2_detailed_merged_001_3100_classified_v3.json
MOEX-101030-2101-Q051,MOEX-101030-2101-Q051,醫學（二）,101,2012,101030,2101,51,moex_med_stage2_detailed_merged_001_3100_classified_v3.json
MOEX-101030-2101-Q052,MOEX-101030-2101-Q052,醫學（二）,101,2012,101030,2101,52,moex_med_stage2_detailed_merged_001_3100_classified_v3.json
MOEX-101030-2101-Q053,MOEX-101030-2101-Q053,醫學（二）,101,2012,101030,2101,53,moex_med_stage2_detailed_merged_001_3100_classified_v3.json
MOEX-101030-2101-Q054,MOEX-101030-2101-Q054,醫學（二）,101,2012,101030,2101,54,moex_med_stage2_detailed_merged_001_3100_classified_v3.json
MOEX-101030-2101-Q055,MOEX-101030-2101-Q055,醫學（二）,101,2012,101030,2101,55,moex_med_stage2_detailed_merged_001_3100_classified_v3.json
MOEX-101030-2101-Q056,MOEX-101030-2101-Q056,醫學（二）,101,2012,101030,2101,56,moex_med_stage2_detailed_merged_001_3100_classified_v3.json
MOEX-101030-2101-Q057,MOEX-101030-2101-Q057,醫學（二）,101,2012,101030,2101,57,moex_med_stage2_detailed_merged_001_3100_classified_v3.json
MOEX-101030-2101-Q058,MOEX-101030-2101-Q058,醫學（二）,101,2012,101030,2101,58,moex_med_stage2_detailed_merged_001_3100_classified_v3.json
MOEX-101030-2101-Q059,MOEX-101030-2101-Q059,醫學（二）,101,2012,101030,2101,59,moex_med_stage2_detailed_merged_001_3100_classified_v3.json
MOEX-101030-2101-Q060,MOEX-101030-2101-Q060,醫學（二）,101,2012,101030,2101,60,moex_med_stage2_detailed_merged_001_3100_classified_v3.json
MOEX-101030-2101-Q061,MOEX-101030-2101-Q061,醫學（二）,101,2012,101030,2101,61,moex_med_stage2_detailed_merged_001_3100_classified_v3.json
MOEX-101030-2101-Q062,MOEX-101030-2101-Q062,醫學（二）,101,2012,101030,2101,62,moex_med_stage2_detailed_merged_001_3100_classified_v3.json
MOEX-101030-2101-Q063,MOEX-101030-2101-Q063,醫學（二）,101,2012,101030,2101,63,moex_med_stage2_detailed_merged_001_3100_classified_v3.json
MOEX-101030-2101-Q064,MOEX-101030-2101-Q064,醫學（二）,101,2012,101030,2101,64,moex_med_stage2_detailed_merged_001_3100_classified_v3.json
MOEX-101030-2101-Q065,MOEX-101030-2101-Q065,醫學（二）,101,2012,101030,2101,65,moex_med_stage2_detailed_merged_001_3100_classified_v3.json
MOEX-101030-2101-Q066,MOEX-101030-2101-Q066,醫學（二）,101,2012,101030,2101,66,moex_med_stage2_detailed_merged_001_3100_classified_v3.json
MOEX-101030-2101-Q067,MOEX-101030-2101-Q067,醫學（二）,101,2012,101030,2101,67,moex_med_stage2_detailed_merged_001_3100_classified_v3.json
MOEX-101030-2101-Q068,MOEX-101030-2101-Q068,醫學（二）,101,2012,101030,2101,68,moex_med_stage2_detailed_merged_001_3100_classified_v3.json
MOEX-101030-2101-Q069,MOEX-101030-2101-Q069,醫學（二）,101,2012,101030,2101,69,moex_med_stage2_detailed_merged_001_3100_classified_v3.json
MOEX-101030-2101-Q070,MOEX-101030-2101-Q070,醫學（二）,101,2012,101030,2101,70,moex_med_stage2_detailed_merged_001_3100_classified_v3.json
MOEX-101030-2101-Q071,MOEX-101030-2101-Q071,醫學（二）,101,2012,101030,2101,71,moex_med_stage2_detailed_merged_001_3100_classified_v3.json
MOEX-101030-2101-Q072,MOEX-101030-2101-Q072,醫學（二）,101,2012,101030,2101,72,moex_med_stage2_detailed_merged_001_3100_classified_v3.json
MOEX-101030-2101-Q073,MOEX-101030-2101-Q073,醫學（二）,101,2012,101030,2101,73,moex_med_stage2_detailed_merged_001_3100_classified_v3.json
MOEX-101030-2101-Q074,MOEX-101030-2101-Q074,醫學（二）,101,2012,101030,2101,74,moex_med_stage2_detailed_merged_001_3100_classified_v3.json
MOEX-101030-2101-Q075,MOEX-101030-2101-Q075,醫學（二）,101,2012,101030,2101,75,moex_med_stage2_detailed_merged_001_3100_classified_v3.json
MOEX-101030-2101-Q076,MOEX-101030-2101-Q076,醫學（二）,101,2012,101030,2101,76,moex_med_stage2_detailed_merged_001_3100_classified_v3.json
MOEX-101030-2101-Q077,MOEX-101030-2101-Q077,醫學（二）,101,2012,101030,2101,77,moex_med_stage2_detailed_merged_001_3100_classified_v3.json
MOEX-101030-2101-Q078,MOEX-101030-2101-Q078,醫學（二）,101,2012,101030,2101,78,moex_med_stage2_detailed_merged_001_3100_classified_v3.json
MOEX-101030-2101-Q079,MOEX-101030-2101-Q079,醫學（二）,101,2012,101030,2101,79,moex_med_stage2_detailed_merged_001_3100_classified_v3.json
MOEX-101030-2101-Q080,MOEX-101030-2101-Q080,醫學（二）,101,2012,101030,2101,80,moex_med_stage2_detailed_merged_001_3100_classified_v3.json
MOEX-101030-2101-Q081,MOEX-101030-2101-Q081,醫學（二）,101,2012,101030,2101,81,moex_med_stage2_detailed_merged_001_3100_classified_v3.json
MOEX-101030-2101-Q082,MOEX-101030-2101-Q082,醫學（二）,101,2012,101030,2101,82,moex_med_stage2_detailed_merged_001_3100_classified_v3.json
MOEX-101030-2101-Q083,MOEX-101030-2101-Q083,醫學（二）,101,2012,101030,2101,83,moex_med_stage2_detailed_merged_001_3100_classified_v3.json
MOEX-101030-2101-Q084,MOEX-101030-2101-Q084,醫學（二）,101,2012,101030,2101,84,moex_med_stage2_detailed_merged_001_3100_classified_v3.json
MOEX-101030-2101-Q085,MOEX-101030-2101-Q085,醫學（二）,101,2012,101030,2101,85,moex_med_stage2_detailed_merged_001_3100_classified_v3.json
MOEX-101030-2101-Q086,MOEX-101030-2101-Q086,醫學（二）,101,2012,101030,2101,86,moex_med_stage2_detailed_merged_001_3100_classified_v3.json
MOEX-101030-2101-Q087,MOEX-101030-2101-Q087,醫學（二）,101,2012,101030,2101,87,moex_med_stage2_detailed_merged_001_3100_classified_v3.json
MOEX-101030-2101-Q088,MOEX-101030-2101-Q088,醫學（二）,101,2012,101030,2101,88,moex_med_stage2_detailed_merged_001_3100_classified_v3.json
MOEX-101030-2101-Q089,MOEX-101030-2101-Q089,醫學（二）,101,2012,101030,2101,89,moex_med_stage2_detailed_merged_001_3100_classified_v3.json
MOEX-101030-2101-Q090,MOEX-101030-2101-Q090,醫學（二）,101,2012,101030,2101,90,moex_med_stage2_detailed_merged_001_3100_classified_v3.json
MOEX-101030-2101-Q091,MOEX-101030-2101-Q091,醫學（二）,101,2012,101030,2101,91,moex_med_stage2_detailed_merged_001_3100_classified_v3.json
MOEX-101030-2101-Q092,MOEX-101030-2101-Q092,醫學（二）,101,2012,101030,2101,92,moex_med_stage2_detailed_merged_001_3100_classified_v3.json
MOEX-101030-2101-Q093,MOEX-101030-2101-Q093,醫學（二）,101,2012,101030,2101,93,moex_med_stage2_detailed_merged_001_3100_classified_v3.json
MOEX-101030-2101-Q094,MOEX-101030-2101-Q094,醫學（二）,101,2012,101030,2101,94,moex_med_stage2_detailed_merged_001_3100_classified_v3.json
MOEX-101030-2101-Q095,MOEX-101030-2101-Q095,醫學（二）,101,2012,101030,2101,95,moex_med_stage2_detailed_merged_001_3100_classified_v3.json
MOEX-101030-2101-Q096,MOEX-101030-2101-Q096,醫學（二）,101,2012,101030,2101,96,moex_med_stage2_detailed_merged_001_3100_classified_v3.json
MOEX-101030-2101-Q097,MOEX-101030-2101-Q097,醫學（二）,101,2012,101030,2101,97,moex_med_stage2_detailed_merged_001_3100_classified_v3.json
MOEX-101030-2101-Q098,MOEX-101030-2101-Q098,醫學（二）,101,2012,101030,2101,98,moex_med_stage2_detailed_merged_001_3100_classified_v3.json
MOEX-101030-2101-Q099,MOEX-101030-2101-Q099,醫學（二）,101,2012,101030,2101,99,moex_med_stage2_detailed_merged_001_3100_classified_v3.json
MOEX-101030-2101-Q100,MOEX-101030-2101-Q100,醫學（二）,101,2012,101030,2101,100,moex_med_stage2_detailed_merged_001_3100_classified_v3.json
MOEX-101110-2101-Q001,MOEX-101110-2101-Q001,醫學（二）,101,2012,101110,2101,1,moex_med_stage2_detailed_merged_001_3100_classified_v3.json
MOEX-101110-2101-Q002,MOEX-101110-2101-Q002,醫學（二）,101,2012,101110,2101,2,moex_med_stage2_detailed_merged_001_3100_classified_v3.json
MOEX-101110-2101-Q003,MOEX-101110-2101-Q003,醫學（二）,101,2012,101110,2101,3,moex_med_stage2_detailed_merged_001_3100_classified_v3.json
MOEX-101110-2101-Q004,MOEX-101110-2101-Q004,醫學（二）,101,2012,101110,2101,4,moex_med_stage2_detailed_merged_001_3100_classified_v3.json
MOEX-101110-2101-Q005,MOEX-101110-2101-Q005,醫學（二）,101,2012,101110,2101,5,moex_med_stage2_detailed_merged_001_3100_classified_v3.json
MOEX-101110-2101-Q006,MOEX-101110-2101-Q006,醫學（二）,101,2012,101110,2101,6,moex_med_stage2_detailed_merged_001_3100_classified_v3.json
MOEX-101110-2101-Q007,MOEX-101110-2101-Q007,醫學（二）,101,2012,101110,2101,7,moex_med_stage2_detailed_merged_001_3100_classified_v3.json
MOEX-101110-2101-Q008,MOEX-101110-2101-Q008,醫學（二）,101,2012,101110,2101,8,moex_med_stage2_detailed_merged_001_3100_classified_v3.json
MOEX-101110-2101-Q009,MOEX-101110-2101-Q009,醫學（二）,101,2012,101110,2101,9,moex_med_stage2_detailed_merged_001_3100_classified_v3.json
MOEX-101110-2101-Q010,MOEX-101110-2101-Q010,醫學（二）,101,2012,101110,2101,10,moex_med_stage2_detailed_merged_001_3100_classified_v3.json
MOEX-101110-2101-Q011,MOEX-101110-2101-Q011,醫學（二）,101,2012,101110,2101,11,moex_med_stage2_detailed_merged_001_3100_classified_v3.json
MOEX-101110-2101-Q012,MOEX-101110-2101-Q012,醫學（二）,101,2012,101110,2101,12,moex_med_stage2_detailed_merged_001_3100_classified_v3.json
MOEX-101110-2101-Q013,MOEX-101110-2101-Q013,醫學（二）,101,2012,101110,2101,13,moex_med_stage2_detailed_merged_001_3100_classified_v3.json
MOEX-101110-2101-Q014,MOEX-101110-2101-Q014,醫學（二）,101,2012,101110,2101,14,moex_med_stage2_detailed_merged_001_3100_classified_v3.json
MOEX-101110-2101-Q015,MOEX-101110-2101-Q015,醫學（二）,101,2012,101110,2101,15,moex_med_stage2_detailed_merged_001_3100_classified_v3.json
MOEX-101110-2101-Q016,MOEX-101110-2101-Q016,醫學（二）,101,2012,101110,2101,16,moex_med_stage2_detailed_merged_001_3100_classified_v3.json
MOEX-101110-2101-Q017,MOEX-101110-2101-Q017,醫學（二）,101,2012,101110,2101,17,moex_med_stage2_detailed_merged_001_3100_classified_v3.json
MOEX-101110-2101-Q018,MOEX-101110-2101-Q018,醫學（二）,101,2012,101110,2101,18,moex_med_stage2_detailed_merged_001_3100_classified_v3.json
MOEX-101110-2101-Q019,MOEX-101110-2101-Q019,醫學（二）,101,2012,101110,2101,19,moex_med_stage2_detailed_merged_001_3100_classified_v3.json
MOEX-101110-2101-Q020,MOEX-101110-2101-Q020,醫學（二）,101,2012,101110,2101,20,moex_med_stage2_detailed_merged_001_3100_classified_v3.json
MOEX-101110-2101-Q021,MOEX-101110-2101-Q021,醫學（二）,101,2012,101110,2101,21,moex_med_stage2_detailed_merged_001_3100_classified_v3.json
MOEX-101110-2101-Q022,MOEX-101110-2101-Q022,醫學（二）,101,2012,101110,2101,22,moex_med_stage2_detailed_merged_001_3100_classified_v3.json
MOEX-101110-2101-Q023,MOEX-101110-2101-Q023,醫學（二）,101,2012,101110,2101,23,moex_med_stage2_detailed_merged_001_3100_classified_v3.json
MOEX-101110-2101-Q024,MOEX-101110-2101-Q024,醫學（二）,101,2012,101110,2101,24,moex_med_stage2_detailed_merged_001_3100_classified_v3.json
MOEX-101110-2101-Q025,MOEX-101110-2101-Q025,醫學（二）,101,2012,101110,2101,25,moex_med_stage2_detailed_merged_001_3100_classified_v3.json
MOEX-101110-2101-Q026,MOEX-101110-2101-Q026,醫學（二）,101,2012,101110,2101,26,moex_med_stage2_detailed_merged_001_3100_classified_v3.json
MOEX-101110-2101-Q027,MOEX-101110-2101-Q027,醫學（二）,101,2012,101110,2101,27,moex_med_stage2_detailed_merged_001_3100_classified_v3.json
MOEX-101110-2101-Q028,MOEX-101110-2101-Q028,醫學（二）,101,2012,101110,2101,28,moex_med_stage2_detailed_merged_001_3100_classified_v3.json
MOEX-101110-2101-Q029,MOEX-101110-2101-Q029,醫學（二）,101,2012,101110,2101,29,moex_med_stage2_detailed_merged_001_3100_classified_v3.json
MOEX-101110-2101-Q030,MOEX-101110-2101-Q030,醫學（二）,101,2012,101110,2101,30,moex_med_stage2_detailed_merged_001_3100_classified_v3.json
MOEX-101110-2101-Q031,MOEX-101110-2101-Q031,醫學（二）,101,2012,101110,2101,31,moex_med_stage2_detailed_merged_001_3100_classified_v3.json
MOEX-101110-2101-Q032,MOEX-101110-2101-Q032,醫學（二）,101,2012,101110,2101,32,moex_med_stage2_detailed_merged_001_3100_classified_v3.json
MOEX-101110-2101-Q033,MOEX-101110-2101-Q033,醫學（二）,101,2012,101110,2101,33,moex_med_stage2_detailed_merged_001_3100_classified_v3.json
MOEX-101110-2101-Q034,MOEX-101110-2101-Q034,醫學（二）,101,2012,101110,2101,34,moex_med_stage2_detailed_merged_001_3100_classified_v3.json
MOEX-101110-2101-Q035,MOEX-101110-2101-Q035,醫學（二）,101,2012,101110,2101,35,moex_med_stage2_detailed_merged_001_3100_classified_v3.json
MOEX-101110-2101-Q036,MOEX-101110-2101-Q036,醫學（二）,101,2012,101110,2101,36,moex_med_stage2_detailed_merged_001_3100_classified_v3.json
MOEX-101110-2101-Q037,MOEX-101110-2101-Q037,醫學（二）,101,2012,101110,2101,37,moex_med_stage2_detailed_merged_001_3100_classified_v3.json
MOEX-101110-2101-Q038,MOEX-101110-2101-Q038,醫學（二）,101,2012,101110,2101,38,moex_med_stage2_detailed_merged_001_3100_classified_v3.json
MOEX-101110-2101-Q039,MOEX-101110-2101-Q039,醫學（二）,101,2012,101110,2101,39,moex_med_stage2_detailed_merged_001_3100_classified_v3.json
MOEX-101110-2101-Q040,MOEX-101110-2101-Q040,醫學（二）,101,2012,101110,2101,40,moex_med_stage2_detailed_merged_001_3100_classified_v3.json
MOEX-101110-2101-Q041,MOEX-101110-2101-Q041,醫學（二）,101,2012,101110,2101,41,moex_med_stage2_detailed_merged_001_3100_classified_v3.json
MOEX-101110-2101-Q042,MOEX-101110-2101-Q042,醫學（二）,101,2012,101110,2101,42,moex_med_stage2_detailed_merged_001_3100_classified_v3.json
MOEX-101110-2101-Q043,MOEX-101110-2101-Q043,醫學（二）,101,2012,101110,2101,43,moex_med_stage2_detailed_merged_001_3100_classified_v3.json
MOEX-101110-2101-Q044,MOEX-101110-2101-Q044,醫學（二）,101,2012,101110,2101,44,moex_med_stage2_detailed_merged_001_3100_classified_v3.json
MOEX-101110-2101-Q045,MOEX-101110-2101-Q045,醫學（二）,101,2012,101110,2101,45,moex_med_stage2_detailed_merged_001_3100_classified_v3.json
MOEX-101110-2101-Q046,MOEX-101110-2101-Q046,醫學（二）,101,2012,101110,2101,46,moex_med_stage2_detailed_merged_001_3100_classified_v3.json
MOEX-101110-2101-Q047,MOEX-101110-2101-Q047,醫學（二）,101,2012,101110,2101,47,moex_med_stage2_detailed_merged_001_3100_classified_v3.json
MOEX-101110-2101-Q048,MOEX-101110-2101-Q048,醫學（二）,101,2012,101110,2101,48,moex_med_stage2_detailed_merged_001_3100_classified_v3.json
MOEX-101110-2101-Q049,MOEX-101110-2101-Q049,醫學（二）,101,2012,101110,2101,49,moex_med_stage2_detailed_merged_001_3100_classified_v3.json
MOEX-101110-2101-Q050,MOEX-101110-2101-Q050,醫學（二）,101,2012,101110,2101,50,moex_med_stage2_detailed_merged_001_3100_classified_v3.json
MOEX-101110-2101-Q051,MOEX-101110-2101-Q051,醫學（二）,101,2012,101110,2101,51,moex_med_stage2_detailed_merged_001_3100_classified_v3.json
MOEX-101110-2101-Q052,MOEX-101110-2101-Q052,醫學（二）,101,2012,101110,2101,52,moex_med_stage2_detailed_merged_001_3100_classified_v3.json
MOEX-101110-2101-Q053,MOEX-101110-2101-Q053,醫學（二）,101,2012,101110,2101,53,moex_med_stage2_detailed_merged_001_3100_classified_v3.json
MOEX-101110-2101-Q054,MOEX-101110-2101-Q054,醫學（二）,101,2012,101110,2101,54,moex_med_stage2_detailed_merged_001_3100_classified_v3.json
MOEX-101110-2101-Q055,MOEX-101110-2101-Q055,醫學（二）,101,2012,101110,2101,55,moex_med_stage2_detailed_merged_001_3100_classified_v3.json
MOEX-101110-2101-Q056,MOEX-101110-2101-Q056,醫學（二）,101,2012,101110,2101,56,moex_med_stage2_detailed_merged_001_3100_classified_v3.json
MOEX-101110-2101-Q057,MOEX-101110-2101-Q057,醫學（二）,101,2012,101110,2101,57,moex_med_stage2_detailed_merged_001_3100_classified_v3.json
MOEX-101110-2101-Q058,MOEX-101110-2101-Q058,醫學（二）,101,2012,101110,2101,58,moex_med_stage2_detailed_merged_001_3100_classified_v3.json
MOEX-101110-2101-Q059,MOEX-101110-2101-Q059,醫學（二）,101,2012,101110,2101,59,moex_med_stage2_detailed_merged_001_3100_classified_v3.json
MOEX-101110-2101-Q060,MOEX-101110-2101-Q060,醫學（二）,101,2012,101110,2101,60,moex_med_stage2_detailed_merged_001_3100_classified_v3.json
MOEX-101110-2101-Q061,MOEX-101110-2101-Q061,醫學（二）,101,2012,101110,2101,61,moex_med_stage2_detailed_merged_001_3100_classified_v3.json
MOEX-101110-2101-Q062,MOEX-101110-2101-Q062,醫學（二）,101,2012,101110,2101,62,moex_med_stage2_detailed_merged_001_3100_classified_v3.json
MOEX-101110-2101-Q063,MOEX-101110-2101-Q063,醫學（二）,101,2012,101110,2101,63,moex_med_stage2_detailed_merged_001_3100_classified_v3.json
MOEX-101110-2101-Q064,MOEX-101110-2101-Q064,醫學（二）,101,2012,101110,2101,64,moex_med_stage2_detailed_merged_001_3100_classified_v3.json
MOEX-101110-2101-Q065,MOEX-101110-2101-Q065,醫學（二）,101,2012,101110,2101,65,moex_med_stage2_detailed_merged_001_3100_classified_v3.json
MOEX-101110-2101-Q066,MOEX-101110-2101-Q066,醫學（二）,101,2012,101110,2101,66,moex_med_stage2_detailed_merged_001_3100_classified_v3.json
MOEX-101110-2101-Q067,MOEX-101110-2101-Q067,醫學（二）,101,2012,101110,2101,67,moex_med_stage2_detailed_merged_001_3100_classified_v3.json
MOEX-101110-2101-Q068,MOEX-101110-2101-Q068,醫學（二）,101,2012,101110,2101,68,moex_med_stage2_detailed_merged_001_3100_classified_v3.json
MOEX-101110-2101-Q069,MOEX-101110-2101-Q069,醫學（二）,101,2012,101110,2101,69,moex_med_stage2_detailed_merged_001_3100_classified_v3.json
MOEX-101110-2101-Q070,MOEX-101110-2101-Q070,醫學（二）,101,2012,101110,2101,70,moex_med_stage2_detailed_merged_001_3100_classified_v3.json
MOEX-101110-2101-Q071,MOEX-101110-2101-Q071,醫學（二）,101,2012,101110,2101,71,moex_med_stage2_detailed_merged_001_3100_classified_v3.json
MOEX-101110-2101-Q072,MOEX-101110-2101-Q072,醫學（二）,101,2012,101110,2101,72,moex_med_stage2_detailed_merged_001_3100_classified_v3.json
MOEX-101110-2101-Q073,MOEX-101110-2101-Q073,醫學（二）,101,2012,101110,2101,73,moex_med_stage2_detailed_merged_001_3100_classified_v3.json
MOEX-101110-2101-Q074,MOEX-101110-2101-Q074,醫學（二）,101,2012,101110,2101,74,moex_med_stage2_detailed_merged_001_3100_classified_v3.json
MOEX-101110-2101-Q075,MOEX-101110-2101-Q075,醫學（二）,101,2012,101110,2101,75,moex_med_stage2_detailed_merged_001_3100_classified_v3.json
MOEX-101110-2101-Q076,MOEX-101110-2101-Q076,醫學（二）,101,2012,101110,2101,76,moex_med_stage2_detailed_merged_001_3100_classified_v3.json
MOEX-101110-2101-Q077,MOEX-101110-2101-Q077,醫學（二）,101,2012,101110,2101,77,moex_med_stage2_detailed_merged_001_3100_classified_v3.json
MOEX-101110-2101-Q078,MOEX-101110-2101-Q078,醫學（二）,101,2012,101110,2101,78,moex_med_stage2_detailed_merged_001_3100_classified_v3.json
MOEX-101110-2101-Q079,MOEX-101110-2101-Q079,醫學（二）,101,2012,101110,2101,79,moex_med_stage2_detailed_merged_001_3100_classified_v3.json
MOEX-101110-2101-Q080,MOEX-101110-2101-Q080,醫學（二）,101,2012,101110,2101,80,moex_med_stage2_detailed_merged_001_3100_classified_v3.json
MOEX-101110-2101-Q081,MOEX-101110-2101-Q081,醫學（二）,101,2012,101110,2101,81,moex_med_stage2_detailed_merged_001_3100_classified_v3.json
MOEX-101110-2101-Q082,MOEX-101110-2101-Q082,醫學（二）,101,2012,101110,2101,82,moex_med_stage2_detailed_merged_001_3100_classified_v3.json
MOEX-101110-2101-Q083,MOEX-101110-2101-Q083,醫學（二）,101,2012,101110,2101,83,moex_med_stage2_detailed_merged_001_3100_classified_v3.json
MOEX-101110-2101-Q084,MOEX-101110-2101-Q084,醫學（二）,101,2012,101110,2101,84,moex_med_stage2_detailed_merged_001_3100_classified_v3.json
MOEX-101110-2101-Q085,MOEX-101110-2101-Q085,醫學（二）,101,2012,101110,2101,85,moex_med_stage2_detailed_merged_001_3100_classified_v3.json
MOEX-101110-2101-Q086,MOEX-101110-2101-Q086,醫學（二）,101,2012,101110,2101,86,moex_med_stage2_detailed_merged_001_3100_classified_v3.json
MOEX-101110-2101-Q087,MOEX-101110-2101-Q087,醫學（二）,101,2012,101110,2101,87,moex_med_stage2_detailed_merged_001_3100_classified_v3.json
MOEX-101110-2101-Q088,MOEX-101110-2101-Q088,醫學（二）,101,2012,101110,2101,88,moex_med_stage2_detailed_merged_001_3100_classified_v3.json
MOEX-101110-2101-Q089,MOEX-101110-2101-Q089,醫學（二）,101,2012,101110,2101,89,moex_med_stage2_detailed_merged_001_3100_classified_v3.json
MOEX-101110-2101-Q090,MOEX-101110-2101-Q090,醫學（二）,101,2012,101110,2101,90,moex_med_stage2_detailed_merged_001_3100_classified_v3.json
MOEX-101110-2101-Q091,MOEX-101110-2101-Q091,醫學（二）,101,2012,101110,2101,91,moex_med_stage2_detailed_merged_001_3100_classified_v3.json
MOEX-101110-2101-Q092,MOEX-101110-2101-Q092,醫學（二）,101,2012,101110,2101,92,moex_med_stage2_detailed_merged_001_3100_classified_v3.json
MOEX-101110-2101-Q093,MOEX-101110-2101-Q093,醫學（二）,101,2012,101110,2101,93,moex_med_stage2_detailed_merged_001_3100_classified_v3.json
MOEX-101110-2101-Q094,MOEX-101110-2101-Q094,醫學（二）,101,2012,101110,2101,94,moex_med_stage2_detailed_merged_001_3100_classified_v3.json
MOEX-101110-2101-Q095,MOEX-101110-2101-Q095,醫學（二）,101,2012,101110,2101,95,moex_med_stage2_detailed_merged_001_3100_classified_v3.json
MOEX-101110-2101-Q096,MOEX-101110-2101-Q096,醫學（二）,101,2012,101110,2101,96,moex_med_stage2_detailed_merged_001_3100_classified_v3.json
MOEX-101110-2101-Q097,MOEX-101110-2101-Q097,醫學（二）,101,2012,101110,2101,97,moex_med_stage2_detailed_merged_001_3100_classified_v3.json
MOEX-101110-2101-Q098,MOEX-101110-2101-Q098,醫學（二）,101,2012,101110,2101,98,moex_med_stage2_detailed_merged_001_3100_classified_v3.json
MOEX-101110-2101-Q099,MOEX-101110-2101-Q099,醫學（二）,101,2012,101110,2101,99,moex_med_stage2_detailed_merged_001_3100_classified_v3.json
MOEX-101110-2101-Q100,MOEX-101110-2101-Q100,醫學（二）,101,2012,101110,2101,100,moex_med_stage2_detailed_merged_001_3100_classified_v3.json
MOEX-102030-1101-Q001,MOEX-102030-1101-Q001,醫學（一）,102,2013,102030,1101,1,anatomyQuestions.ts
MOEX-102030-1101-Q002,MOEX-102030-1101-Q002,醫學（一）,102,2013,102030,1101,2,anatomyQuestions.ts
MOEX-102030-1101-Q003,MOEX-102030-1101-Q003,醫學（一）,102,2013,102030,1101,3,moex_med1_remaining_detailed_v4_merged_001_1827.ts
MOEX-102030-1101-Q004,MOEX-102030-1101-Q004,醫學（一）,102,2013,102030,1101,4,anatomyQuestions.ts
MOEX-102030-1101-Q005,MOEX-102030-1101-Q005,醫學（一）,102,2013,102030,1101,5,moex_med1_remaining_detailed_v4_merged_001_1827.ts
MOEX-102030-1101-Q006,MOEX-102030-1101-Q006,醫學（一）,102,2013,102030,1101,6,moex_med1_remaining_detailed_v4_merged_001_1827.ts
MOEX-102030-1101-Q007,MOEX-102030-1101-Q007,醫學（一）,102,2013,102030,1101,7,moex_med1_remaining_detailed_v4_merged_001_1827.ts
MOEX-102030-1101-Q008,MOEX-102030-1101-Q008,醫學（一）,102,2013,102030,1101,8,anatomyQuestions.ts
MOEX-102030-1101-Q009,MOEX-102030-1101-Q009,醫學（一）,102,2013,102030,1101,9,anatomyQuestions.ts
MOEX-102030-1101-Q010,MOEX-102030-1101-Q010,醫學（一）,102,2013,102030,1101,10,anatomyQuestions.ts
MOEX-102030-1101-Q011,MOEX-102030-1101-Q011,醫學（一）,102,2013,102030,1101,11,moex_med1_remaining_detailed_v4_merged_001_1827.ts
MOEX-102030-1101-Q012,MOEX-102030-1101-Q012,醫學（一）,102,2013,102030,1101,12,anatomyQuestions.ts
MOEX-102030-1101-Q013,MOEX-102030-1101-Q013,醫學（一）,102,2013,102030,1101,13,anatomyQuestions.ts
MOEX-102030-1101-Q014,MOEX-102030-1101-Q014,醫學（一）,102,2013,102030,1101,14,anatomyQuestions.ts
MOEX-102030-1101-Q015,MOEX-102030-1101-Q015,醫學（一）,102,2013,102030,1101,15,anatomyQuestions.ts
MOEX-102030-1101-Q016,MOEX-102030-1101-Q016,醫學（一）,102,2013,102030,1101,16,anatomyQuestions.ts
MOEX-102030-1101-Q017,MOEX-102030-1101-Q017,醫學（一）,102,2013,102030,1101,17,moex_med1_remaining_detailed_v4_merged_001_1827.ts
MOEX-102030-1101-Q018,MOEX-102030-1101-Q018,醫學（一）,102,2013,102030,1101,18,moex_med1_remaining_detailed_v4_merged_001_1827.ts
MOEX-102030-1101-Q019,MOEX-102030-1101-Q019,醫學（一）,102,2013,102030,1101,19,anatomyQuestions.ts
MOEX-102030-1101-Q020,MOEX-102030-1101-Q020,醫學（一）,102,2013,102030,1101,20,anatomyQuestions.ts
MOEX-102030-1101-Q021,MOEX-102030-1101-Q021,醫學（一）,102,2013,102030,1101,21,moex_med1_remaining_detailed_v4_merged_001_1827.ts
MOEX-102030-1101-Q022,MOEX-102030-1101-Q022,醫學（一）,102,2013,102030,1101,22,moex_med1_remaining_detailed_v4_merged_001_1827.ts
MOEX-102030-1101-Q023,MOEX-102030-1101-Q023,醫學（一）,102,2013,102030,1101,23,moex_med1_remaining_detailed_v4_merged_001_1827.ts
MOEX-102030-1101-Q024,MOEX-102030-1101-Q024,醫學（一）,102,2013,102030,1101,24,anatomyQuestions.ts
MOEX-102030-1101-Q025,moex-med1-supplement-v5-102030-1101-025,醫學（一）,102,2013,102030,1101,25,moex_med1_requested_71_questions_detailed_patch_v5.ts
MOEX-102030-1101-Q026,MOEX-102030-1101-Q026,醫學（一）,102,2013,102030,1101,26,anatomyQuestions.ts
MOEX-102030-1101-Q027,MOEX-102030-1101-Q027,醫學（一）,102,2013,102030,1101,27,anatomyQuestions.ts
MOEX-102030-1101-Q028,MOEX-102030-1101-Q028,醫學（一）,102,2013,102030,1101,28,anatomyQuestions.ts
MOEX-102030-1101-Q029,MOEX-102030-1101-Q029,醫學（一）,102,2013,102030,1101,29,moex_med1_remaining_detailed_v4_merged_001_1827.ts
MOEX-102030-1101-Q030,MOEX-102030-1101-Q030,醫學（一）,102,2013,102030,1101,30,moex_med1_remaining_detailed_v4_merged_001_1827.ts
MOEX-102030-1101-Q031,MOEX-102030-1101-Q031,醫學（一）,102,2013,102030,1101,31,moex_med1_remaining_detailed_v4_merged_001_1827.ts
MOEX-102030-1101-Q032,MOEX-102030-1101-Q032,醫學（一）,102,2013,102030,1101,32,moex_med1_remaining_detailed_v4_merged_001_1827.ts
MOEX-102030-1101-Q033,MOEX-102030-1101-Q033,醫學（一）,102,2013,102030,1101,33,anatomyQuestions.ts
MOEX-102030-1101-Q034,MOEX-102030-1101-Q034,醫學（一）,102,2013,102030,1101,34,moex_med1_remaining_detailed_v4_merged_001_1827.ts
MOEX-102030-1101-Q035,MOEX-102030-1101-Q035,醫學（一）,102,2013,102030,1101,35,moex_med1_remaining_detailed_v4_merged_001_1827.ts
MOEX-102030-1101-Q036,MOEX-102030-1101-Q036,醫學（一）,102,2013,102030,1101,36,moex_med1_remaining_detailed_v4_merged_001_1827.ts
MOEX-102030-1101-Q037,MOEX-102030-1101-Q037,醫學（一）,102,2013,102030,1101,37,moex_med1_remaining_detailed_v4_merged_001_1827.ts
MOEX-102030-1101-Q038,MOEX-102030-1101-Q038,醫學（一）,102,2013,102030,1101,38,moex_med1_remaining_detailed_v4_merged_001_1827.ts
MOEX-102030-1101-Q039,MOEX-102030-1101-Q039,醫學（一）,102,2013,102030,1101,39,moex_med1_remaining_detailed_v4_merged_001_1827.ts
MOEX-102030-1101-Q040,MOEX-102030-1101-Q040,醫學（一）,102,2013,102030,1101,40,moex_med1_remaining_detailed_v4_merged_001_1827.ts
MOEX-102030-1101-Q041,MOEX-102030-1101-Q041,醫學（一）,102,2013,102030,1101,41,moex_med1_remaining_detailed_v4_merged_001_1827.ts
MOEX-102030-1101-Q042,MOEX-102030-1101-Q042,醫學（一）,102,2013,102030,1101,42,moex_med1_remaining_detailed_v4_merged_001_1827.ts
MOEX-102030-1101-Q043,MOEX-102030-1101-Q043,醫學（一）,102,2013,102030,1101,43,moex_med1_remaining_detailed_v4_merged_001_1827.ts
MOEX-102030-1101-Q044,MOEX-102030-1101-Q044,醫學（一）,102,2013,102030,1101,44,moex_med1_remaining_detailed_v4_merged_001_1827.ts
MOEX-102030-1101-Q045,MOEX-102030-1101-Q045,醫學（一）,102,2013,102030,1101,45,moex_med1_remaining_detailed_v4_merged_001_1827.ts
MOEX-102030-1101-Q046,MOEX-102030-1101-Q046,醫學（一）,102,2013,102030,1101,46,moex_med1_remaining_detailed_v4_merged_001_1827.ts
MOEX-102030-1101-Q047,MOEX-102030-1101-Q047,醫學（一）,102,2013,102030,1101,47,moex_med1_remaining_detailed_v4_merged_001_1827.ts
MOEX-102030-1101-Q048,MOEX-102030-1101-Q048,醫學（一）,102,2013,102030,1101,48,moex_med1_remaining_detailed_v4_merged_001_1827.ts
MOEX-102030-1101-Q049,MOEX-102030-1101-Q049,醫學（一）,102,2013,102030,1101,49,moex_med1_remaining_detailed_v4_merged_001_1827.ts
MOEX-102030-1101-Q050,MOEX-102030-1101-Q050,醫學（一）,102,2013,102030,1101,50,moex_med1_remaining_detailed_v4_merged_001_1827.ts
MOEX-102030-1101-Q051,MOEX-102030-1101-Q051,醫學（一）,102,2013,102030,1101,51,anatomyQuestions.ts
MOEX-102030-1101-Q052,MOEX-102030-1101-Q052,醫學（一）,102,2013,102030,1101,52,moex_med1_remaining_detailed_v4_merged_001_1827.ts
MOEX-102030-1101-Q053,MOEX-102030-1101-Q053,醫學（一）,102,2013,102030,1101,53,moex_med1_remaining_detailed_v4_merged_001_1827.ts
MOEX-102030-1101-Q054,MOEX-102030-1101-Q054,醫學（一）,102,2013,102030,1101,54,moex_med1_remaining_detailed_v4_merged_001_1827.ts
MOEX-102030-1101-Q055,MOEX-102030-1101-Q055,醫學（一）,102,2013,102030,1101,55,moex_med1_remaining_detailed_v4_merged_001_1827.ts
MOEX-102030-1101-Q056,MOEX-102030-1101-Q056,醫學（一）,102,2013,102030,1101,56,moex_med1_remaining_detailed_v4_merged_001_1827.ts
MOEX-102030-1101-Q057,MOEX-102030-1101-Q057,醫學（一）,102,2013,102030,1101,57,moex_med1_remaining_detailed_v4_merged_001_1827.ts
MOEX-102030-1101-Q058,MOEX-102030-1101-Q058,醫學（一）,102,2013,102030,1101,58,moex_med1_remaining_detailed_v4_merged_001_1827.ts
MOEX-102030-1101-Q059,MOEX-102030-1101-Q059,醫學（一）,102,2013,102030,1101,59,moex_med1_remaining_detailed_v4_merged_001_1827.ts
MOEX-102030-1101-Q060,MOEX-102030-1101-Q060,醫學（一）,102,2013,102030,1101,60,moex_med1_remaining_detailed_v4_merged_001_1827.ts
MOEX-102030-1101-Q061,MOEX-102030-1101-Q061,醫學（一）,102,2013,102030,1101,61,moex_med1_remaining_detailed_v4_merged_001_1827.ts
MOEX-102030-1101-Q062,MOEX-102030-1101-Q062,醫學（一）,102,2013,102030,1101,62,moex_med1_remaining_detailed_v4_merged_001_1827.ts
MOEX-102030-1101-Q063,MOEX-102030-1101-Q063,醫學（一）,102,2013,102030,1101,63,moex_med1_remaining_detailed_v4_merged_001_1827.ts
MOEX-102030-1101-Q064,MOEX-102030-1101-Q064,醫學（一）,102,2013,102030,1101,64,moex_med1_remaining_detailed_v4_merged_001_1827.ts
MOEX-102030-1101-Q065,MOEX-102030-1101-Q065,醫學（一）,102,2013,102030,1101,65,moex_med1_remaining_detailed_v4_merged_001_1827.ts
MOEX-102030-1101-Q066,MOEX-102030-1101-Q066,醫學（一）,102,2013,102030,1101,66,moex_med1_remaining_detailed_v4_merged_001_1827.ts
MOEX-102030-1101-Q067,MOEX-102030-1101-Q067,醫學（一）,102,2013,102030,1101,67,moex_med1_remaining_detailed_v4_merged_001_1827.ts
MOEX-102030-1101-Q068,MOEX-102030-1101-Q068,醫學（一）,102,2013,102030,1101,68,moex_med1_remaining_detailed_v4_merged_001_1827.ts
MOEX-102030-1101-Q069,MOEX-102030-1101-Q069,醫學（一）,102,2013,102030,1101,69,moex_med1_remaining_detailed_v4_merged_001_1827.ts
MOEX-102030-1101-Q070,MOEX-102030-1101-Q070,醫學（一）,102,2013,102030,1101,70,moex_med1_remaining_detailed_v4_merged_001_1827.ts
MOEX-102030-1101-Q071,MOEX-102030-1101-Q071,醫學（一）,102,2013,102030,1101,71,moex_med1_remaining_detailed_v4_merged_001_1827.ts
MOEX-102030-1101-Q072,MOEX-102030-1101-Q072,醫學（一）,102,2013,102030,1101,72,moex_med1_remaining_detailed_v4_merged_001_1827.ts
MOEX-102030-1101-Q073,MOEX-102030-1101-Q073,醫學（一）,102,2013,102030,1101,73,moex_med1_remaining_detailed_v4_merged_001_1827.ts
MOEX-102030-1101-Q074,MOEX-102030-1101-Q074,醫學（一）,102,2013,102030,1101,74,moex_med1_remaining_detailed_v4_merged_001_1827.ts
MOEX-102030-1101-Q075,MOEX-102030-1101-Q075,醫學（一）,102,2013,102030,1101,75,moex_med1_remaining_detailed_v4_merged_001_1827.ts
MOEX-102030-1101-Q076,MOEX-102030-1101-Q076,醫學（一）,102,2013,102030,1101,76,moex_med1_remaining_detailed_v4_merged_001_1827.ts
MOEX-102030-1101-Q077,MOEX-102030-1101-Q077,醫學（一）,102,2013,102030,1101,77,moex_med1_remaining_detailed_v4_merged_001_1827.ts
MOEX-102030-1101-Q078,MOEX-102030-1101-Q078,醫學（一）,102,2013,102030,1101,78,moex_med1_remaining_detailed_v4_merged_001_1827.ts
MOEX-102030-1101-Q079,MOEX-102030-1101-Q079,醫學（一）,102,2013,102030,1101,79,moex_med1_remaining_detailed_v4_merged_001_1827.ts
MOEX-102030-1101-Q080,MOEX-102030-1101-Q080,醫學（一）,102,2013,102030,1101,80,moex_med1_remaining_detailed_v4_merged_001_1827.ts
MOEX-102030-1101-Q081,MOEX-102030-1101-Q081,醫學（一）,102,2013,102030,1101,81,moex_med1_remaining_detailed_v4_merged_001_1827.ts
MOEX-102030-1101-Q082,MOEX-102030-1101-Q082,醫學（一）,102,2013,102030,1101,82,moex_med1_remaining_detailed_v4_merged_001_1827.ts
MOEX-102030-1101-Q083,MOEX-102030-1101-Q083,醫學（一）,102,2013,102030,1101,83,moex_med1_remaining_detailed_v4_merged_001_1827.ts
MOEX-102030-1101-Q084,MOEX-102030-1101-Q084,醫學（一）,102,2013,102030,1101,84,anatomyQuestions.ts
MOEX-102030-1101-Q085,MOEX-102030-1101-Q085,醫學（一）,102,2013,102030,1101,85,moex_med1_remaining_detailed_v4_merged_001_1827.ts
MOEX-102030-1101-Q086,MOEX-102030-1101-Q086,醫學（一）,102,2013,102030,1101,86,moex_med1_remaining_detailed_v4_merged_001_1827.ts
MOEX-102030-1101-Q087,MOEX-102030-1101-Q087,醫學（一）,102,2013,102030,1101,87,moex_med1_remaining_detailed_v4_merged_001_1827.ts
MOEX-102030-1101-Q088,MOEX-102030-1101-Q088,醫學（一）,102,2013,102030,1101,88,moex_med1_remaining_detailed_v4_merged_001_1827.ts
MOEX-102030-1101-Q089,MOEX-102030-1101-Q089,醫學（一）,102,2013,102030,1101,89,moex_med1_remaining_detailed_v4_merged_001_1827.ts
MOEX-102030-1101-Q090,MOEX-102030-1101-Q090,醫學（一）,102,2013,102030,1101,90,moex_med1_remaining_detailed_v4_merged_001_1827.ts
MOEX-102030-1101-Q091,MOEX-102030-1101-Q091,醫學（一）,102,2013,102030,1101,91,moex_med1_remaining_detailed_v4_merged_001_1827.ts
MOEX-102030-1101-Q092,MOEX-102030-1101-Q092,醫學（一）,102,2013,102030,1101,92,moex_med1_remaining_detailed_v4_merged_001_1827.ts
MOEX-102030-1101-Q093,MOEX-102030-1101-Q093,醫學（一）,102,2013,102030,1101,93,moex_med1_remaining_detailed_v4_merged_001_1827.ts
MOEX-102030-1101-Q094,MOEX-102030-1101-Q094,醫學（一）,102,2013,102030,1101,94,moex_med1_remaining_detailed_v4_merged_001_1827.ts
MOEX-102030-1101-Q095,MOEX-102030-1101-Q095,醫學（一）,102,2013,102030,1101,95,moex_med1_remaining_detailed_v4_merged_001_1827.ts
MOEX-102030-1101-Q096,MOEX-102030-1101-Q096,醫學（一）,102,2013,102030,1101,96,moex_med1_remaining_detailed_v4_merged_001_1827.ts
MOEX-102030-1101-Q097,MOEX-102030-1101-Q097,醫學（一）,102,2013,102030,1101,97,moex_med1_remaining_detailed_v4_merged_001_1827.ts
MOEX-102030-1101-Q098,MOEX-102030-1101-Q098,醫學（一）,102,2013,102030,1101,98,moex_med1_remaining_detailed_v4_merged_001_1827.ts
MOEX-102030-1101-Q099,MOEX-102030-1101-Q099,醫學（一）,102,2013,102030,1101,99,moex_med1_remaining_detailed_v4_merged_001_1827.ts
MOEX-102030-1101-Q100,MOEX-102030-1101-Q100,醫學（一）,102,2013,102030,1101,100,moex_med1_remaining_detailed_v4_merged_001_1827.ts
MOEX-102110-1101-Q001,MOEX-102110-1101-Q001,醫學（一）,102,2013,102110,1101,1,anatomyQuestions.ts
MOEX-102110-1101-Q002,MOEX-102110-1101-Q002,醫學（一）,102,2013,102110,1101,2,moex_med1_remaining_detailed_v4_merged_001_1827.ts
MOEX-102110-1101-Q003,MOEX-102110-1101-Q003,醫學（一）,102,2013,102110,1101,3,anatomyQuestions.ts
MOEX-102110-1101-Q004,MOEX-102110-1101-Q004,醫學（一）,102,2013,102110,1101,4,anatomyQuestions.ts
MOEX-102110-1101-Q005,MOEX-102110-1101-Q005,醫學（一）,102,2013,102110,1101,5,moex_med1_remaining_detailed_v4_merged_001_1827.ts
MOEX-102110-1101-Q006,MOEX-102110-1101-Q006,醫學（一）,102,2013,102110,1101,6,moex_med1_remaining_detailed_v4_merged_001_1827.ts
MOEX-102110-1101-Q007,MOEX-102110-1101-Q007,醫學（一）,102,2013,102110,1101,7,anatomyQuestions.ts
MOEX-102110-1101-Q008,MOEX-102110-1101-Q008,醫學（一）,102,2013,102110,1101,8,anatomyQuestions.ts
MOEX-102110-1101-Q009,MOEX-102110-1101-Q009,醫學（一）,102,2013,102110,1101,9,moex_med1_remaining_detailed_v4_merged_001_1827.ts
MOEX-102110-1101-Q010,MOEX-102110-1101-Q010,醫學（一）,102,2013,102110,1101,10,moex_med1_remaining_detailed_v4_merged_001_1827.ts
MOEX-102110-1101-Q011,MOEX-102110-1101-Q011,醫學（一）,102,2013,102110,1101,11,anatomyQuestions.ts
MOEX-102110-1101-Q012,MOEX-102110-1101-Q012,醫學（一）,102,2013,102110,1101,12,moex_med1_remaining_detailed_v4_merged_001_1827.ts
MOEX-102110-1101-Q013,MOEX-102110-1101-Q013,醫學（一）,102,2013,102110,1101,13,anatomyQuestions.ts
MOEX-102110-1101-Q014,MOEX-102110-1101-Q014,醫學（一）,102,2013,102110,1101,14,anatomyQuestions.ts
MOEX-102110-1101-Q015,MOEX-102110-1101-Q015,醫學（一）,102,2013,102110,1101,15,anatomyQuestions.ts
MOEX-102110-1101-Q016,MOEX-102110-1101-Q016,醫學（一）,102,2013,102110,1101,16,anatomyQuestions.ts
MOEX-102110-1101-Q017,MOEX-102110-1101-Q017,醫學（一）,102,2013,102110,1101,17,anatomyQuestions.ts
MOEX-102110-1101-Q018,MOEX-102110-1101-Q018,醫學（一）,102,2013,102110,1101,18,anatomyQuestions.ts
MOEX-102110-1101-Q019,MOEX-102110-1101-Q019,醫學（一）,102,2013,102110,1101,19,anatomyQuestions.ts
MOEX-102110-1101-Q020,MOEX-102110-1101-Q020,醫學（一）,102,2013,102110,1101,20,anatomyQuestions.ts
MOEX-102110-1101-Q021,MOEX-102110-1101-Q021,醫學（一）,102,2013,102110,1101,21,moex_med1_remaining_detailed_v4_merged_001_1827.ts
MOEX-102110-1101-Q022,MOEX-102110-1101-Q022,醫學（一）,102,2013,102110,1101,22,moex_med1_remaining_detailed_v4_merged_001_1827.ts
MOEX-102110-1101-Q023,MOEX-102110-1101-Q023,醫學（一）,102,2013,102110,1101,23,anatomyQuestions.ts
MOEX-102110-1101-Q024,MOEX-102110-1101-Q024,醫學（一）,102,2013,102110,1101,24,anatomyQuestions.ts
MOEX-102110-1101-Q025,MOEX-102110-1101-Q025,醫學（一）,102,2013,102110,1101,25,anatomyQuestions.ts
MOEX-102110-1101-Q026,MOEX-102110-1101-Q026,醫學（一）,102,2013,102110,1101,26,anatomyQuestions.ts
MOEX-102110-1101-Q027,MOEX-102110-1101-Q027,醫學（一）,102,2013,102110,1101,27,anatomyQuestions.ts
MOEX-102110-1101-Q028,MOEX-102110-1101-Q028,醫學（一）,102,2013,102110,1101,28,anatomyQuestions.ts
MOEX-102110-1101-Q029,MOEX-102110-1101-Q029,醫學（一）,102,2013,102110,1101,29,moex_med1_remaining_detailed_v4_merged_001_1827.ts
MOEX-102110-1101-Q030,MOEX-102110-1101-Q030,醫學（一）,102,2013,102110,1101,30,moex_med1_remaining_detailed_v4_merged_001_1827.ts
MOEX-102110-1101-Q031,MOEX-102110-1101-Q031,醫學（一）,102,2013,102110,1101,31,anatomyQuestions.ts
MOEX-102110-1101-Q032,MOEX-102110-1101-Q032,醫學（一）,102,2013,102110,1101,32,anatomyQuestions.ts
MOEX-102110-1101-Q033,MOEX-102110-1101-Q033,醫學（一）,102,2013,102110,1101,33,moex_med1_remaining_detailed_v4_merged_001_1827.ts
MOEX-102110-1101-Q034,MOEX-102110-1101-Q034,醫學（一）,102,2013,102110,1101,34,moex_med1_remaining_detailed_v4_merged_001_1827.ts
MOEX-102110-1101-Q035,MOEX-102110-1101-Q035,醫學（一）,102,2013,102110,1101,35,moex_med1_remaining_detailed_v4_merged_001_1827.ts
MOEX-102110-1101-Q036,MOEX-102110-1101-Q036,醫學（一）,102,2013,102110,1101,36,moex_med1_remaining_detailed_v4_merged_001_1827.ts
MOEX-102110-1101-Q037,MOEX-102110-1101-Q037,醫學（一）,102,2013,102110,1101,37,anatomyQuestions.ts
MOEX-102110-1101-Q038,MOEX-102110-1101-Q038,醫學（一）,102,2013,102110,1101,38,moex_med1_remaining_detailed_v4_merged_001_1827.ts
MOEX-102110-1101-Q039,MOEX-102110-1101-Q039,醫學（一）,102,2013,102110,1101,39,moex_med1_remaining_detailed_v4_merged_001_1827.ts
MOEX-102110-1101-Q040,MOEX-102110-1101-Q040,醫學（一）,102,2013,102110,1101,40,moex_med1_remaining_detailed_v4_merged_001_1827.ts
MOEX-102110-1101-Q041,MOEX-102110-1101-Q041,醫學（一）,102,2013,102110,1101,41,moex_med1_remaining_detailed_v4_merged_001_1827.ts
MOEX-102110-1101-Q042,MOEX-102110-1101-Q042,醫學（一）,102,2013,102110,1101,42,moex_med1_remaining_detailed_v4_merged_001_1827.ts
MOEX-102110-1101-Q043,MOEX-102110-1101-Q043,醫學（一）,102,2013,102110,1101,43,moex_med1_remaining_detailed_v4_merged_001_1827.ts
MOEX-102110-1101-Q044,MOEX-102110-1101-Q044,醫學（一）,102,2013,102110,1101,44,moex_med1_remaining_detailed_v4_merged_001_1827.ts
MOEX-102110-1101-Q045,MOEX-102110-1101-Q045,醫學（一）,102,2013,102110,1101,45,moex_med1_remaining_detailed_v4_merged_001_1827.ts
MOEX-102110-1101-Q046,MOEX-102110-1101-Q046,醫學（一）,102,2013,102110,1101,46,moex_med1_remaining_detailed_v4_merged_001_1827.ts
MOEX-102110-1101-Q047,MOEX-102110-1101-Q047,醫學（一）,102,2013,102110,1101,47,moex_med1_remaining_detailed_v4_merged_001_1827.ts
MOEX-102110-1101-Q048,MOEX-102110-1101-Q048,醫學（一）,102,2013,102110,1101,48,moex_med1_remaining_detailed_v4_merged_001_1827.ts
MOEX-102110-1101-Q049,MOEX-102110-1101-Q049,醫學（一）,102,2013,102110,1101,49,moex_med1_remaining_detailed_v4_merged_001_1827.ts
MOEX-102110-1101-Q050,MOEX-102110-1101-Q050,醫學（一）,102,2013,102110,1101,50,moex_med1_remaining_detailed_v4_merged_001_1827.ts
MOEX-102110-1101-Q051,MOEX-102110-1101-Q051,醫學（一）,102,2013,102110,1101,51,moex_med1_remaining_detailed_v4_merged_001_1827.ts
MOEX-102110-1101-Q052,MOEX-102110-1101-Q052,醫學（一）,102,2013,102110,1101,52,moex_med1_remaining_detailed_v4_merged_001_1827.ts
MOEX-102110-1101-Q053,MOEX-102110-1101-Q053,醫學（一）,102,2013,102110,1101,53,moex_med1_remaining_detailed_v4_merged_001_1827.ts
MOEX-102110-1101-Q054,MOEX-102110-1101-Q054,醫學（一）,102,2013,102110,1101,54,moex_med1_remaining_detailed_v4_merged_001_1827.ts
MOEX-102110-1101-Q055,MOEX-102110-1101-Q055,醫學（一）,102,2013,102110,1101,55,moex_med1_remaining_detailed_v4_merged_001_1827.ts
MOEX-102110-1101-Q056,MOEX-102110-1101-Q056,醫學（一）,102,2013,102110,1101,56,anatomyQuestions.ts
MOEX-102110-1101-Q057,MOEX-102110-1101-Q057,醫學（一）,102,2013,102110,1101,57,moex_med1_remaining_detailed_v4_merged_001_1827.ts
MOEX-102110-1101-Q058,MOEX-102110-1101-Q058,醫學（一）,102,2013,102110,1101,58,moex_med1_remaining_detailed_v4_merged_001_1827.ts
MOEX-102110-1101-Q059,MOEX-102110-1101-Q059,醫學（一）,102,2013,102110,1101,59,moex_med1_remaining_detailed_v4_merged_001_1827.ts
MOEX-102110-1101-Q060,MOEX-102110-1101-Q060,醫學（一）,102,2013,102110,1101,60,moex_med1_remaining_detailed_v4_merged_001_1827.ts
MOEX-102110-1101-Q061,MOEX-102110-1101-Q061,醫學（一）,102,2013,102110,1101,61,moex_med1_remaining_detailed_v4_merged_001_1827.ts
MOEX-102110-1101-Q062,MOEX-102110-1101-Q062,醫學（一）,102,2013,102110,1101,62,moex_med1_remaining_detailed_v4_merged_001_1827.ts
MOEX-102110-1101-Q063,MOEX-102110-1101-Q063,醫學（一）,102,2013,102110,1101,63,moex_med1_remaining_detailed_v4_merged_001_1827.ts
MOEX-102110-1101-Q064,MOEX-102110-1101-Q064,醫學（一）,102,2013,102110,1101,64,moex_med1_remaining_detailed_v4_merged_001_1827.ts
MOEX-102110-1101-Q065,MOEX-102110-1101-Q065,醫學（一）,102,2013,102110,1101,65,moex_med1_remaining_detailed_v4_merged_001_1827.ts
MOEX-102110-1101-Q066,MOEX-102110-1101-Q066,醫學（一）,102,2013,102110,1101,66,moex_med1_remaining_detailed_v4_merged_001_1827.ts
MOEX-102110-1101-Q067,MOEX-102110-1101-Q067,醫學（一）,102,2013,102110,1101,67,moex_med1_remaining_detailed_v4_merged_001_1827.ts
MOEX-102110-1101-Q068,MOEX-102110-1101-Q068,醫學（一）,102,2013,102110,1101,68,moex_med1_remaining_detailed_v4_merged_001_1827.ts
MOEX-102110-1101-Q069,MOEX-102110-1101-Q069,醫學（一）,102,2013,102110,1101,69,moex_med1_remaining_detailed_v4_merged_001_1827.ts
MOEX-102110-1101-Q070,MOEX-102110-1101-Q070,醫學（一）,102,2013,102110,1101,70,moex_med1_remaining_detailed_v4_merged_001_1827.ts
MOEX-102110-1101-Q071,MOEX-102110-1101-Q071,醫學（一）,102,2013,102110,1101,71,moex_med1_remaining_detailed_v4_merged_001_1827.ts
MOEX-102110-1101-Q072,MOEX-102110-1101-Q072,醫學（一）,102,2013,102110,1101,72,moex_med1_remaining_detailed_v4_merged_001_1827.ts
MOEX-102110-1101-Q073,MOEX-102110-1101-Q073,醫學（一）,102,2013,102110,1101,73,moex_med1_remaining_detailed_v4_merged_001_1827.ts
MOEX-102110-1101-Q074,MOEX-102110-1101-Q074,醫學（一）,102,2013,102110,1101,74,moex_med1_remaining_detailed_v4_merged_001_1827.ts
MOEX-102110-1101-Q075,MOEX-102110-1101-Q075,醫學（一）,102,2013,102110,1101,75,moex_med1_remaining_detailed_v4_merged_001_1827.ts
MOEX-102110-1101-Q076,MOEX-102110-1101-Q076,醫學（一）,102,2013,102110,1101,76,moex_med1_remaining_detailed_v4_merged_001_1827.ts
MOEX-102110-1101-Q077,MOEX-102110-1101-Q077,醫學（一）,102,2013,102110,1101,77,moex_med1_remaining_detailed_v4_merged_001_1827.ts
MOEX-102110-1101-Q078,MOEX-102110-1101-Q078,醫學（一）,102,2013,102110,1101,78,moex_med1_remaining_detailed_v4_merged_001_1827.ts
MOEX-102110-1101-Q079,MOEX-102110-1101-Q079,醫學（一）,102,2013,102110,1101,79,moex_med1_remaining_detailed_v4_merged_001_1827.ts
MOEX-102110-1101-Q080,MOEX-102110-1101-Q080,醫學（一）,102,2013,102110,1101,80,moex_med1_remaining_detailed_v4_merged_001_1827.ts
MOEX-102110-1101-Q081,MOEX-102110-1101-Q081,醫學（一）,102,2013,102110,1101,81,moex_med1_remaining_detailed_v4_merged_001_1827.ts
MOEX-102110-1101-Q082,MOEX-102110-1101-Q082,醫學（一）,102,2013,102110,1101,82,moex_med1_remaining_detailed_v4_merged_001_1827.ts
MOEX-102110-1101-Q083,MOEX-102110-1101-Q083,醫學（一）,102,2013,102110,1101,83,moex_med1_remaining_detailed_v4_merged_001_1827.ts
MOEX-102110-1101-Q084,MOEX-102110-1101-Q084,醫學（一）,102,2013,102110,1101,84,moex_med1_remaining_detailed_v4_merged_001_1827.ts
MOEX-102110-1101-Q085,MOEX-102110-1101-Q085,醫學（一）,102,2013,102110,1101,85,moex_med1_remaining_detailed_v4_merged_001_1827.ts
MOEX-102110-1101-Q086,MOEX-102110-1101-Q086,醫學（一）,102,2013,102110,1101,86,moex_med1_remaining_detailed_v4_merged_001_1827.ts
MOEX-102110-1101-Q087,MOEX-102110-1101-Q087,醫學（一）,102,2013,102110,1101,87,moex_med1_remaining_detailed_v4_merged_001_1827.ts
MOEX-102110-1101-Q088,MOEX-102110-1101-Q088,醫學（一）,102,2013,102110,1101,88,moex_med1_remaining_detailed_v4_merged_001_1827.ts
MOEX-102110-1101-Q089,MOEX-102110-1101-Q089,醫學（一）,102,2013,102110,1101,89,moex_med1_remaining_detailed_v4_merged_001_1827.ts
MOEX-102110-1101-Q090,MOEX-102110-1101-Q090,醫學（一）,102,2013,102110,1101,90,moex_med1_remaining_detailed_v4_merged_001_1827.ts
MOEX-102110-1101-Q091,MOEX-102110-1101-Q091,醫學（一）,102,2013,102110,1101,91,moex_med1_remaining_detailed_v4_merged_001_1827.ts
MOEX-102110-1101-Q092,MOEX-102110-1101-Q092,醫學（一）,102,2013,102110,1101,92,moex_med1_remaining_detailed_v4_merged_001_1827.ts
MOEX-102110-1101-Q093,MOEX-102110-1101-Q093,醫學（一）,102,2013,102110,1101,93,moex_med1_remaining_detailed_v4_merged_001_1827.ts
MOEX-102110-1101-Q094,MOEX-102110-1101-Q094,醫學（一）,102,2013,102110,1101,94,moex_med1_remaining_detailed_v4_merged_001_1827.ts
MOEX-102110-1101-Q095,MOEX-102110-1101-Q095,醫學（一）,102,2013,102110,1101,95,moex_med1_remaining_detailed_v4_merged_001_1827.ts
MOEX-102110-1101-Q096,MOEX-102110-1101-Q096,醫學（一）,102,2013,102110,1101,96,moex_med1_remaining_detailed_v4_merged_001_1827.ts
MOEX-102110-1101-Q097,MOEX-102110-1101-Q097,醫學（一）,102,2013,102110,1101,97,moex_med1_remaining_detailed_v4_merged_001_1827.ts
MOEX-102110-1101-Q098,MOEX-102110-1101-Q098,醫學（一）,102,2013,102110,1101,98,moex_med1_remaining_detailed_v4_merged_001_1827.ts
MOEX-102110-1101-Q099,MOEX-102110-1101-Q099,醫學（一）,102,2013,102110,1101,99,moex_med1_remaining_detailed_v4_merged_001_1827.ts
MOEX-102110-1101-Q100,MOEX-102110-1101-Q100,醫學（一）,102,2013,102110,1101,100,moex_med1_remaining_detailed_v4_merged_001_1827.ts
MOEX-102030-2101-Q001,MOEX-102030-2101-Q001,醫學（二）,102,2013,102030,2101,1,moex_med_stage2_detailed_merged_001_3100_classified_v3.json
MOEX-102030-2101-Q002,MOEX-102030-2101-Q002,醫學（二）,102,2013,102030,2101,2,moex_med_stage2_detailed_merged_001_3100_classified_v3.json
MOEX-102030-2101-Q003,MOEX-102030-2101-Q003,醫學（二）,102,2013,102030,2101,3,moex_med_stage2_detailed_merged_001_3100_classified_v3.json
MOEX-102030-2101-Q004,MOEX-102030-2101-Q004,醫學（二）,102,2013,102030,2101,4,moex_med_stage2_detailed_merged_001_3100_classified_v3.json
MOEX-102030-2101-Q005,MOEX-102030-2101-Q005,醫學（二）,102,2013,102030,2101,5,moex_med_stage2_detailed_merged_001_3100_classified_v3.json
MOEX-102030-2101-Q006,MOEX-102030-2101-Q006,醫學（二）,102,2013,102030,2101,6,moex_med_stage2_detailed_merged_001_3100_classified_v3.json
MOEX-102030-2101-Q007,MOEX-102030-2101-Q007,醫學（二）,102,2013,102030,2101,7,moex_med_stage2_detailed_merged_001_3100_classified_v3.json
MOEX-102030-2101-Q008,MOEX-102030-2101-Q008,醫學（二）,102,2013,102030,2101,8,moex_med_stage2_detailed_merged_001_3100_classified_v3.json
MOEX-102030-2101-Q009,MOEX-102030-2101-Q009,醫學（二）,102,2013,102030,2101,9,moex_med_stage2_detailed_merged_001_3100_classified_v3.json
MOEX-102030-2101-Q010,MOEX-102030-2101-Q010,醫學（二）,102,2013,102030,2101,10,moex_med_stage2_detailed_merged_001_3100_classified_v3.json
MOEX-102030-2101-Q011,MOEX-102030-2101-Q011,醫學（二）,102,2013,102030,2101,11,moex_med_stage2_detailed_merged_001_3100_classified_v3.json
MOEX-102030-2101-Q012,MOEX-102030-2101-Q012,醫學（二）,102,2013,102030,2101,12,moex_med_stage2_detailed_merged_001_3100_classified_v3.json
MOEX-102030-2101-Q013,MOEX-102030-2101-Q013,醫學（二）,102,2013,102030,2101,13,moex_med_stage2_detailed_merged_001_3100_classified_v3.json
MOEX-102030-2101-Q014,MOEX-102030-2101-Q014,醫學（二）,102,2013,102030,2101,14,moex_med_stage2_detailed_merged_001_3100_classified_v3.json
MOEX-102030-2101-Q015,MOEX-102030-2101-Q015,醫學（二）,102,2013,102030,2101,15,moex_med_stage2_detailed_merged_001_3100_classified_v3.json
MOEX-102030-2101-Q016,MOEX-102030-2101-Q016,醫學（二）,102,2013,102030,2101,16,moex_med_stage2_detailed_merged_001_3100_classified_v3.json
MOEX-102030-2101-Q017,MOEX-102030-2101-Q017,醫學（二）,102,2013,102030,2101,17,moex_med_stage2_detailed_merged_001_3100_classified_v3.json
MOEX-102030-2101-Q018,MOEX-102030-2101-Q018,醫學（二）,102,2013,102030,2101,18,moex_med_stage2_detailed_merged_001_3100_classified_v3.json
MOEX-102030-2101-Q019,MOEX-102030-2101-Q019,醫學（二）,102,2013,102030,2101,19,moex_med_stage2_detailed_merged_001_3100_classified_v3.json
MOEX-102030-2101-Q020,MOEX-102030-2101-Q020,醫學（二）,102,2013,102030,2101,20,moex_med_stage2_detailed_merged_001_3100_classified_v3.json
MOEX-102030-2101-Q021,MOEX-102030-2101-Q021,醫學（二）,102,2013,102030,2101,21,moex_med_stage2_detailed_merged_001_3100_classified_v3.json
MOEX-102030-2101-Q022,MOEX-102030-2101-Q022,醫學（二）,102,2013,102030,2101,22,moex_med_stage2_detailed_merged_001_3100_classified_v3.json
MOEX-102030-2101-Q023,MOEX-102030-2101-Q023,醫學（二）,102,2013,102030,2101,23,moex_med_stage2_detailed_merged_001_3100_classified_v3.json
MOEX-102030-2101-Q024,MOEX-102030-2101-Q024,醫學（二）,102,2013,102030,2101,24,moex_med_stage2_detailed_merged_001_3100_classified_v3.json
MOEX-102030-2101-Q025,MOEX-102030-2101-Q025,醫學（二）,102,2013,102030,2101,25,moex_med_stage2_detailed_merged_001_3100_classified_v3.json
MOEX-102030-2101-Q026,MOEX-102030-2101-Q026,醫學（二）,102,2013,102030,2101,26,moex_med_stage2_detailed_merged_001_3100_classified_v3.json
MOEX-102030-2101-Q027,MOEX-102030-2101-Q027,醫學（二）,102,2013,102030,2101,27,moex_med_stage2_detailed_merged_001_3100_classified_v3.json
MOEX-102030-2101-Q028,MOEX-102030-2101-Q028,醫學（二）,102,2013,102030,2101,28,moex_med_stage2_detailed_merged_001_3100_classified_v3.json
MOEX-102030-2101-Q029,MOEX-102030-2101-Q029,醫學（二）,102,2013,102030,2101,29,moex_med_stage2_detailed_merged_001_3100_classified_v3.json
MOEX-102030-2101-Q030,MOEX-102030-2101-Q030,醫學（二）,102,2013,102030,2101,30,moex_med_stage2_detailed_merged_001_3100_classified_v3.json
MOEX-102030-2101-Q031,MOEX-102030-2101-Q031,醫學（二）,102,2013,102030,2101,31,moex_med_stage2_detailed_merged_001_3100_classified_v3.json
MOEX-102030-2101-Q032,MOEX-102030-2101-Q032,醫學（二）,102,2013,102030,2101,32,moex_med_stage2_detailed_merged_001_3100_classified_v3.json
MOEX-102030-2101-Q033,MOEX-102030-2101-Q033,醫學（二）,102,2013,102030,2101,33,moex_med_stage2_detailed_merged_001_3100_classified_v3.json
MOEX-102030-2101-Q034,MOEX-102030-2101-Q034,醫學（二）,102,2013,102030,2101,34,moex_med_stage2_detailed_merged_001_3100_classified_v3.json
MOEX-102030-2101-Q035,MOEX-102030-2101-Q035,醫學（二）,102,2013,102030,2101,35,moex_med_stage2_detailed_merged_001_3100_classified_v3.json
MOEX-102030-2101-Q036,MOEX-102030-2101-Q036,醫學（二）,102,2013,102030,2101,36,moex_med_stage2_detailed_merged_001_3100_classified_v3.json
MOEX-102030-2101-Q037,MOEX-102030-2101-Q037,醫學（二）,102,2013,102030,2101,37,moex_med_stage2_detailed_merged_001_3100_classified_v3.json
MOEX-102030-2101-Q038,MOEX-102030-2101-Q038,醫學（二）,102,2013,102030,2101,38,moex_med_stage2_detailed_merged_001_3100_classified_v3.json
MOEX-102030-2101-Q039,MOEX-102030-2101-Q039,醫學（二）,102,2013,102030,2101,39,moex_med_stage2_detailed_merged_001_3100_classified_v3.json
MOEX-102030-2101-Q040,MOEX-102030-2101-Q040,醫學（二）,102,2013,102030,2101,40,moex_med_stage2_detailed_merged_001_3100_classified_v3.json
MOEX-102030-2101-Q041,MOEX-102030-2101-Q041,醫學（二）,102,2013,102030,2101,41,moex_med_stage2_detailed_merged_001_3100_classified_v3.json
MOEX-102030-2101-Q042,MOEX-102030-2101-Q042,醫學（二）,102,2013,102030,2101,42,moex_med_stage2_detailed_merged_001_3100_classified_v3.json
MOEX-102030-2101-Q043,MOEX-102030-2101-Q043,醫學（二）,102,2013,102030,2101,43,moex_med_stage2_detailed_merged_001_3100_classified_v3.json
MOEX-102030-2101-Q044,MOEX-102030-2101-Q044,醫學（二）,102,2013,102030,2101,44,moex_med_stage2_detailed_merged_001_3100_classified_v3.json
MOEX-102030-2101-Q045,MOEX-102030-2101-Q045,醫學（二）,102,2013,102030,2101,45,moex_med_stage2_detailed_merged_001_3100_classified_v3.json
MOEX-102030-2101-Q046,MOEX-102030-2101-Q046,醫學（二）,102,2013,102030,2101,46,moex_med_stage2_detailed_merged_001_3100_classified_v3.json
MOEX-102030-2101-Q047,MOEX-102030-2101-Q047,醫學（二）,102,2013,102030,2101,47,moex_med_stage2_detailed_merged_001_3100_classified_v3.json
MOEX-102030-2101-Q048,MOEX-102030-2101-Q048,醫學（二）,102,2013,102030,2101,48,moex_med_stage2_detailed_merged_001_3100_classified_v3.json
MOEX-102030-2101-Q049,MOEX-102030-2101-Q049,醫學（二）,102,2013,102030,2101,49,moex_med_stage2_detailed_merged_001_3100_classified_v3.json
MOEX-102030-2101-Q050,MOEX-102030-2101-Q050,醫學（二）,102,2013,102030,2101,50,moex_med_stage2_detailed_merged_001_3100_classified_v3.json
MOEX-102030-2101-Q051,MOEX-102030-2101-Q051,醫學（二）,102,2013,102030,2101,51,moex_med_stage2_detailed_merged_001_3100_classified_v3.json
MOEX-102030-2101-Q052,MOEX-102030-2101-Q052,醫學（二）,102,2013,102030,2101,52,moex_med_stage2_detailed_merged_001_3100_classified_v3.json
MOEX-102030-2101-Q053,MOEX-102030-2101-Q053,醫學（二）,102,2013,102030,2101,53,moex_med_stage2_detailed_merged_001_3100_classified_v3.json
MOEX-102030-2101-Q054,MOEX-102030-2101-Q054,醫學（二）,102,2013,102030,2101,54,moex_med_stage2_detailed_merged_001_3100_classified_v3.json
MOEX-102030-2101-Q055,MOEX-102030-2101-Q055,醫學（二）,102,2013,102030,2101,55,moex_med_stage2_detailed_merged_001_3100_classified_v3.json
MOEX-102030-2101-Q056,MOEX-102030-2101-Q056,醫學（二）,102,2013,102030,2101,56,moex_med_stage2_detailed_merged_001_3100_classified_v3.json
MOEX-102030-2101-Q057,MOEX-102030-2101-Q057,醫學（二）,102,2013,102030,2101,57,moex_med_stage2_detailed_merged_001_3100_classified_v3.json
MOEX-102030-2101-Q058,MOEX-102030-2101-Q058,醫學（二）,102,2013,102030,2101,58,moex_med_stage2_detailed_merged_001_3100_classified_v3.json
MOEX-102030-2101-Q059,MOEX-102030-2101-Q059,醫學（二）,102,2013,102030,2101,59,moex_med_stage2_detailed_merged_001_3100_classified_v3.json
MOEX-102030-2101-Q060,MOEX-102030-2101-Q060,醫學（二）,102,2013,102030,2101,60,moex_med_stage2_detailed_merged_001_3100_classified_v3.json
MOEX-102030-2101-Q061,MOEX-102030-2101-Q061,醫學（二）,102,2013,102030,2101,61,moex_med_stage2_detailed_merged_001_3100_classified_v3.json
MOEX-102030-2101-Q062,MOEX-102030-2101-Q062,醫學（二）,102,2013,102030,2101,62,moex_med_stage2_detailed_merged_001_3100_classified_v3.json
MOEX-102030-2101-Q063,MOEX-102030-2101-Q063,醫學（二）,102,2013,102030,2101,63,moex_med_stage2_detailed_merged_001_3100_classified_v3.json
MOEX-102030-2101-Q064,MOEX-102030-2101-Q064,醫學（二）,102,2013,102030,2101,64,moex_med_stage2_detailed_merged_001_3100_classified_v3.json
MOEX-102030-2101-Q065,MOEX-102030-2101-Q065,醫學（二）,102,2013,102030,2101,65,moex_med_stage2_detailed_merged_001_3100_classified_v3.json
MOEX-102030-2101-Q066,MOEX-102030-2101-Q066,醫學（二）,102,2013,102030,2101,66,moex_med_stage2_detailed_merged_001_3100_classified_v3.json
MOEX-102030-2101-Q067,MOEX-102030-2101-Q067,醫學（二）,102,2013,102030,2101,67,moex_med_stage2_detailed_merged_001_3100_classified_v3.json
MOEX-102030-2101-Q068,MOEX-102030-2101-Q068,醫學（二）,102,2013,102030,2101,68,moex_med_stage2_detailed_merged_001_3100_classified_v3.json
MOEX-102030-2101-Q069,MOEX-102030-2101-Q069,醫學（二）,102,2013,102030,2101,69,moex_med_stage2_detailed_merged_001_3100_classified_v3.json
MOEX-102030-2101-Q070,MOEX-102030-2101-Q070,醫學（二）,102,2013,102030,2101,70,moex_med_stage2_detailed_merged_001_3100_classified_v3.json
MOEX-102030-2101-Q071,MOEX-102030-2101-Q071,醫學（二）,102,2013,102030,2101,71,moex_med_stage2_detailed_merged_001_3100_classified_v3.json
MOEX-102030-2101-Q072,MOEX-102030-2101-Q072,醫學（二）,102,2013,102030,2101,72,moex_med_stage2_detailed_merged_001_3100_classified_v3.json
MOEX-102030-2101-Q073,MOEX-102030-2101-Q073,醫學（二）,102,2013,102030,2101,73,moex_med_stage2_detailed_merged_001_3100_classified_v3.json
MOEX-102030-2101-Q074,MOEX-102030-2101-Q074,醫學（二）,102,2013,102030,2101,74,moex_med_stage2_detailed_merged_001_3100_classified_v3.json
MOEX-102030-2101-Q075,MOEX-102030-2101-Q075,醫學（二）,102,2013,102030,2101,75,moex_med_stage2_detailed_merged_001_3100_classified_v3.json
MOEX-102030-2101-Q076,MOEX-102030-2101-Q076,醫學（二）,102,2013,102030,2101,76,moex_med_stage2_detailed_merged_001_3100_classified_v3.json
MOEX-102030-2101-Q077,MOEX-102030-2101-Q077,醫學（二）,102,2013,102030,2101,77,moex_med_stage2_detailed_merged_001_3100_classified_v3.json
MOEX-102030-2101-Q078,MOEX-102030-2101-Q078,醫學（二）,102,2013,102030,2101,78,moex_med_stage2_detailed_merged_001_3100_classified_v3.json
MOEX-102030-2101-Q079,MOEX-102030-2101-Q079,醫學（二）,102,2013,102030,2101,79,moex_med_stage2_detailed_merged_001_3100_classified_v3.json
MOEX-102030-2101-Q080,MOEX-102030-2101-Q080,醫學（二）,102,2013,102030,2101,80,moex_med_stage2_detailed_merged_001_3100_classified_v3.json
MOEX-102030-2101-Q081,MOEX-102030-2101-Q081,醫學（二）,102,2013,102030,2101,81,moex_med_stage2_detailed_merged_001_3100_classified_v3.json
MOEX-102030-2101-Q082,MOEX-102030-2101-Q082,醫學（二）,102,2013,102030,2101,82,moex_med_stage2_detailed_merged_001_3100_classified_v3.json
MOEX-102030-2101-Q083,MOEX-102030-2101-Q083,醫學（二）,102,2013,102030,2101,83,moex_med_stage2_detailed_merged_001_3100_classified_v3.json
MOEX-102030-2101-Q084,MOEX-102030-2101-Q084,醫學（二）,102,2013,102030,2101,84,moex_med_stage2_detailed_merged_001_3100_classified_v3.json
MOEX-102030-2101-Q085,MOEX-102030-2101-Q085,醫學（二）,102,2013,102030,2101,85,moex_med_stage2_detailed_merged_001_3100_classified_v3.json
MOEX-102030-2101-Q086,MOEX-102030-2101-Q086,醫學（二）,102,2013,102030,2101,86,moex_med_stage2_detailed_merged_001_3100_classified_v3.json
MOEX-102030-2101-Q087,MOEX-102030-2101-Q087,醫學（二）,102,2013,102030,2101,87,moex_med_stage2_detailed_merged_001_3100_classified_v3.json
MOEX-102030-2101-Q088,MOEX-102030-2101-Q088,醫學（二）,102,2013,102030,2101,88,moex_med_stage2_detailed_merged_001_3100_classified_v3.json
MOEX-102030-2101-Q089,MOEX-102030-2101-Q089,醫學（二）,102,2013,102030,2101,89,moex_med_stage2_detailed_merged_001_3100_classified_v3.json
MOEX-102030-2101-Q090,MOEX-102030-2101-Q090,醫學（二）,102,2013,102030,2101,90,moex_med_stage2_detailed_merged_001_3100_classified_v3.json
MOEX-102030-2101-Q091,MOEX-102030-2101-Q091,醫學（二）,102,2013,102030,2101,91,moex_med_stage2_detailed_merged_001_3100_classified_v3.json
MOEX-102030-2101-Q092,MOEX-102030-2101-Q092,醫學（二）,102,2013,102030,2101,92,moex_med_stage2_detailed_merged_001_3100_classified_v3.json
MOEX-102030-2101-Q093,MOEX-102030-2101-Q093,醫學（二）,102,2013,102030,2101,93,moex_med_stage2_detailed_merged_001_3100_classified_v3.json
MOEX-102030-2101-Q094,MOEX-102030-2101-Q094,醫學（二）,102,2013,102030,2101,94,moex_med_stage2_detailed_merged_001_3100_classified_v3.json
MOEX-102030-2101-Q095,MOEX-102030-2101-Q095,醫學（二）,102,2013,102030,2101,95,moex_med_stage2_detailed_merged_001_3100_classified_v3.json
MOEX-102030-2101-Q096,MOEX-102030-2101-Q096,醫學（二）,102,2013,102030,2101,96,moex_med_stage2_detailed_merged_001_3100_classified_v3.json
MOEX-102030-2101-Q097,MOEX-102030-2101-Q097,醫學（二）,102,2013,102030,2101,97,moex_med_stage2_detailed_merged_001_3100_classified_v3.json
MOEX-102030-2101-Q098,MOEX-102030-2101-Q098,醫學（二）,102,2013,102030,2101,98,moex_med_stage2_detailed_merged_001_3100_classified_v3.json
MOEX-102030-2101-Q099,MOEX-102030-2101-Q099,醫學（二）,102,2013,102030,2101,99,moex_med_stage2_detailed_merged_001_3100_classified_v3.json
MOEX-102030-2101-Q100,MOEX-102030-2101-Q100,醫學（二）,102,2013,102030,2101,100,moex_med_stage2_detailed_merged_001_3100_classified_v3.json
MOEX-102110-2101-Q001,MOEX-102110-2101-Q001,醫學（二）,102,2013,102110,2101,1,moex_med_stage2_detailed_merged_001_3100_classified_v3.json
MOEX-102110-2101-Q002,MOEX-102110-2101-Q002,醫學（二）,102,2013,102110,2101,2,moex_med_stage2_detailed_merged_001_3100_classified_v3.json
MOEX-102110-2101-Q003,MOEX-102110-2101-Q003,醫學（二）,102,2013,102110,2101,3,moex_med_stage2_detailed_merged_001_3100_classified_v3.json
MOEX-102110-2101-Q004,MOEX-102110-2101-Q004,醫學（二）,102,2013,102110,2101,4,moex_med_stage2_detailed_merged_001_3100_classified_v3.json
MOEX-102110-2101-Q005,MOEX-102110-2101-Q005,醫學（二）,102,2013,102110,2101,5,moex_med_stage2_detailed_merged_001_3100_classified_v3.json
MOEX-102110-2101-Q006,MOEX-102110-2101-Q006,醫學（二）,102,2013,102110,2101,6,moex_med_stage2_detailed_merged_001_3100_classified_v3.json
MOEX-102110-2101-Q007,MOEX-102110-2101-Q007,醫學（二）,102,2013,102110,2101,7,moex_med_stage2_detailed_merged_001_3100_classified_v3.json
MOEX-102110-2101-Q008,MOEX-102110-2101-Q008,醫學（二）,102,2013,102110,2101,8,moex_med_stage2_detailed_merged_001_3100_classified_v3.json
MOEX-102110-2101-Q009,MOEX-102110-2101-Q009,醫學（二）,102,2013,102110,2101,9,moex_med_stage2_detailed_merged_001_3100_classified_v3.json
MOEX-102110-2101-Q010,MOEX-102110-2101-Q010,醫學（二）,102,2013,102110,2101,10,moex_med_stage2_detailed_merged_001_3100_classified_v3.json
MOEX-102110-2101-Q011,MOEX-102110-2101-Q011,醫學（二）,102,2013,102110,2101,11,moex_med_stage2_detailed_merged_001_3100_classified_v3.json
MOEX-102110-2101-Q012,MOEX-102110-2101-Q012,醫學（二）,102,2013,102110,2101,12,moex_med_stage2_detailed_merged_001_3100_classified_v3.json
MOEX-102110-2101-Q013,MOEX-102110-2101-Q013,醫學（二）,102,2013,102110,2101,13,moex_med_stage2_detailed_merged_001_3100_classified_v3.json
MOEX-102110-2101-Q014,MOEX-102110-2101-Q014,醫學（二）,102,2013,102110,2101,14,moex_med_stage2_detailed_merged_001_3100_classified_v3.json
MOEX-102110-2101-Q015,MOEX-102110-2101-Q015,醫學（二）,102,2013,102110,2101,15,moex_med_stage2_detailed_merged_001_3100_classified_v3.json
MOEX-102110-2101-Q016,MOEX-102110-2101-Q016,醫學（二）,102,2013,102110,2101,16,moex_med_stage2_detailed_merged_001_3100_classified_v3.json
MOEX-102110-2101-Q017,MOEX-102110-2101-Q017,醫學（二）,102,2013,102110,2101,17,moex_med_stage2_detailed_merged_001_3100_classified_v3.json
MOEX-102110-2101-Q018,MOEX-102110-2101-Q018,醫學（二）,102,2013,102110,2101,18,moex_med_stage2_detailed_merged_001_3100_classified_v3.json
MOEX-102110-2101-Q019,MOEX-102110-2101-Q019,醫學（二）,102,2013,102110,2101,19,moex_med_stage2_detailed_merged_001_3100_classified_v3.json
MOEX-102110-2101-Q020,MOEX-102110-2101-Q020,醫學（二）,102,2013,102110,2101,20,moex_med_stage2_detailed_merged_001_3100_classified_v3.json
MOEX-102110-2101-Q021,MOEX-102110-2101-Q021,醫學（二）,102,2013,102110,2101,21,moex_med_stage2_detailed_merged_001_3100_classified_v3.json
MOEX-102110-2101-Q022,MOEX-102110-2101-Q022,醫學（二）,102,2013,102110,2101,22,moex_med_stage2_detailed_merged_001_3100_classified_v3.json
MOEX-102110-2101-Q023,MOEX-102110-2101-Q023,醫學（二）,102,2013,102110,2101,23,moex_med_stage2_detailed_merged_001_3100_classified_v3.json
MOEX-102110-2101-Q024,MOEX-102110-2101-Q024,醫學（二）,102,2013,102110,2101,24,moex_med_stage2_detailed_merged_001_3100_classified_v3.json
MOEX-102110-2101-Q025,MOEX-102110-2101-Q025,醫學（二）,102,2013,102110,2101,25,moex_med_stage2_detailed_merged_001_3100_classified_v3.json
MOEX-102110-2101-Q026,MOEX-102110-2101-Q026,醫學（二）,102,2013,102110,2101,26,moex_med_stage2_detailed_merged_001_3100_classified_v3.json
MOEX-102110-2101-Q027,MOEX-102110-2101-Q027,醫學（二）,102,2013,102110,2101,27,moex_med_stage2_detailed_merged_001_3100_classified_v3.json
MOEX-102110-2101-Q028,MOEX-102110-2101-Q028,醫學（二）,102,2013,102110,2101,28,moex_med_stage2_detailed_merged_001_3100_classified_v3.json
MOEX-102110-2101-Q029,MOEX-102110-2101-Q029,醫學（二）,102,2013,102110,2101,29,moex_med_stage2_detailed_merged_001_3100_classified_v3.json
MOEX-102110-2101-Q030,MOEX-102110-2101-Q030,醫學（二）,102,2013,102110,2101,30,moex_med_stage2_detailed_merged_001_3100_classified_v3.json
MOEX-102110-2101-Q031,MOEX-102110-2101-Q031,醫學（二）,102,2013,102110,2101,31,moex_med_stage2_detailed_merged_001_3100_classified_v3.json
MOEX-102110-2101-Q032,MOEX-102110-2101-Q032,醫學（二）,102,2013,102110,2101,32,moex_med_stage2_detailed_merged_001_3100_classified_v3.json
MOEX-102110-2101-Q033,MOEX-102110-2101-Q033,醫學（二）,102,2013,102110,2101,33,moex_med_stage2_detailed_merged_001_3100_classified_v3.json
MOEX-102110-2101-Q034,MOEX-102110-2101-Q034,醫學（二）,102,2013,102110,2101,34,moex_med_stage2_detailed_merged_001_3100_classified_v3.json
MOEX-102110-2101-Q035,MOEX-102110-2101-Q035,醫學（二）,102,2013,102110,2101,35,moex_med_stage2_detailed_merged_001_3100_classified_v3.json
MOEX-102110-2101-Q036,MOEX-102110-2101-Q036,醫學（二）,102,2013,102110,2101,36,moex_med_stage2_detailed_merged_001_3100_classified_v3.json
MOEX-102110-2101-Q037,MOEX-102110-2101-Q037,醫學（二）,102,2013,102110,2101,37,moex_med_stage2_detailed_merged_001_3100_classified_v3.json
MOEX-102110-2101-Q038,MOEX-102110-2101-Q038,醫學（二）,102,2013,102110,2101,38,moex_med_stage2_detailed_merged_001_3100_classified_v3.json
MOEX-102110-2101-Q039,MOEX-102110-2101-Q039,醫學（二）,102,2013,102110,2101,39,moex_med_stage2_detailed_merged_001_3100_classified_v3.json
MOEX-102110-2101-Q040,MOEX-102110-2101-Q040,醫學（二）,102,2013,102110,2101,40,moex_med_stage2_detailed_merged_001_3100_classified_v3.json
MOEX-102110-2101-Q041,MOEX-102110-2101-Q041,醫學（二）,102,2013,102110,2101,41,moex_med_stage2_detailed_merged_001_3100_classified_v3.json
MOEX-102110-2101-Q042,MOEX-102110-2101-Q042,醫學（二）,102,2013,102110,2101,42,moex_med_stage2_detailed_merged_001_3100_classified_v3.json
MOEX-102110-2101-Q043,MOEX-102110-2101-Q043,醫學（二）,102,2013,102110,2101,43,moex_med_stage2_detailed_merged_001_3100_classified_v3.json
MOEX-102110-2101-Q044,MOEX-102110-2101-Q044,醫學（二）,102,2013,102110,2101,44,moex_med_stage2_detailed_merged_001_3100_classified_v3.json
MOEX-102110-2101-Q045,MOEX-102110-2101-Q045,醫學（二）,102,2013,102110,2101,45,moex_med_stage2_detailed_merged_001_3100_classified_v3.json
MOEX-102110-2101-Q046,MOEX-102110-2101-Q046,醫學（二）,102,2013,102110,2101,46,moex_med_stage2_detailed_merged_001_3100_classified_v3.json
MOEX-102110-2101-Q047,MOEX-102110-2101-Q047,醫學（二）,102,2013,102110,2101,47,moex_med_stage2_detailed_merged_001_3100_classified_v3.json
MOEX-102110-2101-Q048,MOEX-102110-2101-Q048,醫學（二）,102,2013,102110,2101,48,moex_med_stage2_detailed_merged_001_3100_classified_v3.json
MOEX-102110-2101-Q049,MOEX-102110-2101-Q049,醫學（二）,102,2013,102110,2101,49,moex_med_stage2_detailed_merged_001_3100_classified_v3.json
MOEX-102110-2101-Q050,MOEX-102110-2101-Q050,醫學（二）,102,2013,102110,2101,50,moex_med_stage2_detailed_merged_001_3100_classified_v3.json
MOEX-102110-2101-Q051,MOEX-102110-2101-Q051,醫學（二）,102,2013,102110,2101,51,moex_med_stage2_detailed_merged_001_3100_classified_v3.json
MOEX-102110-2101-Q052,MOEX-102110-2101-Q052,醫學（二）,102,2013,102110,2101,52,moex_med_stage2_detailed_merged_001_3100_classified_v3.json
MOEX-102110-2101-Q053,MOEX-102110-2101-Q053,醫學（二）,102,2013,102110,2101,53,moex_med_stage2_detailed_merged_001_3100_classified_v3.json
MOEX-102110-2101-Q054,MOEX-102110-2101-Q054,醫學（二）,102,2013,102110,2101,54,moex_med_stage2_detailed_merged_001_3100_classified_v3.json
MOEX-102110-2101-Q055,MOEX-102110-2101-Q055,醫學（二）,102,2013,102110,2101,55,moex_med_stage2_detailed_merged_001_3100_classified_v3.json
MOEX-102110-2101-Q056,MOEX-102110-2101-Q056,醫學（二）,102,2013,102110,2101,56,moex_med_stage2_detailed_merged_001_3100_classified_v3.json
MOEX-102110-2101-Q057,MOEX-102110-2101-Q057,醫學（二）,102,2013,102110,2101,57,moex_med_stage2_detailed_merged_001_3100_classified_v3.json
MOEX-102110-2101-Q058,MOEX-102110-2101-Q058,醫學（二）,102,2013,102110,2101,58,moex_med_stage2_detailed_merged_001_3100_classified_v3.json
MOEX-102110-2101-Q059,MOEX-102110-2101-Q059,醫學（二）,102,2013,102110,2101,59,moex_med_stage2_detailed_merged_001_3100_classified_v3.json
MOEX-102110-2101-Q060,MOEX-102110-2101-Q060,醫學（二）,102,2013,102110,2101,60,moex_med_stage2_detailed_merged_001_3100_classified_v3.json
MOEX-102110-2101-Q061,MOEX-102110-2101-Q061,醫學（二）,102,2013,102110,2101,61,moex_med_stage2_detailed_merged_001_3100_classified_v3.json
MOEX-102110-2101-Q062,MOEX-102110-2101-Q062,醫學（二）,102,2013,102110,2101,62,moex_med_stage2_detailed_merged_001_3100_classified_v3.json
MOEX-102110-2101-Q063,MOEX-102110-2101-Q063,醫學（二）,102,2013,102110,2101,63,moex_med_stage2_detailed_merged_001_3100_classified_v3.json
MOEX-102110-2101-Q064,MOEX-102110-2101-Q064,醫學（二）,102,2013,102110,2101,64,moex_med_stage2_detailed_merged_001_3100_classified_v3.json
MOEX-102110-2101-Q065,MOEX-102110-2101-Q065,醫學（二）,102,2013,102110,2101,65,moex_med_stage2_detailed_merged_001_3100_classified_v3.json
MOEX-102110-2101-Q066,MOEX-102110-2101-Q066,醫學（二）,102,2013,102110,2101,66,moex_med_stage2_detailed_merged_001_3100_classified_v3.json
MOEX-102110-2101-Q067,MOEX-102110-2101-Q067,醫學（二）,102,2013,102110,2101,67,moex_med_stage2_detailed_merged_001_3100_classified_v3.json
MOEX-102110-2101-Q068,MOEX-102110-2101-Q068,醫學（二）,102,2013,102110,2101,68,moex_med_stage2_detailed_merged_001_3100_classified_v3.json
MOEX-102110-2101-Q069,MOEX-102110-2101-Q069,醫學（二）,102,2013,102110,2101,69,moex_med_stage2_detailed_merged_001_3100_classified_v3.json
MOEX-102110-2101-Q070,MOEX-102110-2101-Q070,醫學（二）,102,2013,102110,2101,70,moex_med_stage2_detailed_merged_001_3100_classified_v3.json
MOEX-102110-2101-Q071,MOEX-102110-2101-Q071,醫學（二）,102,2013,102110,2101,71,moex_med_stage2_detailed_merged_001_3100_classified_v3.json
MOEX-102110-2101-Q072,MOEX-102110-2101-Q072,醫學（二）,102,2013,102110,2101,72,moex_med_stage2_detailed_merged_001_3100_classified_v3.json
MOEX-102110-2101-Q073,MOEX-102110-2101-Q073,醫學（二）,102,2013,102110,2101,73,moex_med_stage2_detailed_merged_001_3100_classified_v3.json
MOEX-102110-2101-Q074,MOEX-102110-2101-Q074,醫學（二）,102,2013,102110,2101,74,moex_med_stage2_detailed_merged_001_3100_classified_v3.json
MOEX-102110-2101-Q075,MOEX-102110-2101-Q075,醫學（二）,102,2013,102110,2101,75,moex_med_stage2_detailed_merged_001_3100_classified_v3.json
MOEX-102110-2101-Q076,MOEX-102110-2101-Q076,醫學（二）,102,2013,102110,2101,76,moex_med_stage2_detailed_merged_001_3100_classified_v3.json
MOEX-102110-2101-Q077,MOEX-102110-2101-Q077,醫學（二）,102,2013,102110,2101,77,moex_med_stage2_detailed_merged_001_3100_classified_v3.json
MOEX-102110-2101-Q078,MOEX-102110-2101-Q078,醫學（二）,102,2013,102110,2101,78,moex_med_stage2_detailed_merged_001_3100_classified_v3.json
MOEX-102110-2101-Q079,MOEX-102110-2101-Q079,醫學（二）,102,2013,102110,2101,79,moex_med_stage2_detailed_merged_001_3100_classified_v3.json
MOEX-102110-2101-Q080,MOEX-102110-2101-Q080,醫學（二）,102,2013,102110,2101,80,moex_med_stage2_detailed_merged_001_3100_classified_v3.json
MOEX-102110-2101-Q081,MOEX-102110-2101-Q081,醫學（二）,102,2013,102110,2101,81,moex_med_stage2_detailed_merged_001_3100_classified_v3.json
MOEX-102110-2101-Q082,MOEX-102110-2101-Q082,醫學（二）,102,2013,102110,2101,82,moex_med_stage2_detailed_merged_001_3100_classified_v3.json
MOEX-102110-2101-Q083,MOEX-102110-2101-Q083,醫學（二）,102,2013,102110,2101,83,moex_med_stage2_detailed_merged_001_3100_classified_v3.json
MOEX-102110-2101-Q084,MOEX-102110-2101-Q084,醫學（二）,102,2013,102110,2101,84,moex_med_stage2_detailed_merged_001_3100_classified_v3.json
MOEX-102110-2101-Q085,MOEX-102110-2101-Q085,醫學（二）,102,2013,102110,2101,85,moex_med_stage2_detailed_merged_001_3100_classified_v3.json
MOEX-102110-2101-Q086,MOEX-102110-2101-Q086,醫學（二）,102,2013,102110,2101,86,moex_med_stage2_detailed_merged_001_3100_classified_v3.json
MOEX-102110-2101-Q087,MOEX-102110-2101-Q087,醫學（二）,102,2013,102110,2101,87,moex_med_stage2_detailed_merged_001_3100_classified_v3.json
MOEX-102110-2101-Q088,MOEX-102110-2101-Q088,醫學（二）,102,2013,102110,2101,88,moex_med_stage2_detailed_merged_001_3100_classified_v3.json
MOEX-102110-2101-Q089,MOEX-102110-2101-Q089,醫學（二）,102,2013,102110,2101,89,moex_med_stage2_detailed_merged_001_3100_classified_v3.json
MOEX-102110-2101-Q090,MOEX-102110-2101-Q090,醫學（二）,102,2013,102110,2101,90,moex_med_stage2_detailed_merged_001_3100_classified_v3.json
MOEX-102110-2101-Q091,MOEX-102110-2101-Q091,醫學（二）,102,2013,102110,2101,91,moex_med_stage2_detailed_merged_001_3100_classified_v3.json
MOEX-102110-2101-Q092,MOEX-102110-2101-Q092,醫學（二）,102,2013,102110,2101,92,moex_med_stage2_detailed_merged_001_3100_classified_v3.json
MOEX-102110-2101-Q093,MOEX-102110-2101-Q093,醫學（二）,102,2013,102110,2101,93,moex_med_stage2_detailed_merged_001_3100_classified_v3.json
MOEX-102110-2101-Q094,MOEX-102110-2101-Q094,醫學（二）,102,2013,102110,2101,94,moex_med_stage2_detailed_merged_001_3100_classified_v3.json
MOEX-102110-2101-Q095,MOEX-102110-2101-Q095,醫學（二）,102,2013,102110,2101,95,moex_med_stage2_detailed_merged_001_3100_classified_v3.json
MOEX-102110-2101-Q096,MOEX-102110-2101-Q096,醫學（二）,102,2013,102110,2101,96,moex_med_stage2_detailed_merged_001_3100_classified_v3.json
MOEX-102110-2101-Q097,MOEX-102110-2101-Q097,醫學（二）,102,2013,102110,2101,97,moex_med_stage2_detailed_merged_001_3100_classified_v3.json
MOEX-102110-2101-Q098,MOEX-102110-2101-Q098,醫學（二）,102,2013,102110,2101,98,moex_med_stage2_detailed_merged_001_3100_classified_v3.json
MOEX-102110-2101-Q099,MOEX-102110-2101-Q099,醫學（二）,102,2013,102110,2101,99,moex_med_stage2_detailed_merged_001_3100_classified_v3.json
MOEX-102110-2101-Q100,MOEX-102110-2101-Q100,醫學（二）,102,2013,102110,2101,100,moex_med_stage2_detailed_merged_001_3100_classified_v3.json
MOEX-103030-1101-Q001,MOEX-103030-1101-Q001,醫學（一）,103,2014,103030,1101,1,anatomyQuestions.ts
MOEX-103030-1101-Q002,MOEX-103030-1101-Q002,醫學（一）,103,2014,103030,1101,2,moex_med1_remaining_detailed_v4_merged_001_1827.ts
MOEX-103030-1101-Q003,MOEX-103030-1101-Q003,醫學（一）,103,2014,103030,1101,3,anatomyQuestions.ts
MOEX-103030-1101-Q004,MOEX-103030-1101-Q004,醫學（一）,103,2014,103030,1101,4,moex_med1_remaining_detailed_v4_merged_001_1827.ts
MOEX-103030-1101-Q005,MOEX-103030-1101-Q005,醫學（一）,103,2014,103030,1101,5,moex_med1_remaining_detailed_v4_merged_001_1827.ts
MOEX-103030-1101-Q006,MOEX-103030-1101-Q006,醫學（一）,103,2014,103030,1101,6,moex_med1_remaining_detailed_v4_merged_001_1827.ts
MOEX-103030-1101-Q007,MOEX-103030-1101-Q007,醫學（一）,103,2014,103030,1101,7,moex_med1_remaining_detailed_v4_merged_001_1827.ts
MOEX-103030-1101-Q008,moex-med1-supplement-v5-103030-1101-008,醫學（一）,103,2014,103030,1101,8,moex_med1_requested_71_questions_detailed_patch_v5.ts
MOEX-103030-1101-Q009,MOEX-103030-1101-Q009,醫學（一）,103,2014,103030,1101,9,anatomyQuestions.ts
MOEX-103030-1101-Q010,MOEX-103030-1101-Q010,醫學（一）,103,2014,103030,1101,10,anatomyQuestions.ts
MOEX-103030-1101-Q011,MOEX-103030-1101-Q011,醫學（一）,103,2014,103030,1101,11,anatomyQuestions.ts
MOEX-103030-1101-Q012,MOEX-103030-1101-Q012,醫學（一）,103,2014,103030,1101,12,anatomyQuestions.ts
MOEX-103030-1101-Q013,MOEX-103030-1101-Q013,醫學（一）,103,2014,103030,1101,13,moex_med1_remaining_detailed_v4_merged_001_1827.ts
MOEX-103030-1101-Q014,MOEX-103030-1101-Q014,醫學（一）,103,2014,103030,1101,14,anatomyQuestions.ts
MOEX-103030-1101-Q015,MOEX-103030-1101-Q015,醫學（一）,103,2014,103030,1101,15,moex_med1_remaining_detailed_v4_merged_001_1827.ts
MOEX-103030-1101-Q016,MOEX-103030-1101-Q016,醫學（一）,103,2014,103030,1101,16,anatomyQuestions.ts
MOEX-103030-1101-Q017,MOEX-103030-1101-Q017,醫學（一）,103,2014,103030,1101,17,anatomyQuestions.ts
MOEX-103030-1101-Q018,MOEX-103030-1101-Q018,醫學（一）,103,2014,103030,1101,18,moex_med1_remaining_detailed_v4_merged_001_1827.ts
MOEX-103030-1101-Q019,MOEX-103030-1101-Q019,醫學（一）,103,2014,103030,1101,19,moex_med1_remaining_detailed_v4_merged_001_1827.ts
MOEX-103030-1101-Q020,MOEX-103030-1101-Q020,醫學（一）,103,2014,103030,1101,20,anatomyQuestions.ts
MOEX-103030-1101-Q021,MOEX-103030-1101-Q021,醫學（一）,103,2014,103030,1101,21,anatomyQuestions.ts
MOEX-103030-1101-Q022,MOEX-103030-1101-Q022,醫學（一）,103,2014,103030,1101,22,anatomyQuestions.ts
MOEX-103030-1101-Q023,MOEX-103030-1101-Q023,醫學（一）,103,2014,103030,1101,23,anatomyQuestions.ts
MOEX-103030-1101-Q024,MOEX-103030-1101-Q024,醫學（一）,103,2014,103030,1101,24,anatomyQuestions.ts
MOEX-103030-1101-Q025,MOEX-103030-1101-Q025,醫學（一）,103,2014,103030,1101,25,anatomyQuestions.ts
MOEX-103030-1101-Q026,MOEX-103030-1101-Q026,醫學（一）,103,2014,103030,1101,26,anatomyQuestions.ts
MOEX-103030-1101-Q027,MOEX-103030-1101-Q027,醫學（一）,103,2014,103030,1101,27,anatomyQuestions.ts
MOEX-103030-1101-Q028,MOEX-103030-1101-Q028,醫學（一）,103,2014,103030,1101,28,anatomyQuestions.ts
MOEX-103030-1101-Q029,MOEX-103030-1101-Q029,醫學（一）,103,2014,103030,1101,29,moex_med1_remaining_detailed_v4_merged_001_1827.ts
MOEX-103030-1101-Q030,MOEX-103030-1101-Q030,醫學（一）,103,2014,103030,1101,30,moex_med1_remaining_detailed_v4_merged_001_1827.ts
MOEX-103030-1101-Q031,MOEX-103030-1101-Q031,醫學（一）,103,2014,103030,1101,31,moex_med1_remaining_detailed_v4_merged_001_1827.ts
MOEX-103030-1101-Q032,MOEX-103030-1101-Q032,醫學（一）,103,2014,103030,1101,32,anatomyQuestions.ts
MOEX-103030-1101-Q033,MOEX-103030-1101-Q033,醫學（一）,103,2014,103030,1101,33,moex_med1_remaining_detailed_v4_merged_001_1827.ts
MOEX-103030-1101-Q034,MOEX-103030-1101-Q034,醫學（一）,103,2014,103030,1101,34,moex_med1_remaining_detailed_v4_merged_001_1827.ts
MOEX-103030-1101-Q035,MOEX-103030-1101-Q035,醫學（一）,103,2014,103030,1101,35,moex_med1_remaining_detailed_v4_merged_001_1827.ts
MOEX-103030-1101-Q036,MOEX-103030-1101-Q036,醫學（一）,103,2014,103030,1101,36,moex_med1_remaining_detailed_v4_merged_001_1827.ts
MOEX-103030-1101-Q037,MOEX-103030-1101-Q037,醫學（一）,103,2014,103030,1101,37,anatomyQuestions.ts
MOEX-103030-1101-Q038,MOEX-103030-1101-Q038,醫學（一）,103,2014,103030,1101,38,moex_med1_remaining_detailed_v4_merged_001_1827.ts
MOEX-103030-1101-Q039,MOEX-103030-1101-Q039,醫學（一）,103,2014,103030,1101,39,moex_med1_remaining_detailed_v4_merged_001_1827.ts
MOEX-103030-1101-Q040,MOEX-103030-1101-Q040,醫學（一）,103,2014,103030,1101,40,moex_med1_remaining_detailed_v4_merged_001_1827.ts
MOEX-103030-1101-Q041,MOEX-103030-1101-Q041,醫學（一）,103,2014,103030,1101,41,moex_med1_remaining_detailed_v4_merged_001_1827.ts
MOEX-103030-1101-Q042,MOEX-103030-1101-Q042,醫學（一）,103,2014,103030,1101,42,moex_med1_remaining_detailed_v4_merged_001_1827.ts
MOEX-103030-1101-Q043,MOEX-103030-1101-Q043,醫學（一）,103,2014,103030,1101,43,moex_med1_remaining_detailed_v4_merged_001_1827.ts
MOEX-103030-1101-Q044,MOEX-103030-1101-Q044,醫學（一）,103,2014,103030,1101,44,moex_med1_remaining_detailed_v4_merged_001_1827.ts
MOEX-103030-1101-Q045,MOEX-103030-1101-Q045,醫學（一）,103,2014,103030,1101,45,moex_med1_remaining_detailed_v4_merged_001_1827.ts
MOEX-103030-1101-Q046,MOEX-103030-1101-Q046,醫學（一）,103,2014,103030,1101,46,moex_med1_remaining_detailed_v4_merged_001_1827.ts
MOEX-103030-1101-Q047,MOEX-103030-1101-Q047,醫學（一）,103,2014,103030,1101,47,moex_med1_remaining_detailed_v4_merged_001_1827.ts
MOEX-103030-1101-Q048,MOEX-103030-1101-Q048,醫學（一）,103,2014,103030,1101,48,moex_med1_remaining_detailed_v4_merged_001_1827.ts
MOEX-103030-1101-Q049,MOEX-103030-1101-Q049,醫學（一）,103,2014,103030,1101,49,moex_med1_remaining_detailed_v4_merged_001_1827.ts
MOEX-103030-1101-Q050,MOEX-103030-1101-Q050,醫學（一）,103,2014,103030,1101,50,moex_med1_remaining_detailed_v4_merged_001_1827.ts
MOEX-103030-1101-Q051,MOEX-103030-1101-Q051,醫學（一）,103,2014,103030,1101,51,moex_med1_remaining_detailed_v4_merged_001_1827.ts
MOEX-103030-1101-Q052,MOEX-103030-1101-Q052,醫學（一）,103,2014,103030,1101,52,moex_med1_remaining_detailed_v4_merged_001_1827.ts
MOEX-103030-1101-Q053,MOEX-103030-1101-Q053,醫學（一）,103,2014,103030,1101,53,moex_med1_remaining_detailed_v4_merged_001_1827.ts
MOEX-103030-1101-Q054,MOEX-103030-1101-Q054,醫學（一）,103,2014,103030,1101,54,moex_med1_remaining_detailed_v4_merged_001_1827.ts
MOEX-103030-1101-Q055,MOEX-103030-1101-Q055,醫學（一）,103,2014,103030,1101,55,moex_med1_remaining_detailed_v4_merged_001_1827.ts
MOEX-103030-1101-Q056,MOEX-103030-1101-Q056,醫學（一）,103,2014,103030,1101,56,moex_med1_remaining_detailed_v4_merged_001_1827.ts
MOEX-103030-1101-Q057,MOEX-103030-1101-Q057,醫學（一）,103,2014,103030,1101,57,moex_med1_remaining_detailed_v4_merged_001_1827.ts
MOEX-103030-1101-Q058,MOEX-103030-1101-Q058,醫學（一）,103,2014,103030,1101,58,moex_med1_remaining_detailed_v4_merged_001_1827.ts
MOEX-103030-1101-Q059,MOEX-103030-1101-Q059,醫學（一）,103,2014,103030,1101,59,moex_med1_remaining_detailed_v4_merged_001_1827.ts
MOEX-103030-1101-Q060,MOEX-103030-1101-Q060,醫學（一）,103,2014,103030,1101,60,moex_med1_remaining_detailed_v4_merged_001_1827.ts
MOEX-103030-1101-Q061,MOEX-103030-1101-Q061,醫學（一）,103,2014,103030,1101,61,moex_med1_remaining_detailed_v4_merged_001_1827.ts
MOEX-103030-1101-Q062,MOEX-103030-1101-Q062,醫學（一）,103,2014,103030,1101,62,moex_med1_remaining_detailed_v4_merged_001_1827.ts
MOEX-103030-1101-Q063,MOEX-103030-1101-Q063,醫學（一）,103,2014,103030,1101,63,moex_med1_remaining_detailed_v4_merged_001_1827.ts
MOEX-103030-1101-Q064,MOEX-103030-1101-Q064,醫學（一）,103,2014,103030,1101,64,moex_med1_remaining_detailed_v4_merged_001_1827.ts
MOEX-103030-1101-Q065,MOEX-103030-1101-Q065,醫學（一）,103,2014,103030,1101,65,moex_med1_remaining_detailed_v4_merged_001_1827.ts
MOEX-103030-1101-Q066,MOEX-103030-1101-Q066,醫學（一）,103,2014,103030,1101,66,moex_med1_remaining_detailed_v4_merged_001_1827.ts
MOEX-103030-1101-Q067,MOEX-103030-1101-Q067,醫學（一）,103,2014,103030,1101,67,moex_med1_remaining_detailed_v4_merged_001_1827.ts
MOEX-103030-1101-Q068,MOEX-103030-1101-Q068,醫學（一）,103,2014,103030,1101,68,moex_med1_remaining_detailed_v4_merged_001_1827.ts
MOEX-103030-1101-Q069,MOEX-103030-1101-Q069,醫學（一）,103,2014,103030,1101,69,moex_med1_remaining_detailed_v4_merged_001_1827.ts
MOEX-103030-1101-Q070,MOEX-103030-1101-Q070,醫學（一）,103,2014,103030,1101,70,moex_med1_remaining_detailed_v4_merged_001_1827.ts
MOEX-103030-1101-Q071,MOEX-103030-1101-Q071,醫學（一）,103,2014,103030,1101,71,moex_med1_remaining_detailed_v4_merged_001_1827.ts
MOEX-103030-1101-Q072,MOEX-103030-1101-Q072,醫學（一）,103,2014,103030,1101,72,moex_med1_remaining_detailed_v4_merged_001_1827.ts
MOEX-103030-1101-Q073,MOEX-103030-1101-Q073,醫學（一）,103,2014,103030,1101,73,moex_med1_remaining_detailed_v4_merged_001_1827.ts
MOEX-103030-1101-Q074,MOEX-103030-1101-Q074,醫學（一）,103,2014,103030,1101,74,moex_med1_remaining_detailed_v4_merged_001_1827.ts
MOEX-103030-1101-Q075,MOEX-103030-1101-Q075,醫學（一）,103,2014,103030,1101,75,moex_med1_remaining_detailed_v4_merged_001_1827.ts
MOEX-103030-1101-Q076,MOEX-103030-1101-Q076,醫學（一）,103,2014,103030,1101,76,moex_med1_remaining_detailed_v4_merged_001_1827.ts
MOEX-103030-1101-Q077,MOEX-103030-1101-Q077,醫學（一）,103,2014,103030,1101,77,moex_med1_remaining_detailed_v4_merged_001_1827.ts
MOEX-103030-1101-Q078,MOEX-103030-1101-Q078,醫學（一）,103,2014,103030,1101,78,moex_med1_remaining_detailed_v4_merged_001_1827.ts
MOEX-103030-1101-Q079,MOEX-103030-1101-Q079,醫學（一）,103,2014,103030,1101,79,moex_med1_remaining_detailed_v4_merged_001_1827.ts
MOEX-103030-1101-Q080,MOEX-103030-1101-Q080,醫學（一）,103,2014,103030,1101,80,moex_med1_remaining_detailed_v4_merged_001_1827.ts
MOEX-103030-1101-Q081,MOEX-103030-1101-Q081,醫學（一）,103,2014,103030,1101,81,moex_med1_remaining_detailed_v4_merged_001_1827.ts
MOEX-103030-1101-Q082,MOEX-103030-1101-Q082,醫學（一）,103,2014,103030,1101,82,moex_med1_remaining_detailed_v4_merged_001_1827.ts
MOEX-103030-1101-Q083,MOEX-103030-1101-Q083,醫學（一）,103,2014,103030,1101,83,moex_med1_remaining_detailed_v4_merged_001_1827.ts
MOEX-103030-1101-Q084,MOEX-103030-1101-Q084,醫學（一）,103,2014,103030,1101,84,moex_med1_remaining_detailed_v4_merged_001_1827.ts
MOEX-103030-1101-Q085,MOEX-103030-1101-Q085,醫學（一）,103,2014,103030,1101,85,moex_med1_remaining_detailed_v4_merged_001_1827.ts
MOEX-103030-1101-Q086,MOEX-103030-1101-Q086,醫學（一）,103,2014,103030,1101,86,moex_med1_remaining_detailed_v4_merged_001_1827.ts
MOEX-103030-1101-Q087,MOEX-103030-1101-Q087,醫學（一）,103,2014,103030,1101,87,moex_med1_remaining_detailed_v4_merged_001_1827.ts
MOEX-103030-1101-Q088,MOEX-103030-1101-Q088,醫學（一）,103,2014,103030,1101,88,moex_med1_remaining_detailed_v4_merged_001_1827.ts
MOEX-103030-1101-Q089,MOEX-103030-1101-Q089,醫學（一）,103,2014,103030,1101,89,moex_med1_remaining_detailed_v4_merged_001_1827.ts
MOEX-103030-1101-Q090,MOEX-103030-1101-Q090,醫學（一）,103,2014,103030,1101,90,moex_med1_remaining_detailed_v4_merged_001_1827.ts
MOEX-103030-1101-Q091,MOEX-103030-1101-Q091,醫學（一）,103,2014,103030,1101,91,moex_med1_remaining_detailed_v4_merged_001_1827.ts
MOEX-103030-1101-Q092,MOEX-103030-1101-Q092,醫學（一）,103,2014,103030,1101,92,moex_med1_remaining_detailed_v4_merged_001_1827.ts
MOEX-103030-1101-Q093,MOEX-103030-1101-Q093,醫學（一）,103,2014,103030,1101,93,moex_med1_remaining_detailed_v4_merged_001_1827.ts
MOEX-103030-1101-Q094,MOEX-103030-1101-Q094,醫學（一）,103,2014,103030,1101,94,moex_med1_remaining_detailed_v4_merged_001_1827.ts
MOEX-103030-1101-Q095,MOEX-103030-1101-Q095,醫學（一）,103,2014,103030,1101,95,moex_med1_remaining_detailed_v4_merged_001_1827.ts
MOEX-103030-1101-Q096,MOEX-103030-1101-Q096,醫學（一）,103,2014,103030,1101,96,moex_med1_remaining_detailed_v4_merged_001_1827.ts
MOEX-103030-1101-Q097,MOEX-103030-1101-Q097,醫學（一）,103,2014,103030,1101,97,moex_med1_remaining_detailed_v4_merged_001_1827.ts
MOEX-103030-1101-Q098,MOEX-103030-1101-Q098,醫學（一）,103,2014,103030,1101,98,anatomyQuestions.ts
MOEX-103030-1101-Q099,MOEX-103030-1101-Q099,醫學（一）,103,2014,103030,1101,99,moex_med1_remaining_detailed_v4_merged_001_1827.ts
MOEX-103030-1101-Q100,MOEX-103030-1101-Q100,醫學（一）,103,2014,103030,1101,100,moex_med1_remaining_detailed_v4_merged_001_1827.ts
MOEX-103100-1101-Q001,MOEX-103100-1101-Q001,醫學（一）,103,2014,103100,1101,1,anatomyQuestions.ts
MOEX-103100-1101-Q002,MOEX-103100-1101-Q002,醫學（一）,103,2014,103100,1101,2,anatomyQuestions.ts
MOEX-103100-1101-Q003,MOEX-103100-1101-Q003,醫學（一）,103,2014,103100,1101,3,anatomyQuestions.ts
MOEX-103100-1101-Q004,MOEX-103100-1101-Q004,醫學（一）,103,2014,103100,1101,4,anatomyQuestions.ts
MOEX-103100-1101-Q005,MOEX-103100-1101-Q005,醫學（一）,103,2014,103100,1101,5,anatomyQuestions.ts
MOEX-103100-1101-Q006,MOEX-103100-1101-Q006,醫學（一）,103,2014,103100,1101,6,anatomyQuestions.ts
MOEX-103100-1101-Q007,MOEX-103100-1101-Q007,醫學（一）,103,2014,103100,1101,7,moex_med1_remaining_detailed_v4_merged_001_1827.ts
MOEX-103100-1101-Q008,MOEX-103100-1101-Q008,醫學（一）,103,2014,103100,1101,8,anatomyQuestions.ts
MOEX-103100-1101-Q009,MOEX-103100-1101-Q009,醫學（一）,103,2014,103100,1101,9,anatomyQuestions.ts
MOEX-103100-1101-Q010,MOEX-103100-1101-Q010,醫學（一）,103,2014,103100,1101,10,anatomyQuestions.ts
MOEX-103100-1101-Q011,MOEX-103100-1101-Q011,醫學（一）,103,2014,103100,1101,11,moex_med1_remaining_detailed_v4_merged_001_1827.ts
MOEX-103100-1101-Q012,MOEX-103100-1101-Q012,醫學（一）,103,2014,103100,1101,12,anatomyQuestions.ts
MOEX-103100-1101-Q013,MOEX-103100-1101-Q013,醫學（一）,103,2014,103100,1101,13,anatomyQuestions.ts
MOEX-103100-1101-Q014,MOEX-103100-1101-Q014,醫學（一）,103,2014,103100,1101,14,anatomyQuestions.ts
MOEX-103100-1101-Q015,MOEX-103100-1101-Q015,醫學（一）,103,2014,103100,1101,15,anatomyQuestions.ts
MOEX-103100-1101-Q016,MOEX-103100-1101-Q016,醫學（一）,103,2014,103100,1101,16,anatomyQuestions.ts
MOEX-103100-1101-Q017,MOEX-103100-1101-Q017,醫學（一）,103,2014,103100,1101,17,anatomyQuestions.ts
MOEX-103100-1101-Q018,MOEX-103100-1101-Q018,醫學（一）,103,2014,103100,1101,18,anatomyQuestions.ts
MOEX-103100-1101-Q019,MOEX-103100-1101-Q019,醫學（一）,103,2014,103100,1101,19,moex_med1_remaining_detailed_v4_merged_001_1827.ts
MOEX-103100-1101-Q020,MOEX-103100-1101-Q020,醫學（一）,103,2014,103100,1101,20,moex_med1_remaining_detailed_v4_merged_001_1827.ts
MOEX-103100-1101-Q021,MOEX-103100-1101-Q021,醫學（一）,103,2014,103100,1101,21,moex_med1_remaining_detailed_v4_merged_001_1827.ts
MOEX-103100-1101-Q022,MOEX-103100-1101-Q022,醫學（一）,103,2014,103100,1101,22,anatomyQuestions.ts
MOEX-103100-1101-Q023,MOEX-103100-1101-Q023,醫學（一）,103,2014,103100,1101,23,anatomyQuestions.ts
MOEX-103100-1101-Q024,MOEX-103100-1101-Q024,醫學（一）,103,2014,103100,1101,24,anatomyQuestions.ts
MOEX-103100-1101-Q025,MOEX-103100-1101-Q025,醫學（一）,103,2014,103100,1101,25,anatomyQuestions.ts
MOEX-103100-1101-Q026,MOEX-103100-1101-Q026,醫學（一）,103,2014,103100,1101,26,moex_med1_remaining_detailed_v4_merged_001_1827.ts
MOEX-103100-1101-Q027,MOEX-103100-1101-Q027,醫學（一）,103,2014,103100,1101,27,anatomyQuestions.ts
MOEX-103100-1101-Q028,MOEX-103100-1101-Q028,醫學（一）,103,2014,103100,1101,28,moex_med1_remaining_detailed_v4_merged_001_1827.ts
MOEX-103100-1101-Q029,MOEX-103100-1101-Q029,醫學（一）,103,2014,103100,1101,29,moex_med1_remaining_detailed_v4_merged_001_1827.ts
MOEX-103100-1101-Q030,MOEX-103100-1101-Q030,醫學（一）,103,2014,103100,1101,30,moex_med1_remaining_detailed_v4_merged_001_1827.ts
MOEX-103100-1101-Q031,MOEX-103100-1101-Q031,醫學（一）,103,2014,103100,1101,31,moex_med1_remaining_detailed_v4_merged_001_1827.ts
MOEX-103100-1101-Q032,MOEX-103100-1101-Q032,醫學（一）,103,2014,103100,1101,32,moex_med1_remaining_detailed_v4_merged_001_1827.ts
MOEX-103100-1101-Q033,MOEX-103100-1101-Q033,醫學（一）,103,2014,103100,1101,33,moex_med1_remaining_detailed_v4_merged_001_1827.ts
MOEX-103100-1101-Q034,MOEX-103100-1101-Q034,醫學（一）,103,2014,103100,1101,34,moex_med1_remaining_detailed_v4_merged_001_1827.ts
MOEX-103100-1101-Q035,MOEX-103100-1101-Q035,醫學（一）,103,2014,103100,1101,35,moex_med1_remaining_detailed_v4_merged_001_1827.ts
MOEX-103100-1101-Q036,MOEX-103100-1101-Q036,醫學（一）,103,2014,103100,1101,36,moex_med1_remaining_detailed_v4_merged_001_1827.ts
MOEX-103100-1101-Q037,MOEX-103100-1101-Q037,醫學（一）,103,2014,103100,1101,37,moex_med1_remaining_detailed_v4_merged_001_1827.ts
MOEX-103100-1101-Q038,MOEX-103100-1101-Q038,醫學（一）,103,2014,103100,1101,38,anatomyQuestions.ts
MOEX-103100-1101-Q039,MOEX-103100-1101-Q039,醫學（一）,103,2014,103100,1101,39,moex_med1_remaining_detailed_v4_merged_001_1827.ts
MOEX-103100-1101-Q040,MOEX-103100-1101-Q040,醫學（一）,103,2014,103100,1101,40,moex_med1_remaining_detailed_v4_merged_001_1827.ts
MOEX-103100-1101-Q041,MOEX-103100-1101-Q041,醫學（一）,103,2014,103100,1101,41,anatomyQuestions.ts
MOEX-103100-1101-Q042,MOEX-103100-1101-Q042,醫學（一）,103,2014,103100,1101,42,moex_med1_remaining_detailed_v4_merged_001_1827.ts
MOEX-103100-1101-Q043,MOEX-103100-1101-Q043,醫學（一）,103,2014,103100,1101,43,moex_med1_remaining_detailed_v4_merged_001_1827.ts
MOEX-103100-1101-Q044,MOEX-103100-1101-Q044,醫學（一）,103,2014,103100,1101,44,moex_med1_remaining_detailed_v4_merged_001_1827.ts
MOEX-103100-1101-Q045,MOEX-103100-1101-Q045,醫學（一）,103,2014,103100,1101,45,moex_med1_remaining_detailed_v4_merged_001_1827.ts
MOEX-103100-1101-Q046,MOEX-103100-1101-Q046,醫學（一）,103,2014,103100,1101,46,moex_med1_remaining_detailed_v4_merged_001_1827.ts
MOEX-103100-1101-Q047,MOEX-103100-1101-Q047,醫學（一）,103,2014,103100,1101,47,moex_med1_remaining_detailed_v4_merged_001_1827.ts
MOEX-103100-1101-Q048,MOEX-103100-1101-Q048,醫學（一）,103,2014,103100,1101,48,moex_med1_remaining_detailed_v4_merged_001_1827.ts
MOEX-103100-1101-Q049,MOEX-103100-1101-Q049,醫學（一）,103,2014,103100,1101,49,moex_med1_remaining_detailed_v4_merged_001_1827.ts
MOEX-103100-1101-Q050,MOEX-103100-1101-Q050,醫學（一）,103,2014,103100,1101,50,moex_med1_remaining_detailed_v4_merged_001_1827.ts
MOEX-103100-1101-Q051,MOEX-103100-1101-Q051,醫學（一）,103,2014,103100,1101,51,moex_med1_remaining_detailed_v4_merged_001_1827.ts
MOEX-103100-1101-Q052,MOEX-103100-1101-Q052,醫學（一）,103,2014,103100,1101,52,moex_med1_remaining_detailed_v4_merged_001_1827.ts
MOEX-103100-1101-Q053,MOEX-103100-1101-Q053,醫學（一）,103,2014,103100,1101,53,moex_med1_remaining_detailed_v4_merged_001_1827.ts
MOEX-103100-1101-Q054,MOEX-103100-1101-Q054,醫學（一）,103,2014,103100,1101,54,moex_med1_remaining_detailed_v4_merged_001_1827.ts
MOEX-103100-1101-Q055,MOEX-103100-1101-Q055,醫學（一）,103,2014,103100,1101,55,moex_med1_remaining_detailed_v4_merged_001_1827.ts
MOEX-103100-1101-Q056,MOEX-103100-1101-Q056,醫學（一）,103,2014,103100,1101,56,moex_med1_remaining_detailed_v4_merged_001_1827.ts
MOEX-103100-1101-Q057,MOEX-103100-1101-Q057,醫學（一）,103,2014,103100,1101,57,moex_med1_remaining_detailed_v4_merged_001_1827.ts
MOEX-103100-1101-Q058,MOEX-103100-1101-Q058,醫學（一）,103,2014,103100,1101,58,moex_med1_remaining_detailed_v4_merged_001_1827.ts
MOEX-103100-1101-Q059,MOEX-103100-1101-Q059,醫學（一）,103,2014,103100,1101,59,moex_med1_remaining_detailed_v4_merged_001_1827.ts
MOEX-103100-1101-Q060,MOEX-103100-1101-Q060,醫學（一）,103,2014,103100,1101,60,moex_med1_remaining_detailed_v4_merged_001_1827.ts
MOEX-103100-1101-Q061,MOEX-103100-1101-Q061,醫學（一）,103,2014,103100,1101,61,moex_med1_remaining_detailed_v4_merged_001_1827.ts
MOEX-103100-1101-Q062,MOEX-103100-1101-Q062,醫學（一）,103,2014,103100,1101,62,moex_med1_remaining_detailed_v4_merged_001_1827.ts
MOEX-103100-1101-Q063,MOEX-103100-1101-Q063,醫學（一）,103,2014,103100,1101,63,moex_med1_remaining_detailed_v4_merged_001_1827.ts
MOEX-103100-1101-Q064,MOEX-103100-1101-Q064,醫學（一）,103,2014,103100,1101,64,moex_med1_remaining_detailed_v4_merged_001_1827.ts
MOEX-103100-1101-Q065,MOEX-103100-1101-Q065,醫學（一）,103,2014,103100,1101,65,moex_med1_remaining_detailed_v4_merged_001_1827.ts
MOEX-103100-1101-Q066,MOEX-103100-1101-Q066,醫學（一）,103,2014,103100,1101,66,moex_med1_remaining_detailed_v4_merged_001_1827.ts
MOEX-103100-1101-Q067,MOEX-103100-1101-Q067,醫學（一）,103,2014,103100,1101,67,moex_med1_remaining_detailed_v4_merged_001_1827.ts
MOEX-103100-1101-Q068,MOEX-103100-1101-Q068,醫學（一）,103,2014,103100,1101,68,moex_med1_remaining_detailed_v4_merged_001_1827.ts
MOEX-103100-1101-Q069,MOEX-103100-1101-Q069,醫學（一）,103,2014,103100,1101,69,moex_med1_remaining_detailed_v4_merged_001_1827.ts
MOEX-103100-1101-Q070,MOEX-103100-1101-Q070,醫學（一）,103,2014,103100,1101,70,moex_med1_remaining_detailed_v4_merged_001_1827.ts
MOEX-103100-1101-Q071,MOEX-103100-1101-Q071,醫學（一）,103,2014,103100,1101,71,moex_med1_remaining_detailed_v4_merged_001_1827.ts
MOEX-103100-1101-Q072,MOEX-103100-1101-Q072,醫學（一）,103,2014,103100,1101,72,moex_med1_remaining_detailed_v4_merged_001_1827.ts
MOEX-103100-1101-Q073,MOEX-103100-1101-Q073,醫學（一）,103,2014,103100,1101,73,moex_med1_remaining_detailed_v4_merged_001_1827.ts
MOEX-103100-1101-Q074,MOEX-103100-1101-Q074,醫學（一）,103,2014,103100,1101,74,moex_med1_remaining_detailed_v4_merged_001_1827.ts
MOEX-103100-1101-Q075,MOEX-103100-1101-Q075,醫學（一）,103,2014,103100,1101,75,moex_med1_remaining_detailed_v4_merged_001_1827.ts
MOEX-103100-1101-Q076,MOEX-103100-1101-Q076,醫學（一）,103,2014,103100,1101,76,moex_med1_remaining_detailed_v4_merged_001_1827.ts
MOEX-103100-1101-Q077,MOEX-103100-1101-Q077,醫學（一）,103,2014,103100,1101,77,moex_med1_remaining_detailed_v4_merged_001_1827.ts
MOEX-103100-1101-Q078,MOEX-103100-1101-Q078,醫學（一）,103,2014,103100,1101,78,moex_med1_remaining_detailed_v4_merged_001_1827.ts
MOEX-103100-1101-Q079,MOEX-103100-1101-Q079,醫學（一）,103,2014,103100,1101,79,moex_med1_remaining_detailed_v4_merged_001_1827.ts
MOEX-103100-1101-Q080,MOEX-103100-1101-Q080,醫學（一）,103,2014,103100,1101,80,moex_med1_remaining_detailed_v4_merged_001_1827.ts
MOEX-103100-1101-Q081,MOEX-103100-1101-Q081,醫學（一）,103,2014,103100,1101,81,moex_med1_remaining_detailed_v4_merged_001_1827.ts
MOEX-103100-1101-Q082,MOEX-103100-1101-Q082,醫學（一）,103,2014,103100,1101,82,moex_med1_remaining_detailed_v4_merged_001_1827.ts
MOEX-103100-1101-Q083,MOEX-103100-1101-Q083,醫學（一）,103,2014,103100,1101,83,moex_med1_remaining_detailed_v4_merged_001_1827.ts
MOEX-103100-1101-Q084,MOEX-103100-1101-Q084,醫學（一）,103,2014,103100,1101,84,moex_med1_remaining_detailed_v4_merged_001_1827.ts
MOEX-103100-1101-Q085,MOEX-103100-1101-Q085,醫學（一）,103,2014,103100,1101,85,anatomyQuestions.ts
MOEX-103100-1101-Q086,MOEX-103100-1101-Q086,醫學（一）,103,2014,103100,1101,86,moex_med1_remaining_detailed_v4_merged_001_1827.ts
MOEX-103100-1101-Q087,MOEX-103100-1101-Q087,醫學（一）,103,2014,103100,1101,87,moex_med1_remaining_detailed_v4_merged_001_1827.ts
MOEX-103100-1101-Q088,MOEX-103100-1101-Q088,醫學（一）,103,2014,103100,1101,88,moex_med1_remaining_detailed_v4_merged_001_1827.ts
MOEX-103100-1101-Q089,MOEX-103100-1101-Q089,醫學（一）,103,2014,103100,1101,89,moex_med1_remaining_detailed_v4_merged_001_1827.ts
MOEX-103100-1101-Q090,MOEX-103100-1101-Q090,醫學（一）,103,2014,103100,1101,90,moex_med1_remaining_detailed_v4_merged_001_1827.ts
MOEX-103100-1101-Q091,MOEX-103100-1101-Q091,醫學（一）,103,2014,103100,1101,91,moex_med1_remaining_detailed_v4_merged_001_1827.ts
MOEX-103100-1101-Q092,MOEX-103100-1101-Q092,醫學（一）,103,2014,103100,1101,92,moex_med1_remaining_detailed_v4_merged_001_1827.ts
MOEX-103100-1101-Q093,MOEX-103100-1101-Q093,醫學（一）,103,2014,103100,1101,93,anatomyQuestions.ts
MOEX-103100-1101-Q094,MOEX-103100-1101-Q094,醫學（一）,103,2014,103100,1101,94,moex_med1_remaining_detailed_v4_merged_001_1827.ts
MOEX-103100-1101-Q095,MOEX-103100-1101-Q095,醫學（一）,103,2014,103100,1101,95,moex_med1_remaining_detailed_v4_merged_001_1827.ts
MOEX-103100-1101-Q096,MOEX-103100-1101-Q096,醫學（一）,103,2014,103100,1101,96,anatomyQuestions.ts
MOEX-103100-1101-Q097,MOEX-103100-1101-Q097,醫學（一）,103,2014,103100,1101,97,anatomyQuestions.ts
MOEX-103100-1101-Q098,moex-med1-supplement-v5-103100-1101-098,醫學（一）,103,2014,103100,1101,98,moex_med1_requested_71_questions_detailed_patch_v5.ts
MOEX-103100-1101-Q099,MOEX-103100-1101-Q099,醫學（一）,103,2014,103100,1101,99,moex_med1_remaining_detailed_v4_merged_001_1827.ts
MOEX-103100-1101-Q100,MOEX-103100-1101-Q100,醫學（一）,103,2014,103100,1101,100,moex_med1_remaining_detailed_v4_merged_001_1827.ts
MOEX-103030-2101-Q001,MOEX-103030-2101-Q001,醫學（二）,103,2014,103030,2101,1,moex_med_stage2_detailed_merged_001_3100_classified_v3.json
MOEX-103030-2101-Q002,MOEX-103030-2101-Q002,醫學（二）,103,2014,103030,2101,2,moex_med_stage2_detailed_merged_001_3100_classified_v3.json
MOEX-103030-2101-Q003,MOEX-103030-2101-Q003,醫學（二）,103,2014,103030,2101,3,moex_med_stage2_detailed_merged_001_3100_classified_v3.json
MOEX-103030-2101-Q004,MOEX-103030-2101-Q004,醫學（二）,103,2014,103030,2101,4,moex_med_stage2_detailed_merged_001_3100_classified_v3.json
MOEX-103030-2101-Q005,MOEX-103030-2101-Q005,醫學（二）,103,2014,103030,2101,5,moex_med_stage2_detailed_merged_001_3100_classified_v3.json
MOEX-103030-2101-Q006,MOEX-103030-2101-Q006,醫學（二）,103,2014,103030,2101,6,moex_med_stage2_detailed_merged_001_3100_classified_v3.json
MOEX-103030-2101-Q007,MOEX-103030-2101-Q007,醫學（二）,103,2014,103030,2101,7,moex_med_stage2_detailed_merged_001_3100_classified_v3.json
MOEX-103030-2101-Q008,MOEX-103030-2101-Q008,醫學（二）,103,2014,103030,2101,8,moex_med_stage2_detailed_merged_001_3100_classified_v3.json
MOEX-103030-2101-Q009,MOEX-103030-2101-Q009,醫學（二）,103,2014,103030,2101,9,moex_med_stage2_detailed_merged_001_3100_classified_v3.json
MOEX-103030-2101-Q010,MOEX-103030-2101-Q010,醫學（二）,103,2014,103030,2101,10,moex_med_stage2_detailed_merged_001_3100_classified_v3.json
MOEX-103030-2101-Q011,MOEX-103030-2101-Q011,醫學（二）,103,2014,103030,2101,11,moex_med_stage2_detailed_merged_001_3100_classified_v3.json
MOEX-103030-2101-Q012,MOEX-103030-2101-Q012,醫學（二）,103,2014,103030,2101,12,moex_med_stage2_detailed_merged_001_3100_classified_v3.json
MOEX-103030-2101-Q013,MOEX-103030-2101-Q013,醫學（二）,103,2014,103030,2101,13,moex_med_stage2_detailed_merged_001_3100_classified_v3.json
MOEX-103030-2101-Q014,MOEX-103030-2101-Q014,醫學（二）,103,2014,103030,2101,14,moex_med_stage2_detailed_merged_001_3100_classified_v3.json
MOEX-103030-2101-Q015,MOEX-103030-2101-Q015,醫學（二）,103,2014,103030,2101,15,moex_med_stage2_detailed_merged_001_3100_classified_v3.json
MOEX-103030-2101-Q016,MOEX-103030-2101-Q016,醫學（二）,103,2014,103030,2101,16,moex_med_stage2_detailed_merged_001_3100_classified_v3.json
MOEX-103030-2101-Q017,MOEX-103030-2101-Q017,醫學（二）,103,2014,103030,2101,17,moex_med_stage2_detailed_merged_001_3100_classified_v3.json
MOEX-103030-2101-Q018,MOEX-103030-2101-Q018,醫學（二）,103,2014,103030,2101,18,moex_med_stage2_detailed_merged_001_3100_classified_v3.json
MOEX-103030-2101-Q019,MOEX-103030-2101-Q019,醫學（二）,103,2014,103030,2101,19,moex_med_stage2_detailed_merged_001_3100_classified_v3.json
MOEX-103030-2101-Q020,MOEX-103030-2101-Q020,醫學（二）,103,2014,103030,2101,20,moex_med_stage2_detailed_merged_001_3100_classified_v3.json
MOEX-103030-2101-Q021,MOEX-103030-2101-Q021,醫學（二）,103,2014,103030,2101,21,moex_med_stage2_detailed_merged_001_3100_classified_v3.json
MOEX-103030-2101-Q022,MOEX-103030-2101-Q022,醫學（二）,103,2014,103030,2101,22,moex_med_stage2_detailed_merged_001_3100_classified_v3.json
MOEX-103030-2101-Q023,MOEX-103030-2101-Q023,醫學（二）,103,2014,103030,2101,23,moex_med_stage2_detailed_merged_001_3100_classified_v3.json
MOEX-103030-2101-Q024,MOEX-103030-2101-Q024,醫學（二）,103,2014,103030,2101,24,moex_med_stage2_detailed_merged_001_3100_classified_v3.json
MOEX-103030-2101-Q025,MOEX-103030-2101-Q025,醫學（二）,103,2014,103030,2101,25,moex_med_stage2_detailed_merged_001_3100_classified_v3.json
MOEX-103030-2101-Q026,MOEX-103030-2101-Q026,醫學（二）,103,2014,103030,2101,26,moex_med_stage2_detailed_merged_001_3100_classified_v3.json
MOEX-103030-2101-Q027,MOEX-103030-2101-Q027,醫學（二）,103,2014,103030,2101,27,moex_med_stage2_detailed_merged_001_3100_classified_v3.json
MOEX-103030-2101-Q028,MOEX-103030-2101-Q028,醫學（二）,103,2014,103030,2101,28,moex_med_stage2_detailed_merged_001_3100_classified_v3.json
MOEX-103030-2101-Q029,MOEX-103030-2101-Q029,醫學（二）,103,2014,103030,2101,29,moex_med_stage2_detailed_merged_001_3100_classified_v3.json
MOEX-103030-2101-Q030,MOEX-103030-2101-Q030,醫學（二）,103,2014,103030,2101,30,moex_med_stage2_detailed_merged_001_3100_classified_v3.json
MOEX-103030-2101-Q031,MOEX-103030-2101-Q031,醫學（二）,103,2014,103030,2101,31,moex_med_stage2_detailed_merged_001_3100_classified_v3.json
MOEX-103030-2101-Q032,MOEX-103030-2101-Q032,醫學（二）,103,2014,103030,2101,32,moex_med_stage2_detailed_merged_001_3100_classified_v3.json
MOEX-103030-2101-Q033,MOEX-103030-2101-Q033,醫學（二）,103,2014,103030,2101,33,moex_med_stage2_detailed_merged_001_3100_classified_v3.json
MOEX-103030-2101-Q034,MOEX-103030-2101-Q034,醫學（二）,103,2014,103030,2101,34,moex_med_stage2_detailed_merged_001_3100_classified_v3.json
MOEX-103030-2101-Q035,MOEX-103030-2101-Q035,醫學（二）,103,2014,103030,2101,35,moex_med_stage2_detailed_merged_001_3100_classified_v3.json
MOEX-103030-2101-Q036,MOEX-103030-2101-Q036,醫學（二）,103,2014,103030,2101,36,moex_med_stage2_detailed_merged_001_3100_classified_v3.json
MOEX-103030-2101-Q037,MOEX-103030-2101-Q037,醫學（二）,103,2014,103030,2101,37,moex_med_stage2_detailed_merged_001_3100_classified_v3.json
MOEX-103030-2101-Q038,MOEX-103030-2101-Q038,醫學（二）,103,2014,103030,2101,38,moex_med_stage2_detailed_merged_001_3100_classified_v3.json
MOEX-103030-2101-Q039,MOEX-103030-2101-Q039,醫學（二）,103,2014,103030,2101,39,moex_med_stage2_detailed_merged_001_3100_classified_v3.json
MOEX-103030-2101-Q040,MOEX-103030-2101-Q040,醫學（二）,103,2014,103030,2101,40,moex_med_stage2_detailed_merged_001_3100_classified_v3.json
MOEX-103030-2101-Q041,MOEX-103030-2101-Q041,醫學（二）,103,2014,103030,2101,41,moex_med_stage2_detailed_merged_001_3100_classified_v3.json
MOEX-103030-2101-Q042,MOEX-103030-2101-Q042,醫學（二）,103,2014,103030,2101,42,moex_med_stage2_detailed_merged_001_3100_classified_v3.json
MOEX-103030-2101-Q043,MOEX-103030-2101-Q043,醫學（二）,103,2014,103030,2101,43,moex_med_stage2_detailed_merged_001_3100_classified_v3.json
MOEX-103030-2101-Q044,MOEX-103030-2101-Q044,醫學（二）,103,2014,103030,2101,44,moex_med_stage2_detailed_merged_001_3100_classified_v3.json
MOEX-103030-2101-Q045,MOEX-103030-2101-Q045,醫學（二）,103,2014,103030,2101,45,moex_med_stage2_detailed_merged_001_3100_classified_v3.json
MOEX-103030-2101-Q046,MOEX-103030-2101-Q046,醫學（二）,103,2014,103030,2101,46,moex_med_stage2_detailed_merged_001_3100_classified_v3.json
MOEX-103030-2101-Q047,MOEX-103030-2101-Q047,醫學（二）,103,2014,103030,2101,47,moex_med_stage2_detailed_merged_001_3100_classified_v3.json
MOEX-103030-2101-Q048,MOEX-103030-2101-Q048,醫學（二）,103,2014,103030,2101,48,moex_med_stage2_detailed_merged_001_3100_classified_v3.json
MOEX-103030-2101-Q049,MOEX-103030-2101-Q049,醫學（二）,103,2014,103030,2101,49,moex_med_stage2_detailed_merged_001_3100_classified_v3.json
MOEX-103030-2101-Q050,MOEX-103030-2101-Q050,醫學（二）,103,2014,103030,2101,50,moex_med_stage2_detailed_merged_001_3100_classified_v3.json
MOEX-103030-2101-Q051,MOEX-103030-2101-Q051,醫學（二）,103,2014,103030,2101,51,moex_med_stage2_detailed_merged_001_3100_classified_v3.json
MOEX-103030-2101-Q052,MOEX-103030-2101-Q052,醫學（二）,103,2014,103030,2101,52,moex_med_stage2_detailed_merged_001_3100_classified_v3.json
MOEX-103030-2101-Q053,MOEX-103030-2101-Q053,醫學（二）,103,2014,103030,2101,53,moex_med_stage2_detailed_merged_001_3100_classified_v3.json
MOEX-103030-2101-Q054,MOEX-103030-2101-Q054,醫學（二）,103,2014,103030,2101,54,moex_med_stage2_detailed_merged_001_3100_classified_v3.json
MOEX-103030-2101-Q055,MOEX-103030-2101-Q055,醫學（二）,103,2014,103030,2101,55,moex_med_stage2_detailed_merged_001_3100_classified_v3.json
MOEX-103030-2101-Q056,MOEX-103030-2101-Q056,醫學（二）,103,2014,103030,2101,56,moex_med_stage2_detailed_merged_001_3100_classified_v3.json
MOEX-103030-2101-Q057,MOEX-103030-2101-Q057,醫學（二）,103,2014,103030,2101,57,moex_med_stage2_detailed_merged_001_3100_classified_v3.json
MOEX-103030-2101-Q058,MOEX-103030-2101-Q058,醫學（二）,103,2014,103030,2101,58,moex_med_stage2_detailed_merged_001_3100_classified_v3.json
MOEX-103030-2101-Q059,MOEX-103030-2101-Q059,醫學（二）,103,2014,103030,2101,59,moex_med_stage2_detailed_merged_001_3100_classified_v3.json
MOEX-103030-2101-Q060,MOEX-103030-2101-Q060,醫學（二）,103,2014,103030,2101,60,moex_med_stage2_detailed_merged_001_3100_classified_v3.json
MOEX-103030-2101-Q061,MOEX-103030-2101-Q061,醫學（二）,103,2014,103030,2101,61,moex_med_stage2_detailed_merged_001_3100_classified_v3.json
MOEX-103030-2101-Q062,MOEX-103030-2101-Q062,醫學（二）,103,2014,103030,2101,62,moex_med_stage2_detailed_merged_001_3100_classified_v3.json
MOEX-103030-2101-Q063,MOEX-103030-2101-Q063,醫學（二）,103,2014,103030,2101,63,moex_med_stage2_detailed_merged_001_3100_classified_v3.json
MOEX-103030-2101-Q064,MOEX-103030-2101-Q064,醫學（二）,103,2014,103030,2101,64,moex_med_stage2_detailed_merged_001_3100_classified_v3.json
MOEX-103030-2101-Q065,MOEX-103030-2101-Q065,醫學（二）,103,2014,103030,2101,65,moex_med_stage2_detailed_merged_001_3100_classified_v3.json
MOEX-103030-2101-Q066,MOEX-103030-2101-Q066,醫學（二）,103,2014,103030,2101,66,moex_med_stage2_detailed_merged_001_3100_classified_v3.json
MOEX-103030-2101-Q067,MOEX-103030-2101-Q067,醫學（二）,103,2014,103030,2101,67,moex_med_stage2_detailed_merged_001_3100_classified_v3.json
MOEX-103030-2101-Q068,MOEX-103030-2101-Q068,醫學（二）,103,2014,103030,2101,68,moex_med_stage2_detailed_merged_001_3100_classified_v3.json
MOEX-103030-2101-Q069,MOEX-103030-2101-Q069,醫學（二）,103,2014,103030,2101,69,moex_med_stage2_detailed_merged_001_3100_classified_v3.json
MOEX-103030-2101-Q070,MOEX-103030-2101-Q070,醫學（二）,103,2014,103030,2101,70,moex_med_stage2_detailed_merged_001_3100_classified_v3.json
MOEX-103030-2101-Q071,MOEX-103030-2101-Q071,醫學（二）,103,2014,103030,2101,71,moex_med_stage2_detailed_merged_001_3100_classified_v3.json
MOEX-103030-2101-Q072,MOEX-103030-2101-Q072,醫學（二）,103,2014,103030,2101,72,moex_med_stage2_detailed_merged_001_3100_classified_v3.json
MOEX-103030-2101-Q073,MOEX-103030-2101-Q073,醫學（二）,103,2014,103030,2101,73,moex_med_stage2_detailed_merged_001_3100_classified_v3.json
MOEX-103030-2101-Q074,MOEX-103030-2101-Q074,醫學（二）,103,2014,103030,2101,74,moex_med_stage2_detailed_merged_001_3100_classified_v3.json
MOEX-103030-2101-Q075,MOEX-103030-2101-Q075,醫學（二）,103,2014,103030,2101,75,moex_med_stage2_detailed_merged_001_3100_classified_v3.json
MOEX-103030-2101-Q076,MOEX-103030-2101-Q076,醫學（二）,103,2014,103030,2101,76,moex_med_stage2_detailed_merged_001_3100_classified_v3.json
MOEX-103030-2101-Q077,MOEX-103030-2101-Q077,醫學（二）,103,2014,103030,2101,77,moex_med_stage2_detailed_merged_001_3100_classified_v3.json
MOEX-103030-2101-Q078,MOEX-103030-2101-Q078,醫學（二）,103,2014,103030,2101,78,moex_med_stage2_detailed_merged_001_3100_classified_v3.json
MOEX-103030-2101-Q079,MOEX-103030-2101-Q079,醫學（二）,103,2014,103030,2101,79,moex_med_stage2_detailed_merged_001_3100_classified_v3.json
MOEX-103030-2101-Q080,MOEX-103030-2101-Q080,醫學（二）,103,2014,103030,2101,80,moex_med_stage2_detailed_merged_001_3100_classified_v3.json
MOEX-103030-2101-Q081,MOEX-103030-2101-Q081,醫學（二）,103,2014,103030,2101,81,moex_med_stage2_detailed_merged_001_3100_classified_v3.json
MOEX-103030-2101-Q082,MOEX-103030-2101-Q082,醫學（二）,103,2014,103030,2101,82,moex_med_stage2_detailed_merged_001_3100_classified_v3.json
MOEX-103030-2101-Q083,MOEX-103030-2101-Q083,醫學（二）,103,2014,103030,2101,83,moex_med_stage2_detailed_merged_001_3100_classified_v3.json
MOEX-103030-2101-Q084,MOEX-103030-2101-Q084,醫學（二）,103,2014,103030,2101,84,moex_med_stage2_detailed_merged_001_3100_classified_v3.json
MOEX-103030-2101-Q085,MOEX-103030-2101-Q085,醫學（二）,103,2014,103030,2101,85,moex_med_stage2_detailed_merged_001_3100_classified_v3.json
MOEX-103030-2101-Q086,MOEX-103030-2101-Q086,醫學（二）,103,2014,103030,2101,86,moex_med_stage2_detailed_merged_001_3100_classified_v3.json
MOEX-103030-2101-Q087,MOEX-103030-2101-Q087,醫學（二）,103,2014,103030,2101,87,moex_med_stage2_detailed_merged_001_3100_classified_v3.json
MOEX-103030-2101-Q088,MOEX-103030-2101-Q088,醫學（二）,103,2014,103030,2101,88,moex_med_stage2_detailed_merged_001_3100_classified_v3.json
MOEX-103030-2101-Q089,MOEX-103030-2101-Q089,醫學（二）,103,2014,103030,2101,89,moex_med_stage2_detailed_merged_001_3100_classified_v3.json
MOEX-103030-2101-Q090,MOEX-103030-2101-Q090,醫學（二）,103,2014,103030,2101,90,moex_med_stage2_detailed_merged_001_3100_classified_v3.json
MOEX-103030-2101-Q091,MOEX-103030-2101-Q091,醫學（二）,103,2014,103030,2101,91,moex_med_stage2_detailed_merged_001_3100_classified_v3.json
MOEX-103030-2101-Q092,MOEX-103030-2101-Q092,醫學（二）,103,2014,103030,2101,92,moex_med_stage2_detailed_merged_001_3100_classified_v3.json
MOEX-103030-2101-Q093,MOEX-103030-2101-Q093,醫學（二）,103,2014,103030,2101,93,moex_med_stage2_detailed_merged_001_3100_classified_v3.json
MOEX-103030-2101-Q094,MOEX-103030-2101-Q094,醫學（二）,103,2014,103030,2101,94,moex_med_stage2_detailed_merged_001_3100_classified_v3.json
MOEX-103030-2101-Q095,MOEX-103030-2101-Q095,醫學（二）,103,2014,103030,2101,95,moex_med_stage2_detailed_merged_001_3100_classified_v3.json
MOEX-103030-2101-Q096,MOEX-103030-2101-Q096,醫學（二）,103,2014,103030,2101,96,moex_med_stage2_detailed_merged_001_3100_classified_v3.json
MOEX-103030-2101-Q097,MOEX-103030-2101-Q097,醫學（二）,103,2014,103030,2101,97,moex_med_stage2_detailed_merged_001_3100_classified_v3.json
MOEX-103030-2101-Q098,MOEX-103030-2101-Q098,醫學（二）,103,2014,103030,2101,98,moex_med_stage2_detailed_merged_001_3100_classified_v3.json
MOEX-103030-2101-Q099,MOEX-103030-2101-Q099,醫學（二）,103,2014,103030,2101,99,moex_med_stage2_detailed_merged_001_3100_classified_v3.json
MOEX-103030-2101-Q100,MOEX-103030-2101-Q100,醫學（二）,103,2014,103030,2101,100,moex_med_stage2_detailed_merged_001_3100_classified_v3.json
MOEX-103100-2101-Q001,MOEX-103100-2101-Q001,醫學（二）,103,2014,103100,2101,1,moex_med_stage2_detailed_merged_001_3100_classified_v3.json
MOEX-103100-2101-Q002,MOEX-103100-2101-Q002,醫學（二）,103,2014,103100,2101,2,moex_med_stage2_detailed_merged_001_3100_classified_v3.json
MOEX-103100-2101-Q003,MOEX-103100-2101-Q003,醫學（二）,103,2014,103100,2101,3,moex_med_stage2_detailed_merged_001_3100_classified_v3.json
MOEX-103100-2101-Q004,MOEX-103100-2101-Q004,醫學（二）,103,2014,103100,2101,4,moex_med_stage2_detailed_merged_001_3100_classified_v3.json
MOEX-103100-2101-Q005,MOEX-103100-2101-Q005,醫學（二）,103,2014,103100,2101,5,moex_med_stage2_detailed_merged_001_3100_classified_v3.json
MOEX-103100-2101-Q006,MOEX-103100-2101-Q006,醫學（二）,103,2014,103100,2101,6,moex_med_stage2_detailed_merged_001_3100_classified_v3.json
MOEX-103100-2101-Q007,MOEX-103100-2101-Q007,醫學（二）,103,2014,103100,2101,7,moex_med_stage2_detailed_merged_001_3100_classified_v3.json
MOEX-103100-2101-Q008,MOEX-103100-2101-Q008,醫學（二）,103,2014,103100,2101,8,moex_med_stage2_detailed_merged_001_3100_classified_v3.json
MOEX-103100-2101-Q009,MOEX-103100-2101-Q009,醫學（二）,103,2014,103100,2101,9,moex_med_stage2_detailed_merged_001_3100_classified_v3.json
MOEX-103100-2101-Q010,MOEX-103100-2101-Q010,醫學（二）,103,2014,103100,2101,10,moex_med_stage2_detailed_merged_001_3100_classified_v3.json
MOEX-103100-2101-Q011,MOEX-103100-2101-Q011,醫學（二）,103,2014,103100,2101,11,moex_med_stage2_detailed_merged_001_3100_classified_v3.json
MOEX-103100-2101-Q012,MOEX-103100-2101-Q012,醫學（二）,103,2014,103100,2101,12,moex_med_stage2_detailed_merged_001_3100_classified_v3.json
MOEX-103100-2101-Q013,MOEX-103100-2101-Q013,醫學（二）,103,2014,103100,2101,13,moex_med_stage2_detailed_merged_001_3100_classified_v3.json
MOEX-103100-2101-Q014,MOEX-103100-2101-Q014,醫學（二）,103,2014,103100,2101,14,moex_med_stage2_detailed_merged_001_3100_classified_v3.json
MOEX-103100-2101-Q015,MOEX-103100-2101-Q015,醫學（二）,103,2014,103100,2101,15,moex_med_stage2_detailed_merged_001_3100_classified_v3.json
MOEX-103100-2101-Q016,MOEX-103100-2101-Q016,醫學（二）,103,2014,103100,2101,16,moex_med_stage2_detailed_merged_001_3100_classified_v3.json
MOEX-103100-2101-Q017,MOEX-103100-2101-Q017,醫學（二）,103,2014,103100,2101,17,moex_med_stage2_detailed_merged_001_3100_classified_v3.json
MOEX-103100-2101-Q018,MOEX-103100-2101-Q018,醫學（二）,103,2014,103100,2101,18,moex_med_stage2_detailed_merged_001_3100_classified_v3.json
MOEX-103100-2101-Q019,MOEX-103100-2101-Q019,醫學（二）,103,2014,103100,2101,19,moex_med_stage2_detailed_merged_001_3100_classified_v3.json
MOEX-103100-2101-Q020,MOEX-103100-2101-Q020,醫學（二）,103,2014,103100,2101,20,moex_med_stage2_detailed_merged_001_3100_classified_v3.json
MOEX-103100-2101-Q021,MOEX-103100-2101-Q021,醫學（二）,103,2014,103100,2101,21,moex_med_stage2_detailed_merged_001_3100_classified_v3.json
MOEX-103100-2101-Q022,MOEX-103100-2101-Q022,醫學（二）,103,2014,103100,2101,22,moex_med_stage2_detailed_merged_001_3100_classified_v3.json
MOEX-103100-2101-Q023,MOEX-103100-2101-Q023,醫學（二）,103,2014,103100,2101,23,moex_med_stage2_detailed_merged_001_3100_classified_v3.json
MOEX-103100-2101-Q024,MOEX-103100-2101-Q024,醫學（二）,103,2014,103100,2101,24,moex_med_stage2_detailed_merged_001_3100_classified_v3.json
MOEX-103100-2101-Q025,MOEX-103100-2101-Q025,醫學（二）,103,2014,103100,2101,25,moex_med_stage2_detailed_merged_001_3100_classified_v3.json
MOEX-103100-2101-Q026,MOEX-103100-2101-Q026,醫學（二）,103,2014,103100,2101,26,moex_med_stage2_detailed_merged_001_3100_classified_v3.json
MOEX-103100-2101-Q027,MOEX-103100-2101-Q027,醫學（二）,103,2014,103100,2101,27,moex_med_stage2_detailed_merged_001_3100_classified_v3.json
MOEX-103100-2101-Q028,MOEX-103100-2101-Q028,醫學（二）,103,2014,103100,2101,28,moex_med_stage2_detailed_merged_001_3100_classified_v3.json
MOEX-103100-2101-Q029,MOEX-103100-2101-Q029,醫學（二）,103,2014,103100,2101,29,moex_med_stage2_detailed_merged_001_3100_classified_v3.json
MOEX-103100-2101-Q030,MOEX-103100-2101-Q030,醫學（二）,103,2014,103100,2101,30,moex_med_stage2_detailed_merged_001_3100_classified_v3.json
MOEX-103100-2101-Q031,MOEX-103100-2101-Q031,醫學（二）,103,2014,103100,2101,31,moex_med_stage2_detailed_merged_001_3100_classified_v3.json
MOEX-103100-2101-Q032,MOEX-103100-2101-Q032,醫學（二）,103,2014,103100,2101,32,moex_med_stage2_detailed_merged_001_3100_classified_v3.json
MOEX-103100-2101-Q033,MOEX-103100-2101-Q033,醫學（二）,103,2014,103100,2101,33,moex_med_stage2_detailed_merged_001_3100_classified_v3.json
MOEX-103100-2101-Q034,MOEX-103100-2101-Q034,醫學（二）,103,2014,103100,2101,34,moex_med_stage2_detailed_merged_001_3100_classified_v3.json
MOEX-103100-2101-Q035,MOEX-103100-2101-Q035,醫學（二）,103,2014,103100,2101,35,moex_med_stage2_detailed_merged_001_3100_classified_v3.json
MOEX-103100-2101-Q036,MOEX-103100-2101-Q036,醫學（二）,103,2014,103100,2101,36,moex_med_stage2_detailed_merged_001_3100_classified_v3.json
MOEX-103100-2101-Q037,MOEX-103100-2101-Q037,醫學（二）,103,2014,103100,2101,37,moex_med_stage2_detailed_merged_001_3100_classified_v3.json
MOEX-103100-2101-Q038,MOEX-103100-2101-Q038,醫學（二）,103,2014,103100,2101,38,moex_med_stage2_detailed_merged_001_3100_classified_v3.json
MOEX-103100-2101-Q039,MOEX-103100-2101-Q039,醫學（二）,103,2014,103100,2101,39,moex_med_stage2_detailed_merged_001_3100_classified_v3.json
MOEX-103100-2101-Q040,MOEX-103100-2101-Q040,醫學（二）,103,2014,103100,2101,40,moex_med_stage2_detailed_merged_001_3100_classified_v3.json
MOEX-103100-2101-Q041,MOEX-103100-2101-Q041,醫學（二）,103,2014,103100,2101,41,moex_med_stage2_detailed_merged_001_3100_classified_v3.json
MOEX-103100-2101-Q042,MOEX-103100-2101-Q042,醫學（二）,103,2014,103100,2101,42,moex_med_stage2_detailed_merged_001_3100_classified_v3.json
MOEX-103100-2101-Q043,MOEX-103100-2101-Q043,醫學（二）,103,2014,103100,2101,43,moex_med_stage2_detailed_merged_001_3100_classified_v3.json
MOEX-103100-2101-Q044,MOEX-103100-2101-Q044,醫學（二）,103,2014,103100,2101,44,moex_med_stage2_detailed_merged_001_3100_classified_v3.json
MOEX-103100-2101-Q045,MOEX-103100-2101-Q045,醫學（二）,103,2014,103100,2101,45,moex_med_stage2_detailed_merged_001_3100_classified_v3.json
MOEX-103100-2101-Q046,MOEX-103100-2101-Q046,醫學（二）,103,2014,103100,2101,46,moex_med_stage2_detailed_merged_001_3100_classified_v3.json
MOEX-103100-2101-Q047,MOEX-103100-2101-Q047,醫學（二）,103,2014,103100,2101,47,moex_med_stage2_detailed_merged_001_3100_classified_v3.json
MOEX-103100-2101-Q048,MOEX-103100-2101-Q048,醫學（二）,103,2014,103100,2101,48,moex_med_stage2_detailed_merged_001_3100_classified_v3.json
MOEX-103100-2101-Q049,MOEX-103100-2101-Q049,醫學（二）,103,2014,103100,2101,49,moex_med_stage2_detailed_merged_001_3100_classified_v3.json
MOEX-103100-2101-Q050,MOEX-103100-2101-Q050,醫學（二）,103,2014,103100,2101,50,moex_med_stage2_detailed_merged_001_3100_classified_v3.json
MOEX-103100-2101-Q051,MOEX-103100-2101-Q051,醫學（二）,103,2014,103100,2101,51,moex_med_stage2_detailed_merged_001_3100_classified_v3.json
MOEX-103100-2101-Q052,MOEX-103100-2101-Q052,醫學（二）,103,2014,103100,2101,52,moex_med_stage2_detailed_merged_001_3100_classified_v3.json
MOEX-103100-2101-Q053,MOEX-103100-2101-Q053,醫學（二）,103,2014,103100,2101,53,moex_med_stage2_detailed_merged_001_3100_classified_v3.json
MOEX-103100-2101-Q054,MOEX-103100-2101-Q054,醫學（二）,103,2014,103100,2101,54,moex_med_stage2_detailed_merged_001_3100_classified_v3.json
MOEX-103100-2101-Q055,MOEX-103100-2101-Q055,醫學（二）,103,2014,103100,2101,55,moex_med_stage2_detailed_merged_001_3100_classified_v3.json
MOEX-103100-2101-Q056,MOEX-103100-2101-Q056,醫學（二）,103,2014,103100,2101,56,moex_med_stage2_detailed_merged_001_3100_classified_v3.json
MOEX-103100-2101-Q057,MOEX-103100-2101-Q057,醫學（二）,103,2014,103100,2101,57,moex_med_stage2_detailed_merged_001_3100_classified_v3.json
MOEX-103100-2101-Q058,MOEX-103100-2101-Q058,醫學（二）,103,2014,103100,2101,58,moex_med_stage2_detailed_merged_001_3100_classified_v3.json
MOEX-103100-2101-Q059,MOEX-103100-2101-Q059,醫學（二）,103,2014,103100,2101,59,moex_med_stage2_detailed_merged_001_3100_classified_v3.json
MOEX-103100-2101-Q060,MOEX-103100-2101-Q060,醫學（二）,103,2014,103100,2101,60,moex_med_stage2_detailed_merged_001_3100_classified_v3.json
MOEX-103100-2101-Q061,MOEX-103100-2101-Q061,醫學（二）,103,2014,103100,2101,61,moex_med_stage2_detailed_merged_001_3100_classified_v3.json
MOEX-103100-2101-Q062,MOEX-103100-2101-Q062,醫學（二）,103,2014,103100,2101,62,moex_med_stage2_detailed_merged_001_3100_classified_v3.json
MOEX-103100-2101-Q063,MOEX-103100-2101-Q063,醫學（二）,103,2014,103100,2101,63,moex_med_stage2_detailed_merged_001_3100_classified_v3.json
MOEX-103100-2101-Q064,MOEX-103100-2101-Q064,醫學（二）,103,2014,103100,2101,64,moex_med_stage2_detailed_merged_001_3100_classified_v3.json
MOEX-103100-2101-Q065,MOEX-103100-2101-Q065,醫學（二）,103,2014,103100,2101,65,moex_med_stage2_detailed_merged_001_3100_classified_v3.json
MOEX-103100-2101-Q066,MOEX-103100-2101-Q066,醫學（二）,103,2014,103100,2101,66,moex_med_stage2_detailed_merged_001_3100_classified_v3.json
MOEX-103100-2101-Q067,MOEX-103100-2101-Q067,醫學（二）,103,2014,103100,2101,67,moex_med_stage2_detailed_merged_001_3100_classified_v3.json
MOEX-103100-2101-Q068,MOEX-103100-2101-Q068,醫學（二）,103,2014,103100,2101,68,moex_med_stage2_detailed_merged_001_3100_classified_v3.json
MOEX-103100-2101-Q069,MOEX-103100-2101-Q069,醫學（二）,103,2014,103100,2101,69,moex_med_stage2_detailed_merged_001_3100_classified_v3.json
MOEX-103100-2101-Q070,MOEX-103100-2101-Q070,醫學（二）,103,2014,103100,2101,70,moex_med_stage2_detailed_merged_001_3100_classified_v3.json
MOEX-103100-2101-Q071,MOEX-103100-2101-Q071,醫學（二）,103,2014,103100,2101,71,moex_med_stage2_detailed_merged_001_3100_classified_v3.json
MOEX-103100-2101-Q072,MOEX-103100-2101-Q072,醫學（二）,103,2014,103100,2101,72,moex_med_stage2_detailed_merged_001_3100_classified_v3.json
MOEX-103100-2101-Q073,MOEX-103100-2101-Q073,醫學（二）,103,2014,103100,2101,73,moex_med_stage2_detailed_merged_001_3100_classified_v3.json
MOEX-103100-2101-Q074,MOEX-103100-2101-Q074,醫學（二）,103,2014,103100,2101,74,moex_med_stage2_detailed_merged_001_3100_classified_v3.json
MOEX-103100-2101-Q075,MOEX-103100-2101-Q075,醫學（二）,103,2014,103100,2101,75,moex_med_stage2_detailed_merged_001_3100_classified_v3.json
MOEX-103100-2101-Q076,MOEX-103100-2101-Q076,醫學（二）,103,2014,103100,2101,76,moex_med_stage2_detailed_merged_001_3100_classified_v3.json
MOEX-103100-2101-Q077,MOEX-103100-2101-Q077,醫學（二）,103,2014,103100,2101,77,moex_med_stage2_detailed_merged_001_3100_classified_v3.json
MOEX-103100-2101-Q078,MOEX-103100-2101-Q078,醫學（二）,103,2014,103100,2101,78,moex_med_stage2_detailed_merged_001_3100_classified_v3.json
MOEX-103100-2101-Q079,MOEX-103100-2101-Q079,醫學（二）,103,2014,103100,2101,79,moex_med_stage2_detailed_merged_001_3100_classified_v3.json
MOEX-103100-2101-Q080,MOEX-103100-2101-Q080,醫學（二）,103,2014,103100,2101,80,moex_med_stage2_detailed_merged_001_3100_classified_v3.json
MOEX-103100-2101-Q081,MOEX-103100-2101-Q081,醫學（二）,103,2014,103100,2101,81,moex_med_stage2_detailed_merged_001_3100_classified_v3.json
MOEX-103100-2101-Q082,MOEX-103100-2101-Q082,醫學（二）,103,2014,103100,2101,82,moex_med_stage2_detailed_merged_001_3100_classified_v3.json
MOEX-103100-2101-Q083,MOEX-103100-2101-Q083,醫學（二）,103,2014,103100,2101,83,moex_med_stage2_detailed_merged_001_3100_classified_v3.json
MOEX-103100-2101-Q084,MOEX-103100-2101-Q084,醫學（二）,103,2014,103100,2101,84,moex_med_stage2_detailed_merged_001_3100_classified_v3.json
MOEX-103100-2101-Q085,MOEX-103100-2101-Q085,醫學（二）,103,2014,103100,2101,85,moex_med_stage2_detailed_merged_001_3100_classified_v3.json
MOEX-103100-2101-Q086,MOEX-103100-2101-Q086,醫學（二）,103,2014,103100,2101,86,moex_med_stage2_detailed_merged_001_3100_classified_v3.json
MOEX-103100-2101-Q087,MOEX-103100-2101-Q087,醫學（二）,103,2014,103100,2101,87,moex_med_stage2_detailed_merged_001_3100_classified_v3.json
MOEX-103100-2101-Q088,MOEX-103100-2101-Q088,醫學（二）,103,2014,103100,2101,88,moex_med_stage2_detailed_merged_001_3100_classified_v3.json
MOEX-103100-2101-Q089,MOEX-103100-2101-Q089,醫學（二）,103,2014,103100,2101,89,moex_med_stage2_detailed_merged_001_3100_classified_v3.json
MOEX-103100-2101-Q090,MOEX-103100-2101-Q090,醫學（二）,103,2014,103100,2101,90,moex_med_stage2_detailed_merged_001_3100_classified_v3.json
MOEX-103100-2101-Q091,MOEX-103100-2101-Q091,醫學（二）,103,2014,103100,2101,91,moex_med_stage2_detailed_merged_001_3100_classified_v3.json
MOEX-103100-2101-Q092,MOEX-103100-2101-Q092,醫學（二）,103,2014,103100,2101,92,moex_med_stage2_detailed_merged_001_3100_classified_v3.json
MOEX-103100-2101-Q093,MOEX-103100-2101-Q093,醫學（二）,103,2014,103100,2101,93,moex_med_stage2_detailed_merged_001_3100_classified_v3.json
MOEX-103100-2101-Q094,MOEX-103100-2101-Q094,醫學（二）,103,2014,103100,2101,94,moex_med_stage2_detailed_merged_001_3100_classified_v3.json
MOEX-103100-2101-Q095,MOEX-103100-2101-Q095,醫學（二）,103,2014,103100,2101,95,moex_med_stage2_detailed_merged_001_3100_classified_v3.json
MOEX-103100-2101-Q096,MOEX-103100-2101-Q096,醫學（二）,103,2014,103100,2101,96,moex_med_stage2_detailed_merged_001_3100_classified_v3.json
MOEX-103100-2101-Q097,MOEX-103100-2101-Q097,醫學（二）,103,2014,103100,2101,97,moex_med_stage2_detailed_merged_001_3100_classified_v3.json
MOEX-103100-2101-Q098,MOEX-103100-2101-Q098,醫學（二）,103,2014,103100,2101,98,moex_med_stage2_detailed_merged_001_3100_classified_v3.json
MOEX-103100-2101-Q099,MOEX-103100-2101-Q099,醫學（二）,103,2014,103100,2101,99,moex_med_stage2_detailed_merged_001_3100_classified_v3.json
MOEX-103100-2101-Q100,MOEX-103100-2101-Q100,醫學（二）,103,2014,103100,2101,100,moex_med_stage2_detailed_merged_001_3100_classified_v3.json
MOEX-104030-1101-Q001,MOEX-104030-1101-Q001,醫學（一）,104,2015,104030,1101,1,anatomyQuestions.ts
MOEX-104030-1101-Q002,MOEX-104030-1101-Q002,醫學（一）,104,2015,104030,1101,2,anatomyQuestions.ts
MOEX-104030-1101-Q003,MOEX-104030-1101-Q003,醫學（一）,104,2015,104030,1101,3,anatomyQuestions.ts
MOEX-104030-1101-Q004,MOEX-104030-1101-Q004,醫學（一）,104,2015,104030,1101,4,anatomyQuestions.ts
MOEX-104030-1101-Q005,MOEX-104030-1101-Q005,醫學（一）,104,2015,104030,1101,5,anatomyQuestions.ts
MOEX-104030-1101-Q006,MOEX-104030-1101-Q006,醫學（一）,104,2015,104030,1101,6,anatomyQuestions.ts
MOEX-104030-1101-Q007,MOEX-104030-1101-Q007,醫學（一）,104,2015,104030,1101,7,anatomyQuestions.ts
MOEX-104030-1101-Q008,moex-med1-supplement-v5-104030-1101-008,醫學（一）,104,2015,104030,1101,8,moex_med1_requested_71_questions_detailed_patch_v5.ts
MOEX-104030-1101-Q009,MOEX-104030-1101-Q009,醫學（一）,104,2015,104030,1101,9,anatomyQuestions.ts
MOEX-104030-1101-Q010,MOEX-104030-1101-Q010,醫學（一）,104,2015,104030,1101,10,anatomyQuestions.ts
MOEX-104030-1101-Q011,MOEX-104030-1101-Q011,醫學（一）,104,2015,104030,1101,11,anatomyQuestions.ts
MOEX-104030-1101-Q012,MOEX-104030-1101-Q012,醫學（一）,104,2015,104030,1101,12,anatomyQuestions.ts
MOEX-104030-1101-Q013,MOEX-104030-1101-Q013,醫學（一）,104,2015,104030,1101,13,anatomyQuestions.ts
MOEX-104030-1101-Q014,MOEX-104030-1101-Q014,醫學（一）,104,2015,104030,1101,14,anatomyQuestions.ts
MOEX-104030-1101-Q015,MOEX-104030-1101-Q015,醫學（一）,104,2015,104030,1101,15,anatomyQuestions.ts
MOEX-104030-1101-Q016,MOEX-104030-1101-Q016,醫學（一）,104,2015,104030,1101,16,moex_med1_remaining_detailed_v4_merged_001_1827.ts
MOEX-104030-1101-Q017,MOEX-104030-1101-Q017,醫學（一）,104,2015,104030,1101,17,moex_med1_remaining_detailed_v4_merged_001_1827.ts
MOEX-104030-1101-Q018,MOEX-104030-1101-Q018,醫學（一）,104,2015,104030,1101,18,moex_med1_remaining_detailed_v4_merged_001_1827.ts
MOEX-104030-1101-Q019,MOEX-104030-1101-Q019,醫學（一）,104,2015,104030,1101,19,moex_med1_remaining_detailed_v4_merged_001_1827.ts
MOEX-104030-1101-Q020,MOEX-104030-1101-Q020,醫學（一）,104,2015,104030,1101,20,moex_med1_remaining_detailed_v4_merged_001_1827.ts
MOEX-104030-1101-Q021,MOEX-104030-1101-Q021,醫學（一）,104,2015,104030,1101,21,anatomyQuestions.ts
MOEX-104030-1101-Q022,MOEX-104030-1101-Q022,醫學（一）,104,2015,104030,1101,22,anatomyQuestions.ts
MOEX-104030-1101-Q023,MOEX-104030-1101-Q023,醫學（一）,104,2015,104030,1101,23,anatomyQuestions.ts
MOEX-104030-1101-Q024,MOEX-104030-1101-Q024,醫學（一）,104,2015,104030,1101,24,anatomyQuestions.ts
MOEX-104030-1101-Q025,MOEX-104030-1101-Q025,醫學（一）,104,2015,104030,1101,25,anatomyQuestions.ts
MOEX-104030-1101-Q026,MOEX-104030-1101-Q026,醫學（一）,104,2015,104030,1101,26,anatomyQuestions.ts
MOEX-104030-1101-Q027,MOEX-104030-1101-Q027,醫學（一）,104,2015,104030,1101,27,anatomyQuestions.ts
MOEX-104030-1101-Q028,MOEX-104030-1101-Q028,醫學（一）,104,2015,104030,1101,28,anatomyQuestions.ts
MOEX-104030-1101-Q029,MOEX-104030-1101-Q029,醫學（一）,104,2015,104030,1101,29,anatomyQuestions.ts
MOEX-104030-1101-Q030,MOEX-104030-1101-Q030,醫學（一）,104,2015,104030,1101,30,moex_med1_remaining_detailed_v4_merged_001_1827.ts
MOEX-104030-1101-Q031,MOEX-104030-1101-Q031,醫學（一）,104,2015,104030,1101,31,moex_med1_remaining_detailed_v4_merged_001_1827.ts
MOEX-104030-1101-Q032,MOEX-104030-1101-Q032,醫學（一）,104,2015,104030,1101,32,anatomyQuestions.ts
MOEX-104030-1101-Q033,MOEX-104030-1101-Q033,醫學（一）,104,2015,104030,1101,33,moex_med1_remaining_detailed_v4_merged_001_1827.ts
MOEX-104030-1101-Q034,MOEX-104030-1101-Q034,醫學（一）,104,2015,104030,1101,34,moex_med1_remaining_detailed_v4_merged_001_1827.ts
MOEX-104030-1101-Q035,MOEX-104030-1101-Q035,醫學（一）,104,2015,104030,1101,35,moex_med1_remaining_detailed_v4_merged_001_1827.ts
MOEX-104030-1101-Q036,MOEX-104030-1101-Q036,醫學（一）,104,2015,104030,1101,36,moex_med1_remaining_detailed_v4_merged_001_1827.ts
MOEX-104030-1101-Q037,MOEX-104030-1101-Q037,醫學（一）,104,2015,104030,1101,37,moex_med1_remaining_detailed_v4_merged_001_1827.ts
MOEX-104030-1101-Q038,MOEX-104030-1101-Q038,醫學（一）,104,2015,104030,1101,38,moex_med1_remaining_detailed_v4_merged_001_1827.ts
MOEX-104030-1101-Q039,MOEX-104030-1101-Q039,醫學（一）,104,2015,104030,1101,39,moex_med1_remaining_detailed_v4_merged_001_1827.ts
MOEX-104030-1101-Q040,MOEX-104030-1101-Q040,醫學（一）,104,2015,104030,1101,40,moex_med1_remaining_detailed_v4_merged_001_1827.ts
MOEX-104030-1101-Q041,MOEX-104030-1101-Q041,醫學（一）,104,2015,104030,1101,41,moex_med1_remaining_detailed_v4_merged_001_1827.ts
MOEX-104030-1101-Q042,MOEX-104030-1101-Q042,醫學（一）,104,2015,104030,1101,42,moex_med1_remaining_detailed_v4_merged_001_1827.ts
MOEX-104030-1101-Q043,MOEX-104030-1101-Q043,醫學（一）,104,2015,104030,1101,43,moex_med1_remaining_detailed_v4_merged_001_1827.ts
MOEX-104030-1101-Q044,MOEX-104030-1101-Q044,醫學（一）,104,2015,104030,1101,44,moex_med1_remaining_detailed_v4_merged_001_1827.ts
MOEX-104030-1101-Q045,MOEX-104030-1101-Q045,醫學（一）,104,2015,104030,1101,45,moex_med1_remaining_detailed_v4_merged_001_1827.ts
MOEX-104030-1101-Q046,MOEX-104030-1101-Q046,醫學（一）,104,2015,104030,1101,46,moex_med1_remaining_detailed_v4_merged_001_1827.ts
MOEX-104030-1101-Q047,MOEX-104030-1101-Q047,醫學（一）,104,2015,104030,1101,47,moex_med1_remaining_detailed_v4_merged_001_1827.ts
MOEX-104030-1101-Q048,MOEX-104030-1101-Q048,醫學（一）,104,2015,104030,1101,48,moex_med1_remaining_detailed_v4_merged_001_1827.ts
MOEX-104030-1101-Q049,MOEX-104030-1101-Q049,醫學（一）,104,2015,104030,1101,49,moex_med1_remaining_detailed_v4_merged_001_1827.ts
MOEX-104030-1101-Q050,MOEX-104030-1101-Q050,醫學（一）,104,2015,104030,1101,50,moex_med1_remaining_detailed_v4_merged_001_1827.ts
MOEX-104030-1101-Q051,MOEX-104030-1101-Q051,醫學（一）,104,2015,104030,1101,51,moex_med1_remaining_detailed_v4_merged_001_1827.ts
MOEX-104030-1101-Q052,MOEX-104030-1101-Q052,醫學（一）,104,2015,104030,1101,52,moex_med1_remaining_detailed_v4_merged_001_1827.ts
MOEX-104030-1101-Q053,MOEX-104030-1101-Q053,醫學（一）,104,2015,104030,1101,53,moex_med1_remaining_detailed_v4_merged_001_1827.ts
MOEX-104030-1101-Q054,MOEX-104030-1101-Q054,醫學（一）,104,2015,104030,1101,54,moex_med1_remaining_detailed_v4_merged_001_1827.ts
MOEX-104030-1101-Q055,MOEX-104030-1101-Q055,醫學（一）,104,2015,104030,1101,55,moex_med1_remaining_detailed_v4_merged_001_1827.ts
MOEX-104030-1101-Q056,MOEX-104030-1101-Q056,醫學（一）,104,2015,104030,1101,56,moex_med1_remaining_detailed_v4_merged_001_1827.ts
MOEX-104030-1101-Q057,MOEX-104030-1101-Q057,醫學（一）,104,2015,104030,1101,57,moex_med1_remaining_detailed_v4_merged_001_1827.ts
MOEX-104030-1101-Q058,MOEX-104030-1101-Q058,醫學（一）,104,2015,104030,1101,58,moex_med1_remaining_detailed_v4_merged_001_1827.ts
MOEX-104030-1101-Q059,MOEX-104030-1101-Q059,醫學（一）,104,2015,104030,1101,59,moex_med1_remaining_detailed_v4_merged_001_1827.ts
MOEX-104030-1101-Q060,MOEX-104030-1101-Q060,醫學（一）,104,2015,104030,1101,60,moex_med1_remaining_detailed_v4_merged_001_1827.ts
MOEX-104030-1101-Q061,MOEX-104030-1101-Q061,醫學（一）,104,2015,104030,1101,61,moex_med1_remaining_detailed_v4_merged_001_1827.ts
MOEX-104030-1101-Q062,MOEX-104030-1101-Q062,醫學（一）,104,2015,104030,1101,62,moex_med1_remaining_detailed_v4_merged_001_1827.ts
MOEX-104030-1101-Q063,MOEX-104030-1101-Q063,醫學（一）,104,2015,104030,1101,63,moex_med1_remaining_detailed_v4_merged_001_1827.ts
MOEX-104030-1101-Q064,MOEX-104030-1101-Q064,醫學（一）,104,2015,104030,1101,64,moex_med1_remaining_detailed_v4_merged_001_1827.ts
MOEX-104030-1101-Q065,MOEX-104030-1101-Q065,醫學（一）,104,2015,104030,1101,65,moex_med1_remaining_detailed_v4_merged_001_1827.ts
MOEX-104030-1101-Q066,MOEX-104030-1101-Q066,醫學（一）,104,2015,104030,1101,66,moex_med1_remaining_detailed_v4_merged_001_1827.ts
MOEX-104030-1101-Q067,MOEX-104030-1101-Q067,醫學（一）,104,2015,104030,1101,67,moex_med1_remaining_detailed_v4_merged_001_1827.ts
MOEX-104030-1101-Q068,MOEX-104030-1101-Q068,醫學（一）,104,2015,104030,1101,68,moex_med1_remaining_detailed_v4_merged_001_1827.ts
MOEX-104030-1101-Q069,MOEX-104030-1101-Q069,醫學（一）,104,2015,104030,1101,69,moex_med1_remaining_detailed_v4_merged_001_1827.ts
MOEX-104030-1101-Q070,MOEX-104030-1101-Q070,醫學（一）,104,2015,104030,1101,70,moex_med1_remaining_detailed_v4_merged_001_1827.ts
MOEX-104030-1101-Q071,MOEX-104030-1101-Q071,醫學（一）,104,2015,104030,1101,71,moex_med1_remaining_detailed_v4_merged_001_1827.ts
MOEX-104030-1101-Q072,MOEX-104030-1101-Q072,醫學（一）,104,2015,104030,1101,72,moex_med1_remaining_detailed_v4_merged_001_1827.ts
MOEX-104030-1101-Q073,MOEX-104030-1101-Q073,醫學（一）,104,2015,104030,1101,73,moex_med1_remaining_detailed_v4_merged_001_1827.ts
MOEX-104030-1101-Q074,MOEX-104030-1101-Q074,醫學（一）,104,2015,104030,1101,74,moex_med1_remaining_detailed_v4_merged_001_1827.ts
MOEX-104030-1101-Q075,MOEX-104030-1101-Q075,醫學（一）,104,2015,104030,1101,75,moex_med1_remaining_detailed_v4_merged_001_1827.ts
MOEX-104030-1101-Q076,MOEX-104030-1101-Q076,醫學（一）,104,2015,104030,1101,76,moex_med1_remaining_detailed_v4_merged_001_1827.ts
MOEX-104030-1101-Q077,MOEX-104030-1101-Q077,醫學（一）,104,2015,104030,1101,77,moex_med1_remaining_detailed_v4_merged_001_1827.ts
MOEX-104030-1101-Q078,MOEX-104030-1101-Q078,醫學（一）,104,2015,104030,1101,78,moex_med1_remaining_detailed_v4_merged_001_1827.ts
MOEX-104030-1101-Q079,MOEX-104030-1101-Q079,醫學（一）,104,2015,104030,1101,79,moex_med1_remaining_detailed_v4_merged_001_1827.ts
MOEX-104030-1101-Q080,MOEX-104030-1101-Q080,醫學（一）,104,2015,104030,1101,80,moex_med1_remaining_detailed_v4_merged_001_1827.ts
MOEX-104030-1101-Q081,MOEX-104030-1101-Q081,醫學（一）,104,2015,104030,1101,81,moex_med1_remaining_detailed_v4_merged_001_1827.ts
MOEX-104030-1101-Q082,MOEX-104030-1101-Q082,醫學（一）,104,2015,104030,1101,82,moex_med1_remaining_detailed_v4_merged_001_1827.ts
MOEX-104030-1101-Q083,MOEX-104030-1101-Q083,醫學（一）,104,2015,104030,1101,83,moex_med1_remaining_detailed_v4_merged_001_1827.ts
MOEX-104030-1101-Q084,MOEX-104030-1101-Q084,醫學（一）,104,2015,104030,1101,84,moex_med1_remaining_detailed_v4_merged_001_1827.ts
MOEX-104030-1101-Q085,MOEX-104030-1101-Q085,醫學（一）,104,2015,104030,1101,85,anatomyQuestions.ts
MOEX-104030-1101-Q086,MOEX-104030-1101-Q086,醫學（一）,104,2015,104030,1101,86,moex_med1_remaining_detailed_v4_merged_001_1827.ts
MOEX-104030-1101-Q087,MOEX-104030-1101-Q087,醫學（一）,104,2015,104030,1101,87,moex_med1_remaining_detailed_v4_merged_001_1827.ts
MOEX-104030-1101-Q088,MOEX-104030-1101-Q088,醫學（一）,104,2015,104030,1101,88,moex_med1_remaining_detailed_v4_merged_001_1827.ts
MOEX-104030-1101-Q089,MOEX-104030-1101-Q089,醫學（一）,104,2015,104030,1101,89,moex_med1_remaining_detailed_v4_merged_001_1827.ts
MOEX-104030-1101-Q090,MOEX-104030-1101-Q090,醫學（一）,104,2015,104030,1101,90,moex_med1_remaining_detailed_v4_merged_001_1827.ts
MOEX-104030-1101-Q091,MOEX-104030-1101-Q091,醫學（一）,104,2015,104030,1101,91,moex_med1_remaining_detailed_v4_merged_001_1827.ts
MOEX-104030-1101-Q092,MOEX-104030-1101-Q092,醫學（一）,104,2015,104030,1101,92,moex_med1_remaining_detailed_v4_merged_001_1827.ts
MOEX-104030-1101-Q093,MOEX-104030-1101-Q093,醫學（一）,104,2015,104030,1101,93,moex_med1_remaining_detailed_v4_merged_001_1827.ts
MOEX-104030-1101-Q094,MOEX-104030-1101-Q094,醫學（一）,104,2015,104030,1101,94,moex_med1_remaining_detailed_v4_merged_001_1827.ts
MOEX-104030-1101-Q095,MOEX-104030-1101-Q095,醫學（一）,104,2015,104030,1101,95,anatomyQuestions.ts
MOEX-104030-1101-Q096,MOEX-104030-1101-Q096,醫學（一）,104,2015,104030,1101,96,moex_med1_remaining_detailed_v4_merged_001_1827.ts
MOEX-104030-1101-Q097,MOEX-104030-1101-Q097,醫學（一）,104,2015,104030,1101,97,moex_med1_remaining_detailed_v4_merged_001_1827.ts
MOEX-104030-1101-Q098,MOEX-104030-1101-Q098,醫學（一）,104,2015,104030,1101,98,moex_med1_remaining_detailed_v4_merged_001_1827.ts
MOEX-104030-1101-Q099,MOEX-104030-1101-Q099,醫學（一）,104,2015,104030,1101,99,moex_med1_remaining_detailed_v4_merged_001_1827.ts
MOEX-104030-1101-Q100,MOEX-104030-1101-Q100,醫學（一）,104,2015,104030,1101,100,moex_med1_remaining_detailed_v4_merged_001_1827.ts
MOEX-104090-5301-Q001,MOEX-104090-5301-Q001,醫學（一）,104,2015,104090,5301,1,anatomyQuestions.ts
MOEX-104090-5301-Q002,MOEX-104090-5301-Q002,醫學（一）,104,2015,104090,5301,2,anatomyQuestions.ts
MOEX-104090-5301-Q003,MOEX-104090-5301-Q003,醫學（一）,104,2015,104090,5301,3,moex_med1_remaining_detailed_v4_merged_001_1827.ts
MOEX-104090-5301-Q004,MOEX-104090-5301-Q004,醫學（一）,104,2015,104090,5301,4,anatomyQuestions.ts
MOEX-104090-5301-Q005,MOEX-104090-5301-Q005,醫學（一）,104,2015,104090,5301,5,moex_med1_remaining_detailed_v4_merged_001_1827.ts
MOEX-104090-5301-Q006,MOEX-104090-5301-Q006,醫學（一）,104,2015,104090,5301,6,anatomyQuestions.ts
MOEX-104090-5301-Q007,MOEX-104090-5301-Q007,醫學（一）,104,2015,104090,5301,7,moex_med1_remaining_detailed_v4_merged_001_1827.ts
MOEX-104090-5301-Q008,MOEX-104090-5301-Q008,醫學（一）,104,2015,104090,5301,8,moex_med1_remaining_detailed_v4_merged_001_1827.ts
MOEX-104090-5301-Q009,MOEX-104090-5301-Q009,醫學（一）,104,2015,104090,5301,9,moex_med1_remaining_detailed_v4_merged_001_1827.ts
MOEX-104090-5301-Q010,MOEX-104090-5301-Q010,醫學（一）,104,2015,104090,5301,10,anatomyQuestions.ts
MOEX-104090-5301-Q011,MOEX-104090-5301-Q011,醫學（一）,104,2015,104090,5301,11,anatomyQuestions.ts
MOEX-104090-5301-Q012,MOEX-104090-5301-Q012,醫學（一）,104,2015,104090,5301,12,anatomyQuestions.ts
MOEX-104090-5301-Q013,MOEX-104090-5301-Q013,醫學（一）,104,2015,104090,5301,13,anatomyQuestions.ts
MOEX-104090-5301-Q014,MOEX-104090-5301-Q014,醫學（一）,104,2015,104090,5301,14,anatomyQuestions.ts
MOEX-104090-5301-Q015,MOEX-104090-5301-Q015,醫學（一）,104,2015,104090,5301,15,anatomyQuestions.ts
MOEX-104090-5301-Q016,MOEX-104090-5301-Q016,醫學（一）,104,2015,104090,5301,16,anatomyQuestions.ts
MOEX-104090-5301-Q017,MOEX-104090-5301-Q017,醫學（一）,104,2015,104090,5301,17,moex_med1_remaining_detailed_v4_merged_001_1827.ts
MOEX-104090-5301-Q018,MOEX-104090-5301-Q018,醫學（一）,104,2015,104090,5301,18,anatomyQuestions.ts
MOEX-104090-5301-Q019,MOEX-104090-5301-Q019,醫學（一）,104,2015,104090,5301,19,moex_med1_remaining_detailed_v4_merged_001_1827.ts
MOEX-104090-5301-Q020,MOEX-104090-5301-Q020,醫學（一）,104,2015,104090,5301,20,anatomyQuestions.ts
MOEX-104090-5301-Q021,MOEX-104090-5301-Q021,醫學（一）,104,2015,104090,5301,21,anatomyQuestions.ts
MOEX-104090-5301-Q022,MOEX-104090-5301-Q022,醫學（一）,104,2015,104090,5301,22,anatomyQuestions.ts
MOEX-104090-5301-Q023,MOEX-104090-5301-Q023,醫學（一）,104,2015,104090,5301,23,anatomyQuestions.ts
MOEX-104090-5301-Q024,MOEX-104090-5301-Q024,醫學（一）,104,2015,104090,5301,24,anatomyQuestions.ts
MOEX-104090-5301-Q025,MOEX-104090-5301-Q025,醫學（一）,104,2015,104090,5301,25,anatomyQuestions.ts
MOEX-104090-5301-Q026,MOEX-104090-5301-Q026,醫學（一）,104,2015,104090,5301,26,anatomyQuestions.ts
MOEX-104090-5301-Q027,MOEX-104090-5301-Q027,醫學（一）,104,2015,104090,5301,27,anatomyQuestions.ts
MOEX-104090-5301-Q028,MOEX-104090-5301-Q028,醫學（一）,104,2015,104090,5301,28,anatomyQuestions.ts
MOEX-104090-5301-Q029,MOEX-104090-5301-Q029,醫學（一）,104,2015,104090,5301,29,moex_med1_remaining_detailed_v4_merged_001_1827.ts
MOEX-104090-5301-Q030,MOEX-104090-5301-Q030,醫學（一）,104,2015,104090,5301,30,anatomyQuestions.ts
MOEX-104090-5301-Q031,MOEX-104090-5301-Q031,醫學（一）,104,2015,104090,5301,31,anatomyQuestions.ts
MOEX-104090-5301-Q032,MOEX-104090-5301-Q032,醫學（一）,104,2015,104090,5301,32,moex_med1_remaining_detailed_v4_merged_001_1827.ts
MOEX-104090-5301-Q033,MOEX-104090-5301-Q033,醫學（一）,104,2015,104090,5301,33,moex_med1_remaining_detailed_v4_merged_001_1827.ts
MOEX-104090-5301-Q034,MOEX-104090-5301-Q034,醫學（一）,104,2015,104090,5301,34,moex_med1_remaining_detailed_v4_merged_001_1827.ts
MOEX-104090-5301-Q035,MOEX-104090-5301-Q035,醫學（一）,104,2015,104090,5301,35,moex_med1_remaining_detailed_v4_merged_001_1827.ts
MOEX-104090-5301-Q036,MOEX-104090-5301-Q036,醫學（一）,104,2015,104090,5301,36,moex_med1_remaining_detailed_v4_merged_001_1827.ts
MOEX-104090-5301-Q037,MOEX-104090-5301-Q037,醫學（一）,104,2015,104090,5301,37,moex_med1_remaining_detailed_v4_merged_001_1827.ts
MOEX-104090-5301-Q038,MOEX-104090-5301-Q038,醫學（一）,104,2015,104090,5301,38,moex_med1_remaining_detailed_v4_merged_001_1827.ts
MOEX-104090-5301-Q039,MOEX-104090-5301-Q039,醫學（一）,104,2015,104090,5301,39,moex_med1_remaining_detailed_v4_merged_001_1827.ts
MOEX-104090-5301-Q040,MOEX-104090-5301-Q040,醫學（一）,104,2015,104090,5301,40,moex_med1_remaining_detailed_v4_merged_001_1827.ts
MOEX-104090-5301-Q041,MOEX-104090-5301-Q041,醫學（一）,104,2015,104090,5301,41,moex_med1_remaining_detailed_v4_merged_001_1827.ts
MOEX-104090-5301-Q042,MOEX-104090-5301-Q042,醫學（一）,104,2015,104090,5301,42,moex_med1_remaining_detailed_v4_merged_001_1827.ts
MOEX-104090-5301-Q043,MOEX-104090-5301-Q043,醫學（一）,104,2015,104090,5301,43,moex_med1_remaining_detailed_v4_merged_001_1827.ts
MOEX-104090-5301-Q044,MOEX-104090-5301-Q044,醫學（一）,104,2015,104090,5301,44,moex_med1_remaining_detailed_v4_merged_001_1827.ts
MOEX-104090-5301-Q045,MOEX-104090-5301-Q045,醫學（一）,104,2015,104090,5301,45,moex_med1_remaining_detailed_v4_merged_001_1827.ts
MOEX-104090-5301-Q046,MOEX-104090-5301-Q046,醫學（一）,104,2015,104090,5301,46,moex_med1_remaining_detailed_v4_merged_001_1827.ts
MOEX-104090-5301-Q047,MOEX-104090-5301-Q047,醫學（一）,104,2015,104090,5301,47,moex_med1_remaining_detailed_v4_merged_001_1827.ts
MOEX-104090-5301-Q048,MOEX-104090-5301-Q048,醫學（一）,104,2015,104090,5301,48,moex_med1_remaining_detailed_v4_merged_001_1827.ts
MOEX-104090-5301-Q049,MOEX-104090-5301-Q049,醫學（一）,104,2015,104090,5301,49,moex_med1_remaining_detailed_v4_merged_001_1827.ts
MOEX-104090-5301-Q050,MOEX-104090-5301-Q050,醫學（一）,104,2015,104090,5301,50,moex_med1_remaining_detailed_v4_merged_001_1827.ts
MOEX-104090-5301-Q051,MOEX-104090-5301-Q051,醫學（一）,104,2015,104090,5301,51,moex_med1_remaining_detailed_v4_merged_001_1827.ts
MOEX-104090-5301-Q052,MOEX-104090-5301-Q052,醫學（一）,104,2015,104090,5301,52,moex_med1_remaining_detailed_v4_merged_001_1827.ts
MOEX-104090-5301-Q053,MOEX-104090-5301-Q053,醫學（一）,104,2015,104090,5301,53,moex_med1_remaining_detailed_v4_merged_001_1827.ts
MOEX-104090-5301-Q054,MOEX-104090-5301-Q054,醫學（一）,104,2015,104090,5301,54,moex_med1_remaining_detailed_v4_merged_001_1827.ts
MOEX-104090-5301-Q055,MOEX-104090-5301-Q055,醫學（一）,104,2015,104090,5301,55,moex_med1_remaining_detailed_v4_merged_001_1827.ts
MOEX-104090-5301-Q056,MOEX-104090-5301-Q056,醫學（一）,104,2015,104090,5301,56,moex_med1_remaining_detailed_v4_merged_001_1827.ts
MOEX-104090-5301-Q057,MOEX-104090-5301-Q057,醫學（一）,104,2015,104090,5301,57,moex_med1_remaining_detailed_v4_merged_001_1827.ts
MOEX-104090-5301-Q058,MOEX-104090-5301-Q058,醫學（一）,104,2015,104090,5301,58,moex_med1_remaining_detailed_v4_merged_001_1827.ts
MOEX-104090-5301-Q059,MOEX-104090-5301-Q059,醫學（一）,104,2015,104090,5301,59,moex_med1_remaining_detailed_v4_merged_001_1827.ts
MOEX-104090-5301-Q060,MOEX-104090-5301-Q060,醫學（一）,104,2015,104090,5301,60,moex_med1_remaining_detailed_v4_merged_001_1827.ts
MOEX-104090-5301-Q061,MOEX-104090-5301-Q061,醫學（一）,104,2015,104090,5301,61,moex_med1_remaining_detailed_v4_merged_001_1827.ts
MOEX-104090-5301-Q062,MOEX-104090-5301-Q062,醫學（一）,104,2015,104090,5301,62,moex_med1_remaining_detailed_v4_merged_001_1827.ts
MOEX-104090-5301-Q063,MOEX-104090-5301-Q063,醫學（一）,104,2015,104090,5301,63,moex_med1_remaining_detailed_v4_merged_001_1827.ts
MOEX-104090-5301-Q064,MOEX-104090-5301-Q064,醫學（一）,104,2015,104090,5301,64,moex_med1_remaining_detailed_v4_merged_001_1827.ts
MOEX-104090-5301-Q065,MOEX-104090-5301-Q065,醫學（一）,104,2015,104090,5301,65,anatomyQuestions.ts
MOEX-104090-5301-Q066,MOEX-104090-5301-Q066,醫學（一）,104,2015,104090,5301,66,moex_med1_remaining_detailed_v4_merged_001_1827.ts
MOEX-104090-5301-Q067,MOEX-104090-5301-Q067,醫學（一）,104,2015,104090,5301,67,moex_med1_remaining_detailed_v4_merged_001_1827.ts
MOEX-104090-5301-Q068,MOEX-104090-5301-Q068,醫學（一）,104,2015,104090,5301,68,moex_med1_remaining_detailed_v4_merged_001_1827.ts
MOEX-104090-5301-Q069,MOEX-104090-5301-Q069,醫學（一）,104,2015,104090,5301,69,moex_med1_remaining_detailed_v4_merged_001_1827.ts
MOEX-104090-5301-Q070,MOEX-104090-5301-Q070,醫學（一）,104,2015,104090,5301,70,moex_med1_remaining_detailed_v4_merged_001_1827.ts
MOEX-104090-5301-Q071,MOEX-104090-5301-Q071,醫學（一）,104,2015,104090,5301,71,moex_med1_remaining_detailed_v4_merged_001_1827.ts
MOEX-104090-5301-Q072,MOEX-104090-5301-Q072,醫學（一）,104,2015,104090,5301,72,moex_med1_remaining_detailed_v4_merged_001_1827.ts
MOEX-104090-5301-Q073,MOEX-104090-5301-Q073,醫學（一）,104,2015,104090,5301,73,moex_med1_remaining_detailed_v4_merged_001_1827.ts
MOEX-104090-5301-Q074,MOEX-104090-5301-Q074,醫學（一）,104,2015,104090,5301,74,moex_med1_remaining_detailed_v4_merged_001_1827.ts
MOEX-104090-5301-Q075,MOEX-104090-5301-Q075,醫學（一）,104,2015,104090,5301,75,moex_med1_remaining_detailed_v4_merged_001_1827.ts
MOEX-104090-5301-Q076,MOEX-104090-5301-Q076,醫學（一）,104,2015,104090,5301,76,moex_med1_remaining_detailed_v4_merged_001_1827.ts
MOEX-104090-5301-Q077,MOEX-104090-5301-Q077,醫學（一）,104,2015,104090,5301,77,moex_med1_remaining_detailed_v4_merged_001_1827.ts
MOEX-104090-5301-Q078,MOEX-104090-5301-Q078,醫學（一）,104,2015,104090,5301,78,moex_med1_remaining_detailed_v4_merged_001_1827.ts
MOEX-104090-5301-Q079,MOEX-104090-5301-Q079,醫學（一）,104,2015,104090,5301,79,moex_med1_remaining_detailed_v4_merged_001_1827.ts
MOEX-104090-5301-Q080,MOEX-104090-5301-Q080,醫學（一）,104,2015,104090,5301,80,moex_med1_remaining_detailed_v4_merged_001_1827.ts
MOEX-104090-5301-Q081,MOEX-104090-5301-Q081,醫學（一）,104,2015,104090,5301,81,moex_med1_remaining_detailed_v4_merged_001_1827.ts
MOEX-104090-5301-Q082,MOEX-104090-5301-Q082,醫學（一）,104,2015,104090,5301,82,moex_med1_remaining_detailed_v4_merged_001_1827.ts
MOEX-104090-5301-Q083,MOEX-104090-5301-Q083,醫學（一）,104,2015,104090,5301,83,moex_med1_remaining_detailed_v4_merged_001_1827.ts
MOEX-104090-5301-Q084,MOEX-104090-5301-Q084,醫學（一）,104,2015,104090,5301,84,moex_med1_remaining_detailed_v4_merged_001_1827.ts
MOEX-104090-5301-Q085,MOEX-104090-5301-Q085,醫學（一）,104,2015,104090,5301,85,moex_med1_remaining_detailed_v4_merged_001_1827.ts
MOEX-104090-5301-Q086,MOEX-104090-5301-Q086,醫學（一）,104,2015,104090,5301,86,moex_med1_remaining_detailed_v4_merged_001_1827.ts
MOEX-104090-5301-Q087,MOEX-104090-5301-Q087,醫學（一）,104,2015,104090,5301,87,moex_med1_remaining_detailed_v4_merged_001_1827.ts
MOEX-104090-5301-Q088,MOEX-104090-5301-Q088,醫學（一）,104,2015,104090,5301,88,anatomyQuestions.ts
MOEX-104090-5301-Q089,MOEX-104090-5301-Q089,醫學（一）,104,2015,104090,5301,89,moex_med1_remaining_detailed_v4_merged_001_1827.ts
MOEX-104090-5301-Q090,MOEX-104090-5301-Q090,醫學（一）,104,2015,104090,5301,90,anatomyQuestions.ts
MOEX-104090-5301-Q091,MOEX-104090-5301-Q091,醫學（一）,104,2015,104090,5301,91,moex_med1_remaining_detailed_v4_merged_001_1827.ts
MOEX-104090-5301-Q092,MOEX-104090-5301-Q092,醫學（一）,104,2015,104090,5301,92,moex_med1_remaining_detailed_v4_merged_001_1827.ts
MOEX-104090-5301-Q093,MOEX-104090-5301-Q093,醫學（一）,104,2015,104090,5301,93,moex_med1_remaining_detailed_v4_merged_001_1827.ts
MOEX-104090-5301-Q094,MOEX-104090-5301-Q094,醫學（一）,104,2015,104090,5301,94,anatomyQuestions.ts
MOEX-104090-5301-Q095,MOEX-104090-5301-Q095,醫學（一）,104,2015,104090,5301,95,moex_med1_remaining_detailed_v4_merged_001_1827.ts
MOEX-104090-5301-Q096,MOEX-104090-5301-Q096,醫學（一）,104,2015,104090,5301,96,moex_med1_remaining_detailed_v4_merged_001_1827.ts
MOEX-104090-5301-Q097,MOEX-104090-5301-Q097,醫學（一）,104,2015,104090,5301,97,moex_med1_remaining_detailed_v4_merged_001_1827.ts
MOEX-104090-5301-Q098,MOEX-104090-5301-Q098,醫學（一）,104,2015,104090,5301,98,moex_med1_remaining_detailed_v4_merged_001_1827.ts
MOEX-104090-5301-Q099,MOEX-104090-5301-Q099,醫學（一）,104,2015,104090,5301,99,moex_med1_remaining_detailed_v4_merged_001_1827.ts
MOEX-104090-5301-Q100,MOEX-104090-5301-Q100,醫學（一）,104,2015,104090,5301,100,moex_med1_remaining_detailed_v4_merged_001_1827.ts
MOEX-104030-2101-Q001,MOEX-104030-2101-Q001,醫學（二）,104,2015,104030,2101,1,moex_med_stage2_detailed_merged_001_3100_classified_v3.json
MOEX-104030-2101-Q002,MOEX-104030-2101-Q002,醫學（二）,104,2015,104030,2101,2,moex_med_stage2_detailed_merged_001_3100_classified_v3.json
MOEX-104030-2101-Q003,MOEX-104030-2101-Q003,醫學（二）,104,2015,104030,2101,3,moex_med_stage2_detailed_merged_001_3100_classified_v3.json
MOEX-104030-2101-Q004,MOEX-104030-2101-Q004,醫學（二）,104,2015,104030,2101,4,moex_med_stage2_detailed_merged_001_3100_classified_v3.json
MOEX-104030-2101-Q005,MOEX-104030-2101-Q005,醫學（二）,104,2015,104030,2101,5,moex_med_stage2_detailed_merged_001_3100_classified_v3.json
MOEX-104030-2101-Q006,MOEX-104030-2101-Q006,醫學（二）,104,2015,104030,2101,6,moex_med_stage2_detailed_merged_001_3100_classified_v3.json
MOEX-104030-2101-Q007,MOEX-104030-2101-Q007,醫學（二）,104,2015,104030,2101,7,moex_med_stage2_detailed_merged_001_3100_classified_v3.json
MOEX-104030-2101-Q008,MOEX-104030-2101-Q008,醫學（二）,104,2015,104030,2101,8,moex_med_stage2_detailed_merged_001_3100_classified_v3.json
MOEX-104030-2101-Q009,MOEX-104030-2101-Q009,醫學（二）,104,2015,104030,2101,9,moex_med_stage2_detailed_merged_001_3100_classified_v3.json
MOEX-104030-2101-Q010,MOEX-104030-2101-Q010,醫學（二）,104,2015,104030,2101,10,moex_med_stage2_detailed_merged_001_3100_classified_v3.json
MOEX-104030-2101-Q011,MOEX-104030-2101-Q011,醫學（二）,104,2015,104030,2101,11,moex_med_stage2_detailed_merged_001_3100_classified_v3.json
MOEX-104030-2101-Q012,MOEX-104030-2101-Q012,醫學（二）,104,2015,104030,2101,12,moex_med_stage2_detailed_merged_001_3100_classified_v3.json
MOEX-104030-2101-Q013,MOEX-104030-2101-Q013,醫學（二）,104,2015,104030,2101,13,moex_med_stage2_detailed_merged_001_3100_classified_v3.json
MOEX-104030-2101-Q014,MOEX-104030-2101-Q014,醫學（二）,104,2015,104030,2101,14,moex_med_stage2_detailed_merged_001_3100_classified_v3.json
MOEX-104030-2101-Q015,MOEX-104030-2101-Q015,醫學（二）,104,2015,104030,2101,15,moex_med_stage2_detailed_merged_001_3100_classified_v3.json
MOEX-104030-2101-Q016,MOEX-104030-2101-Q016,醫學（二）,104,2015,104030,2101,16,moex_med_stage2_detailed_merged_001_3100_classified_v3.json
MOEX-104030-2101-Q017,MOEX-104030-2101-Q017,醫學（二）,104,2015,104030,2101,17,moex_med_stage2_detailed_merged_001_3100_classified_v3.json
MOEX-104030-2101-Q018,MOEX-104030-2101-Q018,醫學（二）,104,2015,104030,2101,18,moex_med_stage2_detailed_merged_001_3100_classified_v3.json
MOEX-104030-2101-Q019,MOEX-104030-2101-Q019,醫學（二）,104,2015,104030,2101,19,moex_med_stage2_detailed_merged_001_3100_classified_v3.json
MOEX-104030-2101-Q020,MOEX-104030-2101-Q020,醫學（二）,104,2015,104030,2101,20,moex_med_stage2_detailed_merged_001_3100_classified_v3.json
MOEX-104030-2101-Q021,MOEX-104030-2101-Q021,醫學（二）,104,2015,104030,2101,21,moex_med_stage2_detailed_merged_001_3100_classified_v3.json
MOEX-104030-2101-Q022,MOEX-104030-2101-Q022,醫學（二）,104,2015,104030,2101,22,moex_med_stage2_detailed_merged_001_3100_classified_v3.json
MOEX-104030-2101-Q023,MOEX-104030-2101-Q023,醫學（二）,104,2015,104030,2101,23,moex_med_stage2_detailed_merged_001_3100_classified_v3.json
MOEX-104030-2101-Q024,MOEX-104030-2101-Q024,醫學（二）,104,2015,104030,2101,24,moex_med_stage2_detailed_merged_001_3100_classified_v3.json
MOEX-104030-2101-Q025,MOEX-104030-2101-Q025,醫學（二）,104,2015,104030,2101,25,moex_med_stage2_detailed_merged_001_3100_classified_v3.json
MOEX-104030-2101-Q026,MOEX-104030-2101-Q026,醫學（二）,104,2015,104030,2101,26,moex_med_stage2_detailed_merged_001_3100_classified_v3.json
MOEX-104030-2101-Q027,MOEX-104030-2101-Q027,醫學（二）,104,2015,104030,2101,27,moex_med_stage2_detailed_merged_001_3100_classified_v3.json
MOEX-104030-2101-Q028,MOEX-104030-2101-Q028,醫學（二）,104,2015,104030,2101,28,moex_med_stage2_detailed_merged_001_3100_classified_v3.json
MOEX-104030-2101-Q029,MOEX-104030-2101-Q029,醫學（二）,104,2015,104030,2101,29,moex_med_stage2_detailed_merged_001_3100_classified_v3.json
MOEX-104030-2101-Q030,MOEX-104030-2101-Q030,醫學（二）,104,2015,104030,2101,30,moex_med_stage2_detailed_merged_001_3100_classified_v3.json
MOEX-104030-2101-Q031,MOEX-104030-2101-Q031,醫學（二）,104,2015,104030,2101,31,moex_med_stage2_detailed_merged_001_3100_classified_v3.json
MOEX-104030-2101-Q032,MOEX-104030-2101-Q032,醫學（二）,104,2015,104030,2101,32,moex_med_stage2_detailed_merged_001_3100_classified_v3.json
MOEX-104030-2101-Q033,MOEX-104030-2101-Q033,醫學（二）,104,2015,104030,2101,33,moex_med_stage2_detailed_merged_001_3100_classified_v3.json
MOEX-104030-2101-Q034,MOEX-104030-2101-Q034,醫學（二）,104,2015,104030,2101,34,moex_med_stage2_detailed_merged_001_3100_classified_v3.json
MOEX-104030-2101-Q035,MOEX-104030-2101-Q035,醫學（二）,104,2015,104030,2101,35,moex_med_stage2_detailed_merged_001_3100_classified_v3.json
MOEX-104030-2101-Q036,MOEX-104030-2101-Q036,醫學（二）,104,2015,104030,2101,36,moex_med_stage2_detailed_merged_001_3100_classified_v3.json
MOEX-104030-2101-Q037,MOEX-104030-2101-Q037,醫學（二）,104,2015,104030,2101,37,moex_med_stage2_detailed_merged_001_3100_classified_v3.json
MOEX-104030-2101-Q038,MOEX-104030-2101-Q038,醫學（二）,104,2015,104030,2101,38,moex_med_stage2_detailed_merged_001_3100_classified_v3.json
MOEX-104030-2101-Q039,MOEX-104030-2101-Q039,醫學（二）,104,2015,104030,2101,39,moex_med_stage2_detailed_merged_001_3100_classified_v3.json
MOEX-104030-2101-Q040,MOEX-104030-2101-Q040,醫學（二）,104,2015,104030,2101,40,moex_med_stage2_detailed_merged_001_3100_classified_v3.json
MOEX-104030-2101-Q041,MOEX-104030-2101-Q041,醫學（二）,104,2015,104030,2101,41,moex_med_stage2_detailed_merged_001_3100_classified_v3.json
MOEX-104030-2101-Q042,MOEX-104030-2101-Q042,醫學（二）,104,2015,104030,2101,42,moex_med_stage2_detailed_merged_001_3100_classified_v3.json
MOEX-104030-2101-Q043,MOEX-104030-2101-Q043,醫學（二）,104,2015,104030,2101,43,moex_med_stage2_detailed_merged_001_3100_classified_v3.json
MOEX-104030-2101-Q044,MOEX-104030-2101-Q044,醫學（二）,104,2015,104030,2101,44,moex_med_stage2_detailed_merged_001_3100_classified_v3.json
MOEX-104030-2101-Q045,MOEX-104030-2101-Q045,醫學（二）,104,2015,104030,2101,45,moex_med_stage2_detailed_merged_001_3100_classified_v3.json
MOEX-104030-2101-Q046,MOEX-104030-2101-Q046,醫學（二）,104,2015,104030,2101,46,moex_med_stage2_detailed_merged_001_3100_classified_v3.json
MOEX-104030-2101-Q047,MOEX-104030-2101-Q047,醫學（二）,104,2015,104030,2101,47,moex_med_stage2_detailed_merged_001_3100_classified_v3.json
MOEX-104030-2101-Q048,MOEX-104030-2101-Q048,醫學（二）,104,2015,104030,2101,48,moex_med_stage2_detailed_merged_001_3100_classified_v3.json
MOEX-104030-2101-Q049,MOEX-104030-2101-Q049,醫學（二）,104,2015,104030,2101,49,moex_med_stage2_detailed_merged_001_3100_classified_v3.json
MOEX-104030-2101-Q050,MOEX-104030-2101-Q050,醫學（二）,104,2015,104030,2101,50,moex_med_stage2_detailed_merged_001_3100_classified_v3.json
MOEX-104030-2101-Q051,MOEX-104030-2101-Q051,醫學（二）,104,2015,104030,2101,51,moex_med_stage2_detailed_merged_001_3100_classified_v3.json
MOEX-104030-2101-Q052,MOEX-104030-2101-Q052,醫學（二）,104,2015,104030,2101,52,moex_med_stage2_detailed_merged_001_3100_classified_v3.json
MOEX-104030-2101-Q053,MOEX-104030-2101-Q053,醫學（二）,104,2015,104030,2101,53,moex_med_stage2_detailed_merged_001_3100_classified_v3.json
MOEX-104030-2101-Q054,MOEX-104030-2101-Q054,醫學（二）,104,2015,104030,2101,54,moex_med_stage2_detailed_merged_001_3100_classified_v3.json
MOEX-104030-2101-Q055,MOEX-104030-2101-Q055,醫學（二）,104,2015,104030,2101,55,moex_med_stage2_detailed_merged_001_3100_classified_v3.json
MOEX-104030-2101-Q056,MOEX-104030-2101-Q056,醫學（二）,104,2015,104030,2101,56,moex_med_stage2_detailed_merged_001_3100_classified_v3.json
MOEX-104030-2101-Q057,MOEX-104030-2101-Q057,醫學（二）,104,2015,104030,2101,57,moex_med_stage2_detailed_merged_001_3100_classified_v3.json
MOEX-104030-2101-Q058,MOEX-104030-2101-Q058,醫學（二）,104,2015,104030,2101,58,moex_med_stage2_detailed_merged_001_3100_classified_v3.json
MOEX-104030-2101-Q059,MOEX-104030-2101-Q059,醫學（二）,104,2015,104030,2101,59,moex_med_stage2_detailed_merged_001_3100_classified_v3.json
MOEX-104030-2101-Q060,MOEX-104030-2101-Q060,醫學（二）,104,2015,104030,2101,60,moex_med_stage2_detailed_merged_001_3100_classified_v3.json
MOEX-104030-2101-Q061,MOEX-104030-2101-Q061,醫學（二）,104,2015,104030,2101,61,moex_med_stage2_detailed_merged_001_3100_classified_v3.json
MOEX-104030-2101-Q062,MOEX-104030-2101-Q062,醫學（二）,104,2015,104030,2101,62,moex_med_stage2_detailed_merged_001_3100_classified_v3.json
MOEX-104030-2101-Q063,MOEX-104030-2101-Q063,醫學（二）,104,2015,104030,2101,63,moex_med_stage2_detailed_merged_001_3100_classified_v3.json
MOEX-104030-2101-Q064,MOEX-104030-2101-Q064,醫學（二）,104,2015,104030,2101,64,moex_med_stage2_detailed_merged_001_3100_classified_v3.json
MOEX-104030-2101-Q065,MOEX-104030-2101-Q065,醫學（二）,104,2015,104030,2101,65,moex_med_stage2_detailed_merged_001_3100_classified_v3.json
MOEX-104030-2101-Q066,MOEX-104030-2101-Q066,醫學（二）,104,2015,104030,2101,66,moex_med_stage2_detailed_merged_001_3100_classified_v3.json
MOEX-104030-2101-Q067,MOEX-104030-2101-Q067,醫學（二）,104,2015,104030,2101,67,moex_med_stage2_detailed_merged_001_3100_classified_v3.json
MOEX-104030-2101-Q068,MOEX-104030-2101-Q068,醫學（二）,104,2015,104030,2101,68,moex_med_stage2_detailed_merged_001_3100_classified_v3.json
MOEX-104030-2101-Q069,MOEX-104030-2101-Q069,醫學（二）,104,2015,104030,2101,69,moex_med_stage2_detailed_merged_001_3100_classified_v3.json
MOEX-104030-2101-Q070,MOEX-104030-2101-Q070,醫學（二）,104,2015,104030,2101,70,moex_med_stage2_detailed_merged_001_3100_classified_v3.json
MOEX-104030-2101-Q071,MOEX-104030-2101-Q071,醫學（二）,104,2015,104030,2101,71,moex_med_stage2_detailed_merged_001_3100_classified_v3.json
MOEX-104030-2101-Q072,MOEX-104030-2101-Q072,醫學（二）,104,2015,104030,2101,72,moex_med_stage2_detailed_merged_001_3100_classified_v3.json
MOEX-104030-2101-Q073,MOEX-104030-2101-Q073,醫學（二）,104,2015,104030,2101,73,moex_med_stage2_detailed_merged_001_3100_classified_v3.json
MOEX-104030-2101-Q074,MOEX-104030-2101-Q074,醫學（二）,104,2015,104030,2101,74,moex_med_stage2_detailed_merged_001_3100_classified_v3.json
MOEX-104030-2101-Q075,MOEX-104030-2101-Q075,醫學（二）,104,2015,104030,2101,75,moex_med_stage2_detailed_merged_001_3100_classified_v3.json
MOEX-104030-2101-Q076,MOEX-104030-2101-Q076,醫學（二）,104,2015,104030,2101,76,moex_med_stage2_detailed_merged_001_3100_classified_v3.json
MOEX-104030-2101-Q077,MOEX-104030-2101-Q077,醫學（二）,104,2015,104030,2101,77,moex_med_stage2_detailed_merged_001_3100_classified_v3.json
MOEX-104030-2101-Q078,MOEX-104030-2101-Q078,醫學（二）,104,2015,104030,2101,78,moex_med_stage2_detailed_merged_001_3100_classified_v3.json
MOEX-104030-2101-Q079,MOEX-104030-2101-Q079,醫學（二）,104,2015,104030,2101,79,moex_med_stage2_detailed_merged_001_3100_classified_v3.json
MOEX-104030-2101-Q080,MOEX-104030-2101-Q080,醫學（二）,104,2015,104030,2101,80,moex_med_stage2_detailed_merged_001_3100_classified_v3.json
MOEX-104030-2101-Q081,MOEX-104030-2101-Q081,醫學（二）,104,2015,104030,2101,81,moex_med_stage2_detailed_merged_001_3100_classified_v3.json
MOEX-104030-2101-Q082,MOEX-104030-2101-Q082,醫學（二）,104,2015,104030,2101,82,moex_med_stage2_detailed_merged_001_3100_classified_v3.json
MOEX-104030-2101-Q083,MOEX-104030-2101-Q083,醫學（二）,104,2015,104030,2101,83,moex_med_stage2_detailed_merged_001_3100_classified_v3.json
MOEX-104030-2101-Q084,MOEX-104030-2101-Q084,醫學（二）,104,2015,104030,2101,84,moex_med_stage2_detailed_merged_001_3100_classified_v3.json
MOEX-104030-2101-Q085,MOEX-104030-2101-Q085,醫學（二）,104,2015,104030,2101,85,moex_med_stage2_detailed_merged_001_3100_classified_v3.json
MOEX-104030-2101-Q086,MOEX-104030-2101-Q086,醫學（二）,104,2015,104030,2101,86,moex_med_stage2_detailed_merged_001_3100_classified_v3.json
MOEX-104030-2101-Q087,MOEX-104030-2101-Q087,醫學（二）,104,2015,104030,2101,87,moex_med_stage2_detailed_merged_001_3100_classified_v3.json
MOEX-104030-2101-Q088,MOEX-104030-2101-Q088,醫學（二）,104,2015,104030,2101,88,moex_med_stage2_detailed_merged_001_3100_classified_v3.json
MOEX-104030-2101-Q089,MOEX-104030-2101-Q089,醫學（二）,104,2015,104030,2101,89,moex_med_stage2_detailed_merged_001_3100_classified_v3.json
MOEX-104030-2101-Q090,MOEX-104030-2101-Q090,醫學（二）,104,2015,104030,2101,90,moex_med_stage2_detailed_merged_001_3100_classified_v3.json
MOEX-104030-2101-Q091,MOEX-104030-2101-Q091,醫學（二）,104,2015,104030,2101,91,moex_med_stage2_detailed_merged_001_3100_classified_v3.json
MOEX-104030-2101-Q092,MOEX-104030-2101-Q092,醫學（二）,104,2015,104030,2101,92,moex_med_stage2_detailed_merged_001_3100_classified_v3.json
MOEX-104030-2101-Q093,MOEX-104030-2101-Q093,醫學（二）,104,2015,104030,2101,93,moex_med_stage2_detailed_merged_001_3100_classified_v3.json
MOEX-104030-2101-Q094,MOEX-104030-2101-Q094,醫學（二）,104,2015,104030,2101,94,moex_med_stage2_detailed_merged_001_3100_classified_v3.json
MOEX-104030-2101-Q095,MOEX-104030-2101-Q095,醫學（二）,104,2015,104030,2101,95,moex_med_stage2_detailed_merged_001_3100_classified_v3.json
MOEX-104030-2101-Q096,MOEX-104030-2101-Q096,醫學（二）,104,2015,104030,2101,96,moex_med_stage2_detailed_merged_001_3100_classified_v3.json
MOEX-104030-2101-Q097,MOEX-104030-2101-Q097,醫學（二）,104,2015,104030,2101,97,moex_med_stage2_detailed_merged_001_3100_classified_v3.json
MOEX-104030-2101-Q098,MOEX-104030-2101-Q098,醫學（二）,104,2015,104030,2101,98,moex_med_stage2_detailed_merged_001_3100_classified_v3.json
MOEX-104030-2101-Q099,MOEX-104030-2101-Q099,醫學（二）,104,2015,104030,2101,99,moex_med_stage2_detailed_merged_001_3100_classified_v3.json
MOEX-104030-2101-Q100,MOEX-104030-2101-Q100,醫學（二）,104,2015,104030,2101,100,moex_med_stage2_detailed_merged_001_3100_classified_v3.json
MOEX-104090-6301-Q001,MOEX-104090-6301-Q001,醫學（二）,104,2015,104090,6301,1,moex_med_stage2_detailed_merged_001_3100_classified_v3.json
MOEX-104090-6301-Q002,MOEX-104090-6301-Q002,醫學（二）,104,2015,104090,6301,2,moex_med_stage2_detailed_merged_001_3100_classified_v3.json
MOEX-104090-6301-Q003,MOEX-104090-6301-Q003,醫學（二）,104,2015,104090,6301,3,moex_med_stage2_detailed_merged_001_3100_classified_v3.json
MOEX-104090-6301-Q004,MOEX-104090-6301-Q004,醫學（二）,104,2015,104090,6301,4,moex_med_stage2_detailed_merged_001_3100_classified_v3.json
MOEX-104090-6301-Q005,MOEX-104090-6301-Q005,醫學（二）,104,2015,104090,6301,5,moex_med_stage2_detailed_merged_001_3100_classified_v3.json
MOEX-104090-6301-Q006,MOEX-104090-6301-Q006,醫學（二）,104,2015,104090,6301,6,moex_med_stage2_detailed_merged_001_3100_classified_v3.json
MOEX-104090-6301-Q007,MOEX-104090-6301-Q007,醫學（二）,104,2015,104090,6301,7,moex_med_stage2_detailed_merged_001_3100_classified_v3.json
MOEX-104090-6301-Q008,MOEX-104090-6301-Q008,醫學（二）,104,2015,104090,6301,8,moex_med_stage2_detailed_merged_001_3100_classified_v3.json
MOEX-104090-6301-Q009,MOEX-104090-6301-Q009,醫學（二）,104,2015,104090,6301,9,moex_med_stage2_detailed_merged_001_3100_classified_v3.json
MOEX-104090-6301-Q010,MOEX-104090-6301-Q010,醫學（二）,104,2015,104090,6301,10,moex_med_stage2_detailed_merged_001_3100_classified_v3.json
MOEX-104090-6301-Q011,MOEX-104090-6301-Q011,醫學（二）,104,2015,104090,6301,11,moex_med_stage2_detailed_merged_001_3100_classified_v3.json
MOEX-104090-6301-Q012,MOEX-104090-6301-Q012,醫學（二）,104,2015,104090,6301,12,moex_med_stage2_detailed_merged_001_3100_classified_v3.json
MOEX-104090-6301-Q013,MOEX-104090-6301-Q013,醫學（二）,104,2015,104090,6301,13,moex_med_stage2_detailed_merged_001_3100_classified_v3.json
MOEX-104090-6301-Q014,MOEX-104090-6301-Q014,醫學（二）,104,2015,104090,6301,14,moex_med_stage2_detailed_merged_001_3100_classified_v3.json
MOEX-104090-6301-Q015,MOEX-104090-6301-Q015,醫學（二）,104,2015,104090,6301,15,moex_med_stage2_detailed_merged_001_3100_classified_v3.json
MOEX-104090-6301-Q016,MOEX-104090-6301-Q016,醫學（二）,104,2015,104090,6301,16,moex_med_stage2_detailed_merged_001_3100_classified_v3.json
MOEX-104090-6301-Q017,MOEX-104090-6301-Q017,醫學（二）,104,2015,104090,6301,17,moex_med_stage2_detailed_merged_001_3100_classified_v3.json
MOEX-104090-6301-Q018,MOEX-104090-6301-Q018,醫學（二）,104,2015,104090,6301,18,moex_med_stage2_detailed_merged_001_3100_classified_v3.json
MOEX-104090-6301-Q019,MOEX-104090-6301-Q019,醫學（二）,104,2015,104090,6301,19,moex_med_stage2_detailed_merged_001_3100_classified_v3.json
MOEX-104090-6301-Q020,MOEX-104090-6301-Q020,醫學（二）,104,2015,104090,6301,20,moex_med_stage2_detailed_merged_001_3100_classified_v3.json
MOEX-104090-6301-Q021,MOEX-104090-6301-Q021,醫學（二）,104,2015,104090,6301,21,moex_med_stage2_detailed_merged_001_3100_classified_v3.json
MOEX-104090-6301-Q022,MOEX-104090-6301-Q022,醫學（二）,104,2015,104090,6301,22,moex_med_stage2_detailed_merged_001_3100_classified_v3.json
MOEX-104090-6301-Q023,MOEX-104090-6301-Q023,醫學（二）,104,2015,104090,6301,23,moex_med_stage2_detailed_merged_001_3100_classified_v3.json
MOEX-104090-6301-Q024,MOEX-104090-6301-Q024,醫學（二）,104,2015,104090,6301,24,moex_med_stage2_detailed_merged_001_3100_classified_v3.json
MOEX-104090-6301-Q025,MOEX-104090-6301-Q025,醫學（二）,104,2015,104090,6301,25,moex_med_stage2_detailed_merged_001_3100_classified_v3.json
MOEX-104090-6301-Q026,MOEX-104090-6301-Q026,醫學（二）,104,2015,104090,6301,26,moex_med_stage2_detailed_merged_001_3100_classified_v3.json
MOEX-104090-6301-Q027,MOEX-104090-6301-Q027,醫學（二）,104,2015,104090,6301,27,moex_med_stage2_detailed_merged_001_3100_classified_v3.json
MOEX-104090-6301-Q028,MOEX-104090-6301-Q028,醫學（二）,104,2015,104090,6301,28,moex_med_stage2_detailed_merged_001_3100_classified_v3.json
MOEX-104090-6301-Q029,MOEX-104090-6301-Q029,醫學（二）,104,2015,104090,6301,29,moex_med_stage2_detailed_merged_001_3100_classified_v3.json
MOEX-104090-6301-Q030,MOEX-104090-6301-Q030,醫學（二）,104,2015,104090,6301,30,moex_med_stage2_detailed_merged_001_3100_classified_v3.json
MOEX-104090-6301-Q031,MOEX-104090-6301-Q031,醫學（二）,104,2015,104090,6301,31,moex_med_stage2_detailed_merged_001_3100_classified_v3.json
MOEX-104090-6301-Q032,MOEX-104090-6301-Q032,醫學（二）,104,2015,104090,6301,32,moex_med_stage2_detailed_merged_001_3100_classified_v3.json
MOEX-104090-6301-Q033,MOEX-104090-6301-Q033,醫學（二）,104,2015,104090,6301,33,moex_med_stage2_detailed_merged_001_3100_classified_v3.json
MOEX-104090-6301-Q034,MOEX-104090-6301-Q034,醫學（二）,104,2015,104090,6301,34,moex_med_stage2_detailed_merged_001_3100_classified_v3.json
MOEX-104090-6301-Q035,MOEX-104090-6301-Q035,醫學（二）,104,2015,104090,6301,35,moex_med_stage2_detailed_merged_001_3100_classified_v3.json
MOEX-104090-6301-Q036,MOEX-104090-6301-Q036,醫學（二）,104,2015,104090,6301,36,moex_med_stage2_detailed_merged_001_3100_classified_v3.json
MOEX-104090-6301-Q037,MOEX-104090-6301-Q037,醫學（二）,104,2015,104090,6301,37,moex_med_stage2_detailed_merged_001_3100_classified_v3.json
MOEX-104090-6301-Q038,MOEX-104090-6301-Q038,醫學（二）,104,2015,104090,6301,38,moex_med_stage2_detailed_merged_001_3100_classified_v3.json
MOEX-104090-6301-Q039,MOEX-104090-6301-Q039,醫學（二）,104,2015,104090,6301,39,moex_med_stage2_detailed_merged_001_3100_classified_v3.json
MOEX-104090-6301-Q040,MOEX-104090-6301-Q040,醫學（二）,104,2015,104090,6301,40,moex_med_stage2_detailed_merged_001_3100_classified_v3.json
MOEX-104090-6301-Q041,MOEX-104090-6301-Q041,醫學（二）,104,2015,104090,6301,41,moex_med_stage2_detailed_merged_001_3100_classified_v3.json
MOEX-104090-6301-Q042,MOEX-104090-6301-Q042,醫學（二）,104,2015,104090,6301,42,moex_med_stage2_detailed_merged_001_3100_classified_v3.json
MOEX-104090-6301-Q043,MOEX-104090-6301-Q043,醫學（二）,104,2015,104090,6301,43,moex_med_stage2_detailed_merged_001_3100_classified_v3.json
MOEX-104090-6301-Q044,MOEX-104090-6301-Q044,醫學（二）,104,2015,104090,6301,44,moex_med_stage2_detailed_merged_001_3100_classified_v3.json
MOEX-104090-6301-Q045,MOEX-104090-6301-Q045,醫學（二）,104,2015,104090,6301,45,moex_med_stage2_detailed_merged_001_3100_classified_v3.json
MOEX-104090-6301-Q046,MOEX-104090-6301-Q046,醫學（二）,104,2015,104090,6301,46,moex_med_stage2_detailed_merged_001_3100_classified_v3.json
MOEX-104090-6301-Q047,MOEX-104090-6301-Q047,醫學（二）,104,2015,104090,6301,47,moex_med_stage2_detailed_merged_001_3100_classified_v3.json
MOEX-104090-6301-Q048,MOEX-104090-6301-Q048,醫學（二）,104,2015,104090,6301,48,moex_med_stage2_detailed_merged_001_3100_classified_v3.json
MOEX-104090-6301-Q049,MOEX-104090-6301-Q049,醫學（二）,104,2015,104090,6301,49,moex_med_stage2_detailed_merged_001_3100_classified_v3.json
MOEX-104090-6301-Q050,MOEX-104090-6301-Q050,醫學（二）,104,2015,104090,6301,50,moex_med_stage2_detailed_merged_001_3100_classified_v3.json
MOEX-104090-6301-Q051,MOEX-104090-6301-Q051,醫學（二）,104,2015,104090,6301,51,moex_med_stage2_detailed_merged_001_3100_classified_v3.json
MOEX-104090-6301-Q052,MOEX-104090-6301-Q052,醫學（二）,104,2015,104090,6301,52,moex_med_stage2_detailed_merged_001_3100_classified_v3.json
MOEX-104090-6301-Q053,MOEX-104090-6301-Q053,醫學（二）,104,2015,104090,6301,53,moex_med_stage2_detailed_merged_001_3100_classified_v3.json
MOEX-104090-6301-Q054,MOEX-104090-6301-Q054,醫學（二）,104,2015,104090,6301,54,moex_med_stage2_detailed_merged_001_3100_classified_v3.json
MOEX-104090-6301-Q055,MOEX-104090-6301-Q055,醫學（二）,104,2015,104090,6301,55,moex_med_stage2_detailed_merged_001_3100_classified_v3.json
MOEX-104090-6301-Q056,MOEX-104090-6301-Q056,醫學（二）,104,2015,104090,6301,56,moex_med_stage2_detailed_merged_001_3100_classified_v3.json
MOEX-104090-6301-Q057,MOEX-104090-6301-Q057,醫學（二）,104,2015,104090,6301,57,moex_med_stage2_detailed_merged_001_3100_classified_v3.json
MOEX-104090-6301-Q058,MOEX-104090-6301-Q058,醫學（二）,104,2015,104090,6301,58,moex_med_stage2_detailed_merged_001_3100_classified_v3.json
MOEX-104090-6301-Q059,MOEX-104090-6301-Q059,醫學（二）,104,2015,104090,6301,59,moex_med_stage2_detailed_merged_001_3100_classified_v3.json
MOEX-104090-6301-Q060,MOEX-104090-6301-Q060,醫學（二）,104,2015,104090,6301,60,moex_med_stage2_detailed_merged_001_3100_classified_v3.json
MOEX-104090-6301-Q061,MOEX-104090-6301-Q061,醫學（二）,104,2015,104090,6301,61,moex_med_stage2_detailed_merged_001_3100_classified_v3.json
MOEX-104090-6301-Q062,MOEX-104090-6301-Q062,醫學（二）,104,2015,104090,6301,62,moex_med_stage2_detailed_merged_001_3100_classified_v3.json
MOEX-104090-6301-Q063,MOEX-104090-6301-Q063,醫學（二）,104,2015,104090,6301,63,moex_med_stage2_detailed_merged_001_3100_classified_v3.json
MOEX-104090-6301-Q064,MOEX-104090-6301-Q064,醫學（二）,104,2015,104090,6301,64,moex_med_stage2_detailed_merged_001_3100_classified_v3.json
MOEX-104090-6301-Q065,MOEX-104090-6301-Q065,醫學（二）,104,2015,104090,6301,65,moex_med_stage2_detailed_merged_001_3100_classified_v3.json
MOEX-104090-6301-Q066,MOEX-104090-6301-Q066,醫學（二）,104,2015,104090,6301,66,moex_med_stage2_detailed_merged_001_3100_classified_v3.json
MOEX-104090-6301-Q067,MOEX-104090-6301-Q067,醫學（二）,104,2015,104090,6301,67,moex_med_stage2_detailed_merged_001_3100_classified_v3.json
MOEX-104090-6301-Q068,MOEX-104090-6301-Q068,醫學（二）,104,2015,104090,6301,68,moex_med_stage2_detailed_merged_001_3100_classified_v3.json
MOEX-104090-6301-Q069,MOEX-104090-6301-Q069,醫學（二）,104,2015,104090,6301,69,moex_med_stage2_detailed_merged_001_3100_classified_v3.json
MOEX-104090-6301-Q070,MOEX-104090-6301-Q070,醫學（二）,104,2015,104090,6301,70,moex_med_stage2_detailed_merged_001_3100_classified_v3.json
MOEX-104090-6301-Q071,MOEX-104090-6301-Q071,醫學（二）,104,2015,104090,6301,71,moex_med_stage2_detailed_merged_001_3100_classified_v3.json
MOEX-104090-6301-Q072,MOEX-104090-6301-Q072,醫學（二）,104,2015,104090,6301,72,moex_med_stage2_detailed_merged_001_3100_classified_v3.json
MOEX-104090-6301-Q073,MOEX-104090-6301-Q073,醫學（二）,104,2015,104090,6301,73,moex_med_stage2_detailed_merged_001_3100_classified_v3.json
MOEX-104090-6301-Q074,MOEX-104090-6301-Q074,醫學（二）,104,2015,104090,6301,74,moex_med_stage2_detailed_merged_001_3100_classified_v3.json
MOEX-104090-6301-Q075,MOEX-104090-6301-Q075,醫學（二）,104,2015,104090,6301,75,moex_med_stage2_detailed_merged_001_3100_classified_v3.json
MOEX-104090-6301-Q076,MOEX-104090-6301-Q076,醫學（二）,104,2015,104090,6301,76,moex_med_stage2_detailed_merged_001_3100_classified_v3.json
MOEX-104090-6301-Q077,MOEX-104090-6301-Q077,醫學（二）,104,2015,104090,6301,77,moex_med_stage2_detailed_merged_001_3100_classified_v3.json
MOEX-104090-6301-Q078,MOEX-104090-6301-Q078,醫學（二）,104,2015,104090,6301,78,moex_med_stage2_detailed_merged_001_3100_classified_v3.json
MOEX-104090-6301-Q079,MOEX-104090-6301-Q079,醫學（二）,104,2015,104090,6301,79,moex_med_stage2_detailed_merged_001_3100_classified_v3.json
MOEX-104090-6301-Q080,MOEX-104090-6301-Q080,醫學（二）,104,2015,104090,6301,80,moex_med_stage2_detailed_merged_001_3100_classified_v3.json
MOEX-104090-6301-Q081,MOEX-104090-6301-Q081,醫學（二）,104,2015,104090,6301,81,moex_med_stage2_detailed_merged_001_3100_classified_v3.json
MOEX-104090-6301-Q082,MOEX-104090-6301-Q082,醫學（二）,104,2015,104090,6301,82,moex_med_stage2_detailed_merged_001_3100_classified_v3.json
MOEX-104090-6301-Q083,MOEX-104090-6301-Q083,醫學（二）,104,2015,104090,6301,83,moex_med_stage2_detailed_merged_001_3100_classified_v3.json
MOEX-104090-6301-Q084,MOEX-104090-6301-Q084,醫學（二）,104,2015,104090,6301,84,moex_med_stage2_detailed_merged_001_3100_classified_v3.json
MOEX-104090-6301-Q085,MOEX-104090-6301-Q085,醫學（二）,104,2015,104090,6301,85,moex_med_stage2_detailed_merged_001_3100_classified_v3.json
MOEX-104090-6301-Q086,MOEX-104090-6301-Q086,醫學（二）,104,2015,104090,6301,86,moex_med_stage2_detailed_merged_001_3100_classified_v3.json
MOEX-104090-6301-Q087,MOEX-104090-6301-Q087,醫學（二）,104,2015,104090,6301,87,moex_med_stage2_detailed_merged_001_3100_classified_v3.json
MOEX-104090-6301-Q088,MOEX-104090-6301-Q088,醫學（二）,104,2015,104090,6301,88,moex_med_stage2_detailed_merged_001_3100_classified_v3.json
MOEX-104090-6301-Q089,MOEX-104090-6301-Q089,醫學（二）,104,2015,104090,6301,89,moex_med_stage2_detailed_merged_001_3100_classified_v3.json
MOEX-104090-6301-Q090,MOEX-104090-6301-Q090,醫學（二）,104,2015,104090,6301,90,moex_med_stage2_detailed_merged_001_3100_classified_v3.json
MOEX-104090-6301-Q091,MOEX-104090-6301-Q091,醫學（二）,104,2015,104090,6301,91,moex_med_stage2_detailed_merged_001_3100_classified_v3.json
MOEX-104090-6301-Q092,MOEX-104090-6301-Q092,醫學（二）,104,2015,104090,6301,92,moex_med_stage2_detailed_merged_001_3100_classified_v3.json
MOEX-104090-6301-Q093,MOEX-104090-6301-Q093,醫學（二）,104,2015,104090,6301,93,moex_med_stage2_detailed_merged_001_3100_classified_v3.json
MOEX-104090-6301-Q094,MOEX-104090-6301-Q094,醫學（二）,104,2015,104090,6301,94,moex_med_stage2_detailed_merged_001_3100_classified_v3.json
MOEX-104090-6301-Q095,MOEX-104090-6301-Q095,醫學（二）,104,2015,104090,6301,95,moex_med_stage2_detailed_merged_001_3100_classified_v3.json
MOEX-104090-6301-Q096,MOEX-104090-6301-Q096,醫學（二）,104,2015,104090,6301,96,moex_med_stage2_detailed_merged_001_3100_classified_v3.json
MOEX-104090-6301-Q097,MOEX-104090-6301-Q097,醫學（二）,104,2015,104090,6301,97,moex_med_stage2_detailed_merged_001_3100_classified_v3.json
MOEX-104090-6301-Q098,MOEX-104090-6301-Q098,醫學（二）,104,2015,104090,6301,98,moex_med_stage2_detailed_merged_001_3100_classified_v3.json
MOEX-104090-6301-Q099,MOEX-104090-6301-Q099,醫學（二）,104,2015,104090,6301,99,moex_med_stage2_detailed_merged_001_3100_classified_v3.json
MOEX-104090-6301-Q100,MOEX-104090-6301-Q100,醫學（二）,104,2015,104090,6301,100,moex_med_stage2_detailed_merged_001_3100_classified_v3.json
MOEX-105020-5301-Q001,MOEX-105020-5301-Q001,醫學（一）,105,2016,105020,5301,1,anatomyQuestions.ts
MOEX-105020-5301-Q002,MOEX-105020-5301-Q002,醫學（一）,105,2016,105020,5301,2,anatomyQuestions.ts
MOEX-105020-5301-Q003,MOEX-105020-5301-Q003,醫學（一）,105,2016,105020,5301,3,anatomyQuestions.ts
MOEX-105020-5301-Q004,MOEX-105020-5301-Q004,醫學（一）,105,2016,105020,5301,4,anatomyQuestions.ts
MOEX-105020-5301-Q005,MOEX-105020-5301-Q005,醫學（一）,105,2016,105020,5301,5,anatomyQuestions.ts
MOEX-105020-5301-Q006,MOEX-105020-5301-Q006,醫學（一）,105,2016,105020,5301,6,anatomyQuestions.ts
MOEX-105020-5301-Q007,MOEX-105020-5301-Q007,醫學（一）,105,2016,105020,5301,7,moex_med1_remaining_detailed_v4_merged_001_1827.ts
MOEX-105020-5301-Q008,MOEX-105020-5301-Q008,醫學（一）,105,2016,105020,5301,8,moex_med1_remaining_detailed_v4_merged_001_1827.ts
MOEX-105020-5301-Q009,MOEX-105020-5301-Q009,醫學（一）,105,2016,105020,5301,9,anatomyQuestions.ts
MOEX-105020-5301-Q010,MOEX-105020-5301-Q010,醫學（一）,105,2016,105020,5301,10,moex_med1_remaining_detailed_v4_merged_001_1827.ts
MOEX-105020-5301-Q011,MOEX-105020-5301-Q011,醫學（一）,105,2016,105020,5301,11,anatomyQuestions.ts
MOEX-105020-5301-Q012,MOEX-105020-5301-Q012,醫學（一）,105,2016,105020,5301,12,anatomyQuestions.ts
MOEX-105020-5301-Q013,MOEX-105020-5301-Q013,醫學（一）,105,2016,105020,5301,13,anatomyQuestions.ts
MOEX-105020-5301-Q014,MOEX-105020-5301-Q014,醫學（一）,105,2016,105020,5301,14,anatomyQuestions.ts
MOEX-105020-5301-Q015,MOEX-105020-5301-Q015,醫學（一）,105,2016,105020,5301,15,anatomyQuestions.ts
MOEX-105020-5301-Q016,MOEX-105020-5301-Q016,醫學（一）,105,2016,105020,5301,16,anatomyQuestions.ts
MOEX-105020-5301-Q017,MOEX-105020-5301-Q017,醫學（一）,105,2016,105020,5301,17,moex_med1_remaining_detailed_v4_merged_001_1827.ts
MOEX-105020-5301-Q018,MOEX-105020-5301-Q018,醫學（一）,105,2016,105020,5301,18,moex_med1_remaining_detailed_v4_merged_001_1827.ts
MOEX-105020-5301-Q019,MOEX-105020-5301-Q019,醫學（一）,105,2016,105020,5301,19,anatomyQuestions.ts
MOEX-105020-5301-Q020,MOEX-105020-5301-Q020,醫學（一）,105,2016,105020,5301,20,anatomyQuestions.ts
MOEX-105020-5301-Q021,MOEX-105020-5301-Q021,醫學（一）,105,2016,105020,5301,21,anatomyQuestions.ts
MOEX-105020-5301-Q022,MOEX-105020-5301-Q022,醫學（一）,105,2016,105020,5301,22,anatomyQuestions.ts
MOEX-105020-5301-Q023,MOEX-105020-5301-Q023,醫學（一）,105,2016,105020,5301,23,anatomyQuestions.ts
MOEX-105020-5301-Q024,MOEX-105020-5301-Q024,醫學（一）,105,2016,105020,5301,24,anatomyQuestions.ts
MOEX-105020-5301-Q025,MOEX-105020-5301-Q025,醫學（一）,105,2016,105020,5301,25,anatomyQuestions.ts
MOEX-105020-5301-Q026,MOEX-105020-5301-Q026,醫學（一）,105,2016,105020,5301,26,anatomyQuestions.ts
MOEX-105020-5301-Q027,MOEX-105020-5301-Q027,醫學（一）,105,2016,105020,5301,27,moex_med1_remaining_detailed_v4_merged_001_1827.ts
MOEX-105020-5301-Q028,MOEX-105020-5301-Q028,醫學（一）,105,2016,105020,5301,28,anatomyQuestions.ts
MOEX-105020-5301-Q029,MOEX-105020-5301-Q029,醫學（一）,105,2016,105020,5301,29,moex_med1_remaining_detailed_v4_merged_001_1827.ts
MOEX-105020-5301-Q030,MOEX-105020-5301-Q030,醫學（一）,105,2016,105020,5301,30,moex_med1_remaining_detailed_v4_merged_001_1827.ts
MOEX-105020-5301-Q031,MOEX-105020-5301-Q031,醫學（一）,105,2016,105020,5301,31,anatomyQuestions.ts
MOEX-105020-5301-Q032,MOEX-105020-5301-Q032,醫學（一）,105,2016,105020,5301,32,moex_med1_remaining_detailed_v4_merged_001_1827.ts
MOEX-105020-5301-Q033,MOEX-105020-5301-Q033,醫學（一）,105,2016,105020,5301,33,moex_med1_remaining_detailed_v4_merged_001_1827.ts
MOEX-105020-5301-Q034,MOEX-105020-5301-Q034,醫學（一）,105,2016,105020,5301,34,moex_med1_remaining_detailed_v4_merged_001_1827.ts
MOEX-105020-5301-Q035,MOEX-105020-5301-Q035,醫學（一）,105,2016,105020,5301,35,moex_med1_remaining_detailed_v4_merged_001_1827.ts
MOEX-105020-5301-Q036,MOEX-105020-5301-Q036,醫學（一）,105,2016,105020,5301,36,moex_med1_remaining_detailed_v4_merged_001_1827.ts
MOEX-105020-5301-Q037,MOEX-105020-5301-Q037,醫學（一）,105,2016,105020,5301,37,moex_med1_remaining_detailed_v4_merged_001_1827.ts
MOEX-105020-5301-Q038,MOEX-105020-5301-Q038,醫學（一）,105,2016,105020,5301,38,moex_med1_remaining_detailed_v4_merged_001_1827.ts
MOEX-105020-5301-Q039,MOEX-105020-5301-Q039,醫學（一）,105,2016,105020,5301,39,moex_med1_remaining_detailed_v4_merged_001_1827.ts
MOEX-105020-5301-Q040,MOEX-105020-5301-Q040,醫學（一）,105,2016,105020,5301,40,moex_med1_remaining_detailed_v4_merged_001_1827.ts
MOEX-105020-5301-Q041,MOEX-105020-5301-Q041,醫學（一）,105,2016,105020,5301,41,moex_med1_remaining_detailed_v4_merged_001_1827.ts
MOEX-105020-5301-Q042,MOEX-105020-5301-Q042,醫學（一）,105,2016,105020,5301,42,moex_med1_remaining_detailed_v4_merged_001_1827.ts
MOEX-105020-5301-Q043,MOEX-105020-5301-Q043,醫學（一）,105,2016,105020,5301,43,moex_med1_remaining_detailed_v4_merged_001_1827.ts
MOEX-105020-5301-Q044,MOEX-105020-5301-Q044,醫學（一）,105,2016,105020,5301,44,moex_med1_remaining_detailed_v4_merged_001_1827.ts
MOEX-105020-5301-Q045,MOEX-105020-5301-Q045,醫學（一）,105,2016,105020,5301,45,moex_med1_remaining_detailed_v4_merged_001_1827.ts
MOEX-105020-5301-Q046,MOEX-105020-5301-Q046,醫學（一）,105,2016,105020,5301,46,moex_med1_remaining_detailed_v4_merged_001_1827.ts
MOEX-105020-5301-Q047,MOEX-105020-5301-Q047,醫學（一）,105,2016,105020,5301,47,moex_med1_remaining_detailed_v4_merged_001_1827.ts
MOEX-105020-5301-Q048,MOEX-105020-5301-Q048,醫學（一）,105,2016,105020,5301,48,moex_med1_remaining_detailed_v4_merged_001_1827.ts
MOEX-105020-5301-Q049,MOEX-105020-5301-Q049,醫學（一）,105,2016,105020,5301,49,moex_med1_remaining_detailed_v4_merged_001_1827.ts
MOEX-105020-5301-Q050,MOEX-105020-5301-Q050,醫學（一）,105,2016,105020,5301,50,moex_med1_remaining_detailed_v4_merged_001_1827.ts
MOEX-105020-5301-Q051,MOEX-105020-5301-Q051,醫學（一）,105,2016,105020,5301,51,moex_med1_remaining_detailed_v4_merged_001_1827.ts
MOEX-105020-5301-Q052,MOEX-105020-5301-Q052,醫學（一）,105,2016,105020,5301,52,moex_med1_remaining_detailed_v4_merged_001_1827.ts
MOEX-105020-5301-Q053,MOEX-105020-5301-Q053,醫學（一）,105,2016,105020,5301,53,moex_med1_remaining_detailed_v4_merged_001_1827.ts
MOEX-105020-5301-Q054,MOEX-105020-5301-Q054,醫學（一）,105,2016,105020,5301,54,moex_med1_remaining_detailed_v4_merged_001_1827.ts
MOEX-105020-5301-Q055,MOEX-105020-5301-Q055,醫學（一）,105,2016,105020,5301,55,moex_med1_remaining_detailed_v4_merged_001_1827.ts
MOEX-105020-5301-Q056,MOEX-105020-5301-Q056,醫學（一）,105,2016,105020,5301,56,moex_med1_remaining_detailed_v4_merged_001_1827.ts
MOEX-105020-5301-Q057,MOEX-105020-5301-Q057,醫學（一）,105,2016,105020,5301,57,moex_med1_remaining_detailed_v4_merged_001_1827.ts
MOEX-105020-5301-Q058,MOEX-105020-5301-Q058,醫學（一）,105,2016,105020,5301,58,moex_med1_remaining_detailed_v4_merged_001_1827.ts
MOEX-105020-5301-Q059,MOEX-105020-5301-Q059,醫學（一）,105,2016,105020,5301,59,moex_med1_remaining_detailed_v4_merged_001_1827.ts
MOEX-105020-5301-Q060,MOEX-105020-5301-Q060,醫學（一）,105,2016,105020,5301,60,moex_med1_remaining_detailed_v4_merged_001_1827.ts
MOEX-105020-5301-Q061,MOEX-105020-5301-Q061,醫學（一）,105,2016,105020,5301,61,moex_med1_remaining_detailed_v4_merged_001_1827.ts
MOEX-105020-5301-Q062,MOEX-105020-5301-Q062,醫學（一）,105,2016,105020,5301,62,moex_med1_remaining_detailed_v4_merged_001_1827.ts
MOEX-105020-5301-Q063,MOEX-105020-5301-Q063,醫學（一）,105,2016,105020,5301,63,moex_med1_remaining_detailed_v4_merged_001_1827.ts
MOEX-105020-5301-Q064,MOEX-105020-5301-Q064,醫學（一）,105,2016,105020,5301,64,moex_med1_remaining_detailed_v4_merged_001_1827.ts
MOEX-105020-5301-Q065,MOEX-105020-5301-Q065,醫學（一）,105,2016,105020,5301,65,moex_med1_remaining_detailed_v4_merged_001_1827.ts
MOEX-105020-5301-Q066,MOEX-105020-5301-Q066,醫學（一）,105,2016,105020,5301,66,moex_med1_remaining_detailed_v4_merged_001_1827.ts
MOEX-105020-5301-Q067,MOEX-105020-5301-Q067,醫學（一）,105,2016,105020,5301,67,moex_med1_remaining_detailed_v4_merged_001_1827.ts
MOEX-105020-5301-Q068,MOEX-105020-5301-Q068,醫學（一）,105,2016,105020,5301,68,moex_med1_remaining_detailed_v4_merged_001_1827.ts
MOEX-105020-5301-Q069,MOEX-105020-5301-Q069,醫學（一）,105,2016,105020,5301,69,moex_med1_remaining_detailed_v4_merged_001_1827.ts
MOEX-105020-5301-Q070,MOEX-105020-5301-Q070,醫學（一）,105,2016,105020,5301,70,moex_med1_remaining_detailed_v4_merged_001_1827.ts
MOEX-105020-5301-Q071,MOEX-105020-5301-Q071,醫學（一）,105,2016,105020,5301,71,moex_med1_remaining_detailed_v4_merged_001_1827.ts
MOEX-105020-5301-Q072,MOEX-105020-5301-Q072,醫學（一）,105,2016,105020,5301,72,moex_med1_remaining_detailed_v4_merged_001_1827.ts
MOEX-105020-5301-Q073,MOEX-105020-5301-Q073,醫學（一）,105,2016,105020,5301,73,moex_med1_remaining_detailed_v4_merged_001_1827.ts
MOEX-105020-5301-Q074,MOEX-105020-5301-Q074,醫學（一）,105,2016,105020,5301,74,moex_med1_remaining_detailed_v4_merged_001_1827.ts
MOEX-105020-5301-Q075,MOEX-105020-5301-Q075,醫學（一）,105,2016,105020,5301,75,moex_med1_remaining_detailed_v4_merged_001_1827.ts
MOEX-105020-5301-Q076,MOEX-105020-5301-Q076,醫學（一）,105,2016,105020,5301,76,moex_med1_remaining_detailed_v4_merged_001_1827.ts
MOEX-105020-5301-Q077,MOEX-105020-5301-Q077,醫學（一）,105,2016,105020,5301,77,moex_med1_remaining_detailed_v4_merged_001_1827.ts
MOEX-105020-5301-Q078,MOEX-105020-5301-Q078,醫學（一）,105,2016,105020,5301,78,moex_med1_remaining_detailed_v4_merged_001_1827.ts
MOEX-105020-5301-Q079,MOEX-105020-5301-Q079,醫學（一）,105,2016,105020,5301,79,moex_med1_remaining_detailed_v4_merged_001_1827.ts
MOEX-105020-5301-Q080,MOEX-105020-5301-Q080,醫學（一）,105,2016,105020,5301,80,moex_med1_remaining_detailed_v4_merged_001_1827.ts
MOEX-105020-5301-Q081,MOEX-105020-5301-Q081,醫學（一）,105,2016,105020,5301,81,anatomyQuestions.ts
MOEX-105020-5301-Q082,MOEX-105020-5301-Q082,醫學（一）,105,2016,105020,5301,82,moex_med1_remaining_detailed_v4_merged_001_1827.ts
MOEX-105020-5301-Q083,MOEX-105020-5301-Q083,醫學（一）,105,2016,105020,5301,83,moex_med1_remaining_detailed_v4_merged_001_1827.ts
MOEX-105020-5301-Q084,MOEX-105020-5301-Q084,醫學（一）,105,2016,105020,5301,84,moex_med1_remaining_detailed_v4_merged_001_1827.ts
MOEX-105020-5301-Q085,MOEX-105020-5301-Q085,醫學（一）,105,2016,105020,5301,85,moex_med1_remaining_detailed_v4_merged_001_1827.ts
MOEX-105020-5301-Q086,MOEX-105020-5301-Q086,醫學（一）,105,2016,105020,5301,86,moex_med1_remaining_detailed_v4_merged_001_1827.ts
MOEX-105020-5301-Q087,MOEX-105020-5301-Q087,醫學（一）,105,2016,105020,5301,87,moex_med1_remaining_detailed_v4_merged_001_1827.ts
MOEX-105020-5301-Q088,MOEX-105020-5301-Q088,醫學（一）,105,2016,105020,5301,88,moex_med1_remaining_detailed_v4_merged_001_1827.ts
MOEX-105020-5301-Q089,MOEX-105020-5301-Q089,醫學（一）,105,2016,105020,5301,89,anatomyQuestions.ts
MOEX-105020-5301-Q090,MOEX-105020-5301-Q090,醫學（一）,105,2016,105020,5301,90,anatomyQuestions.ts
MOEX-105020-5301-Q091,MOEX-105020-5301-Q091,醫學（一）,105,2016,105020,5301,91,moex_med1_remaining_detailed_v4_merged_001_1827.ts
MOEX-105020-5301-Q092,MOEX-105020-5301-Q092,醫學（一）,105,2016,105020,5301,92,moex_med1_remaining_detailed_v4_merged_001_1827.ts
MOEX-105020-5301-Q093,MOEX-105020-5301-Q093,醫學（一）,105,2016,105020,5301,93,moex_med1_remaining_detailed_v4_merged_001_1827.ts
MOEX-105020-5301-Q094,MOEX-105020-5301-Q094,醫學（一）,105,2016,105020,5301,94,anatomyQuestions.ts
MOEX-105020-5301-Q095,MOEX-105020-5301-Q095,醫學（一）,105,2016,105020,5301,95,anatomyQuestions.ts
MOEX-105020-5301-Q096,MOEX-105020-5301-Q096,醫學（一）,105,2016,105020,5301,96,moex_med1_remaining_detailed_v4_merged_001_1827.ts
MOEX-105020-5301-Q097,MOEX-105020-5301-Q097,醫學（一）,105,2016,105020,5301,97,moex_med1_remaining_detailed_v4_merged_001_1827.ts
MOEX-105020-5301-Q098,MOEX-105020-5301-Q098,醫學（一）,105,2016,105020,5301,98,anatomyQuestions.ts
MOEX-105020-5301-Q099,MOEX-105020-5301-Q099,醫學（一）,105,2016,105020,5301,99,moex_med1_remaining_detailed_v4_merged_001_1827.ts
MOEX-105020-5301-Q100,MOEX-105020-5301-Q100,醫學（一）,105,2016,105020,5301,100,anatomyQuestions.ts
MOEX-105100-5301-Q001,MOEX-105100-5301-Q001,醫學（一）,105,2016,105100,5301,1,anatomyQuestions.ts
MOEX-105100-5301-Q002,MOEX-105100-5301-Q002,醫學（一）,105,2016,105100,5301,2,anatomyQuestions.ts
MOEX-105100-5301-Q003,MOEX-105100-5301-Q003,醫學（一）,105,2016,105100,5301,3,anatomyQuestions.ts
MOEX-105100-5301-Q004,MOEX-105100-5301-Q004,醫學（一）,105,2016,105100,5301,4,anatomyQuestions.ts
MOEX-105100-5301-Q005,MOEX-105100-5301-Q005,醫學（一）,105,2016,105100,5301,5,anatomyQuestions.ts
MOEX-105100-5301-Q006,MOEX-105100-5301-Q006,醫學（一）,105,2016,105100,5301,6,anatomyQuestions.ts
MOEX-105100-5301-Q007,MOEX-105100-5301-Q007,醫學（一）,105,2016,105100,5301,7,anatomyQuestions.ts
MOEX-105100-5301-Q008,MOEX-105100-5301-Q008,醫學（一）,105,2016,105100,5301,8,anatomyQuestions.ts
MOEX-105100-5301-Q009,MOEX-105100-5301-Q009,醫學（一）,105,2016,105100,5301,9,anatomyQuestions.ts
MOEX-105100-5301-Q010,MOEX-105100-5301-Q010,醫學（一）,105,2016,105100,5301,10,moex_med1_remaining_detailed_v4_merged_001_1827.ts
MOEX-105100-5301-Q011,MOEX-105100-5301-Q011,醫學（一）,105,2016,105100,5301,11,anatomyQuestions.ts
MOEX-105100-5301-Q012,MOEX-105100-5301-Q012,醫學（一）,105,2016,105100,5301,12,anatomyQuestions.ts
MOEX-105100-5301-Q013,MOEX-105100-5301-Q013,醫學（一）,105,2016,105100,5301,13,anatomyQuestions.ts
MOEX-105100-5301-Q014,MOEX-105100-5301-Q014,醫學（一）,105,2016,105100,5301,14,anatomyQuestions.ts
MOEX-105100-5301-Q015,MOEX-105100-5301-Q015,醫學（一）,105,2016,105100,5301,15,anatomyQuestions.ts
MOEX-105100-5301-Q016,MOEX-105100-5301-Q016,醫學（一）,105,2016,105100,5301,16,anatomyQuestions.ts
MOEX-105100-5301-Q017,MOEX-105100-5301-Q017,醫學（一）,105,2016,105100,5301,17,anatomyQuestions.ts
MOEX-105100-5301-Q018,MOEX-105100-5301-Q018,醫學（一）,105,2016,105100,5301,18,anatomyQuestions.ts
MOEX-105100-5301-Q019,MOEX-105100-5301-Q019,醫學（一）,105,2016,105100,5301,19,anatomyQuestions.ts
MOEX-105100-5301-Q020,MOEX-105100-5301-Q020,醫學（一）,105,2016,105100,5301,20,anatomyQuestions.ts
MOEX-105100-5301-Q021,MOEX-105100-5301-Q021,醫學（一）,105,2016,105100,5301,21,anatomyQuestions.ts
MOEX-105100-5301-Q022,MOEX-105100-5301-Q022,醫學（一）,105,2016,105100,5301,22,anatomyQuestions.ts
MOEX-105100-5301-Q023,MOEX-105100-5301-Q023,醫學（一）,105,2016,105100,5301,23,anatomyQuestions.ts
MOEX-105100-5301-Q024,MOEX-105100-5301-Q024,醫學（一）,105,2016,105100,5301,24,anatomyQuestions.ts
MOEX-105100-5301-Q025,MOEX-105100-5301-Q025,醫學（一）,105,2016,105100,5301,25,anatomyQuestions.ts
MOEX-105100-5301-Q026,MOEX-105100-5301-Q026,醫學（一）,105,2016,105100,5301,26,anatomyQuestions.ts
MOEX-105100-5301-Q027,MOEX-105100-5301-Q027,醫學（一）,105,2016,105100,5301,27,anatomyQuestions.ts
MOEX-105100-5301-Q028,MOEX-105100-5301-Q028,醫學（一）,105,2016,105100,5301,28,anatomyQuestions.ts
MOEX-105100-5301-Q029,MOEX-105100-5301-Q029,醫學（一）,105,2016,105100,5301,29,anatomyQuestions.ts
MOEX-105100-5301-Q030,MOEX-105100-5301-Q030,醫學（一）,105,2016,105100,5301,30,moex_med1_remaining_detailed_v4_merged_001_1827.ts
MOEX-105100-5301-Q031,moex-med1-supplement-v5-105100-5301-031,醫學（一）,105,2016,105100,5301,31,moex_med1_requested_71_questions_detailed_patch_v5.ts
MOEX-105100-5301-Q032,MOEX-105100-5301-Q032,醫學（一）,105,2016,105100,5301,32,anatomyQuestions.ts
MOEX-105100-5301-Q033,MOEX-105100-5301-Q033,醫學（一）,105,2016,105100,5301,33,moex_med1_remaining_detailed_v4_merged_001_1827.ts
MOEX-105100-5301-Q034,MOEX-105100-5301-Q034,醫學（一）,105,2016,105100,5301,34,moex_med1_remaining_detailed_v4_merged_001_1827.ts
MOEX-105100-5301-Q035,MOEX-105100-5301-Q035,醫學（一）,105,2016,105100,5301,35,anatomyQuestions.ts
MOEX-105100-5301-Q036,MOEX-105100-5301-Q036,醫學（一）,105,2016,105100,5301,36,moex_med1_remaining_detailed_v4_merged_001_1827.ts
MOEX-105100-5301-Q037,MOEX-105100-5301-Q037,醫學（一）,105,2016,105100,5301,37,moex_med1_remaining_detailed_v4_merged_001_1827.ts
MOEX-105100-5301-Q038,MOEX-105100-5301-Q038,醫學（一）,105,2016,105100,5301,38,moex_med1_remaining_detailed_v4_merged_001_1827.ts
MOEX-105100-5301-Q039,MOEX-105100-5301-Q039,醫學（一）,105,2016,105100,5301,39,anatomyQuestions.ts
MOEX-105100-5301-Q040,MOEX-105100-5301-Q040,醫學（一）,105,2016,105100,5301,40,moex_med1_remaining_detailed_v4_merged_001_1827.ts
MOEX-105100-5301-Q041,MOEX-105100-5301-Q041,醫學（一）,105,2016,105100,5301,41,anatomyQuestions.ts
MOEX-105100-5301-Q042,MOEX-105100-5301-Q042,醫學（一）,105,2016,105100,5301,42,moex_med1_remaining_detailed_v4_merged_001_1827.ts
MOEX-105100-5301-Q043,MOEX-105100-5301-Q043,醫學（一）,105,2016,105100,5301,43,moex_med1_remaining_detailed_v4_merged_001_1827.ts
MOEX-105100-5301-Q044,MOEX-105100-5301-Q044,醫學（一）,105,2016,105100,5301,44,moex_med1_remaining_detailed_v4_merged_001_1827.ts
MOEX-105100-5301-Q045,MOEX-105100-5301-Q045,醫學（一）,105,2016,105100,5301,45,moex_med1_remaining_detailed_v4_merged_001_1827.ts
MOEX-105100-5301-Q046,MOEX-105100-5301-Q046,醫學（一）,105,2016,105100,5301,46,moex_med1_remaining_detailed_v4_merged_001_1827.ts
MOEX-105100-5301-Q047,MOEX-105100-5301-Q047,醫學（一）,105,2016,105100,5301,47,moex_med1_remaining_detailed_v4_merged_001_1827.ts
MOEX-105100-5301-Q048,MOEX-105100-5301-Q048,醫學（一）,105,2016,105100,5301,48,moex_med1_remaining_detailed_v4_merged_001_1827.ts
MOEX-105100-5301-Q049,MOEX-105100-5301-Q049,醫學（一）,105,2016,105100,5301,49,moex_med1_remaining_detailed_v4_merged_001_1827.ts
MOEX-105100-5301-Q050,MOEX-105100-5301-Q050,醫學（一）,105,2016,105100,5301,50,moex_med1_remaining_detailed_v4_merged_001_1827.ts
MOEX-105100-5301-Q051,MOEX-105100-5301-Q051,醫學（一）,105,2016,105100,5301,51,moex_med1_remaining_detailed_v4_merged_001_1827.ts
MOEX-105100-5301-Q052,MOEX-105100-5301-Q052,醫學（一）,105,2016,105100,5301,52,anatomyQuestions.ts
MOEX-105100-5301-Q053,MOEX-105100-5301-Q053,醫學（一）,105,2016,105100,5301,53,anatomyQuestions.ts
MOEX-105100-5301-Q054,MOEX-105100-5301-Q054,醫學（一）,105,2016,105100,5301,54,moex_med1_remaining_detailed_v4_merged_001_1827.ts
MOEX-105100-5301-Q055,MOEX-105100-5301-Q055,醫學（一）,105,2016,105100,5301,55,anatomyQuestions.ts
MOEX-105100-5301-Q056,MOEX-105100-5301-Q056,醫學（一）,105,2016,105100,5301,56,moex_med1_remaining_detailed_v4_merged_001_1827.ts
MOEX-105100-5301-Q057,MOEX-105100-5301-Q057,醫學（一）,105,2016,105100,5301,57,moex_med1_remaining_detailed_v4_merged_001_1827.ts
MOEX-105100-5301-Q058,MOEX-105100-5301-Q058,醫學（一）,105,2016,105100,5301,58,moex_med1_remaining_detailed_v4_merged_001_1827.ts
MOEX-105100-5301-Q059,MOEX-105100-5301-Q059,醫學（一）,105,2016,105100,5301,59,moex_med1_remaining_detailed_v4_merged_001_1827.ts
MOEX-105100-5301-Q060,MOEX-105100-5301-Q060,醫學（一）,105,2016,105100,5301,60,moex_med1_remaining_detailed_v4_merged_001_1827.ts
MOEX-105100-5301-Q061,MOEX-105100-5301-Q061,醫學（一）,105,2016,105100,5301,61,moex_med1_remaining_detailed_v4_merged_001_1827.ts
MOEX-105100-5301-Q062,MOEX-105100-5301-Q062,醫學（一）,105,2016,105100,5301,62,moex_med1_remaining_detailed_v4_merged_001_1827.ts
MOEX-105100-5301-Q063,MOEX-105100-5301-Q063,醫學（一）,105,2016,105100,5301,63,moex_med1_remaining_detailed_v4_merged_001_1827.ts
MOEX-105100-5301-Q064,MOEX-105100-5301-Q064,醫學（一）,105,2016,105100,5301,64,moex_med1_remaining_detailed_v4_merged_001_1827.ts
MOEX-105100-5301-Q065,MOEX-105100-5301-Q065,醫學（一）,105,2016,105100,5301,65,moex_med1_remaining_detailed_v4_merged_001_1827.ts
MOEX-105100-5301-Q066,MOEX-105100-5301-Q066,醫學（一）,105,2016,105100,5301,66,moex_med1_remaining_detailed_v4_merged_001_1827.ts
MOEX-105100-5301-Q067,MOEX-105100-5301-Q067,醫學（一）,105,2016,105100,5301,67,moex_med1_remaining_detailed_v4_merged_001_1827.ts
MOEX-105100-5301-Q068,MOEX-105100-5301-Q068,醫學（一）,105,2016,105100,5301,68,moex_med1_remaining_detailed_v4_merged_001_1827.ts
MOEX-105100-5301-Q069,MOEX-105100-5301-Q069,醫學（一）,105,2016,105100,5301,69,moex_med1_remaining_detailed_v4_merged_001_1827.ts
MOEX-105100-5301-Q070,MOEX-105100-5301-Q070,醫學（一）,105,2016,105100,5301,70,moex_med1_remaining_detailed_v4_merged_001_1827.ts
MOEX-105100-5301-Q071,MOEX-105100-5301-Q071,醫學（一）,105,2016,105100,5301,71,moex_med1_remaining_detailed_v4_merged_001_1827.ts
MOEX-105100-5301-Q072,MOEX-105100-5301-Q072,醫學（一）,105,2016,105100,5301,72,moex_med1_remaining_detailed_v4_merged_001_1827.ts
MOEX-105100-5301-Q073,MOEX-105100-5301-Q073,醫學（一）,105,2016,105100,5301,73,moex_med1_remaining_detailed_v4_merged_001_1827.ts
MOEX-105100-5301-Q074,MOEX-105100-5301-Q074,醫學（一）,105,2016,105100,5301,74,moex_med1_remaining_detailed_v4_merged_001_1827.ts
MOEX-105100-5301-Q075,MOEX-105100-5301-Q075,醫學（一）,105,2016,105100,5301,75,moex_med1_remaining_detailed_v4_merged_001_1827.ts
MOEX-105100-5301-Q076,MOEX-105100-5301-Q076,醫學（一）,105,2016,105100,5301,76,moex_med1_remaining_detailed_v4_merged_001_1827.ts
MOEX-105100-5301-Q077,MOEX-105100-5301-Q077,醫學（一）,105,2016,105100,5301,77,moex_med1_remaining_detailed_v4_merged_001_1827.ts
MOEX-105100-5301-Q078,MOEX-105100-5301-Q078,醫學（一）,105,2016,105100,5301,78,moex_med1_remaining_detailed_v4_merged_001_1827.ts
MOEX-105100-5301-Q079,MOEX-105100-5301-Q079,醫學（一）,105,2016,105100,5301,79,moex_med1_remaining_detailed_v4_merged_001_1827.ts
MOEX-105100-5301-Q080,MOEX-105100-5301-Q080,醫學（一）,105,2016,105100,5301,80,anatomyQuestions.ts
MOEX-105100-5301-Q081,MOEX-105100-5301-Q081,醫學（一）,105,2016,105100,5301,81,moex_med1_remaining_detailed_v4_merged_001_1827.ts
MOEX-105100-5301-Q082,MOEX-105100-5301-Q082,醫學（一）,105,2016,105100,5301,82,moex_med1_remaining_detailed_v4_merged_001_1827.ts
MOEX-105100-5301-Q083,MOEX-105100-5301-Q083,醫學（一）,105,2016,105100,5301,83,moex_med1_remaining_detailed_v4_merged_001_1827.ts
MOEX-105100-5301-Q084,MOEX-105100-5301-Q084,醫學（一）,105,2016,105100,5301,84,moex_med1_remaining_detailed_v4_merged_001_1827.ts
MOEX-105100-5301-Q085,MOEX-105100-5301-Q085,醫學（一）,105,2016,105100,5301,85,moex_med1_remaining_detailed_v4_merged_001_1827.ts
MOEX-105100-5301-Q086,MOEX-105100-5301-Q086,醫學（一）,105,2016,105100,5301,86,moex_med1_remaining_detailed_v4_merged_001_1827.ts
MOEX-105100-5301-Q087,MOEX-105100-5301-Q087,醫學（一）,105,2016,105100,5301,87,moex_med1_remaining_detailed_v4_merged_001_1827.ts
MOEX-105100-5301-Q088,MOEX-105100-5301-Q088,醫學（一）,105,2016,105100,5301,88,moex_med1_remaining_detailed_v4_merged_001_1827.ts
MOEX-105100-5301-Q089,MOEX-105100-5301-Q089,醫學（一）,105,2016,105100,5301,89,moex_med1_remaining_detailed_v4_merged_001_1827.ts
MOEX-105100-5301-Q090,MOEX-105100-5301-Q090,醫學（一）,105,2016,105100,5301,90,moex_med1_remaining_detailed_v4_merged_001_1827.ts
MOEX-105100-5301-Q091,MOEX-105100-5301-Q091,醫學（一）,105,2016,105100,5301,91,moex_med1_remaining_detailed_v4_merged_001_1827.ts
MOEX-105100-5301-Q092,MOEX-105100-5301-Q092,醫學（一）,105,2016,105100,5301,92,anatomyQuestions.ts
MOEX-105100-5301-Q093,MOEX-105100-5301-Q093,醫學（一）,105,2016,105100,5301,93,moex_med1_remaining_detailed_v4_merged_001_1827.ts
MOEX-105100-5301-Q094,moex-med1-supplement-v5-105100-5301-094,醫學（一）,105,2016,105100,5301,94,moex_med1_requested_71_questions_detailed_patch_v5.ts
MOEX-105100-5301-Q095,MOEX-105100-5301-Q095,醫學（一）,105,2016,105100,5301,95,moex_med1_remaining_detailed_v4_merged_001_1827.ts
MOEX-105100-5301-Q096,MOEX-105100-5301-Q096,醫學（一）,105,2016,105100,5301,96,moex_med1_remaining_detailed_v4_merged_001_1827.ts
MOEX-105100-5301-Q097,MOEX-105100-5301-Q097,醫學（一）,105,2016,105100,5301,97,moex_med1_remaining_detailed_v4_merged_001_1827.ts
MOEX-105100-5301-Q098,MOEX-105100-5301-Q098,醫學（一）,105,2016,105100,5301,98,anatomyQuestions.ts
MOEX-105100-5301-Q099,MOEX-105100-5301-Q099,醫學（一）,105,2016,105100,5301,99,moex_med1_remaining_detailed_v4_merged_001_1827.ts
MOEX-105100-5301-Q100,MOEX-105100-5301-Q100,醫學（一）,105,2016,105100,5301,100,moex_med1_remaining_detailed_v4_merged_001_1827.ts
MOEX-105020-6301-Q001,MOEX-105020-6301-Q001,醫學（二）,105,2016,105020,6301,1,moex_med_stage2_detailed_merged_001_3100_classified_v3.json
MOEX-105020-6301-Q002,MOEX-105020-6301-Q002,醫學（二）,105,2016,105020,6301,2,moex_med_stage2_detailed_merged_001_3100_classified_v3.json
MOEX-105020-6301-Q003,MOEX-105020-6301-Q003,醫學（二）,105,2016,105020,6301,3,moex_med_stage2_detailed_merged_001_3100_classified_v3.json
MOEX-105020-6301-Q004,MOEX-105020-6301-Q004,醫學（二）,105,2016,105020,6301,4,moex_med_stage2_detailed_merged_001_3100_classified_v3.json
MOEX-105020-6301-Q005,MOEX-105020-6301-Q005,醫學（二）,105,2016,105020,6301,5,moex_med_stage2_detailed_merged_001_3100_classified_v3.json
MOEX-105020-6301-Q006,MOEX-105020-6301-Q006,醫學（二）,105,2016,105020,6301,6,moex_med_stage2_detailed_merged_001_3100_classified_v3.json
MOEX-105020-6301-Q007,MOEX-105020-6301-Q007,醫學（二）,105,2016,105020,6301,7,moex_med_stage2_detailed_merged_001_3100_classified_v3.json
MOEX-105020-6301-Q008,MOEX-105020-6301-Q008,醫學（二）,105,2016,105020,6301,8,moex_med_stage2_detailed_merged_001_3100_classified_v3.json
MOEX-105020-6301-Q009,MOEX-105020-6301-Q009,醫學（二）,105,2016,105020,6301,9,moex_med_stage2_detailed_merged_001_3100_classified_v3.json
MOEX-105020-6301-Q010,MOEX-105020-6301-Q010,醫學（二）,105,2016,105020,6301,10,moex_med_stage2_detailed_merged_001_3100_classified_v3.json
MOEX-105020-6301-Q011,MOEX-105020-6301-Q011,醫學（二）,105,2016,105020,6301,11,moex_med_stage2_detailed_merged_001_3100_classified_v3.json
MOEX-105020-6301-Q012,MOEX-105020-6301-Q012,醫學（二）,105,2016,105020,6301,12,moex_med_stage2_detailed_merged_001_3100_classified_v3.json
MOEX-105020-6301-Q013,MOEX-105020-6301-Q013,醫學（二）,105,2016,105020,6301,13,moex_med_stage2_detailed_merged_001_3100_classified_v3.json
MOEX-105020-6301-Q014,MOEX-105020-6301-Q014,醫學（二）,105,2016,105020,6301,14,moex_med_stage2_detailed_merged_001_3100_classified_v3.json
MOEX-105020-6301-Q015,MOEX-105020-6301-Q015,醫學（二）,105,2016,105020,6301,15,moex_med_stage2_detailed_merged_001_3100_classified_v3.json
MOEX-105020-6301-Q016,MOEX-105020-6301-Q016,醫學（二）,105,2016,105020,6301,16,moex_med_stage2_detailed_merged_001_3100_classified_v3.json
MOEX-105020-6301-Q017,MOEX-105020-6301-Q017,醫學（二）,105,2016,105020,6301,17,moex_med_stage2_detailed_merged_001_3100_classified_v3.json
MOEX-105020-6301-Q018,MOEX-105020-6301-Q018,醫學（二）,105,2016,105020,6301,18,moex_med_stage2_detailed_merged_001_3100_classified_v3.json
MOEX-105020-6301-Q019,MOEX-105020-6301-Q019,醫學（二）,105,2016,105020,6301,19,moex_med_stage2_detailed_merged_001_3100_classified_v3.json
MOEX-105020-6301-Q020,MOEX-105020-6301-Q020,醫學（二）,105,2016,105020,6301,20,moex_med_stage2_detailed_merged_001_3100_classified_v3.json
MOEX-105020-6301-Q021,MOEX-105020-6301-Q021,醫學（二）,105,2016,105020,6301,21,moex_med_stage2_detailed_merged_001_3100_classified_v3.json
MOEX-105020-6301-Q022,MOEX-105020-6301-Q022,醫學（二）,105,2016,105020,6301,22,moex_med_stage2_detailed_merged_001_3100_classified_v3.json
MOEX-105020-6301-Q023,MOEX-105020-6301-Q023,醫學（二）,105,2016,105020,6301,23,moex_med_stage2_detailed_merged_001_3100_classified_v3.json
MOEX-105020-6301-Q024,MOEX-105020-6301-Q024,醫學（二）,105,2016,105020,6301,24,moex_med_stage2_detailed_merged_001_3100_classified_v3.json
MOEX-105020-6301-Q025,MOEX-105020-6301-Q025,醫學（二）,105,2016,105020,6301,25,moex_med_stage2_detailed_merged_001_3100_classified_v3.json
MOEX-105020-6301-Q026,MOEX-105020-6301-Q026,醫學（二）,105,2016,105020,6301,26,moex_med_stage2_detailed_merged_001_3100_classified_v3.json
MOEX-105020-6301-Q027,MOEX-105020-6301-Q027,醫學（二）,105,2016,105020,6301,27,moex_med_stage2_detailed_merged_001_3100_classified_v3.json
MOEX-105020-6301-Q028,MOEX-105020-6301-Q028,醫學（二）,105,2016,105020,6301,28,moex_med_stage2_detailed_merged_001_3100_classified_v3.json
MOEX-105020-6301-Q029,MOEX-105020-6301-Q029,醫學（二）,105,2016,105020,6301,29,moex_med_stage2_detailed_merged_001_3100_classified_v3.json
MOEX-105020-6301-Q030,MOEX-105020-6301-Q030,醫學（二）,105,2016,105020,6301,30,moex_med_stage2_detailed_merged_001_3100_classified_v3.json
MOEX-105020-6301-Q031,MOEX-105020-6301-Q031,醫學（二）,105,2016,105020,6301,31,moex_med_stage2_detailed_merged_001_3100_classified_v3.json
MOEX-105020-6301-Q032,MOEX-105020-6301-Q032,醫學（二）,105,2016,105020,6301,32,moex_med_stage2_detailed_merged_001_3100_classified_v3.json
MOEX-105020-6301-Q033,MOEX-105020-6301-Q033,醫學（二）,105,2016,105020,6301,33,moex_med_stage2_detailed_merged_001_3100_classified_v3.json
MOEX-105020-6301-Q034,MOEX-105020-6301-Q034,醫學（二）,105,2016,105020,6301,34,moex_med_stage2_detailed_merged_001_3100_classified_v3.json
MOEX-105020-6301-Q035,MOEX-105020-6301-Q035,醫學（二）,105,2016,105020,6301,35,moex_med_stage2_detailed_merged_001_3100_classified_v3.json
MOEX-105020-6301-Q036,MOEX-105020-6301-Q036,醫學（二）,105,2016,105020,6301,36,moex_med_stage2_detailed_merged_001_3100_classified_v3.json
MOEX-105020-6301-Q037,MOEX-105020-6301-Q037,醫學（二）,105,2016,105020,6301,37,moex_med_stage2_detailed_merged_001_3100_classified_v3.json
MOEX-105020-6301-Q038,MOEX-105020-6301-Q038,醫學（二）,105,2016,105020,6301,38,moex_med_stage2_detailed_merged_001_3100_classified_v3.json
MOEX-105020-6301-Q039,MOEX-105020-6301-Q039,醫學（二）,105,2016,105020,6301,39,moex_med_stage2_detailed_merged_001_3100_classified_v3.json
MOEX-105020-6301-Q040,MOEX-105020-6301-Q040,醫學（二）,105,2016,105020,6301,40,moex_med_stage2_detailed_merged_001_3100_classified_v3.json
MOEX-105020-6301-Q041,MOEX-105020-6301-Q041,醫學（二）,105,2016,105020,6301,41,moex_med_stage2_detailed_merged_001_3100_classified_v3.json
MOEX-105020-6301-Q042,MOEX-105020-6301-Q042,醫學（二）,105,2016,105020,6301,42,moex_med_stage2_detailed_merged_001_3100_classified_v3.json
MOEX-105020-6301-Q043,MOEX-105020-6301-Q043,醫學（二）,105,2016,105020,6301,43,moex_med_stage2_detailed_merged_001_3100_classified_v3.json
MOEX-105020-6301-Q044,MOEX-105020-6301-Q044,醫學（二）,105,2016,105020,6301,44,moex_med_stage2_detailed_merged_001_3100_classified_v3.json
MOEX-105020-6301-Q045,MOEX-105020-6301-Q045,醫學（二）,105,2016,105020,6301,45,moex_med_stage2_detailed_merged_001_3100_classified_v3.json
MOEX-105020-6301-Q046,MOEX-105020-6301-Q046,醫學（二）,105,2016,105020,6301,46,moex_med_stage2_detailed_merged_001_3100_classified_v3.json
MOEX-105020-6301-Q047,MOEX-105020-6301-Q047,醫學（二）,105,2016,105020,6301,47,moex_med_stage2_detailed_merged_001_3100_classified_v3.json
MOEX-105020-6301-Q048,MOEX-105020-6301-Q048,醫學（二）,105,2016,105020,6301,48,moex_med_stage2_detailed_merged_001_3100_classified_v3.json
MOEX-105020-6301-Q049,MOEX-105020-6301-Q049,醫學（二）,105,2016,105020,6301,49,moex_med_stage2_detailed_merged_001_3100_classified_v3.json
MOEX-105020-6301-Q050,MOEX-105020-6301-Q050,醫學（二）,105,2016,105020,6301,50,moex_med_stage2_detailed_merged_001_3100_classified_v3.json
MOEX-105020-6301-Q051,MOEX-105020-6301-Q051,醫學（二）,105,2016,105020,6301,51,moex_med_stage2_detailed_merged_001_3100_classified_v3.json
MOEX-105020-6301-Q052,MOEX-105020-6301-Q052,醫學（二）,105,2016,105020,6301,52,moex_med_stage2_detailed_merged_001_3100_classified_v3.json
MOEX-105020-6301-Q053,MOEX-105020-6301-Q053,醫學（二）,105,2016,105020,6301,53,moex_med_stage2_detailed_merged_001_3100_classified_v3.json
MOEX-105020-6301-Q054,MOEX-105020-6301-Q054,醫學（二）,105,2016,105020,6301,54,moex_med_stage2_detailed_merged_001_3100_classified_v3.json
MOEX-105020-6301-Q055,MOEX-105020-6301-Q055,醫學（二）,105,2016,105020,6301,55,moex_med_stage2_detailed_merged_001_3100_classified_v3.json
MOEX-105020-6301-Q056,MOEX-105020-6301-Q056,醫學（二）,105,2016,105020,6301,56,moex_med_stage2_detailed_merged_001_3100_classified_v3.json
MOEX-105020-6301-Q057,MOEX-105020-6301-Q057,醫學（二）,105,2016,105020,6301,57,moex_med_stage2_detailed_merged_001_3100_classified_v3.json
MOEX-105020-6301-Q058,MOEX-105020-6301-Q058,醫學（二）,105,2016,105020,6301,58,moex_med_stage2_detailed_merged_001_3100_classified_v3.json
MOEX-105020-6301-Q059,MOEX-105020-6301-Q059,醫學（二）,105,2016,105020,6301,59,moex_med_stage2_detailed_merged_001_3100_classified_v3.json
MOEX-105020-6301-Q060,MOEX-105020-6301-Q060,醫學（二）,105,2016,105020,6301,60,moex_med_stage2_detailed_merged_001_3100_classified_v3.json
MOEX-105020-6301-Q061,MOEX-105020-6301-Q061,醫學（二）,105,2016,105020,6301,61,moex_med_stage2_detailed_merged_001_3100_classified_v3.json
MOEX-105020-6301-Q062,MOEX-105020-6301-Q062,醫學（二）,105,2016,105020,6301,62,moex_med_stage2_detailed_merged_001_3100_classified_v3.json
MOEX-105020-6301-Q063,MOEX-105020-6301-Q063,醫學（二）,105,2016,105020,6301,63,moex_med_stage2_detailed_merged_001_3100_classified_v3.json
MOEX-105020-6301-Q064,MOEX-105020-6301-Q064,醫學（二）,105,2016,105020,6301,64,moex_med_stage2_detailed_merged_001_3100_classified_v3.json
MOEX-105020-6301-Q065,MOEX-105020-6301-Q065,醫學（二）,105,2016,105020,6301,65,moex_med_stage2_detailed_merged_001_3100_classified_v3.json
MOEX-105020-6301-Q066,MOEX-105020-6301-Q066,醫學（二）,105,2016,105020,6301,66,moex_med_stage2_detailed_merged_001_3100_classified_v3.json
MOEX-105020-6301-Q067,MOEX-105020-6301-Q067,醫學（二）,105,2016,105020,6301,67,moex_med_stage2_detailed_merged_001_3100_classified_v3.json
MOEX-105020-6301-Q068,MOEX-105020-6301-Q068,醫學（二）,105,2016,105020,6301,68,moex_med_stage2_detailed_merged_001_3100_classified_v3.json
MOEX-105020-6301-Q069,MOEX-105020-6301-Q069,醫學（二）,105,2016,105020,6301,69,moex_med_stage2_detailed_merged_001_3100_classified_v3.json
MOEX-105020-6301-Q070,MOEX-105020-6301-Q070,醫學（二）,105,2016,105020,6301,70,moex_med_stage2_detailed_merged_001_3100_classified_v3.json
MOEX-105020-6301-Q071,MOEX-105020-6301-Q071,醫學（二）,105,2016,105020,6301,71,moex_med_stage2_detailed_merged_001_3100_classified_v3.json
MOEX-105020-6301-Q072,MOEX-105020-6301-Q072,醫學（二）,105,2016,105020,6301,72,moex_med_stage2_detailed_merged_001_3100_classified_v3.json
MOEX-105020-6301-Q073,MOEX-105020-6301-Q073,醫學（二）,105,2016,105020,6301,73,moex_med_stage2_detailed_merged_001_3100_classified_v3.json
MOEX-105020-6301-Q074,MOEX-105020-6301-Q074,醫學（二）,105,2016,105020,6301,74,moex_med_stage2_detailed_merged_001_3100_classified_v3.json
MOEX-105020-6301-Q075,MOEX-105020-6301-Q075,醫學（二）,105,2016,105020,6301,75,moex_med_stage2_detailed_merged_001_3100_classified_v3.json
MOEX-105020-6301-Q076,MOEX-105020-6301-Q076,醫學（二）,105,2016,105020,6301,76,moex_med_stage2_detailed_merged_001_3100_classified_v3.json
MOEX-105020-6301-Q077,MOEX-105020-6301-Q077,醫學（二）,105,2016,105020,6301,77,moex_med_stage2_detailed_merged_001_3100_classified_v3.json
MOEX-105020-6301-Q078,MOEX-105020-6301-Q078,醫學（二）,105,2016,105020,6301,78,moex_med_stage2_detailed_merged_001_3100_classified_v3.json
MOEX-105020-6301-Q079,MOEX-105020-6301-Q079,醫學（二）,105,2016,105020,6301,79,moex_med_stage2_detailed_merged_001_3100_classified_v3.json
MOEX-105020-6301-Q080,MOEX-105020-6301-Q080,醫學（二）,105,2016,105020,6301,80,moex_med_stage2_detailed_merged_001_3100_classified_v3.json
MOEX-105020-6301-Q081,MOEX-105020-6301-Q081,醫學（二）,105,2016,105020,6301,81,moex_med_stage2_detailed_merged_001_3100_classified_v3.json
MOEX-105020-6301-Q082,MOEX-105020-6301-Q082,醫學（二）,105,2016,105020,6301,82,moex_med_stage2_detailed_merged_001_3100_classified_v3.json
MOEX-105020-6301-Q083,MOEX-105020-6301-Q083,醫學（二）,105,2016,105020,6301,83,moex_med_stage2_detailed_merged_001_3100_classified_v3.json
MOEX-105020-6301-Q084,MOEX-105020-6301-Q084,醫學（二）,105,2016,105020,6301,84,moex_med_stage2_detailed_merged_001_3100_classified_v3.json
MOEX-105020-6301-Q085,MOEX-105020-6301-Q085,醫學（二）,105,2016,105020,6301,85,moex_med_stage2_detailed_merged_001_3100_classified_v3.json
MOEX-105020-6301-Q086,MOEX-105020-6301-Q086,醫學（二）,105,2016,105020,6301,86,moex_med_stage2_detailed_merged_001_3100_classified_v3.json
MOEX-105020-6301-Q087,MOEX-105020-6301-Q087,醫學（二）,105,2016,105020,6301,87,moex_med_stage2_detailed_merged_001_3100_classified_v3.json
MOEX-105020-6301-Q088,MOEX-105020-6301-Q088,醫學（二）,105,2016,105020,6301,88,moex_med_stage2_detailed_merged_001_3100_classified_v3.json
MOEX-105020-6301-Q089,MOEX-105020-6301-Q089,醫學（二）,105,2016,105020,6301,89,moex_med_stage2_detailed_merged_001_3100_classified_v3.json
MOEX-105020-6301-Q090,MOEX-105020-6301-Q090,醫學（二）,105,2016,105020,6301,90,moex_med_stage2_detailed_merged_001_3100_classified_v3.json
MOEX-105020-6301-Q091,MOEX-105020-6301-Q091,醫學（二）,105,2016,105020,6301,91,moex_med_stage2_detailed_merged_001_3100_classified_v3.json
MOEX-105020-6301-Q092,MOEX-105020-6301-Q092,醫學（二）,105,2016,105020,6301,92,moex_med_stage2_detailed_merged_001_3100_classified_v3.json
MOEX-105020-6301-Q093,MOEX-105020-6301-Q093,醫學（二）,105,2016,105020,6301,93,moex_med_stage2_detailed_merged_001_3100_classified_v3.json
MOEX-105020-6301-Q094,MOEX-105020-6301-Q094,醫學（二）,105,2016,105020,6301,94,moex_med_stage2_detailed_merged_001_3100_classified_v3.json
MOEX-105020-6301-Q095,MOEX-105020-6301-Q095,醫學（二）,105,2016,105020,6301,95,moex_med_stage2_detailed_merged_001_3100_classified_v3.json
MOEX-105020-6301-Q096,MOEX-105020-6301-Q096,醫學（二）,105,2016,105020,6301,96,moex_med_stage2_detailed_merged_001_3100_classified_v3.json
MOEX-105020-6301-Q097,MOEX-105020-6301-Q097,醫學（二）,105,2016,105020,6301,97,moex_med_stage2_detailed_merged_001_3100_classified_v3.json
MOEX-105020-6301-Q098,MOEX-105020-6301-Q098,醫學（二）,105,2016,105020,6301,98,moex_med_stage2_detailed_merged_001_3100_classified_v3.json
MOEX-105020-6301-Q099,MOEX-105020-6301-Q099,醫學（二）,105,2016,105020,6301,99,moex_med_stage2_detailed_merged_001_3100_classified_v3.json
MOEX-105020-6301-Q100,MOEX-105020-6301-Q100,醫學（二）,105,2016,105020,6301,100,moex_med_stage2_detailed_merged_001_3100_classified_v3.json
MOEX-105100-6301-Q001,MOEX-105100-6301-Q001,醫學（二）,105,2016,105100,6301,1,moex_med_stage2_detailed_merged_001_3100_classified_v3.json
MOEX-105100-6301-Q002,MOEX-105100-6301-Q002,醫學（二）,105,2016,105100,6301,2,moex_med_stage2_detailed_merged_001_3100_classified_v3.json
MOEX-105100-6301-Q003,MOEX-105100-6301-Q003,醫學（二）,105,2016,105100,6301,3,moex_med_stage2_detailed_merged_001_3100_classified_v3.json
MOEX-105100-6301-Q004,MOEX-105100-6301-Q004,醫學（二）,105,2016,105100,6301,4,moex_med_stage2_detailed_merged_001_3100_classified_v3.json
MOEX-105100-6301-Q005,MOEX-105100-6301-Q005,醫學（二）,105,2016,105100,6301,5,moex_med_stage2_detailed_merged_001_3100_classified_v3.json
MOEX-105100-6301-Q006,MOEX-105100-6301-Q006,醫學（二）,105,2016,105100,6301,6,moex_med_stage2_detailed_merged_001_3100_classified_v3.json
MOEX-105100-6301-Q007,MOEX-105100-6301-Q007,醫學（二）,105,2016,105100,6301,7,moex_med_stage2_detailed_merged_001_3100_classified_v3.json
MOEX-105100-6301-Q008,MOEX-105100-6301-Q008,醫學（二）,105,2016,105100,6301,8,moex_med_stage2_detailed_merged_001_3100_classified_v3.json
MOEX-105100-6301-Q009,MOEX-105100-6301-Q009,醫學（二）,105,2016,105100,6301,9,moex_med_stage2_detailed_merged_001_3100_classified_v3.json
MOEX-105100-6301-Q010,MOEX-105100-6301-Q010,醫學（二）,105,2016,105100,6301,10,moex_med_stage2_detailed_merged_001_3100_classified_v3.json
MOEX-105100-6301-Q011,MOEX-105100-6301-Q011,醫學（二）,105,2016,105100,6301,11,moex_med_stage2_detailed_merged_001_3100_classified_v3.json
MOEX-105100-6301-Q012,MOEX-105100-6301-Q012,醫學（二）,105,2016,105100,6301,12,moex_med_stage2_detailed_merged_001_3100_classified_v3.json
MOEX-105100-6301-Q013,MOEX-105100-6301-Q013,醫學（二）,105,2016,105100,6301,13,moex_med_stage2_detailed_merged_001_3100_classified_v3.json
MOEX-105100-6301-Q014,MOEX-105100-6301-Q014,醫學（二）,105,2016,105100,6301,14,moex_med_stage2_detailed_merged_001_3100_classified_v3.json
MOEX-105100-6301-Q015,MOEX-105100-6301-Q015,醫學（二）,105,2016,105100,6301,15,moex_med_stage2_detailed_merged_001_3100_classified_v3.json
MOEX-105100-6301-Q016,MOEX-105100-6301-Q016,醫學（二）,105,2016,105100,6301,16,moex_med_stage2_detailed_merged_001_3100_classified_v3.json
MOEX-105100-6301-Q017,MOEX-105100-6301-Q017,醫學（二）,105,2016,105100,6301,17,moex_med_stage2_detailed_merged_001_3100_classified_v3.json
MOEX-105100-6301-Q018,MOEX-105100-6301-Q018,醫學（二）,105,2016,105100,6301,18,moex_med_stage2_detailed_merged_001_3100_classified_v3.json
MOEX-105100-6301-Q019,MOEX-105100-6301-Q019,醫學（二）,105,2016,105100,6301,19,moex_med_stage2_detailed_merged_001_3100_classified_v3.json
MOEX-105100-6301-Q020,MOEX-105100-6301-Q020,醫學（二）,105,2016,105100,6301,20,moex_med_stage2_detailed_merged_001_3100_classified_v3.json
MOEX-105100-6301-Q021,MOEX-105100-6301-Q021,醫學（二）,105,2016,105100,6301,21,moex_med_stage2_detailed_merged_001_3100_classified_v3.json
MOEX-105100-6301-Q022,MOEX-105100-6301-Q022,醫學（二）,105,2016,105100,6301,22,moex_med_stage2_detailed_merged_001_3100_classified_v3.json
MOEX-105100-6301-Q023,MOEX-105100-6301-Q023,醫學（二）,105,2016,105100,6301,23,moex_med_stage2_detailed_merged_001_3100_classified_v3.json
MOEX-105100-6301-Q024,MOEX-105100-6301-Q024,醫學（二）,105,2016,105100,6301,24,moex_med_stage2_detailed_merged_001_3100_classified_v3.json
MOEX-105100-6301-Q025,MOEX-105100-6301-Q025,醫學（二）,105,2016,105100,6301,25,moex_med_stage2_detailed_merged_001_3100_classified_v3.json
MOEX-105100-6301-Q026,MOEX-105100-6301-Q026,醫學（二）,105,2016,105100,6301,26,moex_med_stage2_detailed_merged_001_3100_classified_v3.json
MOEX-105100-6301-Q027,MOEX-105100-6301-Q027,醫學（二）,105,2016,105100,6301,27,moex_med_stage2_detailed_merged_001_3100_classified_v3.json
MOEX-105100-6301-Q028,MOEX-105100-6301-Q028,醫學（二）,105,2016,105100,6301,28,moex_med_stage2_detailed_merged_001_3100_classified_v3.json
MOEX-105100-6301-Q029,MOEX-105100-6301-Q029,醫學（二）,105,2016,105100,6301,29,moex_med_stage2_detailed_merged_001_3100_classified_v3.json
MOEX-105100-6301-Q030,MOEX-105100-6301-Q030,醫學（二）,105,2016,105100,6301,30,moex_med_stage2_detailed_merged_001_3100_classified_v3.json
MOEX-105100-6301-Q031,MOEX-105100-6301-Q031,醫學（二）,105,2016,105100,6301,31,moex_med_stage2_detailed_merged_001_3100_classified_v3.json
MOEX-105100-6301-Q032,MOEX-105100-6301-Q032,醫學（二）,105,2016,105100,6301,32,moex_med_stage2_detailed_merged_001_3100_classified_v3.json
MOEX-105100-6301-Q033,MOEX-105100-6301-Q033,醫學（二）,105,2016,105100,6301,33,moex_med_stage2_detailed_merged_001_3100_classified_v3.json
MOEX-105100-6301-Q034,MOEX-105100-6301-Q034,醫學（二）,105,2016,105100,6301,34,moex_med_stage2_detailed_merged_001_3100_classified_v3.json
MOEX-105100-6301-Q035,MOEX-105100-6301-Q035,醫學（二）,105,2016,105100,6301,35,moex_med_stage2_detailed_merged_001_3100_classified_v3.json
MOEX-105100-6301-Q036,MOEX-105100-6301-Q036,醫學（二）,105,2016,105100,6301,36,moex_med_stage2_detailed_merged_001_3100_classified_v3.json
MOEX-105100-6301-Q037,MOEX-105100-6301-Q037,醫學（二）,105,2016,105100,6301,37,moex_med_stage2_detailed_merged_001_3100_classified_v3.json
MOEX-105100-6301-Q038,MOEX-105100-6301-Q038,醫學（二）,105,2016,105100,6301,38,moex_med_stage2_detailed_merged_001_3100_classified_v3.json
MOEX-105100-6301-Q039,MOEX-105100-6301-Q039,醫學（二）,105,2016,105100,6301,39,moex_med_stage2_detailed_merged_001_3100_classified_v3.json
MOEX-105100-6301-Q040,MOEX-105100-6301-Q040,醫學（二）,105,2016,105100,6301,40,moex_med_stage2_detailed_merged_001_3100_classified_v3.json
MOEX-105100-6301-Q041,MOEX-105100-6301-Q041,醫學（二）,105,2016,105100,6301,41,moex_med_stage2_detailed_merged_001_3100_classified_v3.json
MOEX-105100-6301-Q042,MOEX-105100-6301-Q042,醫學（二）,105,2016,105100,6301,42,moex_med_stage2_detailed_merged_001_3100_classified_v3.json
MOEX-105100-6301-Q043,MOEX-105100-6301-Q043,醫學（二）,105,2016,105100,6301,43,moex_med_stage2_detailed_merged_001_3100_classified_v3.json
MOEX-105100-6301-Q044,MOEX-105100-6301-Q044,醫學（二）,105,2016,105100,6301,44,moex_med_stage2_detailed_merged_001_3100_classified_v3.json
MOEX-105100-6301-Q045,MOEX-105100-6301-Q045,醫學（二）,105,2016,105100,6301,45,moex_med_stage2_detailed_merged_001_3100_classified_v3.json
MOEX-105100-6301-Q046,MOEX-105100-6301-Q046,醫學（二）,105,2016,105100,6301,46,moex_med_stage2_detailed_merged_001_3100_classified_v3.json
MOEX-105100-6301-Q047,MOEX-105100-6301-Q047,醫學（二）,105,2016,105100,6301,47,moex_med_stage2_detailed_merged_001_3100_classified_v3.json
MOEX-105100-6301-Q048,MOEX-105100-6301-Q048,醫學（二）,105,2016,105100,6301,48,moex_med_stage2_detailed_merged_001_3100_classified_v3.json
MOEX-105100-6301-Q049,MOEX-105100-6301-Q049,醫學（二）,105,2016,105100,6301,49,moex_med_stage2_detailed_merged_001_3100_classified_v3.json
MOEX-105100-6301-Q050,MOEX-105100-6301-Q050,醫學（二）,105,2016,105100,6301,50,moex_med_stage2_detailed_merged_001_3100_classified_v3.json
MOEX-105100-6301-Q051,MOEX-105100-6301-Q051,醫學（二）,105,2016,105100,6301,51,moex_med_stage2_detailed_merged_001_3100_classified_v3.json
MOEX-105100-6301-Q052,MOEX-105100-6301-Q052,醫學（二）,105,2016,105100,6301,52,moex_med_stage2_detailed_merged_001_3100_classified_v3.json
MOEX-105100-6301-Q053,MOEX-105100-6301-Q053,醫學（二）,105,2016,105100,6301,53,moex_med_stage2_detailed_merged_001_3100_classified_v3.json
MOEX-105100-6301-Q054,MOEX-105100-6301-Q054,醫學（二）,105,2016,105100,6301,54,moex_med_stage2_detailed_merged_001_3100_classified_v3.json
MOEX-105100-6301-Q055,MOEX-105100-6301-Q055,醫學（二）,105,2016,105100,6301,55,moex_med_stage2_detailed_merged_001_3100_classified_v3.json
MOEX-105100-6301-Q056,MOEX-105100-6301-Q056,醫學（二）,105,2016,105100,6301,56,moex_med_stage2_detailed_merged_001_3100_classified_v3.json
MOEX-105100-6301-Q057,MOEX-105100-6301-Q057,醫學（二）,105,2016,105100,6301,57,moex_med_stage2_detailed_merged_001_3100_classified_v3.json
MOEX-105100-6301-Q058,MOEX-105100-6301-Q058,醫學（二）,105,2016,105100,6301,58,moex_med_stage2_detailed_merged_001_3100_classified_v3.json
MOEX-105100-6301-Q059,MOEX-105100-6301-Q059,醫學（二）,105,2016,105100,6301,59,moex_med_stage2_detailed_merged_001_3100_classified_v3.json
MOEX-105100-6301-Q060,MOEX-105100-6301-Q060,醫學（二）,105,2016,105100,6301,60,moex_med_stage2_detailed_merged_001_3100_classified_v3.json
MOEX-105100-6301-Q061,MOEX-105100-6301-Q061,醫學（二）,105,2016,105100,6301,61,moex_med_stage2_detailed_merged_001_3100_classified_v3.json
MOEX-105100-6301-Q062,MOEX-105100-6301-Q062,醫學（二）,105,2016,105100,6301,62,moex_med_stage2_detailed_merged_001_3100_classified_v3.json
MOEX-105100-6301-Q063,MOEX-105100-6301-Q063,醫學（二）,105,2016,105100,6301,63,moex_med_stage2_detailed_merged_001_3100_classified_v3.json
MOEX-105100-6301-Q064,MOEX-105100-6301-Q064,醫學（二）,105,2016,105100,6301,64,moex_med_stage2_detailed_merged_001_3100_classified_v3.json
MOEX-105100-6301-Q065,MOEX-105100-6301-Q065,醫學（二）,105,2016,105100,6301,65,moex_med_stage2_detailed_merged_001_3100_classified_v3.json
MOEX-105100-6301-Q066,MOEX-105100-6301-Q066,醫學（二）,105,2016,105100,6301,66,moex_med_stage2_detailed_merged_001_3100_classified_v3.json
MOEX-105100-6301-Q067,MOEX-105100-6301-Q067,醫學（二）,105,2016,105100,6301,67,moex_med_stage2_detailed_merged_001_3100_classified_v3.json
MOEX-105100-6301-Q068,MOEX-105100-6301-Q068,醫學（二）,105,2016,105100,6301,68,moex_med_stage2_detailed_merged_001_3100_classified_v3.json
MOEX-105100-6301-Q069,MOEX-105100-6301-Q069,醫學（二）,105,2016,105100,6301,69,moex_med_stage2_detailed_merged_001_3100_classified_v3.json
MOEX-105100-6301-Q070,MOEX-105100-6301-Q070,醫學（二）,105,2016,105100,6301,70,moex_med_stage2_detailed_merged_001_3100_classified_v3.json
MOEX-105100-6301-Q071,MOEX-105100-6301-Q071,醫學（二）,105,2016,105100,6301,71,moex_med_stage2_detailed_merged_001_3100_classified_v3.json
MOEX-105100-6301-Q072,MOEX-105100-6301-Q072,醫學（二）,105,2016,105100,6301,72,moex_med_stage2_detailed_merged_001_3100_classified_v3.json
MOEX-105100-6301-Q073,MOEX-105100-6301-Q073,醫學（二）,105,2016,105100,6301,73,moex_med_stage2_detailed_merged_001_3100_classified_v3.json
MOEX-105100-6301-Q074,MOEX-105100-6301-Q074,醫學（二）,105,2016,105100,6301,74,moex_med_stage2_detailed_merged_001_3100_classified_v3.json
MOEX-105100-6301-Q075,MOEX-105100-6301-Q075,醫學（二）,105,2016,105100,6301,75,moex_med_stage2_detailed_merged_001_3100_classified_v3.json
MOEX-105100-6301-Q076,MOEX-105100-6301-Q076,醫學（二）,105,2016,105100,6301,76,moex_med_stage2_detailed_merged_001_3100_classified_v3.json
MOEX-105100-6301-Q077,MOEX-105100-6301-Q077,醫學（二）,105,2016,105100,6301,77,moex_med_stage2_detailed_merged_001_3100_classified_v3.json
MOEX-105100-6301-Q078,MOEX-105100-6301-Q078,醫學（二）,105,2016,105100,6301,78,moex_med_stage2_detailed_merged_001_3100_classified_v3.json
MOEX-105100-6301-Q079,MOEX-105100-6301-Q079,醫學（二）,105,2016,105100,6301,79,moex_med_stage2_detailed_merged_001_3100_classified_v3.json
MOEX-105100-6301-Q080,MOEX-105100-6301-Q080,醫學（二）,105,2016,105100,6301,80,moex_med_stage2_detailed_merged_001_3100_classified_v3.json
MOEX-105100-6301-Q081,MOEX-105100-6301-Q081,醫學（二）,105,2016,105100,6301,81,moex_med_stage2_detailed_merged_001_3100_classified_v3.json
MOEX-105100-6301-Q082,MOEX-105100-6301-Q082,醫學（二）,105,2016,105100,6301,82,moex_med_stage2_detailed_merged_001_3100_classified_v3.json
MOEX-105100-6301-Q083,MOEX-105100-6301-Q083,醫學（二）,105,2016,105100,6301,83,moex_med_stage2_detailed_merged_001_3100_classified_v3.json
MOEX-105100-6301-Q084,MOEX-105100-6301-Q084,醫學（二）,105,2016,105100,6301,84,moex_med_stage2_detailed_merged_001_3100_classified_v3.json
MOEX-105100-6301-Q085,MOEX-105100-6301-Q085,醫學（二）,105,2016,105100,6301,85,moex_med_stage2_detailed_merged_001_3100_classified_v3.json
MOEX-105100-6301-Q086,MOEX-105100-6301-Q086,醫學（二）,105,2016,105100,6301,86,moex_med_stage2_detailed_merged_001_3100_classified_v3.json
MOEX-105100-6301-Q087,MOEX-105100-6301-Q087,醫學（二）,105,2016,105100,6301,87,moex_med_stage2_detailed_merged_001_3100_classified_v3.json
MOEX-105100-6301-Q088,MOEX-105100-6301-Q088,醫學（二）,105,2016,105100,6301,88,moex_med_stage2_detailed_merged_001_3100_classified_v3.json
MOEX-105100-6301-Q089,MOEX-105100-6301-Q089,醫學（二）,105,2016,105100,6301,89,moex_med_stage2_detailed_merged_001_3100_classified_v3.json
MOEX-105100-6301-Q090,MOEX-105100-6301-Q090,醫學（二）,105,2016,105100,6301,90,moex_med_stage2_detailed_merged_001_3100_classified_v3.json
MOEX-105100-6301-Q091,MOEX-105100-6301-Q091,醫學（二）,105,2016,105100,6301,91,moex_med_stage2_detailed_merged_001_3100_classified_v3.json
MOEX-105100-6301-Q092,MOEX-105100-6301-Q092,醫學（二）,105,2016,105100,6301,92,moex_med_stage2_detailed_merged_001_3100_classified_v3.json
MOEX-105100-6301-Q093,MOEX-105100-6301-Q093,醫學（二）,105,2016,105100,6301,93,moex_med_stage2_detailed_merged_001_3100_classified_v3.json
MOEX-105100-6301-Q094,MOEX-105100-6301-Q094,醫學（二）,105,2016,105100,6301,94,moex_med_stage2_detailed_merged_001_3100_classified_v3.json
MOEX-105100-6301-Q095,MOEX-105100-6301-Q095,醫學（二）,105,2016,105100,6301,95,moex_med_stage2_detailed_merged_001_3100_classified_v3.json
MOEX-105100-6301-Q096,MOEX-105100-6301-Q096,醫學（二）,105,2016,105100,6301,96,moex_med_stage2_detailed_merged_001_3100_classified_v3.json
MOEX-105100-6301-Q097,MOEX-105100-6301-Q097,醫學（二）,105,2016,105100,6301,97,moex_med_stage2_detailed_merged_001_3100_classified_v3.json
MOEX-105100-6301-Q098,MOEX-105100-6301-Q098,醫學（二）,105,2016,105100,6301,98,moex_med_stage2_detailed_merged_001_3100_classified_v3.json
MOEX-105100-6301-Q099,MOEX-105100-6301-Q099,醫學（二）,105,2016,105100,6301,99,moex_med_stage2_detailed_merged_001_3100_classified_v3.json
MOEX-105100-6301-Q100,MOEX-105100-6301-Q100,醫學（二）,105,2016,105100,6301,100,moex_med_stage2_detailed_merged_001_3100_classified_v3.json
MOEX-106020-5301-Q001,MOEX-106020-5301-Q001,醫學（一）,106,2017,106020,5301,1,anatomyQuestions.ts
MOEX-106020-5301-Q002,MOEX-106020-5301-Q002,醫學（一）,106,2017,106020,5301,2,anatomyQuestions.ts
MOEX-106020-5301-Q003,MOEX-106020-5301-Q003,醫學（一）,106,2017,106020,5301,3,anatomyQuestions.ts
MOEX-106020-5301-Q004,MOEX-106020-5301-Q004,醫學（一）,106,2017,106020,5301,4,anatomyQuestions.ts
MOEX-106020-5301-Q005,MOEX-106020-5301-Q005,醫學（一）,106,2017,106020,5301,5,anatomyQuestions.ts
MOEX-106020-5301-Q006,MOEX-106020-5301-Q006,醫學（一）,106,2017,106020,5301,6,anatomyQuestions.ts
MOEX-106020-5301-Q007,MOEX-106020-5301-Q007,醫學（一）,106,2017,106020,5301,7,anatomyQuestions.ts
MOEX-106020-5301-Q008,MOEX-106020-5301-Q008,醫學（一）,106,2017,106020,5301,8,anatomyQuestions.ts
MOEX-106020-5301-Q009,MOEX-106020-5301-Q009,醫學（一）,106,2017,106020,5301,9,anatomyQuestions.ts
MOEX-106020-5301-Q010,MOEX-106020-5301-Q010,醫學（一）,106,2017,106020,5301,10,anatomyQuestions.ts
MOEX-106020-5301-Q011,MOEX-106020-5301-Q011,醫學（一）,106,2017,106020,5301,11,moex_med1_remaining_detailed_v4_merged_001_1827.ts
MOEX-106020-5301-Q012,MOEX-106020-5301-Q012,醫學（一）,106,2017,106020,5301,12,anatomyQuestions.ts
MOEX-106020-5301-Q013,MOEX-106020-5301-Q013,醫學（一）,106,2017,106020,5301,13,anatomyQuestions.ts
MOEX-106020-5301-Q014,MOEX-106020-5301-Q014,醫學（一）,106,2017,106020,5301,14,anatomyQuestions.ts
MOEX-106020-5301-Q015,MOEX-106020-5301-Q015,醫學（一）,106,2017,106020,5301,15,anatomyQuestions.ts
MOEX-106020-5301-Q016,MOEX-106020-5301-Q016,醫學（一）,106,2017,106020,5301,16,anatomyQuestions.ts
MOEX-106020-5301-Q017,MOEX-106020-5301-Q017,醫學（一）,106,2017,106020,5301,17,anatomyQuestions.ts
MOEX-106020-5301-Q018,MOEX-106020-5301-Q018,醫學（一）,106,2017,106020,5301,18,anatomyQuestions.ts
MOEX-106020-5301-Q019,MOEX-106020-5301-Q019,醫學（一）,106,2017,106020,5301,19,anatomyQuestions.ts
MOEX-106020-5301-Q020,MOEX-106020-5301-Q020,醫學（一）,106,2017,106020,5301,20,anatomyQuestions.ts
MOEX-106020-5301-Q021,MOEX-106020-5301-Q021,醫學（一）,106,2017,106020,5301,21,anatomyQuestions.ts
MOEX-106020-5301-Q022,MOEX-106020-5301-Q022,醫學（一）,106,2017,106020,5301,22,anatomyQuestions.ts
MOEX-106020-5301-Q023,MOEX-106020-5301-Q023,醫學（一）,106,2017,106020,5301,23,anatomyQuestions.ts
MOEX-106020-5301-Q024,MOEX-106020-5301-Q024,醫學（一）,106,2017,106020,5301,24,anatomyQuestions.ts
MOEX-106020-5301-Q025,MOEX-106020-5301-Q025,醫學（一）,106,2017,106020,5301,25,anatomyQuestions.ts
MOEX-106020-5301-Q026,MOEX-106020-5301-Q026,醫學（一）,106,2017,106020,5301,26,anatomyQuestions.ts
MOEX-106020-5301-Q027,MOEX-106020-5301-Q027,醫學（一）,106,2017,106020,5301,27,anatomyQuestions.ts
MOEX-106020-5301-Q028,MOEX-106020-5301-Q028,醫學（一）,106,2017,106020,5301,28,anatomyQuestions.ts
MOEX-106020-5301-Q029,MOEX-106020-5301-Q029,醫學（一）,106,2017,106020,5301,29,anatomyQuestions.ts
MOEX-106020-5301-Q030,MOEX-106020-5301-Q030,醫學（一）,106,2017,106020,5301,30,anatomyQuestions.ts
MOEX-106020-5301-Q031,MOEX-106020-5301-Q031,醫學（一）,106,2017,106020,5301,31,anatomyQuestions.ts
MOEX-106020-5301-Q032,MOEX-106020-5301-Q032,醫學（一）,106,2017,106020,5301,32,anatomyQuestions.ts
MOEX-106020-5301-Q033,MOEX-106020-5301-Q033,醫學（一）,106,2017,106020,5301,33,moex_med1_remaining_detailed_v4_merged_001_1827.ts
MOEX-106020-5301-Q034,MOEX-106020-5301-Q034,醫學（一）,106,2017,106020,5301,34,moex_med1_remaining_detailed_v4_merged_001_1827.ts
MOEX-106020-5301-Q035,moex-med1-supplement-v5-106020-5301-035,醫學（一）,106,2017,106020,5301,35,moex_med1_requested_71_questions_detailed_patch_v5.ts
MOEX-106020-5301-Q036,MOEX-106020-5301-Q036,醫學（一）,106,2017,106020,5301,36,moex_med1_remaining_detailed_v4_merged_001_1827.ts
MOEX-106020-5301-Q037,MOEX-106020-5301-Q037,醫學（一）,106,2017,106020,5301,37,moex_med1_remaining_detailed_v4_merged_001_1827.ts
MOEX-106020-5301-Q038,MOEX-106020-5301-Q038,醫學（一）,106,2017,106020,5301,38,moex_med1_remaining_detailed_v4_merged_001_1827.ts
MOEX-106020-5301-Q039,MOEX-106020-5301-Q039,醫學（一）,106,2017,106020,5301,39,moex_med1_remaining_detailed_v4_merged_001_1827.ts
MOEX-106020-5301-Q040,MOEX-106020-5301-Q040,醫學（一）,106,2017,106020,5301,40,moex_med1_remaining_detailed_v4_merged_001_1827.ts
MOEX-106020-5301-Q041,MOEX-106020-5301-Q041,醫學（一）,106,2017,106020,5301,41,anatomyQuestions.ts
MOEX-106020-5301-Q042,MOEX-106020-5301-Q042,醫學（一）,106,2017,106020,5301,42,moex_med1_remaining_detailed_v4_merged_001_1827.ts
MOEX-106020-5301-Q043,MOEX-106020-5301-Q043,醫學（一）,106,2017,106020,5301,43,moex_med1_remaining_detailed_v4_merged_001_1827.ts
MOEX-106020-5301-Q044,MOEX-106020-5301-Q044,醫學（一）,106,2017,106020,5301,44,moex_med1_remaining_detailed_v4_merged_001_1827.ts
MOEX-106020-5301-Q045,MOEX-106020-5301-Q045,醫學（一）,106,2017,106020,5301,45,moex_med1_remaining_detailed_v4_merged_001_1827.ts
MOEX-106020-5301-Q046,MOEX-106020-5301-Q046,醫學（一）,106,2017,106020,5301,46,anatomyQuestions.ts
MOEX-106020-5301-Q047,MOEX-106020-5301-Q047,醫學（一）,106,2017,106020,5301,47,moex_med1_remaining_detailed_v4_merged_001_1827.ts
MOEX-106020-5301-Q048,MOEX-106020-5301-Q048,醫學（一）,106,2017,106020,5301,48,moex_med1_remaining_detailed_v4_merged_001_1827.ts
MOEX-106020-5301-Q049,MOEX-106020-5301-Q049,醫學（一）,106,2017,106020,5301,49,moex_med1_remaining_detailed_v4_merged_001_1827.ts
MOEX-106020-5301-Q050,MOEX-106020-5301-Q050,醫學（一）,106,2017,106020,5301,50,moex_med1_remaining_detailed_v4_merged_001_1827.ts
MOEX-106020-5301-Q051,MOEX-106020-5301-Q051,醫學（一）,106,2017,106020,5301,51,moex_med1_remaining_detailed_v4_merged_001_1827.ts
MOEX-106020-5301-Q052,MOEX-106020-5301-Q052,醫學（一）,106,2017,106020,5301,52,moex_med1_remaining_detailed_v4_merged_001_1827.ts
MOEX-106020-5301-Q053,MOEX-106020-5301-Q053,醫學（一）,106,2017,106020,5301,53,moex_med1_remaining_detailed_v4_merged_001_1827.ts
MOEX-106020-5301-Q054,MOEX-106020-5301-Q054,醫學（一）,106,2017,106020,5301,54,moex_med1_remaining_detailed_v4_merged_001_1827.ts
MOEX-106020-5301-Q055,MOEX-106020-5301-Q055,醫學（一）,106,2017,106020,5301,55,moex_med1_remaining_detailed_v4_merged_001_1827.ts
MOEX-106020-5301-Q056,MOEX-106020-5301-Q056,醫學（一）,106,2017,106020,5301,56,moex_med1_remaining_detailed_v4_merged_001_1827.ts
MOEX-106020-5301-Q057,MOEX-106020-5301-Q057,醫學（一）,106,2017,106020,5301,57,anatomyQuestions.ts
MOEX-106020-5301-Q058,MOEX-106020-5301-Q058,醫學（一）,106,2017,106020,5301,58,moex_med1_remaining_detailed_v4_merged_001_1827.ts
MOEX-106020-5301-Q059,MOEX-106020-5301-Q059,醫學（一）,106,2017,106020,5301,59,moex_med1_remaining_detailed_v4_merged_001_1827.ts
MOEX-106020-5301-Q060,MOEX-106020-5301-Q060,醫學（一）,106,2017,106020,5301,60,moex_med1_remaining_detailed_v4_merged_001_1827.ts
MOEX-106020-5301-Q061,MOEX-106020-5301-Q061,醫學（一）,106,2017,106020,5301,61,moex_med1_remaining_detailed_v4_merged_001_1827.ts
MOEX-106020-5301-Q062,MOEX-106020-5301-Q062,醫學（一）,106,2017,106020,5301,62,moex_med1_remaining_detailed_v4_merged_001_1827.ts
MOEX-106020-5301-Q063,MOEX-106020-5301-Q063,醫學（一）,106,2017,106020,5301,63,moex_med1_remaining_detailed_v4_merged_001_1827.ts
MOEX-106020-5301-Q064,MOEX-106020-5301-Q064,醫學（一）,106,2017,106020,5301,64,moex_med1_remaining_detailed_v4_merged_001_1827.ts
MOEX-106020-5301-Q065,MOEX-106020-5301-Q065,醫學（一）,106,2017,106020,5301,65,moex_med1_remaining_detailed_v4_merged_001_1827.ts
MOEX-106020-5301-Q066,MOEX-106020-5301-Q066,醫學（一）,106,2017,106020,5301,66,moex_med1_remaining_detailed_v4_merged_001_1827.ts
MOEX-106020-5301-Q067,MOEX-106020-5301-Q067,醫學（一）,106,2017,106020,5301,67,moex_med1_remaining_detailed_v4_merged_001_1827.ts
MOEX-106020-5301-Q068,MOEX-106020-5301-Q068,醫學（一）,106,2017,106020,5301,68,anatomyQuestions.ts
MOEX-106020-5301-Q069,MOEX-106020-5301-Q069,醫學（一）,106,2017,106020,5301,69,moex_med1_remaining_detailed_v4_merged_001_1827.ts
MOEX-106020-5301-Q070,MOEX-106020-5301-Q070,醫學（一）,106,2017,106020,5301,70,moex_med1_remaining_detailed_v4_merged_001_1827.ts
MOEX-106020-5301-Q071,MOEX-106020-5301-Q071,醫學（一）,106,2017,106020,5301,71,moex_med1_remaining_detailed_v4_merged_001_1827.ts
MOEX-106020-5301-Q072,MOEX-106020-5301-Q072,醫學（一）,106,2017,106020,5301,72,moex_med1_remaining_detailed_v4_merged_001_1827.ts
MOEX-106020-5301-Q073,MOEX-106020-5301-Q073,醫學（一）,106,2017,106020,5301,73,moex_med1_remaining_detailed_v4_merged_001_1827.ts
MOEX-106020-5301-Q074,MOEX-106020-5301-Q074,醫學（一）,106,2017,106020,5301,74,moex_med1_remaining_detailed_v4_merged_001_1827.ts
MOEX-106020-5301-Q075,MOEX-106020-5301-Q075,醫學（一）,106,2017,106020,5301,75,anatomyQuestions.ts
MOEX-106020-5301-Q076,MOEX-106020-5301-Q076,醫學（一）,106,2017,106020,5301,76,moex_med1_remaining_detailed_v4_merged_001_1827.ts
MOEX-106020-5301-Q077,MOEX-106020-5301-Q077,醫學（一）,106,2017,106020,5301,77,anatomyQuestions.ts
MOEX-106020-5301-Q078,MOEX-106020-5301-Q078,醫學（一）,106,2017,106020,5301,78,anatomyQuestions.ts
MOEX-106020-5301-Q079,MOEX-106020-5301-Q079,醫學（一）,106,2017,106020,5301,79,moex_med1_remaining_detailed_v4_merged_001_1827.ts
MOEX-106020-5301-Q080,MOEX-106020-5301-Q080,醫學（一）,106,2017,106020,5301,80,anatomyQuestions.ts
MOEX-106020-5301-Q081,MOEX-106020-5301-Q081,醫學（一）,106,2017,106020,5301,81,anatomyQuestions.ts
MOEX-106020-5301-Q082,MOEX-106020-5301-Q082,醫學（一）,106,2017,106020,5301,82,anatomyQuestions.ts
MOEX-106020-5301-Q083,MOEX-106020-5301-Q083,醫學（一）,106,2017,106020,5301,83,moex_med1_remaining_detailed_v4_merged_001_1827.ts
MOEX-106020-5301-Q084,MOEX-106020-5301-Q084,醫學（一）,106,2017,106020,5301,84,moex_med1_remaining_detailed_v4_merged_001_1827.ts
MOEX-106020-5301-Q085,MOEX-106020-5301-Q085,醫學（一）,106,2017,106020,5301,85,moex_med1_remaining_detailed_v4_merged_001_1827.ts
MOEX-106020-5301-Q086,MOEX-106020-5301-Q086,醫學（一）,106,2017,106020,5301,86,moex_med1_remaining_detailed_v4_merged_001_1827.ts
MOEX-106020-5301-Q087,MOEX-106020-5301-Q087,醫學（一）,106,2017,106020,5301,87,moex_med1_remaining_detailed_v4_merged_001_1827.ts
MOEX-106020-5301-Q088,MOEX-106020-5301-Q088,醫學（一）,106,2017,106020,5301,88,moex_med1_remaining_detailed_v4_merged_001_1827.ts
MOEX-106020-5301-Q089,MOEX-106020-5301-Q089,醫學（一）,106,2017,106020,5301,89,moex_med1_remaining_detailed_v4_merged_001_1827.ts
MOEX-106020-5301-Q090,MOEX-106020-5301-Q090,醫學（一）,106,2017,106020,5301,90,moex_med1_remaining_detailed_v4_merged_001_1827.ts
MOEX-106020-5301-Q091,MOEX-106020-5301-Q091,醫學（一）,106,2017,106020,5301,91,moex_med1_remaining_detailed_v4_merged_001_1827.ts
MOEX-106020-5301-Q092,MOEX-106020-5301-Q092,醫學（一）,106,2017,106020,5301,92,moex_med1_remaining_detailed_v4_merged_001_1827.ts
MOEX-106020-5301-Q093,MOEX-106020-5301-Q093,醫學（一）,106,2017,106020,5301,93,anatomyQuestions.ts
MOEX-106020-5301-Q094,MOEX-106020-5301-Q094,醫學（一）,106,2017,106020,5301,94,anatomyQuestions.ts
MOEX-106020-5301-Q095,MOEX-106020-5301-Q095,醫學（一）,106,2017,106020,5301,95,moex_med1_remaining_detailed_v4_merged_001_1827.ts
MOEX-106020-5301-Q096,MOEX-106020-5301-Q096,醫學（一）,106,2017,106020,5301,96,moex_med1_remaining_detailed_v4_merged_001_1827.ts
MOEX-106020-5301-Q097,MOEX-106020-5301-Q097,醫學（一）,106,2017,106020,5301,97,moex_med1_remaining_detailed_v4_merged_001_1827.ts
MOEX-106020-5301-Q098,MOEX-106020-5301-Q098,醫學（一）,106,2017,106020,5301,98,moex_med1_remaining_detailed_v4_merged_001_1827.ts
MOEX-106020-5301-Q099,MOEX-106020-5301-Q099,醫學（一）,106,2017,106020,5301,99,moex_med1_remaining_detailed_v4_merged_001_1827.ts
MOEX-106020-5301-Q100,MOEX-106020-5301-Q100,醫學（一）,106,2017,106020,5301,100,anatomyQuestions.ts
MOEX-106100-1301-Q001,MOEX-106100-1301-Q001,醫學（一）,106,2017,106100,1301,1,anatomyQuestions.ts
MOEX-106100-1301-Q002,MOEX-106100-1301-Q002,醫學（一）,106,2017,106100,1301,2,anatomyQuestions.ts
MOEX-106100-1301-Q003,MOEX-106100-1301-Q003,醫學（一）,106,2017,106100,1301,3,anatomyQuestions.ts
MOEX-106100-1301-Q004,MOEX-106100-1301-Q004,醫學（一）,106,2017,106100,1301,4,anatomyQuestions.ts
MOEX-106100-1301-Q005,MOEX-106100-1301-Q005,醫學（一）,106,2017,106100,1301,5,moex_med1_remaining_detailed_v4_merged_001_1827.ts
MOEX-106100-1301-Q006,MOEX-106100-1301-Q006,醫學（一）,106,2017,106100,1301,6,anatomyQuestions.ts
MOEX-106100-1301-Q007,MOEX-106100-1301-Q007,醫學（一）,106,2017,106100,1301,7,anatomyQuestions.ts
MOEX-106100-1301-Q008,MOEX-106100-1301-Q008,醫學（一）,106,2017,106100,1301,8,moex_med1_remaining_detailed_v4_merged_001_1827.ts
MOEX-106100-1301-Q009,MOEX-106100-1301-Q009,醫學（一）,106,2017,106100,1301,9,anatomyQuestions.ts
MOEX-106100-1301-Q010,MOEX-106100-1301-Q010,醫學（一）,106,2017,106100,1301,10,anatomyQuestions.ts
MOEX-106100-1301-Q011,MOEX-106100-1301-Q011,醫學（一）,106,2017,106100,1301,11,anatomyQuestions.ts
MOEX-106100-1301-Q012,MOEX-106100-1301-Q012,醫學（一）,106,2017,106100,1301,12,anatomyQuestions.ts
MOEX-106100-1301-Q013,MOEX-106100-1301-Q013,醫學（一）,106,2017,106100,1301,13,anatomyQuestions.ts
MOEX-106100-1301-Q014,MOEX-106100-1301-Q014,醫學（一）,106,2017,106100,1301,14,anatomyQuestions.ts
MOEX-106100-1301-Q015,MOEX-106100-1301-Q015,醫學（一）,106,2017,106100,1301,15,anatomyQuestions.ts
MOEX-106100-1301-Q016,MOEX-106100-1301-Q016,醫學（一）,106,2017,106100,1301,16,anatomyQuestions.ts
MOEX-106100-1301-Q017,MOEX-106100-1301-Q017,醫學（一）,106,2017,106100,1301,17,anatomyQuestions.ts
MOEX-106100-1301-Q018,MOEX-106100-1301-Q018,醫學（一）,106,2017,106100,1301,18,anatomyQuestions.ts
MOEX-106100-1301-Q019,MOEX-106100-1301-Q019,醫學（一）,106,2017,106100,1301,19,anatomyQuestions.ts
MOEX-106100-1301-Q020,MOEX-106100-1301-Q020,醫學（一）,106,2017,106100,1301,20,anatomyQuestions.ts
MOEX-106100-1301-Q021,MOEX-106100-1301-Q021,醫學（一）,106,2017,106100,1301,21,anatomyQuestions.ts
MOEX-106100-1301-Q022,MOEX-106100-1301-Q022,醫學（一）,106,2017,106100,1301,22,anatomyQuestions.ts
MOEX-106100-1301-Q023,MOEX-106100-1301-Q023,醫學（一）,106,2017,106100,1301,23,anatomyQuestions.ts
MOEX-106100-1301-Q024,MOEX-106100-1301-Q024,醫學（一）,106,2017,106100,1301,24,anatomyQuestions.ts
MOEX-106100-1301-Q025,MOEX-106100-1301-Q025,醫學（一）,106,2017,106100,1301,25,anatomyQuestions.ts
MOEX-106100-1301-Q026,MOEX-106100-1301-Q026,醫學（一）,106,2017,106100,1301,26,anatomyQuestions.ts
MOEX-106100-1301-Q027,MOEX-106100-1301-Q027,醫學（一）,106,2017,106100,1301,27,anatomyQuestions.ts
MOEX-106100-1301-Q028,MOEX-106100-1301-Q028,醫學（一）,106,2017,106100,1301,28,anatomyQuestions.ts
MOEX-106100-1301-Q029,moex-med1-supplement-v5-106100-1301-029,醫學（一）,106,2017,106100,1301,29,moex_med1_requested_71_questions_detailed_patch_v5.ts
MOEX-106100-1301-Q030,MOEX-106100-1301-Q030,醫學（一）,106,2017,106100,1301,30,anatomyQuestions.ts
MOEX-106100-1301-Q031,MOEX-106100-1301-Q031,醫學（一）,106,2017,106100,1301,31,anatomyQuestions.ts
MOEX-106100-1301-Q032,MOEX-106100-1301-Q032,醫學（一）,106,2017,106100,1301,32,moex_med1_remaining_detailed_v4_merged_001_1827.ts
MOEX-106100-1301-Q033,MOEX-106100-1301-Q033,醫學（一）,106,2017,106100,1301,33,moex_med1_remaining_detailed_v4_merged_001_1827.ts
MOEX-106100-1301-Q034,MOEX-106100-1301-Q034,醫學（一）,106,2017,106100,1301,34,anatomyQuestions.ts
MOEX-106100-1301-Q035,MOEX-106100-1301-Q035,醫學（一）,106,2017,106100,1301,35,moex_med1_remaining_detailed_v4_merged_001_1827.ts
MOEX-106100-1301-Q036,MOEX-106100-1301-Q036,醫學（一）,106,2017,106100,1301,36,anatomyQuestions.ts
MOEX-106100-1301-Q037,MOEX-106100-1301-Q037,醫學（一）,106,2017,106100,1301,37,moex_med1_remaining_detailed_v4_merged_001_1827.ts
MOEX-106100-1301-Q038,MOEX-106100-1301-Q038,醫學（一）,106,2017,106100,1301,38,moex_med1_remaining_detailed_v4_merged_001_1827.ts
MOEX-106100-1301-Q039,MOEX-106100-1301-Q039,醫學（一）,106,2017,106100,1301,39,moex_med1_remaining_detailed_v4_merged_001_1827.ts
MOEX-106100-1301-Q040,MOEX-106100-1301-Q040,醫學（一）,106,2017,106100,1301,40,moex_med1_remaining_detailed_v4_merged_001_1827.ts
MOEX-106100-1301-Q041,MOEX-106100-1301-Q041,醫學（一）,106,2017,106100,1301,41,moex_med1_remaining_detailed_v4_merged_001_1827.ts
MOEX-106100-1301-Q042,MOEX-106100-1301-Q042,醫學（一）,106,2017,106100,1301,42,moex_med1_remaining_detailed_v4_merged_001_1827.ts
MOEX-106100-1301-Q043,MOEX-106100-1301-Q043,醫學（一）,106,2017,106100,1301,43,moex_med1_remaining_detailed_v4_merged_001_1827.ts
MOEX-106100-1301-Q044,MOEX-106100-1301-Q044,醫學（一）,106,2017,106100,1301,44,moex_med1_remaining_detailed_v4_merged_001_1827.ts
MOEX-106100-1301-Q045,MOEX-106100-1301-Q045,醫學（一）,106,2017,106100,1301,45,moex_med1_remaining_detailed_v4_merged_001_1827.ts
MOEX-106100-1301-Q046,MOEX-106100-1301-Q046,醫學（一）,106,2017,106100,1301,46,moex_med1_remaining_detailed_v4_merged_001_1827.ts
MOEX-106100-1301-Q047,MOEX-106100-1301-Q047,醫學（一）,106,2017,106100,1301,47,moex_med1_remaining_detailed_v4_merged_001_1827.ts
MOEX-106100-1301-Q048,MOEX-106100-1301-Q048,醫學（一）,106,2017,106100,1301,48,anatomyQuestions.ts
MOEX-106100-1301-Q049,MOEX-106100-1301-Q049,醫學（一）,106,2017,106100,1301,49,moex_med1_remaining_detailed_v4_merged_001_1827.ts
MOEX-106100-1301-Q050,MOEX-106100-1301-Q050,醫學（一）,106,2017,106100,1301,50,anatomyQuestions.ts
MOEX-106100-1301-Q051,MOEX-106100-1301-Q051,醫學（一）,106,2017,106100,1301,51,anatomyQuestions.ts
MOEX-106100-1301-Q052,MOEX-106100-1301-Q052,醫學（一）,106,2017,106100,1301,52,anatomyQuestions.ts
MOEX-106100-1301-Q053,MOEX-106100-1301-Q053,醫學（一）,106,2017,106100,1301,53,moex_med1_remaining_detailed_v4_merged_001_1827.ts
MOEX-106100-1301-Q054,MOEX-106100-1301-Q054,醫學（一）,106,2017,106100,1301,54,moex_med1_remaining_detailed_v4_merged_001_1827.ts
MOEX-106100-1301-Q055,MOEX-106100-1301-Q055,醫學（一）,106,2017,106100,1301,55,moex_med1_remaining_detailed_v4_merged_001_1827.ts
MOEX-106100-1301-Q056,MOEX-106100-1301-Q056,醫學（一）,106,2017,106100,1301,56,moex_med1_remaining_detailed_v4_merged_001_1827.ts
MOEX-106100-1301-Q057,MOEX-106100-1301-Q057,醫學（一）,106,2017,106100,1301,57,anatomyQuestions.ts
MOEX-106100-1301-Q058,MOEX-106100-1301-Q058,醫學（一）,106,2017,106100,1301,58,moex_med1_remaining_detailed_v4_merged_001_1827.ts
MOEX-106100-1301-Q059,MOEX-106100-1301-Q059,醫學（一）,106,2017,106100,1301,59,moex_med1_remaining_detailed_v4_merged_001_1827.ts
MOEX-106100-1301-Q060,MOEX-106100-1301-Q060,醫學（一）,106,2017,106100,1301,60,moex_med1_remaining_detailed_v4_merged_001_1827.ts
MOEX-106100-1301-Q061,MOEX-106100-1301-Q061,醫學（一）,106,2017,106100,1301,61,moex_med1_remaining_detailed_v4_merged_001_1827.ts
MOEX-106100-1301-Q062,MOEX-106100-1301-Q062,醫學（一）,106,2017,106100,1301,62,anatomyQuestions.ts
MOEX-106100-1301-Q063,MOEX-106100-1301-Q063,醫學（一）,106,2017,106100,1301,63,anatomyQuestions.ts
MOEX-106100-1301-Q064,MOEX-106100-1301-Q064,醫學（一）,106,2017,106100,1301,64,anatomyQuestions.ts
MOEX-106100-1301-Q065,MOEX-106100-1301-Q065,醫學（一）,106,2017,106100,1301,65,moex_med1_remaining_detailed_v4_merged_001_1827.ts
MOEX-106100-1301-Q066,MOEX-106100-1301-Q066,醫學（一）,106,2017,106100,1301,66,moex_med1_remaining_detailed_v4_merged_001_1827.ts
MOEX-106100-1301-Q067,MOEX-106100-1301-Q067,醫學（一）,106,2017,106100,1301,67,moex_med1_remaining_detailed_v4_merged_001_1827.ts
MOEX-106100-1301-Q068,MOEX-106100-1301-Q068,醫學（一）,106,2017,106100,1301,68,moex_med1_remaining_detailed_v4_merged_001_1827.ts
MOEX-106100-1301-Q069,MOEX-106100-1301-Q069,醫學（一）,106,2017,106100,1301,69,moex_med1_remaining_detailed_v4_merged_001_1827.ts
MOEX-106100-1301-Q070,MOEX-106100-1301-Q070,醫學（一）,106,2017,106100,1301,70,anatomyQuestions.ts
MOEX-106100-1301-Q071,MOEX-106100-1301-Q071,醫學（一）,106,2017,106100,1301,71,moex_med1_remaining_detailed_v4_merged_001_1827.ts
MOEX-106100-1301-Q072,MOEX-106100-1301-Q072,醫學（一）,106,2017,106100,1301,72,moex_med1_remaining_detailed_v4_merged_001_1827.ts
MOEX-106100-1301-Q073,MOEX-106100-1301-Q073,醫學（一）,106,2017,106100,1301,73,anatomyQuestions.ts
MOEX-106100-1301-Q074,MOEX-106100-1301-Q074,醫學（一）,106,2017,106100,1301,74,moex_med1_remaining_detailed_v4_merged_001_1827.ts
MOEX-106100-1301-Q075,MOEX-106100-1301-Q075,醫學（一）,106,2017,106100,1301,75,moex_med1_remaining_detailed_v4_merged_001_1827.ts
MOEX-106100-1301-Q076,MOEX-106100-1301-Q076,醫學（一）,106,2017,106100,1301,76,moex_med1_remaining_detailed_v4_merged_001_1827.ts
MOEX-106100-1301-Q077,MOEX-106100-1301-Q077,醫學（一）,106,2017,106100,1301,77,moex_med1_remaining_detailed_v4_merged_001_1827.ts
MOEX-106100-1301-Q078,MOEX-106100-1301-Q078,醫學（一）,106,2017,106100,1301,78,moex_med1_remaining_detailed_v4_merged_001_1827.ts
MOEX-106100-1301-Q079,MOEX-106100-1301-Q079,醫學（一）,106,2017,106100,1301,79,anatomyQuestions.ts
MOEX-106100-1301-Q080,MOEX-106100-1301-Q080,醫學（一）,106,2017,106100,1301,80,moex_med1_remaining_detailed_v4_merged_001_1827.ts
MOEX-106100-1301-Q081,MOEX-106100-1301-Q081,醫學（一）,106,2017,106100,1301,81,moex_med1_remaining_detailed_v4_merged_001_1827.ts
MOEX-106100-1301-Q082,MOEX-106100-1301-Q082,醫學（一）,106,2017,106100,1301,82,moex_med1_remaining_detailed_v4_merged_001_1827.ts
MOEX-106100-1301-Q083,MOEX-106100-1301-Q083,醫學（一）,106,2017,106100,1301,83,moex_med1_remaining_detailed_v4_merged_001_1827.ts
MOEX-106100-1301-Q084,MOEX-106100-1301-Q084,醫學（一）,106,2017,106100,1301,84,moex_med1_remaining_detailed_v4_merged_001_1827.ts
MOEX-106100-1301-Q085,MOEX-106100-1301-Q085,醫學（一）,106,2017,106100,1301,85,moex_med1_remaining_detailed_v4_merged_001_1827.ts
MOEX-106100-1301-Q086,MOEX-106100-1301-Q086,醫學（一）,106,2017,106100,1301,86,moex_med1_remaining_detailed_v4_merged_001_1827.ts
MOEX-106100-1301-Q087,MOEX-106100-1301-Q087,醫學（一）,106,2017,106100,1301,87,moex_med1_remaining_detailed_v4_merged_001_1827.ts
MOEX-106100-1301-Q088,MOEX-106100-1301-Q088,醫學（一）,106,2017,106100,1301,88,anatomyQuestions.ts
MOEX-106100-1301-Q089,MOEX-106100-1301-Q089,醫學（一）,106,2017,106100,1301,89,moex_med1_remaining_detailed_v4_merged_001_1827.ts
MOEX-106100-1301-Q090,MOEX-106100-1301-Q090,醫學（一）,106,2017,106100,1301,90,moex_med1_remaining_detailed_v4_merged_001_1827.ts
MOEX-106100-1301-Q091,MOEX-106100-1301-Q091,醫學（一）,106,2017,106100,1301,91,anatomyQuestions.ts
MOEX-106100-1301-Q092,MOEX-106100-1301-Q092,醫學（一）,106,2017,106100,1301,92,moex_med1_remaining_detailed_v4_merged_001_1827.ts
MOEX-106100-1301-Q093,MOEX-106100-1301-Q093,醫學（一）,106,2017,106100,1301,93,moex_med1_remaining_detailed_v4_merged_001_1827.ts
MOEX-106100-1301-Q094,MOEX-106100-1301-Q094,醫學（一）,106,2017,106100,1301,94,moex_med1_remaining_detailed_v4_merged_001_1827.ts
MOEX-106100-1301-Q095,MOEX-106100-1301-Q095,醫學（一）,106,2017,106100,1301,95,moex_med1_remaining_detailed_v4_merged_001_1827.ts
MOEX-106100-1301-Q096,MOEX-106100-1301-Q096,醫學（一）,106,2017,106100,1301,96,moex_med1_remaining_detailed_v4_merged_001_1827.ts
MOEX-106100-1301-Q097,MOEX-106100-1301-Q097,醫學（一）,106,2017,106100,1301,97,moex_med1_remaining_detailed_v4_merged_001_1827.ts
MOEX-106100-1301-Q098,MOEX-106100-1301-Q098,醫學（一）,106,2017,106100,1301,98,moex_med1_remaining_detailed_v4_merged_001_1827.ts
MOEX-106100-1301-Q099,MOEX-106100-1301-Q099,醫學（一）,106,2017,106100,1301,99,anatomyQuestions.ts
MOEX-106100-1301-Q100,MOEX-106100-1301-Q100,醫學（一）,106,2017,106100,1301,100,moex_med1_remaining_detailed_v4_merged_001_1827.ts
MOEX-106020-6301-Q001,MOEX-106020-6301-Q001,醫學（二）,106,2017,106020,6301,1,moex_med_stage2_detailed_merged_001_3100_classified_v3.json
MOEX-106020-6301-Q002,MOEX-106020-6301-Q002,醫學（二）,106,2017,106020,6301,2,moex_med_stage2_detailed_merged_001_3100_classified_v3.json
MOEX-106020-6301-Q003,MOEX-106020-6301-Q003,醫學（二）,106,2017,106020,6301,3,moex_med_stage2_detailed_merged_001_3100_classified_v3.json
MOEX-106020-6301-Q004,MOEX-106020-6301-Q004,醫學（二）,106,2017,106020,6301,4,moex_med_stage2_detailed_merged_001_3100_classified_v3.json
MOEX-106020-6301-Q005,MOEX-106020-6301-Q005,醫學（二）,106,2017,106020,6301,5,moex_med_stage2_detailed_merged_001_3100_classified_v3.json
MOEX-106020-6301-Q006,MOEX-106020-6301-Q006,醫學（二）,106,2017,106020,6301,6,moex_med_stage2_detailed_merged_001_3100_classified_v3.json
MOEX-106020-6301-Q007,MOEX-106020-6301-Q007,醫學（二）,106,2017,106020,6301,7,moex_med_stage2_detailed_merged_001_3100_classified_v3.json
MOEX-106020-6301-Q008,MOEX-106020-6301-Q008,醫學（二）,106,2017,106020,6301,8,moex_med_stage2_detailed_merged_001_3100_classified_v3.json
MOEX-106020-6301-Q009,MOEX-106020-6301-Q009,醫學（二）,106,2017,106020,6301,9,moex_med_stage2_detailed_merged_001_3100_classified_v3.json
MOEX-106020-6301-Q010,MOEX-106020-6301-Q010,醫學（二）,106,2017,106020,6301,10,moex_med_stage2_detailed_merged_001_3100_classified_v3.json
MOEX-106020-6301-Q011,MOEX-106020-6301-Q011,醫學（二）,106,2017,106020,6301,11,moex_med_stage2_detailed_merged_001_3100_classified_v3.json
MOEX-106020-6301-Q012,MOEX-106020-6301-Q012,醫學（二）,106,2017,106020,6301,12,moex_med_stage2_detailed_merged_001_3100_classified_v3.json
MOEX-106020-6301-Q013,MOEX-106020-6301-Q013,醫學（二）,106,2017,106020,6301,13,moex_med_stage2_detailed_merged_001_3100_classified_v3.json
MOEX-106020-6301-Q014,MOEX-106020-6301-Q014,醫學（二）,106,2017,106020,6301,14,moex_med_stage2_detailed_merged_001_3100_classified_v3.json
MOEX-106020-6301-Q015,MOEX-106020-6301-Q015,醫學（二）,106,2017,106020,6301,15,moex_med_stage2_detailed_merged_001_3100_classified_v3.json
MOEX-106020-6301-Q016,MOEX-106020-6301-Q016,醫學（二）,106,2017,106020,6301,16,moex_med_stage2_detailed_merged_001_3100_classified_v3.json
MOEX-106020-6301-Q017,MOEX-106020-6301-Q017,醫學（二）,106,2017,106020,6301,17,moex_med_stage2_detailed_merged_001_3100_classified_v3.json
MOEX-106020-6301-Q018,MOEX-106020-6301-Q018,醫學（二）,106,2017,106020,6301,18,moex_med_stage2_detailed_merged_001_3100_classified_v3.json
MOEX-106020-6301-Q019,MOEX-106020-6301-Q019,醫學（二）,106,2017,106020,6301,19,moex_med_stage2_detailed_merged_001_3100_classified_v3.json
MOEX-106020-6301-Q020,MOEX-106020-6301-Q020,醫學（二）,106,2017,106020,6301,20,moex_med_stage2_detailed_merged_001_3100_classified_v3.json
MOEX-106020-6301-Q021,MOEX-106020-6301-Q021,醫學（二）,106,2017,106020,6301,21,moex_med_stage2_detailed_merged_001_3100_classified_v3.json
MOEX-106020-6301-Q022,MOEX-106020-6301-Q022,醫學（二）,106,2017,106020,6301,22,moex_med_stage2_detailed_merged_001_3100_classified_v3.json
MOEX-106020-6301-Q023,MOEX-106020-6301-Q023,醫學（二）,106,2017,106020,6301,23,moex_med_stage2_detailed_merged_001_3100_classified_v3.json
MOEX-106020-6301-Q024,MOEX-106020-6301-Q024,醫學（二）,106,2017,106020,6301,24,moex_med_stage2_detailed_merged_001_3100_classified_v3.json
MOEX-106020-6301-Q025,MOEX-106020-6301-Q025,醫學（二）,106,2017,106020,6301,25,moex_med_stage2_detailed_merged_001_3100_classified_v3.json
MOEX-106020-6301-Q026,MOEX-106020-6301-Q026,醫學（二）,106,2017,106020,6301,26,moex_med_stage2_detailed_merged_001_3100_classified_v3.json
MOEX-106020-6301-Q027,MOEX-106020-6301-Q027,醫學（二）,106,2017,106020,6301,27,moex_med_stage2_detailed_merged_001_3100_classified_v3.json
MOEX-106020-6301-Q028,MOEX-106020-6301-Q028,醫學（二）,106,2017,106020,6301,28,moex_med_stage2_detailed_merged_001_3100_classified_v3.json
MOEX-106020-6301-Q029,MOEX-106020-6301-Q029,醫學（二）,106,2017,106020,6301,29,moex_med_stage2_detailed_merged_001_3100_classified_v3.json
MOEX-106020-6301-Q030,MOEX-106020-6301-Q030,醫學（二）,106,2017,106020,6301,30,moex_med_stage2_detailed_merged_001_3100_classified_v3.json
MOEX-106020-6301-Q031,MOEX-106020-6301-Q031,醫學（二）,106,2017,106020,6301,31,moex_med_stage2_detailed_merged_001_3100_classified_v3.json
MOEX-106020-6301-Q032,MOEX-106020-6301-Q032,醫學（二）,106,2017,106020,6301,32,moex_med_stage2_detailed_merged_001_3100_classified_v3.json
MOEX-106020-6301-Q033,MOEX-106020-6301-Q033,醫學（二）,106,2017,106020,6301,33,moex_med_stage2_detailed_merged_001_3100_classified_v3.json
MOEX-106020-6301-Q034,MOEX-106020-6301-Q034,醫學（二）,106,2017,106020,6301,34,moex_med_stage2_detailed_merged_001_3100_classified_v3.json
MOEX-106020-6301-Q035,MOEX-106020-6301-Q035,醫學（二）,106,2017,106020,6301,35,moex_med_stage2_detailed_merged_001_3100_classified_v3.json
MOEX-106020-6301-Q036,MOEX-106020-6301-Q036,醫學（二）,106,2017,106020,6301,36,moex_med_stage2_detailed_merged_001_3100_classified_v3.json
MOEX-106020-6301-Q037,MOEX-106020-6301-Q037,醫學（二）,106,2017,106020,6301,37,moex_med_stage2_detailed_merged_001_3100_classified_v3.json
MOEX-106020-6301-Q038,MOEX-106020-6301-Q038,醫學（二）,106,2017,106020,6301,38,moex_med_stage2_detailed_merged_001_3100_classified_v3.json
MOEX-106020-6301-Q039,MOEX-106020-6301-Q039,醫學（二）,106,2017,106020,6301,39,moex_med_stage2_detailed_merged_001_3100_classified_v3.json
MOEX-106020-6301-Q040,MOEX-106020-6301-Q040,醫學（二）,106,2017,106020,6301,40,moex_med_stage2_detailed_merged_001_3100_classified_v3.json
MOEX-106020-6301-Q041,MOEX-106020-6301-Q041,醫學（二）,106,2017,106020,6301,41,moex_med_stage2_detailed_merged_001_3100_classified_v3.json
MOEX-106020-6301-Q042,MOEX-106020-6301-Q042,醫學（二）,106,2017,106020,6301,42,moex_med_stage2_detailed_merged_001_3100_classified_v3.json
MOEX-106020-6301-Q043,MOEX-106020-6301-Q043,醫學（二）,106,2017,106020,6301,43,moex_med_stage2_detailed_merged_001_3100_classified_v3.json
MOEX-106020-6301-Q044,MOEX-106020-6301-Q044,醫學（二）,106,2017,106020,6301,44,moex_med_stage2_detailed_merged_001_3100_classified_v3.json
MOEX-106020-6301-Q045,MOEX-106020-6301-Q045,醫學（二）,106,2017,106020,6301,45,moex_med_stage2_detailed_merged_001_3100_classified_v3.json
MOEX-106020-6301-Q046,MOEX-106020-6301-Q046,醫學（二）,106,2017,106020,6301,46,moex_med_stage2_detailed_merged_001_3100_classified_v3.json
MOEX-106020-6301-Q047,MOEX-106020-6301-Q047,醫學（二）,106,2017,106020,6301,47,moex_med_stage2_detailed_merged_001_3100_classified_v3.json
MOEX-106020-6301-Q048,MOEX-106020-6301-Q048,醫學（二）,106,2017,106020,6301,48,moex_med_stage2_detailed_merged_001_3100_classified_v3.json
MOEX-106020-6301-Q049,MOEX-106020-6301-Q049,醫學（二）,106,2017,106020,6301,49,moex_med_stage2_detailed_merged_001_3100_classified_v3.json
MOEX-106020-6301-Q050,MOEX-106020-6301-Q050,醫學（二）,106,2017,106020,6301,50,moex_med_stage2_detailed_merged_001_3100_classified_v3.json
MOEX-106020-6301-Q051,MOEX-106020-6301-Q051,醫學（二）,106,2017,106020,6301,51,moex_med_stage2_detailed_merged_001_3100_classified_v3.json
MOEX-106020-6301-Q052,MOEX-106020-6301-Q052,醫學（二）,106,2017,106020,6301,52,moex_med_stage2_detailed_merged_001_3100_classified_v3.json
MOEX-106020-6301-Q053,MOEX-106020-6301-Q053,醫學（二）,106,2017,106020,6301,53,moex_med_stage2_detailed_merged_001_3100_classified_v3.json
MOEX-106020-6301-Q054,MOEX-106020-6301-Q054,醫學（二）,106,2017,106020,6301,54,moex_med_stage2_detailed_merged_001_3100_classified_v3.json
MOEX-106020-6301-Q055,MOEX-106020-6301-Q055,醫學（二）,106,2017,106020,6301,55,moex_med_stage2_detailed_merged_001_3100_classified_v3.json
MOEX-106020-6301-Q056,MOEX-106020-6301-Q056,醫學（二）,106,2017,106020,6301,56,moex_med_stage2_detailed_merged_001_3100_classified_v3.json
MOEX-106020-6301-Q057,MOEX-106020-6301-Q057,醫學（二）,106,2017,106020,6301,57,moex_med_stage2_detailed_merged_001_3100_classified_v3.json
MOEX-106020-6301-Q058,MOEX-106020-6301-Q058,醫學（二）,106,2017,106020,6301,58,moex_med_stage2_detailed_merged_001_3100_classified_v3.json
MOEX-106020-6301-Q059,MOEX-106020-6301-Q059,醫學（二）,106,2017,106020,6301,59,moex_med_stage2_detailed_merged_001_3100_classified_v3.json
MOEX-106020-6301-Q060,MOEX-106020-6301-Q060,醫學（二）,106,2017,106020,6301,60,moex_med_stage2_detailed_merged_001_3100_classified_v3.json
MOEX-106020-6301-Q061,MOEX-106020-6301-Q061,醫學（二）,106,2017,106020,6301,61,moex_med_stage2_detailed_merged_001_3100_classified_v3.json
MOEX-106020-6301-Q062,MOEX-106020-6301-Q062,醫學（二）,106,2017,106020,6301,62,moex_med_stage2_detailed_merged_001_3100_classified_v3.json
MOEX-106020-6301-Q063,MOEX-106020-6301-Q063,醫學（二）,106,2017,106020,6301,63,moex_med_stage2_detailed_merged_001_3100_classified_v3.json
MOEX-106020-6301-Q064,MOEX-106020-6301-Q064,醫學（二）,106,2017,106020,6301,64,moex_med_stage2_detailed_merged_001_3100_classified_v3.json
MOEX-106020-6301-Q065,MOEX-106020-6301-Q065,醫學（二）,106,2017,106020,6301,65,moex_med_stage2_detailed_merged_001_3100_classified_v3.json
MOEX-106020-6301-Q066,MOEX-106020-6301-Q066,醫學（二）,106,2017,106020,6301,66,moex_med_stage2_detailed_merged_001_3100_classified_v3.json
MOEX-106020-6301-Q067,MOEX-106020-6301-Q067,醫學（二）,106,2017,106020,6301,67,moex_med_stage2_detailed_merged_001_3100_classified_v3.json
MOEX-106020-6301-Q068,MOEX-106020-6301-Q068,醫學（二）,106,2017,106020,6301,68,moex_med_stage2_detailed_merged_001_3100_classified_v3.json
MOEX-106020-6301-Q069,MOEX-106020-6301-Q069,醫學（二）,106,2017,106020,6301,69,moex_med_stage2_detailed_merged_001_3100_classified_v3.json
MOEX-106020-6301-Q070,MOEX-106020-6301-Q070,醫學（二）,106,2017,106020,6301,70,moex_med_stage2_detailed_merged_001_3100_classified_v3.json
MOEX-106020-6301-Q071,MOEX-106020-6301-Q071,醫學（二）,106,2017,106020,6301,71,moex_med_stage2_detailed_merged_001_3100_classified_v3.json
MOEX-106020-6301-Q072,MOEX-106020-6301-Q072,醫學（二）,106,2017,106020,6301,72,moex_med_stage2_detailed_merged_001_3100_classified_v3.json
MOEX-106020-6301-Q073,MOEX-106020-6301-Q073,醫學（二）,106,2017,106020,6301,73,moex_med_stage2_detailed_merged_001_3100_classified_v3.json
MOEX-106020-6301-Q074,MOEX-106020-6301-Q074,醫學（二）,106,2017,106020,6301,74,moex_med_stage2_detailed_merged_001_3100_classified_v3.json
MOEX-106020-6301-Q075,MOEX-106020-6301-Q075,醫學（二）,106,2017,106020,6301,75,moex_med_stage2_detailed_merged_001_3100_classified_v3.json
MOEX-106020-6301-Q076,MOEX-106020-6301-Q076,醫學（二）,106,2017,106020,6301,76,moex_med_stage2_detailed_merged_001_3100_classified_v3.json
MOEX-106020-6301-Q077,MOEX-106020-6301-Q077,醫學（二）,106,2017,106020,6301,77,moex_med_stage2_detailed_merged_001_3100_classified_v3.json
MOEX-106020-6301-Q078,MOEX-106020-6301-Q078,醫學（二）,106,2017,106020,6301,78,moex_med_stage2_detailed_merged_001_3100_classified_v3.json
MOEX-106020-6301-Q079,MOEX-106020-6301-Q079,醫學（二）,106,2017,106020,6301,79,moex_med_stage2_detailed_merged_001_3100_classified_v3.json
MOEX-106020-6301-Q080,MOEX-106020-6301-Q080,醫學（二）,106,2017,106020,6301,80,moex_med_stage2_detailed_merged_001_3100_classified_v3.json
MOEX-106020-6301-Q081,MOEX-106020-6301-Q081,醫學（二）,106,2017,106020,6301,81,moex_med_stage2_detailed_merged_001_3100_classified_v3.json
MOEX-106020-6301-Q082,MOEX-106020-6301-Q082,醫學（二）,106,2017,106020,6301,82,moex_med_stage2_detailed_merged_001_3100_classified_v3.json
MOEX-106020-6301-Q083,MOEX-106020-6301-Q083,醫學（二）,106,2017,106020,6301,83,moex_med_stage2_detailed_merged_001_3100_classified_v3.json
MOEX-106020-6301-Q084,MOEX-106020-6301-Q084,醫學（二）,106,2017,106020,6301,84,moex_med_stage2_detailed_merged_001_3100_classified_v3.json
MOEX-106020-6301-Q085,MOEX-106020-6301-Q085,醫學（二）,106,2017,106020,6301,85,moex_med_stage2_detailed_merged_001_3100_classified_v3.json
MOEX-106020-6301-Q086,MOEX-106020-6301-Q086,醫學（二）,106,2017,106020,6301,86,moex_med_stage2_detailed_merged_001_3100_classified_v3.json
MOEX-106020-6301-Q087,MOEX-106020-6301-Q087,醫學（二）,106,2017,106020,6301,87,moex_med_stage2_detailed_merged_001_3100_classified_v3.json
MOEX-106020-6301-Q088,MOEX-106020-6301-Q088,醫學（二）,106,2017,106020,6301,88,moex_med_stage2_detailed_merged_001_3100_classified_v3.json
MOEX-106020-6301-Q089,MOEX-106020-6301-Q089,醫學（二）,106,2017,106020,6301,89,moex_med_stage2_detailed_merged_001_3100_classified_v3.json
MOEX-106020-6301-Q090,MOEX-106020-6301-Q090,醫學（二）,106,2017,106020,6301,90,moex_med_stage2_detailed_merged_001_3100_classified_v3.json
MOEX-106020-6301-Q091,MOEX-106020-6301-Q091,醫學（二）,106,2017,106020,6301,91,moex_med_stage2_detailed_merged_001_3100_classified_v3.json
MOEX-106020-6301-Q092,MOEX-106020-6301-Q092,醫學（二）,106,2017,106020,6301,92,moex_med_stage2_detailed_merged_001_3100_classified_v3.json
MOEX-106020-6301-Q093,MOEX-106020-6301-Q093,醫學（二）,106,2017,106020,6301,93,moex_med_stage2_detailed_merged_001_3100_classified_v3.json
MOEX-106020-6301-Q094,MOEX-106020-6301-Q094,醫學（二）,106,2017,106020,6301,94,moex_med_stage2_detailed_merged_001_3100_classified_v3.json
MOEX-106020-6301-Q095,MOEX-106020-6301-Q095,醫學（二）,106,2017,106020,6301,95,moex_med_stage2_detailed_merged_001_3100_classified_v3.json
MOEX-106020-6301-Q096,MOEX-106020-6301-Q096,醫學（二）,106,2017,106020,6301,96,moex_med_stage2_detailed_merged_001_3100_classified_v3.json
MOEX-106020-6301-Q097,MOEX-106020-6301-Q097,醫學（二）,106,2017,106020,6301,97,moex_med_stage2_detailed_merged_001_3100_classified_v3.json
MOEX-106020-6301-Q098,MOEX-106020-6301-Q098,醫學（二）,106,2017,106020,6301,98,moex_med_stage2_detailed_merged_001_3100_classified_v3.json
MOEX-106020-6301-Q099,MOEX-106020-6301-Q099,醫學（二）,106,2017,106020,6301,99,moex_med_stage2_detailed_merged_001_3100_classified_v3.json
MOEX-106020-6301-Q100,MOEX-106020-6301-Q100,醫學（二）,106,2017,106020,6301,100,moex_med_stage2_detailed_merged_001_3100_classified_v3.json
MOEX-106100-2301-Q001,MOEX-106100-2301-Q001,醫學（二）,106,2017,106100,2301,1,moex_med_stage2_detailed_merged_001_3100_classified_v3.json
MOEX-106100-2301-Q002,MOEX-106100-2301-Q002,醫學（二）,106,2017,106100,2301,2,moex_med_stage2_detailed_merged_001_3100_classified_v3.json
MOEX-106100-2301-Q003,MOEX-106100-2301-Q003,醫學（二）,106,2017,106100,2301,3,moex_med_stage2_detailed_merged_001_3100_classified_v3.json
MOEX-106100-2301-Q004,MOEX-106100-2301-Q004,醫學（二）,106,2017,106100,2301,4,moex_med_stage2_detailed_merged_001_3100_classified_v3.json
MOEX-106100-2301-Q005,MOEX-106100-2301-Q005,醫學（二）,106,2017,106100,2301,5,moex_med_stage2_detailed_merged_001_3100_classified_v3.json
MOEX-106100-2301-Q006,MOEX-106100-2301-Q006,醫學（二）,106,2017,106100,2301,6,moex_med_stage2_detailed_merged_001_3100_classified_v3.json
MOEX-106100-2301-Q007,MOEX-106100-2301-Q007,醫學（二）,106,2017,106100,2301,7,moex_med_stage2_detailed_merged_001_3100_classified_v3.json
MOEX-106100-2301-Q008,MOEX-106100-2301-Q008,醫學（二）,106,2017,106100,2301,8,moex_med_stage2_detailed_merged_001_3100_classified_v3.json
MOEX-106100-2301-Q009,MOEX-106100-2301-Q009,醫學（二）,106,2017,106100,2301,9,moex_med_stage2_detailed_merged_001_3100_classified_v3.json
MOEX-106100-2301-Q010,MOEX-106100-2301-Q010,醫學（二）,106,2017,106100,2301,10,moex_med_stage2_detailed_merged_001_3100_classified_v3.json
MOEX-106100-2301-Q011,MOEX-106100-2301-Q011,醫學（二）,106,2017,106100,2301,11,moex_med_stage2_detailed_merged_001_3100_classified_v3.json
MOEX-106100-2301-Q012,MOEX-106100-2301-Q012,醫學（二）,106,2017,106100,2301,12,moex_med_stage2_detailed_merged_001_3100_classified_v3.json
MOEX-106100-2301-Q013,MOEX-106100-2301-Q013,醫學（二）,106,2017,106100,2301,13,moex_med_stage2_detailed_merged_001_3100_classified_v3.json
MOEX-106100-2301-Q014,MOEX-106100-2301-Q014,醫學（二）,106,2017,106100,2301,14,moex_med_stage2_detailed_merged_001_3100_classified_v3.json
MOEX-106100-2301-Q015,MOEX-106100-2301-Q015,醫學（二）,106,2017,106100,2301,15,moex_med_stage2_detailed_merged_001_3100_classified_v3.json
MOEX-106100-2301-Q016,MOEX-106100-2301-Q016,醫學（二）,106,2017,106100,2301,16,moex_med_stage2_detailed_merged_001_3100_classified_v3.json
MOEX-106100-2301-Q017,MOEX-106100-2301-Q017,醫學（二）,106,2017,106100,2301,17,moex_med_stage2_detailed_merged_001_3100_classified_v3.json
MOEX-106100-2301-Q018,MOEX-106100-2301-Q018,醫學（二）,106,2017,106100,2301,18,moex_med_stage2_detailed_merged_001_3100_classified_v3.json
MOEX-106100-2301-Q019,MOEX-106100-2301-Q019,醫學（二）,106,2017,106100,2301,19,moex_med_stage2_detailed_merged_001_3100_classified_v3.json
MOEX-106100-2301-Q020,MOEX-106100-2301-Q020,醫學（二）,106,2017,106100,2301,20,moex_med_stage2_detailed_merged_001_3100_classified_v3.json
MOEX-106100-2301-Q021,MOEX-106100-2301-Q021,醫學（二）,106,2017,106100,2301,21,moex_med_stage2_detailed_merged_001_3100_classified_v3.json
MOEX-106100-2301-Q022,MOEX-106100-2301-Q022,醫學（二）,106,2017,106100,2301,22,moex_med_stage2_detailed_merged_001_3100_classified_v3.json
MOEX-106100-2301-Q023,MOEX-106100-2301-Q023,醫學（二）,106,2017,106100,2301,23,moex_med_stage2_detailed_merged_001_3100_classified_v3.json
MOEX-106100-2301-Q024,MOEX-106100-2301-Q024,醫學（二）,106,2017,106100,2301,24,moex_med_stage2_detailed_merged_001_3100_classified_v3.json
MOEX-106100-2301-Q025,MOEX-106100-2301-Q025,醫學（二）,106,2017,106100,2301,25,moex_med_stage2_detailed_merged_001_3100_classified_v3.json
MOEX-106100-2301-Q026,MOEX-106100-2301-Q026,醫學（二）,106,2017,106100,2301,26,moex_med_stage2_detailed_merged_001_3100_classified_v3.json
MOEX-106100-2301-Q027,MOEX-106100-2301-Q027,醫學（二）,106,2017,106100,2301,27,moex_med_stage2_detailed_merged_001_3100_classified_v3.json
MOEX-106100-2301-Q028,MOEX-106100-2301-Q028,醫學（二）,106,2017,106100,2301,28,moex_med_stage2_detailed_merged_001_3100_classified_v3.json
MOEX-106100-2301-Q029,MOEX-106100-2301-Q029,醫學（二）,106,2017,106100,2301,29,moex_med_stage2_detailed_merged_001_3100_classified_v3.json
MOEX-106100-2301-Q030,MOEX-106100-2301-Q030,醫學（二）,106,2017,106100,2301,30,moex_med_stage2_detailed_merged_001_3100_classified_v3.json
MOEX-106100-2301-Q031,MOEX-106100-2301-Q031,醫學（二）,106,2017,106100,2301,31,moex_med_stage2_detailed_merged_001_3100_classified_v3.json
MOEX-106100-2301-Q032,MOEX-106100-2301-Q032,醫學（二）,106,2017,106100,2301,32,moex_med_stage2_detailed_merged_001_3100_classified_v3.json
MOEX-106100-2301-Q033,MOEX-106100-2301-Q033,醫學（二）,106,2017,106100,2301,33,moex_med_stage2_detailed_merged_001_3100_classified_v3.json
MOEX-106100-2301-Q034,MOEX-106100-2301-Q034,醫學（二）,106,2017,106100,2301,34,moex_med_stage2_detailed_merged_001_3100_classified_v3.json
MOEX-106100-2301-Q035,MOEX-106100-2301-Q035,醫學（二）,106,2017,106100,2301,35,moex_med_stage2_detailed_merged_001_3100_classified_v3.json
MOEX-106100-2301-Q036,MOEX-106100-2301-Q036,醫學（二）,106,2017,106100,2301,36,moex_med_stage2_detailed_merged_001_3100_classified_v3.json
MOEX-106100-2301-Q037,MOEX-106100-2301-Q037,醫學（二）,106,2017,106100,2301,37,moex_med_stage2_detailed_merged_001_3100_classified_v3.json
MOEX-106100-2301-Q038,MOEX-106100-2301-Q038,醫學（二）,106,2017,106100,2301,38,moex_med_stage2_detailed_merged_001_3100_classified_v3.json
MOEX-106100-2301-Q039,MOEX-106100-2301-Q039,醫學（二）,106,2017,106100,2301,39,moex_med_stage2_detailed_merged_001_3100_classified_v3.json
MOEX-106100-2301-Q040,MOEX-106100-2301-Q040,醫學（二）,106,2017,106100,2301,40,moex_med_stage2_detailed_merged_001_3100_classified_v3.json
MOEX-106100-2301-Q041,MOEX-106100-2301-Q041,醫學（二）,106,2017,106100,2301,41,moex_med_stage2_detailed_merged_001_3100_classified_v3.json
MOEX-106100-2301-Q042,MOEX-106100-2301-Q042,醫學（二）,106,2017,106100,2301,42,moex_med_stage2_detailed_merged_001_3100_classified_v3.json
MOEX-106100-2301-Q043,MOEX-106100-2301-Q043,醫學（二）,106,2017,106100,2301,43,moex_med_stage2_detailed_merged_001_3100_classified_v3.json
MOEX-106100-2301-Q044,MOEX-106100-2301-Q044,醫學（二）,106,2017,106100,2301,44,moex_med_stage2_detailed_merged_001_3100_classified_v3.json
MOEX-106100-2301-Q045,MOEX-106100-2301-Q045,醫學（二）,106,2017,106100,2301,45,moex_med_stage2_detailed_merged_001_3100_classified_v3.json
MOEX-106100-2301-Q046,MOEX-106100-2301-Q046,醫學（二）,106,2017,106100,2301,46,moex_med_stage2_detailed_merged_001_3100_classified_v3.json
MOEX-106100-2301-Q047,MOEX-106100-2301-Q047,醫學（二）,106,2017,106100,2301,47,moex_med_stage2_detailed_merged_001_3100_classified_v3.json
MOEX-106100-2301-Q048,MOEX-106100-2301-Q048,醫學（二）,106,2017,106100,2301,48,moex_med_stage2_detailed_merged_001_3100_classified_v3.json
MOEX-106100-2301-Q049,MOEX-106100-2301-Q049,醫學（二）,106,2017,106100,2301,49,moex_med_stage2_detailed_merged_001_3100_classified_v3.json
MOEX-106100-2301-Q050,MOEX-106100-2301-Q050,醫學（二）,106,2017,106100,2301,50,moex_med_stage2_detailed_merged_001_3100_classified_v3.json
MOEX-106100-2301-Q051,MOEX-106100-2301-Q051,醫學（二）,106,2017,106100,2301,51,moex_med_stage2_detailed_merged_001_3100_classified_v3.json
MOEX-106100-2301-Q052,MOEX-106100-2301-Q052,醫學（二）,106,2017,106100,2301,52,moex_med_stage2_detailed_merged_001_3100_classified_v3.json
MOEX-106100-2301-Q053,MOEX-106100-2301-Q053,醫學（二）,106,2017,106100,2301,53,moex_med_stage2_detailed_merged_001_3100_classified_v3.json
MOEX-106100-2301-Q054,MOEX-106100-2301-Q054,醫學（二）,106,2017,106100,2301,54,moex_med_stage2_detailed_merged_001_3100_classified_v3.json
MOEX-106100-2301-Q055,MOEX-106100-2301-Q055,醫學（二）,106,2017,106100,2301,55,moex_med_stage2_detailed_merged_001_3100_classified_v3.json
MOEX-106100-2301-Q056,MOEX-106100-2301-Q056,醫學（二）,106,2017,106100,2301,56,moex_med_stage2_detailed_merged_001_3100_classified_v3.json
MOEX-106100-2301-Q057,MOEX-106100-2301-Q057,醫學（二）,106,2017,106100,2301,57,moex_med_stage2_detailed_merged_001_3100_classified_v3.json
MOEX-106100-2301-Q058,MOEX-106100-2301-Q058,醫學（二）,106,2017,106100,2301,58,moex_med_stage2_detailed_merged_001_3100_classified_v3.json
MOEX-106100-2301-Q059,MOEX-106100-2301-Q059,醫學（二）,106,2017,106100,2301,59,moex_med_stage2_detailed_merged_001_3100_classified_v3.json
MOEX-106100-2301-Q060,MOEX-106100-2301-Q060,醫學（二）,106,2017,106100,2301,60,moex_med_stage2_detailed_merged_001_3100_classified_v3.json
MOEX-106100-2301-Q061,MOEX-106100-2301-Q061,醫學（二）,106,2017,106100,2301,61,moex_med_stage2_detailed_merged_001_3100_classified_v3.json
MOEX-106100-2301-Q062,MOEX-106100-2301-Q062,醫學（二）,106,2017,106100,2301,62,moex_med_stage2_detailed_merged_001_3100_classified_v3.json
MOEX-106100-2301-Q063,MOEX-106100-2301-Q063,醫學（二）,106,2017,106100,2301,63,moex_med_stage2_detailed_merged_001_3100_classified_v3.json
MOEX-106100-2301-Q064,MOEX-106100-2301-Q064,醫學（二）,106,2017,106100,2301,64,moex_med_stage2_detailed_merged_001_3100_classified_v3.json
MOEX-106100-2301-Q065,MOEX-106100-2301-Q065,醫學（二）,106,2017,106100,2301,65,moex_med_stage2_detailed_merged_001_3100_classified_v3.json
MOEX-106100-2301-Q066,MOEX-106100-2301-Q066,醫學（二）,106,2017,106100,2301,66,moex_med_stage2_detailed_merged_001_3100_classified_v3.json
MOEX-106100-2301-Q067,MOEX-106100-2301-Q067,醫學（二）,106,2017,106100,2301,67,moex_med_stage2_detailed_merged_001_3100_classified_v3.json
MOEX-106100-2301-Q068,MOEX-106100-2301-Q068,醫學（二）,106,2017,106100,2301,68,moex_med_stage2_detailed_merged_001_3100_classified_v3.json
MOEX-106100-2301-Q069,MOEX-106100-2301-Q069,醫學（二）,106,2017,106100,2301,69,moex_med_stage2_detailed_merged_001_3100_classified_v3.json
MOEX-106100-2301-Q070,MOEX-106100-2301-Q070,醫學（二）,106,2017,106100,2301,70,moex_med_stage2_detailed_merged_001_3100_classified_v3.json
MOEX-106100-2301-Q071,MOEX-106100-2301-Q071,醫學（二）,106,2017,106100,2301,71,moex_med_stage2_detailed_merged_001_3100_classified_v3.json
MOEX-106100-2301-Q072,MOEX-106100-2301-Q072,醫學（二）,106,2017,106100,2301,72,moex_med_stage2_detailed_merged_001_3100_classified_v3.json
MOEX-106100-2301-Q073,MOEX-106100-2301-Q073,醫學（二）,106,2017,106100,2301,73,moex_med_stage2_detailed_merged_001_3100_classified_v3.json
MOEX-106100-2301-Q074,MOEX-106100-2301-Q074,醫學（二）,106,2017,106100,2301,74,moex_med_stage2_detailed_merged_001_3100_classified_v3.json
MOEX-106100-2301-Q075,MOEX-106100-2301-Q075,醫學（二）,106,2017,106100,2301,75,moex_med_stage2_detailed_merged_001_3100_classified_v3.json
MOEX-106100-2301-Q076,MOEX-106100-2301-Q076,醫學（二）,106,2017,106100,2301,76,moex_med_stage2_detailed_merged_001_3100_classified_v3.json
MOEX-106100-2301-Q077,MOEX-106100-2301-Q077,醫學（二）,106,2017,106100,2301,77,moex_med_stage2_detailed_merged_001_3100_classified_v3.json
MOEX-106100-2301-Q078,MOEX-106100-2301-Q078,醫學（二）,106,2017,106100,2301,78,moex_med_stage2_detailed_merged_001_3100_classified_v3.json
MOEX-106100-2301-Q079,MOEX-106100-2301-Q079,醫學（二）,106,2017,106100,2301,79,moex_med_stage2_detailed_merged_001_3100_classified_v3.json
MOEX-106100-2301-Q080,MOEX-106100-2301-Q080,醫學（二）,106,2017,106100,2301,80,moex_med_stage2_detailed_merged_001_3100_classified_v3.json
MOEX-106100-2301-Q081,MOEX-106100-2301-Q081,醫學（二）,106,2017,106100,2301,81,moex_med_stage2_detailed_merged_001_3100_classified_v3.json
MOEX-106100-2301-Q082,MOEX-106100-2301-Q082,醫學（二）,106,2017,106100,2301,82,moex_med_stage2_detailed_merged_001_3100_classified_v3.json
MOEX-106100-2301-Q083,MOEX-106100-2301-Q083,醫學（二）,106,2017,106100,2301,83,moex_med_stage2_detailed_merged_001_3100_classified_v3.json
MOEX-106100-2301-Q084,MOEX-106100-2301-Q084,醫學（二）,106,2017,106100,2301,84,moex_med_stage2_detailed_merged_001_3100_classified_v3.json
MOEX-106100-2301-Q085,MOEX-106100-2301-Q085,醫學（二）,106,2017,106100,2301,85,moex_med_stage2_detailed_merged_001_3100_classified_v3.json
MOEX-106100-2301-Q086,MOEX-106100-2301-Q086,醫學（二）,106,2017,106100,2301,86,moex_med_stage2_detailed_merged_001_3100_classified_v3.json
MOEX-106100-2301-Q087,MOEX-106100-2301-Q087,醫學（二）,106,2017,106100,2301,87,moex_med_stage2_detailed_merged_001_3100_classified_v3.json
MOEX-106100-2301-Q088,MOEX-106100-2301-Q088,醫學（二）,106,2017,106100,2301,88,moex_med_stage2_detailed_merged_001_3100_classified_v3.json
MOEX-106100-2301-Q089,MOEX-106100-2301-Q089,醫學（二）,106,2017,106100,2301,89,moex_med_stage2_detailed_merged_001_3100_classified_v3.json
MOEX-106100-2301-Q090,MOEX-106100-2301-Q090,醫學（二）,106,2017,106100,2301,90,moex_med_stage2_detailed_merged_001_3100_classified_v3.json
MOEX-106100-2301-Q091,MOEX-106100-2301-Q091,醫學（二）,106,2017,106100,2301,91,moex_med_stage2_detailed_merged_001_3100_classified_v3.json
MOEX-106100-2301-Q092,MOEX-106100-2301-Q092,醫學（二）,106,2017,106100,2301,92,moex_med_stage2_detailed_merged_001_3100_classified_v3.json
MOEX-106100-2301-Q093,MOEX-106100-2301-Q093,醫學（二）,106,2017,106100,2301,93,moex_med_stage2_detailed_merged_001_3100_classified_v3.json
MOEX-106100-2301-Q094,MOEX-106100-2301-Q094,醫學（二）,106,2017,106100,2301,94,moex_med_stage2_detailed_merged_001_3100_classified_v3.json
MOEX-106100-2301-Q095,MOEX-106100-2301-Q095,醫學（二）,106,2017,106100,2301,95,moex_med_stage2_detailed_merged_001_3100_classified_v3.json
MOEX-106100-2301-Q096,MOEX-106100-2301-Q096,醫學（二）,106,2017,106100,2301,96,moex_med_stage2_detailed_merged_001_3100_classified_v3.json
MOEX-106100-2301-Q097,MOEX-106100-2301-Q097,醫學（二）,106,2017,106100,2301,97,moex_med_stage2_detailed_merged_001_3100_classified_v3.json
MOEX-106100-2301-Q098,MOEX-106100-2301-Q098,醫學（二）,106,2017,106100,2301,98,moex_med_stage2_detailed_merged_001_3100_classified_v3.json
MOEX-106100-2301-Q099,MOEX-106100-2301-Q099,醫學（二）,106,2017,106100,2301,99,moex_med_stage2_detailed_merged_001_3100_classified_v3.json
MOEX-106100-2301-Q100,MOEX-106100-2301-Q100,醫學（二）,106,2017,106100,2301,100,moex_med_stage2_detailed_merged_001_3100_classified_v3.json
MOEX-107020-5301-Q001,MOEX-107020-5301-Q001,醫學（一）,107,2018,107020,5301,1,anatomyQuestions.ts
MOEX-107020-5301-Q002,MOEX-107020-5301-Q002,醫學（一）,107,2018,107020,5301,2,anatomyQuestions.ts
MOEX-107020-5301-Q003,MOEX-107020-5301-Q003,醫學（一）,107,2018,107020,5301,3,anatomyQuestions.ts
MOEX-107020-5301-Q004,MOEX-107020-5301-Q004,醫學（一）,107,2018,107020,5301,4,moex_med1_remaining_detailed_v4_merged_001_1827.ts
MOEX-107020-5301-Q005,MOEX-107020-5301-Q005,醫學（一）,107,2018,107020,5301,5,anatomyQuestions.ts
MOEX-107020-5301-Q006,MOEX-107020-5301-Q006,醫學（一）,107,2018,107020,5301,6,anatomyQuestions.ts
MOEX-107020-5301-Q007,MOEX-107020-5301-Q007,醫學（一）,107,2018,107020,5301,7,anatomyQuestions.ts
MOEX-107020-5301-Q008,MOEX-107020-5301-Q008,醫學（一）,107,2018,107020,5301,8,anatomyQuestions.ts
MOEX-107020-5301-Q009,MOEX-107020-5301-Q009,醫學（一）,107,2018,107020,5301,9,anatomyQuestions.ts
MOEX-107020-5301-Q010,MOEX-107020-5301-Q010,醫學（一）,107,2018,107020,5301,10,anatomyQuestions.ts
MOEX-107020-5301-Q011,MOEX-107020-5301-Q011,醫學（一）,107,2018,107020,5301,11,anatomyQuestions.ts
MOEX-107020-5301-Q012,MOEX-107020-5301-Q012,醫學（一）,107,2018,107020,5301,12,anatomyQuestions.ts
MOEX-107020-5301-Q013,MOEX-107020-5301-Q013,醫學（一）,107,2018,107020,5301,13,anatomyQuestions.ts
MOEX-107020-5301-Q014,MOEX-107020-5301-Q014,醫學（一）,107,2018,107020,5301,14,anatomyQuestions.ts
MOEX-107020-5301-Q015,MOEX-107020-5301-Q015,醫學（一）,107,2018,107020,5301,15,anatomyQuestions.ts
MOEX-107020-5301-Q016,MOEX-107020-5301-Q016,醫學（一）,107,2018,107020,5301,16,moex_med1_remaining_detailed_v4_merged_001_1827.ts
MOEX-107020-5301-Q017,MOEX-107020-5301-Q017,醫學（一）,107,2018,107020,5301,17,anatomyQuestions.ts
MOEX-107020-5301-Q018,MOEX-107020-5301-Q018,醫學（一）,107,2018,107020,5301,18,moex_med1_remaining_detailed_v4_merged_001_1827.ts
MOEX-107020-5301-Q019,MOEX-107020-5301-Q019,醫學（一）,107,2018,107020,5301,19,anatomyQuestions.ts
MOEX-107020-5301-Q020,MOEX-107020-5301-Q020,醫學（一）,107,2018,107020,5301,20,anatomyQuestions.ts
MOEX-107020-5301-Q021,MOEX-107020-5301-Q021,醫學（一）,107,2018,107020,5301,21,anatomyQuestions.ts
MOEX-107020-5301-Q022,MOEX-107020-5301-Q022,醫學（一）,107,2018,107020,5301,22,moex_med1_remaining_detailed_v4_merged_001_1827.ts
MOEX-107020-5301-Q023,MOEX-107020-5301-Q023,醫學（一）,107,2018,107020,5301,23,anatomyQuestions.ts
MOEX-107020-5301-Q024,MOEX-107020-5301-Q024,醫學（一）,107,2018,107020,5301,24,anatomyQuestions.ts
MOEX-107020-5301-Q025,MOEX-107020-5301-Q025,醫學（一）,107,2018,107020,5301,25,anatomyQuestions.ts
MOEX-107020-5301-Q026,MOEX-107020-5301-Q026,醫學（一）,107,2018,107020,5301,26,anatomyQuestions.ts
MOEX-107020-5301-Q027,moex-med1-supplement-v5-107020-5301-027,醫學（一）,107,2018,107020,5301,27,moex_med1_requested_71_questions_detailed_patch_v5.ts
MOEX-107020-5301-Q028,MOEX-107020-5301-Q028,醫學（一）,107,2018,107020,5301,28,anatomyQuestions.ts
MOEX-107020-5301-Q029,MOEX-107020-5301-Q029,醫學（一）,107,2018,107020,5301,29,anatomyQuestions.ts
MOEX-107020-5301-Q030,MOEX-107020-5301-Q030,醫學（一）,107,2018,107020,5301,30,anatomyQuestions.ts
MOEX-107020-5301-Q031,MOEX-107020-5301-Q031,醫學（一）,107,2018,107020,5301,31,moex_med1_remaining_detailed_v4_merged_001_1827.ts
MOEX-107020-5301-Q032,MOEX-107020-5301-Q032,醫學（一）,107,2018,107020,5301,32,anatomyQuestions.ts
MOEX-107020-5301-Q033,MOEX-107020-5301-Q033,醫學（一）,107,2018,107020,5301,33,anatomyQuestions.ts
MOEX-107020-5301-Q034,MOEX-107020-5301-Q034,醫學（一）,107,2018,107020,5301,34,moex_med1_remaining_detailed_v4_merged_001_1827.ts
MOEX-107020-5301-Q035,MOEX-107020-5301-Q035,醫學（一）,107,2018,107020,5301,35,anatomyQuestions.ts
MOEX-107020-5301-Q036,MOEX-107020-5301-Q036,醫學（一）,107,2018,107020,5301,36,moex_med1_remaining_detailed_v4_merged_001_1827.ts
MOEX-107020-5301-Q037,MOEX-107020-5301-Q037,醫學（一）,107,2018,107020,5301,37,moex_med1_remaining_detailed_v4_merged_001_1827.ts
MOEX-107020-5301-Q038,MOEX-107020-5301-Q038,醫學（一）,107,2018,107020,5301,38,moex_med1_remaining_detailed_v4_merged_001_1827.ts
MOEX-107020-5301-Q039,MOEX-107020-5301-Q039,醫學（一）,107,2018,107020,5301,39,anatomyQuestions.ts
MOEX-107020-5301-Q040,MOEX-107020-5301-Q040,醫學（一）,107,2018,107020,5301,40,moex_med1_remaining_detailed_v4_merged_001_1827.ts
MOEX-107020-5301-Q041,MOEX-107020-5301-Q041,醫學（一）,107,2018,107020,5301,41,anatomyQuestions.ts
MOEX-107020-5301-Q042,MOEX-107020-5301-Q042,醫學（一）,107,2018,107020,5301,42,anatomyQuestions.ts
MOEX-107020-5301-Q043,MOEX-107020-5301-Q043,醫學（一）,107,2018,107020,5301,43,anatomyQuestions.ts
MOEX-107020-5301-Q044,MOEX-107020-5301-Q044,醫學（一）,107,2018,107020,5301,44,moex_med1_remaining_detailed_v4_merged_001_1827.ts
MOEX-107020-5301-Q045,MOEX-107020-5301-Q045,醫學（一）,107,2018,107020,5301,45,moex_med1_remaining_detailed_v4_merged_001_1827.ts
MOEX-107020-5301-Q046,MOEX-107020-5301-Q046,醫學（一）,107,2018,107020,5301,46,moex_med1_remaining_detailed_v4_merged_001_1827.ts
MOEX-107020-5301-Q047,MOEX-107020-5301-Q047,醫學（一）,107,2018,107020,5301,47,anatomyQuestions.ts
MOEX-107020-5301-Q048,MOEX-107020-5301-Q048,醫學（一）,107,2018,107020,5301,48,anatomyQuestions.ts
MOEX-107020-5301-Q049,MOEX-107020-5301-Q049,醫學（一）,107,2018,107020,5301,49,anatomyQuestions.ts
MOEX-107020-5301-Q050,MOEX-107020-5301-Q050,醫學（一）,107,2018,107020,5301,50,anatomyQuestions.ts
MOEX-107020-5301-Q051,MOEX-107020-5301-Q051,醫學（一）,107,2018,107020,5301,51,anatomyQuestions.ts
MOEX-107020-5301-Q052,MOEX-107020-5301-Q052,醫學（一）,107,2018,107020,5301,52,anatomyQuestions.ts
MOEX-107020-5301-Q053,MOEX-107020-5301-Q053,醫學（一）,107,2018,107020,5301,53,moex_med1_remaining_detailed_v4_merged_001_1827.ts
MOEX-107020-5301-Q054,MOEX-107020-5301-Q054,醫學（一）,107,2018,107020,5301,54,anatomyQuestions.ts
MOEX-107020-5301-Q055,MOEX-107020-5301-Q055,醫學（一）,107,2018,107020,5301,55,moex_med1_remaining_detailed_v4_merged_001_1827.ts
MOEX-107020-5301-Q056,MOEX-107020-5301-Q056,醫學（一）,107,2018,107020,5301,56,moex_med1_remaining_detailed_v4_merged_001_1827.ts
MOEX-107020-5301-Q057,MOEX-107020-5301-Q057,醫學（一）,107,2018,107020,5301,57,anatomyQuestions.ts
MOEX-107020-5301-Q058,MOEX-107020-5301-Q058,醫學（一）,107,2018,107020,5301,58,anatomyQuestions.ts
MOEX-107020-5301-Q059,MOEX-107020-5301-Q059,醫學（一）,107,2018,107020,5301,59,anatomyQuestions.ts
MOEX-107020-5301-Q060,MOEX-107020-5301-Q060,醫學（一）,107,2018,107020,5301,60,moex_med1_remaining_detailed_v4_merged_001_1827.ts
MOEX-107020-5301-Q061,MOEX-107020-5301-Q061,醫學（一）,107,2018,107020,5301,61,anatomyQuestions.ts
MOEX-107020-5301-Q062,MOEX-107020-5301-Q062,醫學（一）,107,2018,107020,5301,62,moex_med1_remaining_detailed_v4_merged_001_1827.ts
MOEX-107020-5301-Q063,MOEX-107020-5301-Q063,醫學（一）,107,2018,107020,5301,63,anatomyQuestions.ts
MOEX-107020-5301-Q064,MOEX-107020-5301-Q064,醫學（一）,107,2018,107020,5301,64,moex_med1_remaining_detailed_v4_merged_001_1827.ts
MOEX-107020-5301-Q065,MOEX-107020-5301-Q065,醫學（一）,107,2018,107020,5301,65,anatomyQuestions.ts
MOEX-107020-5301-Q066,MOEX-107020-5301-Q066,醫學（一）,107,2018,107020,5301,66,moex_med1_remaining_detailed_v4_merged_001_1827.ts
MOEX-107020-5301-Q067,MOEX-107020-5301-Q067,醫學（一）,107,2018,107020,5301,67,moex_med1_remaining_detailed_v4_merged_001_1827.ts
MOEX-107020-5301-Q068,MOEX-107020-5301-Q068,醫學（一）,107,2018,107020,5301,68,moex_med1_remaining_detailed_v4_merged_001_1827.ts
MOEX-107020-5301-Q069,MOEX-107020-5301-Q069,醫學（一）,107,2018,107020,5301,69,anatomyQuestions.ts
MOEX-107020-5301-Q070,MOEX-107020-5301-Q070,醫學（一）,107,2018,107020,5301,70,moex_med1_remaining_detailed_v4_merged_001_1827.ts
MOEX-107020-5301-Q071,MOEX-107020-5301-Q071,醫學（一）,107,2018,107020,5301,71,moex_med1_remaining_detailed_v4_merged_001_1827.ts
MOEX-107020-5301-Q072,MOEX-107020-5301-Q072,醫學（一）,107,2018,107020,5301,72,moex_med1_remaining_detailed_v4_merged_001_1827.ts
MOEX-107020-5301-Q073,MOEX-107020-5301-Q073,醫學（一）,107,2018,107020,5301,73,moex_med1_remaining_detailed_v4_merged_001_1827.ts
MOEX-107020-5301-Q074,MOEX-107020-5301-Q074,醫學（一）,107,2018,107020,5301,74,moex_med1_remaining_detailed_v4_merged_001_1827.ts
MOEX-107020-5301-Q075,MOEX-107020-5301-Q075,醫學（一）,107,2018,107020,5301,75,moex_med1_remaining_detailed_v4_merged_001_1827.ts
MOEX-107020-5301-Q076,MOEX-107020-5301-Q076,醫學（一）,107,2018,107020,5301,76,moex_med1_remaining_detailed_v4_merged_001_1827.ts
MOEX-107020-5301-Q077,MOEX-107020-5301-Q077,醫學（一）,107,2018,107020,5301,77,moex_med1_remaining_detailed_v4_merged_001_1827.ts
MOEX-107020-5301-Q078,MOEX-107020-5301-Q078,醫學（一）,107,2018,107020,5301,78,moex_med1_remaining_detailed_v4_merged_001_1827.ts
MOEX-107020-5301-Q079,MOEX-107020-5301-Q079,醫學（一）,107,2018,107020,5301,79,moex_med1_remaining_detailed_v4_merged_001_1827.ts
MOEX-107020-5301-Q080,MOEX-107020-5301-Q080,醫學（一）,107,2018,107020,5301,80,moex_med1_remaining_detailed_v4_merged_001_1827.ts
MOEX-107020-5301-Q081,MOEX-107020-5301-Q081,醫學（一）,107,2018,107020,5301,81,moex_med1_remaining_detailed_v4_merged_001_1827.ts
MOEX-107020-5301-Q082,MOEX-107020-5301-Q082,醫學（一）,107,2018,107020,5301,82,moex_med1_remaining_detailed_v4_merged_001_1827.ts
MOEX-107020-5301-Q083,MOEX-107020-5301-Q083,醫學（一）,107,2018,107020,5301,83,moex_med1_remaining_detailed_v4_merged_001_1827.ts
MOEX-107020-5301-Q084,MOEX-107020-5301-Q084,醫學（一）,107,2018,107020,5301,84,moex_med1_remaining_detailed_v4_merged_001_1827.ts
MOEX-107020-5301-Q085,MOEX-107020-5301-Q085,醫學（一）,107,2018,107020,5301,85,moex_med1_remaining_detailed_v4_merged_001_1827.ts
MOEX-107020-5301-Q086,MOEX-107020-5301-Q086,醫學（一）,107,2018,107020,5301,86,moex_med1_remaining_detailed_v4_merged_001_1827.ts
MOEX-107020-5301-Q087,MOEX-107020-5301-Q087,醫學（一）,107,2018,107020,5301,87,moex_med1_remaining_detailed_v4_merged_001_1827.ts
MOEX-107020-5301-Q088,MOEX-107020-5301-Q088,醫學（一）,107,2018,107020,5301,88,moex_med1_remaining_detailed_v4_merged_001_1827.ts
MOEX-107020-5301-Q089,MOEX-107020-5301-Q089,醫學（一）,107,2018,107020,5301,89,moex_med1_remaining_detailed_v4_merged_001_1827.ts
MOEX-107020-5301-Q090,MOEX-107020-5301-Q090,醫學（一）,107,2018,107020,5301,90,moex_med1_remaining_detailed_v4_merged_001_1827.ts
MOEX-107020-5301-Q091,MOEX-107020-5301-Q091,醫學（一）,107,2018,107020,5301,91,anatomyQuestions.ts
MOEX-107020-5301-Q092,MOEX-107020-5301-Q092,醫學（一）,107,2018,107020,5301,92,moex_med1_remaining_detailed_v4_merged_001_1827.ts
MOEX-107020-5301-Q093,MOEX-107020-5301-Q093,醫學（一）,107,2018,107020,5301,93,moex_med1_remaining_detailed_v4_merged_001_1827.ts
MOEX-107020-5301-Q094,MOEX-107020-5301-Q094,醫學（一）,107,2018,107020,5301,94,moex_med1_remaining_detailed_v4_merged_001_1827.ts
MOEX-107020-5301-Q095,MOEX-107020-5301-Q095,醫學（一）,107,2018,107020,5301,95,moex_med1_remaining_detailed_v4_merged_001_1827.ts
MOEX-107020-5301-Q096,MOEX-107020-5301-Q096,醫學（一）,107,2018,107020,5301,96,moex_med1_remaining_detailed_v4_merged_001_1827.ts
MOEX-107020-5301-Q097,MOEX-107020-5301-Q097,醫學（一）,107,2018,107020,5301,97,moex_med1_remaining_detailed_v4_merged_001_1827.ts
MOEX-107020-5301-Q098,MOEX-107020-5301-Q098,醫學（一）,107,2018,107020,5301,98,moex_med1_remaining_detailed_v4_merged_001_1827.ts
MOEX-107020-5301-Q099,MOEX-107020-5301-Q099,醫學（一）,107,2018,107020,5301,99,moex_med1_remaining_detailed_v4_merged_001_1827.ts
MOEX-107020-5301-Q100,MOEX-107020-5301-Q100,醫學（一）,107,2018,107020,5301,100,moex_med1_remaining_detailed_v4_merged_001_1827.ts
MOEX-107100-1301-Q001,MOEX-107100-1301-Q001,醫學（一）,107,2018,107100,1301,1,anatomyQuestions.ts
MOEX-107100-1301-Q002,MOEX-107100-1301-Q002,醫學（一）,107,2018,107100,1301,2,anatomyQuestions.ts
MOEX-107100-1301-Q003,MOEX-107100-1301-Q003,醫學（一）,107,2018,107100,1301,3,anatomyQuestions.ts
MOEX-107100-1301-Q004,moex-med1-supplement-v5-107100-1301-004,醫學（一）,107,2018,107100,1301,4,moex_med1_requested_71_questions_detailed_patch_v5.ts
MOEX-107100-1301-Q005,MOEX-107100-1301-Q005,醫學（一）,107,2018,107100,1301,5,anatomyQuestions.ts
MOEX-107100-1301-Q006,MOEX-107100-1301-Q006,醫學（一）,107,2018,107100,1301,6,anatomyQuestions.ts
MOEX-107100-1301-Q007,MOEX-107100-1301-Q007,醫學（一）,107,2018,107100,1301,7,anatomyQuestions.ts
MOEX-107100-1301-Q008,MOEX-107100-1301-Q008,醫學（一）,107,2018,107100,1301,8,anatomyQuestions.ts
MOEX-107100-1301-Q009,MOEX-107100-1301-Q009,醫學（一）,107,2018,107100,1301,9,anatomyQuestions.ts
MOEX-107100-1301-Q010,MOEX-107100-1301-Q010,醫學（一）,107,2018,107100,1301,10,anatomyQuestions.ts
MOEX-107100-1301-Q011,MOEX-107100-1301-Q011,醫學（一）,107,2018,107100,1301,11,anatomyQuestions.ts
MOEX-107100-1301-Q012,MOEX-107100-1301-Q012,醫學（一）,107,2018,107100,1301,12,anatomyQuestions.ts
MOEX-107100-1301-Q013,MOEX-107100-1301-Q013,醫學（一）,107,2018,107100,1301,13,anatomyQuestions.ts
MOEX-107100-1301-Q014,MOEX-107100-1301-Q014,醫學（一）,107,2018,107100,1301,14,anatomyQuestions.ts
MOEX-107100-1301-Q015,MOEX-107100-1301-Q015,醫學（一）,107,2018,107100,1301,15,anatomyQuestions.ts
MOEX-107100-1301-Q016,MOEX-107100-1301-Q016,醫學（一）,107,2018,107100,1301,16,anatomyQuestions.ts
MOEX-107100-1301-Q017,MOEX-107100-1301-Q017,醫學（一）,107,2018,107100,1301,17,anatomyQuestions.ts
MOEX-107100-1301-Q018,MOEX-107100-1301-Q018,醫學（一）,107,2018,107100,1301,18,anatomyQuestions.ts
MOEX-107100-1301-Q019,MOEX-107100-1301-Q019,醫學（一）,107,2018,107100,1301,19,anatomyQuestions.ts
MOEX-107100-1301-Q020,MOEX-107100-1301-Q020,醫學（一）,107,2018,107100,1301,20,anatomyQuestions.ts
MOEX-107100-1301-Q021,MOEX-107100-1301-Q021,醫學（一）,107,2018,107100,1301,21,anatomyQuestions.ts
MOEX-107100-1301-Q022,MOEX-107100-1301-Q022,醫學（一）,107,2018,107100,1301,22,anatomyQuestions.ts
MOEX-107100-1301-Q023,MOEX-107100-1301-Q023,醫學（一）,107,2018,107100,1301,23,anatomyQuestions.ts
MOEX-107100-1301-Q024,MOEX-107100-1301-Q024,醫學（一）,107,2018,107100,1301,24,anatomyQuestions.ts
MOEX-107100-1301-Q025,MOEX-107100-1301-Q025,醫學（一）,107,2018,107100,1301,25,anatomyQuestions.ts
MOEX-107100-1301-Q026,MOEX-107100-1301-Q026,醫學（一）,107,2018,107100,1301,26,anatomyQuestions.ts
MOEX-107100-1301-Q027,moex-med1-supplement-v5-107100-1301-027,醫學（一）,107,2018,107100,1301,27,moex_med1_requested_71_questions_detailed_patch_v5.ts
MOEX-107100-1301-Q028,MOEX-107100-1301-Q028,醫學（一）,107,2018,107100,1301,28,anatomyQuestions.ts
MOEX-107100-1301-Q029,moex-med1-supplement-v5-107100-1301-029,醫學（一）,107,2018,107100,1301,29,moex_med1_requested_71_questions_detailed_patch_v5.ts
MOEX-107100-1301-Q030,MOEX-107100-1301-Q030,醫學（一）,107,2018,107100,1301,30,anatomyQuestions.ts
MOEX-107100-1301-Q031,MOEX-107100-1301-Q031,醫學（一）,107,2018,107100,1301,31,anatomyQuestions.ts
MOEX-107100-1301-Q032,MOEX-107100-1301-Q032,醫學（一）,107,2018,107100,1301,32,moex_med1_remaining_detailed_v4_merged_001_1827.ts
MOEX-107100-1301-Q033,MOEX-107100-1301-Q033,醫學（一）,107,2018,107100,1301,33,anatomyQuestions.ts
MOEX-107100-1301-Q034,MOEX-107100-1301-Q034,醫學（一）,107,2018,107100,1301,34,anatomyQuestions.ts
MOEX-107100-1301-Q035,MOEX-107100-1301-Q035,醫學（一）,107,2018,107100,1301,35,moex_med1_remaining_detailed_v4_merged_001_1827.ts
MOEX-107100-1301-Q036,MOEX-107100-1301-Q036,醫學（一）,107,2018,107100,1301,36,moex_med1_remaining_detailed_v4_merged_001_1827.ts
MOEX-107100-1301-Q037,MOEX-107100-1301-Q037,醫學（一）,107,2018,107100,1301,37,moex_med1_remaining_detailed_v4_merged_001_1827.ts
MOEX-107100-1301-Q038,MOEX-107100-1301-Q038,醫學（一）,107,2018,107100,1301,38,moex_med1_remaining_detailed_v4_merged_001_1827.ts
MOEX-107100-1301-Q039,MOEX-107100-1301-Q039,醫學（一）,107,2018,107100,1301,39,moex_med1_remaining_detailed_v4_merged_001_1827.ts
MOEX-107100-1301-Q040,MOEX-107100-1301-Q040,醫學（一）,107,2018,107100,1301,40,anatomyQuestions.ts
MOEX-107100-1301-Q041,MOEX-107100-1301-Q041,醫學（一）,107,2018,107100,1301,41,moex_med1_remaining_detailed_v4_merged_001_1827.ts
MOEX-107100-1301-Q042,MOEX-107100-1301-Q042,醫學（一）,107,2018,107100,1301,42,moex_med1_remaining_detailed_v4_merged_001_1827.ts
MOEX-107100-1301-Q043,MOEX-107100-1301-Q043,醫學（一）,107,2018,107100,1301,43,anatomyQuestions.ts
MOEX-107100-1301-Q044,MOEX-107100-1301-Q044,醫學（一）,107,2018,107100,1301,44,anatomyQuestions.ts
MOEX-107100-1301-Q045,MOEX-107100-1301-Q045,醫學（一）,107,2018,107100,1301,45,moex_med1_remaining_detailed_v4_merged_001_1827.ts
MOEX-107100-1301-Q046,MOEX-107100-1301-Q046,醫學（一）,107,2018,107100,1301,46,moex_med1_remaining_detailed_v4_merged_001_1827.ts
MOEX-107100-1301-Q047,MOEX-107100-1301-Q047,醫學（一）,107,2018,107100,1301,47,anatomyQuestions.ts
MOEX-107100-1301-Q048,MOEX-107100-1301-Q048,醫學（一）,107,2018,107100,1301,48,anatomyQuestions.ts
MOEX-107100-1301-Q049,MOEX-107100-1301-Q049,醫學（一）,107,2018,107100,1301,49,anatomyQuestions.ts
MOEX-107100-1301-Q050,MOEX-107100-1301-Q050,醫學（一）,107,2018,107100,1301,50,anatomyQuestions.ts
MOEX-107100-1301-Q051,MOEX-107100-1301-Q051,醫學（一）,107,2018,107100,1301,51,anatomyQuestions.ts
MOEX-107100-1301-Q052,MOEX-107100-1301-Q052,醫學（一）,107,2018,107100,1301,52,moex_med1_remaining_detailed_v4_merged_001_1827.ts
MOEX-107100-1301-Q053,MOEX-107100-1301-Q053,醫學（一）,107,2018,107100,1301,53,anatomyQuestions.ts
MOEX-107100-1301-Q054,MOEX-107100-1301-Q054,醫學（一）,107,2018,107100,1301,54,moex_med1_remaining_detailed_v4_merged_001_1827.ts
MOEX-107100-1301-Q055,MOEX-107100-1301-Q055,醫學（一）,107,2018,107100,1301,55,moex_med1_remaining_detailed_v4_merged_001_1827.ts
MOEX-107100-1301-Q056,MOEX-107100-1301-Q056,醫學（一）,107,2018,107100,1301,56,moex_med1_remaining_detailed_v4_merged_001_1827.ts
MOEX-107100-1301-Q057,MOEX-107100-1301-Q057,醫學（一）,107,2018,107100,1301,57,anatomyQuestions.ts
MOEX-107100-1301-Q058,MOEX-107100-1301-Q058,醫學（一）,107,2018,107100,1301,58,moex_med1_remaining_detailed_v4_merged_001_1827.ts
MOEX-107100-1301-Q059,MOEX-107100-1301-Q059,醫學（一）,107,2018,107100,1301,59,moex_med1_remaining_detailed_v4_merged_001_1827.ts
MOEX-107100-1301-Q060,MOEX-107100-1301-Q060,醫學（一）,107,2018,107100,1301,60,anatomyQuestions.ts
MOEX-107100-1301-Q061,MOEX-107100-1301-Q061,醫學（一）,107,2018,107100,1301,61,anatomyQuestions.ts
MOEX-107100-1301-Q062,MOEX-107100-1301-Q062,醫學（一）,107,2018,107100,1301,62,moex_med1_remaining_detailed_v4_merged_001_1827.ts
MOEX-107100-1301-Q063,MOEX-107100-1301-Q063,醫學（一）,107,2018,107100,1301,63,anatomyQuestions.ts
MOEX-107100-1301-Q064,moex-med1-supplement-v5-107100-1301-064,醫學（一）,107,2018,107100,1301,64,moex_med1_requested_71_questions_detailed_patch_v5.ts
MOEX-107100-1301-Q065,MOEX-107100-1301-Q065,醫學（一）,107,2018,107100,1301,65,moex_med1_remaining_detailed_v4_merged_001_1827.ts
MOEX-107100-1301-Q066,MOEX-107100-1301-Q066,醫學（一）,107,2018,107100,1301,66,moex_med1_remaining_detailed_v4_merged_001_1827.ts
MOEX-107100-1301-Q067,MOEX-107100-1301-Q067,醫學（一）,107,2018,107100,1301,67,moex_med1_remaining_detailed_v4_merged_001_1827.ts
MOEX-107100-1301-Q068,MOEX-107100-1301-Q068,醫學（一）,107,2018,107100,1301,68,moex_med1_remaining_detailed_v4_merged_001_1827.ts
MOEX-107100-1301-Q069,missing-2018-2-107100-1301-q069,醫學（一）,107,2018,107100,1301,69,moex_med1_missing_22_questions_detailed_v5.ts
MOEX-107100-1301-Q070,MOEX-107100-1301-Q070,醫學（一）,107,2018,107100,1301,70,moex_med1_remaining_detailed_v4_merged_001_1827.ts
MOEX-107100-1301-Q071,MOEX-107100-1301-Q071,醫學（一）,107,2018,107100,1301,71,moex_med1_remaining_detailed_v4_merged_001_1827.ts
MOEX-107100-1301-Q072,MOEX-107100-1301-Q072,醫學（一）,107,2018,107100,1301,72,moex_med1_remaining_detailed_v4_merged_001_1827.ts
MOEX-107100-1301-Q073,MOEX-107100-1301-Q073,醫學（一）,107,2018,107100,1301,73,moex_med1_remaining_detailed_v4_merged_001_1827.ts
MOEX-107100-1301-Q074,MOEX-107100-1301-Q074,醫學（一）,107,2018,107100,1301,74,moex_med1_remaining_detailed_v4_merged_001_1827.ts
MOEX-107100-1301-Q075,MOEX-107100-1301-Q075,醫學（一）,107,2018,107100,1301,75,moex_med1_remaining_detailed_v4_merged_001_1827.ts
MOEX-107100-1301-Q076,MOEX-107100-1301-Q076,醫學（一）,107,2018,107100,1301,76,moex_med1_remaining_detailed_v4_merged_001_1827.ts
MOEX-107100-1301-Q077,MOEX-107100-1301-Q077,醫學（一）,107,2018,107100,1301,77,moex_med1_remaining_detailed_v4_merged_001_1827.ts
MOEX-107100-1301-Q078,MOEX-107100-1301-Q078,醫學（一）,107,2018,107100,1301,78,anatomyQuestions.ts
MOEX-107100-1301-Q079,MOEX-107100-1301-Q079,醫學（一）,107,2018,107100,1301,79,moex_med1_remaining_detailed_v4_merged_001_1827.ts
MOEX-107100-1301-Q080,MOEX-107100-1301-Q080,醫學（一）,107,2018,107100,1301,80,moex_med1_remaining_detailed_v4_merged_001_1827.ts
MOEX-107100-1301-Q081,MOEX-107100-1301-Q081,醫學（一）,107,2018,107100,1301,81,moex_med1_remaining_detailed_v4_merged_001_1827.ts
MOEX-107100-1301-Q082,MOEX-107100-1301-Q082,醫學（一）,107,2018,107100,1301,82,moex_med1_remaining_detailed_v4_merged_001_1827.ts
MOEX-107100-1301-Q083,MOEX-107100-1301-Q083,醫學（一）,107,2018,107100,1301,83,moex_med1_remaining_detailed_v4_merged_001_1827.ts
MOEX-107100-1301-Q084,MOEX-107100-1301-Q084,醫學（一）,107,2018,107100,1301,84,moex_med1_remaining_detailed_v4_merged_001_1827.ts
MOEX-107100-1301-Q085,MOEX-107100-1301-Q085,醫學（一）,107,2018,107100,1301,85,moex_med1_remaining_detailed_v4_merged_001_1827.ts
MOEX-107100-1301-Q086,MOEX-107100-1301-Q086,醫學（一）,107,2018,107100,1301,86,moex_med1_remaining_detailed_v4_merged_001_1827.ts
MOEX-107100-1301-Q087,MOEX-107100-1301-Q087,醫學（一）,107,2018,107100,1301,87,moex_med1_remaining_detailed_v4_merged_001_1827.ts
MOEX-107100-1301-Q088,MOEX-107100-1301-Q088,醫學（一）,107,2018,107100,1301,88,moex_med1_remaining_detailed_v4_merged_001_1827.ts
MOEX-107100-1301-Q089,MOEX-107100-1301-Q089,醫學（一）,107,2018,107100,1301,89,moex_med1_remaining_detailed_v4_merged_001_1827.ts
MOEX-107100-1301-Q090,MOEX-107100-1301-Q090,醫學（一）,107,2018,107100,1301,90,moex_med1_remaining_detailed_v4_merged_001_1827.ts
MOEX-107100-1301-Q091,MOEX-107100-1301-Q091,醫學（一）,107,2018,107100,1301,91,moex_med1_remaining_detailed_v4_merged_001_1827.ts
MOEX-107100-1301-Q092,MOEX-107100-1301-Q092,醫學（一）,107,2018,107100,1301,92,moex_med1_remaining_detailed_v4_merged_001_1827.ts
MOEX-107100-1301-Q093,MOEX-107100-1301-Q093,醫學（一）,107,2018,107100,1301,93,moex_med1_remaining_detailed_v4_merged_001_1827.ts
MOEX-107100-1301-Q094,MOEX-107100-1301-Q094,醫學（一）,107,2018,107100,1301,94,moex_med1_remaining_detailed_v4_merged_001_1827.ts
MOEX-107100-1301-Q095,MOEX-107100-1301-Q095,醫學（一）,107,2018,107100,1301,95,moex_med1_remaining_detailed_v4_merged_001_1827.ts
MOEX-107100-1301-Q096,MOEX-107100-1301-Q096,醫學（一）,107,2018,107100,1301,96,moex_med1_remaining_detailed_v4_merged_001_1827.ts
MOEX-107100-1301-Q097,MOEX-107100-1301-Q097,醫學（一）,107,2018,107100,1301,97,moex_med1_remaining_detailed_v4_merged_001_1827.ts
MOEX-107100-1301-Q098,MOEX-107100-1301-Q098,醫學（一）,107,2018,107100,1301,98,moex_med1_remaining_detailed_v4_merged_001_1827.ts
MOEX-107100-1301-Q099,MOEX-107100-1301-Q099,醫學（一）,107,2018,107100,1301,99,moex_med1_remaining_detailed_v4_merged_001_1827.ts
MOEX-107100-1301-Q100,MOEX-107100-1301-Q100,醫學（一）,107,2018,107100,1301,100,moex_med1_remaining_detailed_v4_merged_001_1827.ts
MOEX-107020-6301-Q001,MOEX-107020-6301-Q001,醫學（二）,107,2018,107020,6301,1,moex_med_stage2_detailed_merged_001_3100_classified_v3.json
MOEX-107020-6301-Q002,MOEX-107020-6301-Q002,醫學（二）,107,2018,107020,6301,2,moex_med_stage2_detailed_merged_001_3100_classified_v3.json
MOEX-107020-6301-Q003,MOEX-107020-6301-Q003,醫學（二）,107,2018,107020,6301,3,moex_med_stage2_detailed_merged_001_3100_classified_v3.json
MOEX-107020-6301-Q004,MOEX-107020-6301-Q004,醫學（二）,107,2018,107020,6301,4,moex_med_stage2_detailed_merged_001_3100_classified_v3.json
MOEX-107020-6301-Q005,MOEX-107020-6301-Q005,醫學（二）,107,2018,107020,6301,5,moex_med_stage2_detailed_merged_001_3100_classified_v3.json
MOEX-107020-6301-Q006,MOEX-107020-6301-Q006,醫學（二）,107,2018,107020,6301,6,moex_med_stage2_detailed_merged_001_3100_classified_v3.json
MOEX-107020-6301-Q007,MOEX-107020-6301-Q007,醫學（二）,107,2018,107020,6301,7,moex_med_stage2_detailed_merged_001_3100_classified_v3.json
MOEX-107020-6301-Q008,MOEX-107020-6301-Q008,醫學（二）,107,2018,107020,6301,8,moex_med_stage2_detailed_merged_001_3100_classified_v3.json
MOEX-107020-6301-Q009,MOEX-107020-6301-Q009,醫學（二）,107,2018,107020,6301,9,moex_med_stage2_detailed_merged_001_3100_classified_v3.json
MOEX-107020-6301-Q010,MOEX-107020-6301-Q010,醫學（二）,107,2018,107020,6301,10,moex_med_stage2_detailed_merged_001_3100_classified_v3.json
MOEX-107020-6301-Q011,MOEX-107020-6301-Q011,醫學（二）,107,2018,107020,6301,11,moex_med_stage2_detailed_merged_001_3100_classified_v3.json
MOEX-107020-6301-Q012,MOEX-107020-6301-Q012,醫學（二）,107,2018,107020,6301,12,moex_med_stage2_detailed_merged_001_3100_classified_v3.json
MOEX-107020-6301-Q013,MOEX-107020-6301-Q013,醫學（二）,107,2018,107020,6301,13,moex_med_stage2_detailed_merged_001_3100_classified_v3.json
MOEX-107020-6301-Q014,MOEX-107020-6301-Q014,醫學（二）,107,2018,107020,6301,14,moex_med_stage2_detailed_merged_001_3100_classified_v3.json
MOEX-107020-6301-Q015,MOEX-107020-6301-Q015,醫學（二）,107,2018,107020,6301,15,moex_med_stage2_detailed_merged_001_3100_classified_v3.json
MOEX-107020-6301-Q016,MOEX-107020-6301-Q016,醫學（二）,107,2018,107020,6301,16,moex_med_stage2_detailed_merged_001_3100_classified_v3.json
MOEX-107020-6301-Q017,MOEX-107020-6301-Q017,醫學（二）,107,2018,107020,6301,17,moex_med_stage2_detailed_merged_001_3100_classified_v3.json
MOEX-107020-6301-Q018,MOEX-107020-6301-Q018,醫學（二）,107,2018,107020,6301,18,moex_med_stage2_detailed_merged_001_3100_classified_v3.json
MOEX-107020-6301-Q019,MOEX-107020-6301-Q019,醫學（二）,107,2018,107020,6301,19,moex_med_stage2_detailed_merged_001_3100_classified_v3.json
MOEX-107020-6301-Q020,MOEX-107020-6301-Q020,醫學（二）,107,2018,107020,6301,20,moex_med_stage2_detailed_merged_001_3100_classified_v3.json
MOEX-107020-6301-Q021,MOEX-107020-6301-Q021,醫學（二）,107,2018,107020,6301,21,moex_med_stage2_detailed_merged_001_3100_classified_v3.json
MOEX-107020-6301-Q022,MOEX-107020-6301-Q022,醫學（二）,107,2018,107020,6301,22,moex_med_stage2_detailed_merged_001_3100_classified_v3.json
MOEX-107020-6301-Q023,MOEX-107020-6301-Q023,醫學（二）,107,2018,107020,6301,23,moex_med_stage2_detailed_merged_001_3100_classified_v3.json
MOEX-107020-6301-Q024,MOEX-107020-6301-Q024,醫學（二）,107,2018,107020,6301,24,moex_med_stage2_detailed_merged_001_3100_classified_v3.json
MOEX-107020-6301-Q025,MOEX-107020-6301-Q025,醫學（二）,107,2018,107020,6301,25,moex_med_stage2_detailed_merged_001_3100_classified_v3.json
MOEX-107020-6301-Q026,MOEX-107020-6301-Q026,醫學（二）,107,2018,107020,6301,26,moex_med_stage2_detailed_merged_001_3100_classified_v3.json
MOEX-107020-6301-Q027,MOEX-107020-6301-Q027,醫學（二）,107,2018,107020,6301,27,moex_med_stage2_detailed_merged_001_3100_classified_v3.json
MOEX-107020-6301-Q028,MOEX-107020-6301-Q028,醫學（二）,107,2018,107020,6301,28,moex_med_stage2_detailed_merged_001_3100_classified_v3.json
MOEX-107020-6301-Q029,MOEX-107020-6301-Q029,醫學（二）,107,2018,107020,6301,29,moex_med_stage2_detailed_merged_001_3100_classified_v3.json
MOEX-107020-6301-Q030,MOEX-107020-6301-Q030,醫學（二）,107,2018,107020,6301,30,moex_med_stage2_detailed_merged_001_3100_classified_v3.json
MOEX-107020-6301-Q031,MOEX-107020-6301-Q031,醫學（二）,107,2018,107020,6301,31,moex_med_stage2_detailed_merged_001_3100_classified_v3.json
MOEX-107020-6301-Q032,MOEX-107020-6301-Q032,醫學（二）,107,2018,107020,6301,32,moex_med_stage2_detailed_merged_001_3100_classified_v3.json
MOEX-107020-6301-Q033,MOEX-107020-6301-Q033,醫學（二）,107,2018,107020,6301,33,moex_med_stage2_detailed_merged_001_3100_classified_v3.json
MOEX-107020-6301-Q034,MOEX-107020-6301-Q034,醫學（二）,107,2018,107020,6301,34,moex_med_stage2_detailed_merged_001_3100_classified_v3.json
MOEX-107020-6301-Q035,MOEX-107020-6301-Q035,醫學（二）,107,2018,107020,6301,35,moex_med_stage2_detailed_merged_001_3100_classified_v3.json
MOEX-107020-6301-Q036,MOEX-107020-6301-Q036,醫學（二）,107,2018,107020,6301,36,moex_med_stage2_detailed_merged_001_3100_classified_v3.json
MOEX-107020-6301-Q037,MOEX-107020-6301-Q037,醫學（二）,107,2018,107020,6301,37,moex_med_stage2_detailed_merged_001_3100_classified_v3.json
MOEX-107020-6301-Q038,MOEX-107020-6301-Q038,醫學（二）,107,2018,107020,6301,38,moex_med_stage2_detailed_merged_001_3100_classified_v3.json
MOEX-107020-6301-Q039,MOEX-107020-6301-Q039,醫學（二）,107,2018,107020,6301,39,moex_med_stage2_detailed_merged_001_3100_classified_v3.json
MOEX-107020-6301-Q040,MOEX-107020-6301-Q040,醫學（二）,107,2018,107020,6301,40,moex_med_stage2_detailed_merged_001_3100_classified_v3.json
MOEX-107020-6301-Q041,MOEX-107020-6301-Q041,醫學（二）,107,2018,107020,6301,41,moex_med_stage2_detailed_merged_001_3100_classified_v3.json
MOEX-107020-6301-Q042,MOEX-107020-6301-Q042,醫學（二）,107,2018,107020,6301,42,moex_med_stage2_detailed_merged_001_3100_classified_v3.json
MOEX-107020-6301-Q043,MOEX-107020-6301-Q043,醫學（二）,107,2018,107020,6301,43,moex_med_stage2_detailed_merged_001_3100_classified_v3.json
MOEX-107020-6301-Q044,MOEX-107020-6301-Q044,醫學（二）,107,2018,107020,6301,44,moex_med_stage2_detailed_merged_001_3100_classified_v3.json
MOEX-107020-6301-Q045,MOEX-107020-6301-Q045,醫學（二）,107,2018,107020,6301,45,moex_med_stage2_detailed_merged_001_3100_classified_v3.json
MOEX-107020-6301-Q046,MOEX-107020-6301-Q046,醫學（二）,107,2018,107020,6301,46,moex_med_stage2_detailed_merged_001_3100_classified_v3.json
MOEX-107020-6301-Q047,MOEX-107020-6301-Q047,醫學（二）,107,2018,107020,6301,47,moex_med_stage2_detailed_merged_001_3100_classified_v3.json
MOEX-107020-6301-Q048,MOEX-107020-6301-Q048,醫學（二）,107,2018,107020,6301,48,moex_med_stage2_detailed_merged_001_3100_classified_v3.json
MOEX-107020-6301-Q049,MOEX-107020-6301-Q049,醫學（二）,107,2018,107020,6301,49,moex_med_stage2_detailed_merged_001_3100_classified_v3.json
MOEX-107020-6301-Q050,MOEX-107020-6301-Q050,醫學（二）,107,2018,107020,6301,50,moex_med_stage2_detailed_merged_001_3100_classified_v3.json
MOEX-107020-6301-Q051,MOEX-107020-6301-Q051,醫學（二）,107,2018,107020,6301,51,moex_med_stage2_detailed_merged_001_3100_classified_v3.json
MOEX-107020-6301-Q052,MOEX-107020-6301-Q052,醫學（二）,107,2018,107020,6301,52,moex_med_stage2_detailed_merged_001_3100_classified_v3.json
MOEX-107020-6301-Q053,MOEX-107020-6301-Q053,醫學（二）,107,2018,107020,6301,53,moex_med_stage2_detailed_merged_001_3100_classified_v3.json
MOEX-107020-6301-Q054,MOEX-107020-6301-Q054,醫學（二）,107,2018,107020,6301,54,moex_med_stage2_detailed_merged_001_3100_classified_v3.json
MOEX-107020-6301-Q055,MOEX-107020-6301-Q055,醫學（二）,107,2018,107020,6301,55,moex_med_stage2_detailed_merged_001_3100_classified_v3.json
MOEX-107020-6301-Q056,MOEX-107020-6301-Q056,醫學（二）,107,2018,107020,6301,56,moex_med_stage2_detailed_merged_001_3100_classified_v3.json
MOEX-107020-6301-Q057,MOEX-107020-6301-Q057,醫學（二）,107,2018,107020,6301,57,moex_med_stage2_detailed_merged_001_3100_classified_v3.json
MOEX-107020-6301-Q058,MOEX-107020-6301-Q058,醫學（二）,107,2018,107020,6301,58,moex_med_stage2_detailed_merged_001_3100_classified_v3.json
MOEX-107020-6301-Q059,MOEX-107020-6301-Q059,醫學（二）,107,2018,107020,6301,59,moex_med_stage2_detailed_merged_001_3100_classified_v3.json
MOEX-107020-6301-Q060,MOEX-107020-6301-Q060,醫學（二）,107,2018,107020,6301,60,moex_med_stage2_detailed_merged_001_3100_classified_v3.json
MOEX-107020-6301-Q061,MOEX-107020-6301-Q061,醫學（二）,107,2018,107020,6301,61,moex_med_stage2_detailed_merged_001_3100_classified_v3.json
MOEX-107020-6301-Q062,MOEX-107020-6301-Q062,醫學（二）,107,2018,107020,6301,62,moex_med_stage2_detailed_merged_001_3100_classified_v3.json
MOEX-107020-6301-Q063,MOEX-107020-6301-Q063,醫學（二）,107,2018,107020,6301,63,moex_med_stage2_detailed_merged_001_3100_classified_v3.json
MOEX-107020-6301-Q064,MOEX-107020-6301-Q064,醫學（二）,107,2018,107020,6301,64,moex_med_stage2_detailed_merged_001_3100_classified_v3.json
MOEX-107020-6301-Q065,MOEX-107020-6301-Q065,醫學（二）,107,2018,107020,6301,65,moex_med_stage2_detailed_merged_001_3100_classified_v3.json
MOEX-107020-6301-Q066,MOEX-107020-6301-Q066,醫學（二）,107,2018,107020,6301,66,moex_med_stage2_detailed_merged_001_3100_classified_v3.json
MOEX-107020-6301-Q067,MOEX-107020-6301-Q067,醫學（二）,107,2018,107020,6301,67,moex_med_stage2_detailed_merged_001_3100_classified_v3.json
MOEX-107020-6301-Q068,MOEX-107020-6301-Q068,醫學（二）,107,2018,107020,6301,68,moex_med_stage2_detailed_merged_001_3100_classified_v3.json
MOEX-107020-6301-Q069,MOEX-107020-6301-Q069,醫學（二）,107,2018,107020,6301,69,moex_med_stage2_detailed_merged_001_3100_classified_v3.json
MOEX-107020-6301-Q070,MOEX-107020-6301-Q070,醫學（二）,107,2018,107020,6301,70,moex_med_stage2_detailed_merged_001_3100_classified_v3.json
MOEX-107020-6301-Q071,MOEX-107020-6301-Q071,醫學（二）,107,2018,107020,6301,71,moex_med_stage2_detailed_merged_001_3100_classified_v3.json
MOEX-107020-6301-Q072,MOEX-107020-6301-Q072,醫學（二）,107,2018,107020,6301,72,moex_med_stage2_detailed_merged_001_3100_classified_v3.json
MOEX-107020-6301-Q073,MOEX-107020-6301-Q073,醫學（二）,107,2018,107020,6301,73,moex_med_stage2_detailed_merged_001_3100_classified_v3.json
MOEX-107020-6301-Q074,MOEX-107020-6301-Q074,醫學（二）,107,2018,107020,6301,74,moex_med_stage2_detailed_merged_001_3100_classified_v3.json
MOEX-107020-6301-Q075,MOEX-107020-6301-Q075,醫學（二）,107,2018,107020,6301,75,moex_med_stage2_detailed_merged_001_3100_classified_v3.json
MOEX-107020-6301-Q076,MOEX-107020-6301-Q076,醫學（二）,107,2018,107020,6301,76,moex_med_stage2_detailed_merged_001_3100_classified_v3.json
MOEX-107020-6301-Q077,MOEX-107020-6301-Q077,醫學（二）,107,2018,107020,6301,77,moex_med_stage2_detailed_merged_001_3100_classified_v3.json
MOEX-107020-6301-Q078,MOEX-107020-6301-Q078,醫學（二）,107,2018,107020,6301,78,moex_med_stage2_detailed_merged_001_3100_classified_v3.json
MOEX-107020-6301-Q079,MOEX-107020-6301-Q079,醫學（二）,107,2018,107020,6301,79,moex_med_stage2_detailed_merged_001_3100_classified_v3.json
MOEX-107020-6301-Q080,MOEX-107020-6301-Q080,醫學（二）,107,2018,107020,6301,80,moex_med_stage2_detailed_merged_001_3100_classified_v3.json
MOEX-107020-6301-Q081,MOEX-107020-6301-Q081,醫學（二）,107,2018,107020,6301,81,moex_med_stage2_detailed_merged_001_3100_classified_v3.json
MOEX-107020-6301-Q082,MOEX-107020-6301-Q082,醫學（二）,107,2018,107020,6301,82,moex_med_stage2_detailed_merged_001_3100_classified_v3.json
MOEX-107020-6301-Q083,MOEX-107020-6301-Q083,醫學（二）,107,2018,107020,6301,83,moex_med_stage2_detailed_merged_001_3100_classified_v3.json
MOEX-107020-6301-Q084,MOEX-107020-6301-Q084,醫學（二）,107,2018,107020,6301,84,moex_med_stage2_detailed_merged_001_3100_classified_v3.json
MOEX-107020-6301-Q085,MOEX-107020-6301-Q085,醫學（二）,107,2018,107020,6301,85,moex_med_stage2_detailed_merged_001_3100_classified_v3.json
MOEX-107020-6301-Q086,MOEX-107020-6301-Q086,醫學（二）,107,2018,107020,6301,86,moex_med_stage2_detailed_merged_001_3100_classified_v3.json
MOEX-107020-6301-Q087,MOEX-107020-6301-Q087,醫學（二）,107,2018,107020,6301,87,moex_med_stage2_detailed_merged_001_3100_classified_v3.json
MOEX-107020-6301-Q088,MOEX-107020-6301-Q088,醫學（二）,107,2018,107020,6301,88,moex_med_stage2_detailed_merged_001_3100_classified_v3.json
MOEX-107020-6301-Q089,MOEX-107020-6301-Q089,醫學（二）,107,2018,107020,6301,89,moex_med_stage2_detailed_merged_001_3100_classified_v3.json
MOEX-107020-6301-Q090,MOEX-107020-6301-Q090,醫學（二）,107,2018,107020,6301,90,moex_med_stage2_detailed_merged_001_3100_classified_v3.json
MOEX-107020-6301-Q091,MOEX-107020-6301-Q091,醫學（二）,107,2018,107020,6301,91,moex_med_stage2_detailed_merged_001_3100_classified_v3.json
MOEX-107020-6301-Q092,MOEX-107020-6301-Q092,醫學（二）,107,2018,107020,6301,92,moex_med_stage2_detailed_merged_001_3100_classified_v3.json
MOEX-107020-6301-Q093,MOEX-107020-6301-Q093,醫學（二）,107,2018,107020,6301,93,moex_med_stage2_detailed_merged_001_3100_classified_v3.json
MOEX-107020-6301-Q094,MOEX-107020-6301-Q094,醫學（二）,107,2018,107020,6301,94,moex_med_stage2_detailed_merged_001_3100_classified_v3.json
MOEX-107020-6301-Q095,MOEX-107020-6301-Q095,醫學（二）,107,2018,107020,6301,95,moex_med_stage2_detailed_merged_001_3100_classified_v3.json
MOEX-107020-6301-Q096,MOEX-107020-6301-Q096,醫學（二）,107,2018,107020,6301,96,moex_med_stage2_detailed_merged_001_3100_classified_v3.json
MOEX-107020-6301-Q097,MOEX-107020-6301-Q097,醫學（二）,107,2018,107020,6301,97,moex_med_stage2_detailed_merged_001_3100_classified_v3.json
MOEX-107020-6301-Q098,MOEX-107020-6301-Q098,醫學（二）,107,2018,107020,6301,98,moex_med_stage2_detailed_merged_001_3100_classified_v3.json
MOEX-107020-6301-Q099,MOEX-107020-6301-Q099,醫學（二）,107,2018,107020,6301,99,moex_med_stage2_detailed_merged_001_3100_classified_v3.json
MOEX-107020-6301-Q100,MOEX-107020-6301-Q100,醫學（二）,107,2018,107020,6301,100,moex_med_stage2_detailed_merged_001_3100_classified_v3.json
MOEX-107100-2301-Q001,MOEX-107100-2301-Q001,醫學（二）,107,2018,107100,2301,1,moex_med_stage2_detailed_merged_001_3100_classified_v3.json
MOEX-107100-2301-Q002,MOEX-107100-2301-Q002,醫學（二）,107,2018,107100,2301,2,moex_med_stage2_detailed_merged_001_3100_classified_v3.json
MOEX-107100-2301-Q003,MOEX-107100-2301-Q003,醫學（二）,107,2018,107100,2301,3,moex_med_stage2_detailed_merged_001_3100_classified_v3.json
MOEX-107100-2301-Q004,MOEX-107100-2301-Q004,醫學（二）,107,2018,107100,2301,4,moex_med_stage2_detailed_merged_001_3100_classified_v3.json
MOEX-107100-2301-Q005,MOEX-107100-2301-Q005,醫學（二）,107,2018,107100,2301,5,moex_med_stage2_detailed_merged_001_3100_classified_v3.json
MOEX-107100-2301-Q006,MOEX-107100-2301-Q006,醫學（二）,107,2018,107100,2301,6,moex_med_stage2_detailed_merged_001_3100_classified_v3.json
MOEX-107100-2301-Q007,MOEX-107100-2301-Q007,醫學（二）,107,2018,107100,2301,7,moex_med_stage2_detailed_merged_001_3100_classified_v3.json
MOEX-107100-2301-Q008,MOEX-107100-2301-Q008,醫學（二）,107,2018,107100,2301,8,moex_med_stage2_detailed_merged_001_3100_classified_v3.json
MOEX-107100-2301-Q009,MOEX-107100-2301-Q009,醫學（二）,107,2018,107100,2301,9,moex_med_stage2_detailed_merged_001_3100_classified_v3.json
MOEX-107100-2301-Q010,MOEX-107100-2301-Q010,醫學（二）,107,2018,107100,2301,10,moex_med_stage2_detailed_merged_001_3100_classified_v3.json
MOEX-107100-2301-Q011,MOEX-107100-2301-Q011,醫學（二）,107,2018,107100,2301,11,moex_med_stage2_detailed_merged_001_3100_classified_v3.json
MOEX-107100-2301-Q012,MOEX-107100-2301-Q012,醫學（二）,107,2018,107100,2301,12,moex_med_stage2_detailed_merged_001_3100_classified_v3.json
MOEX-107100-2301-Q013,MOEX-107100-2301-Q013,醫學（二）,107,2018,107100,2301,13,moex_med_stage2_detailed_merged_001_3100_classified_v3.json
MOEX-107100-2301-Q014,MOEX-107100-2301-Q014,醫學（二）,107,2018,107100,2301,14,moex_med_stage2_detailed_merged_001_3100_classified_v3.json
MOEX-107100-2301-Q015,MOEX-107100-2301-Q015,醫學（二）,107,2018,107100,2301,15,moex_med_stage2_detailed_merged_001_3100_classified_v3.json
MOEX-107100-2301-Q016,MOEX-107100-2301-Q016,醫學（二）,107,2018,107100,2301,16,moex_med_stage2_detailed_merged_001_3100_classified_v3.json
MOEX-107100-2301-Q017,MOEX-107100-2301-Q017,醫學（二）,107,2018,107100,2301,17,moex_med_stage2_detailed_merged_001_3100_classified_v3.json
MOEX-107100-2301-Q018,MOEX-107100-2301-Q018,醫學（二）,107,2018,107100,2301,18,moex_med_stage2_detailed_merged_001_3100_classified_v3.json
MOEX-107100-2301-Q019,MOEX-107100-2301-Q019,醫學（二）,107,2018,107100,2301,19,moex_med_stage2_detailed_merged_001_3100_classified_v3.json
MOEX-107100-2301-Q020,MOEX-107100-2301-Q020,醫學（二）,107,2018,107100,2301,20,moex_med_stage2_detailed_merged_001_3100_classified_v3.json
MOEX-107100-2301-Q021,MOEX-107100-2301-Q021,醫學（二）,107,2018,107100,2301,21,moex_med_stage2_detailed_merged_001_3100_classified_v3.json
MOEX-107100-2301-Q022,MOEX-107100-2301-Q022,醫學（二）,107,2018,107100,2301,22,moex_med_stage2_detailed_merged_001_3100_classified_v3.json
MOEX-107100-2301-Q023,MOEX-107100-2301-Q023,醫學（二）,107,2018,107100,2301,23,moex_med_stage2_detailed_merged_001_3100_classified_v3.json
MOEX-107100-2301-Q024,MOEX-107100-2301-Q024,醫學（二）,107,2018,107100,2301,24,moex_med_stage2_detailed_merged_001_3100_classified_v3.json
MOEX-107100-2301-Q025,MOEX-107100-2301-Q025,醫學（二）,107,2018,107100,2301,25,moex_med_stage2_detailed_merged_001_3100_classified_v3.json
MOEX-107100-2301-Q026,MOEX-107100-2301-Q026,醫學（二）,107,2018,107100,2301,26,moex_med_stage2_detailed_merged_001_3100_classified_v3.json
MOEX-107100-2301-Q027,MOEX-107100-2301-Q027,醫學（二）,107,2018,107100,2301,27,moex_med_stage2_detailed_merged_001_3100_classified_v3.json
MOEX-107100-2301-Q028,MOEX-107100-2301-Q028,醫學（二）,107,2018,107100,2301,28,moex_med_stage2_detailed_merged_001_3100_classified_v3.json
MOEX-107100-2301-Q029,MOEX-107100-2301-Q029,醫學（二）,107,2018,107100,2301,29,moex_med_stage2_detailed_merged_001_3100_classified_v3.json
MOEX-107100-2301-Q030,MOEX-107100-2301-Q030,醫學（二）,107,2018,107100,2301,30,moex_med_stage2_detailed_merged_001_3100_classified_v3.json
MOEX-107100-2301-Q031,MOEX-107100-2301-Q031,醫學（二）,107,2018,107100,2301,31,moex_med_stage2_detailed_merged_001_3100_classified_v3.json
MOEX-107100-2301-Q032,MOEX-107100-2301-Q032,醫學（二）,107,2018,107100,2301,32,moex_med_stage2_detailed_merged_001_3100_classified_v3.json
MOEX-107100-2301-Q033,MOEX-107100-2301-Q033,醫學（二）,107,2018,107100,2301,33,moex_med_stage2_detailed_merged_001_3100_classified_v3.json
MOEX-107100-2301-Q034,MOEX-107100-2301-Q034,醫學（二）,107,2018,107100,2301,34,moex_med_stage2_detailed_merged_001_3100_classified_v3.json
MOEX-107100-2301-Q035,MOEX-107100-2301-Q035,醫學（二）,107,2018,107100,2301,35,moex_med_stage2_detailed_merged_001_3100_classified_v3.json
MOEX-107100-2301-Q036,MOEX-107100-2301-Q036,醫學（二）,107,2018,107100,2301,36,moex_med_stage2_detailed_merged_001_3100_classified_v3.json
MOEX-107100-2301-Q037,MOEX-107100-2301-Q037,醫學（二）,107,2018,107100,2301,37,moex_med_stage2_detailed_merged_001_3100_classified_v3.json
MOEX-107100-2301-Q038,MOEX-107100-2301-Q038,醫學（二）,107,2018,107100,2301,38,moex_med_stage2_detailed_merged_001_3100_classified_v3.json
MOEX-107100-2301-Q039,MOEX-107100-2301-Q039,醫學（二）,107,2018,107100,2301,39,moex_med_stage2_detailed_merged_001_3100_classified_v3.json
MOEX-107100-2301-Q040,MOEX-107100-2301-Q040,醫學（二）,107,2018,107100,2301,40,moex_med_stage2_detailed_merged_001_3100_classified_v3.json
MOEX-107100-2301-Q041,MOEX-107100-2301-Q041,醫學（二）,107,2018,107100,2301,41,moex_med_stage2_detailed_merged_001_3100_classified_v3.json
MOEX-107100-2301-Q042,MOEX-107100-2301-Q042,醫學（二）,107,2018,107100,2301,42,moex_med_stage2_detailed_merged_001_3100_classified_v3.json
MOEX-107100-2301-Q043,MOEX-107100-2301-Q043,醫學（二）,107,2018,107100,2301,43,moex_med_stage2_detailed_merged_001_3100_classified_v3.json
MOEX-107100-2301-Q044,MOEX-107100-2301-Q044,醫學（二）,107,2018,107100,2301,44,moex_med_stage2_detailed_merged_001_3100_classified_v3.json
MOEX-107100-2301-Q045,MOEX-107100-2301-Q045,醫學（二）,107,2018,107100,2301,45,moex_med_stage2_detailed_merged_001_3100_classified_v3.json
MOEX-107100-2301-Q046,MOEX-107100-2301-Q046,醫學（二）,107,2018,107100,2301,46,moex_med_stage2_detailed_merged_001_3100_classified_v3.json
MOEX-107100-2301-Q047,MOEX-107100-2301-Q047,醫學（二）,107,2018,107100,2301,47,moex_med_stage2_detailed_merged_001_3100_classified_v3.json
MOEX-107100-2301-Q048,MOEX-107100-2301-Q048,醫學（二）,107,2018,107100,2301,48,moex_med_stage2_detailed_merged_001_3100_classified_v3.json
MOEX-107100-2301-Q049,MOEX-107100-2301-Q049,醫學（二）,107,2018,107100,2301,49,moex_med_stage2_detailed_merged_001_3100_classified_v3.json
MOEX-107100-2301-Q050,MOEX-107100-2301-Q050,醫學（二）,107,2018,107100,2301,50,moex_med_stage2_detailed_merged_001_3100_classified_v3.json
MOEX-107100-2301-Q051,MOEX-107100-2301-Q051,醫學（二）,107,2018,107100,2301,51,moex_med_stage2_detailed_merged_001_3100_classified_v3.json
MOEX-107100-2301-Q052,MOEX-107100-2301-Q052,醫學（二）,107,2018,107100,2301,52,moex_med_stage2_detailed_merged_001_3100_classified_v3.json
MOEX-107100-2301-Q053,MOEX-107100-2301-Q053,醫學（二）,107,2018,107100,2301,53,moex_med_stage2_detailed_merged_001_3100_classified_v3.json
MOEX-107100-2301-Q054,MOEX-107100-2301-Q054,醫學（二）,107,2018,107100,2301,54,moex_med_stage2_detailed_merged_001_3100_classified_v3.json
MOEX-107100-2301-Q055,MOEX-107100-2301-Q055,醫學（二）,107,2018,107100,2301,55,moex_med_stage2_detailed_merged_001_3100_classified_v3.json
MOEX-107100-2301-Q056,MOEX-107100-2301-Q056,醫學（二）,107,2018,107100,2301,56,moex_med_stage2_detailed_merged_001_3100_classified_v3.json
MOEX-107100-2301-Q057,MOEX-107100-2301-Q057,醫學（二）,107,2018,107100,2301,57,moex_med_stage2_detailed_merged_001_3100_classified_v3.json
MOEX-107100-2301-Q058,MOEX-107100-2301-Q058,醫學（二）,107,2018,107100,2301,58,moex_med_stage2_detailed_merged_001_3100_classified_v3.json
MOEX-107100-2301-Q059,MOEX-107100-2301-Q059,醫學（二）,107,2018,107100,2301,59,moex_med_stage2_detailed_merged_001_3100_classified_v3.json
MOEX-107100-2301-Q060,MOEX-107100-2301-Q060,醫學（二）,107,2018,107100,2301,60,moex_med_stage2_detailed_merged_001_3100_classified_v3.json
MOEX-107100-2301-Q061,MOEX-107100-2301-Q061,醫學（二）,107,2018,107100,2301,61,moex_med_stage2_detailed_merged_001_3100_classified_v3.json
MOEX-107100-2301-Q062,MOEX-107100-2301-Q062,醫學（二）,107,2018,107100,2301,62,moex_med_stage2_detailed_merged_001_3100_classified_v3.json
MOEX-107100-2301-Q063,MOEX-107100-2301-Q063,醫學（二）,107,2018,107100,2301,63,moex_med_stage2_detailed_merged_001_3100_classified_v3.json
MOEX-107100-2301-Q064,MOEX-107100-2301-Q064,醫學（二）,107,2018,107100,2301,64,moex_med_stage2_detailed_merged_001_3100_classified_v3.json
MOEX-107100-2301-Q065,MOEX-107100-2301-Q065,醫學（二）,107,2018,107100,2301,65,moex_med_stage2_detailed_merged_001_3100_classified_v3.json
MOEX-107100-2301-Q066,MOEX-107100-2301-Q066,醫學（二）,107,2018,107100,2301,66,moex_med_stage2_detailed_merged_001_3100_classified_v3.json
MOEX-107100-2301-Q067,MOEX-107100-2301-Q067,醫學（二）,107,2018,107100,2301,67,moex_med_stage2_detailed_merged_001_3100_classified_v3.json
MOEX-107100-2301-Q068,MOEX-107100-2301-Q068,醫學（二）,107,2018,107100,2301,68,moex_med_stage2_detailed_merged_001_3100_classified_v3.json
MOEX-107100-2301-Q069,MOEX-107100-2301-Q069,醫學（二）,107,2018,107100,2301,69,moex_med_stage2_detailed_merged_001_3100_classified_v3.json
MOEX-107100-2301-Q070,MOEX-107100-2301-Q070,醫學（二）,107,2018,107100,2301,70,moex_med_stage2_detailed_merged_001_3100_classified_v3.json
MOEX-107100-2301-Q071,MOEX-107100-2301-Q071,醫學（二）,107,2018,107100,2301,71,moex_med_stage2_detailed_merged_001_3100_classified_v3.json
MOEX-107100-2301-Q072,MOEX-107100-2301-Q072,醫學（二）,107,2018,107100,2301,72,moex_med_stage2_detailed_merged_001_3100_classified_v3.json
MOEX-107100-2301-Q073,MOEX-107100-2301-Q073,醫學（二）,107,2018,107100,2301,73,moex_med_stage2_detailed_merged_001_3100_classified_v3.json
MOEX-107100-2301-Q074,MOEX-107100-2301-Q074,醫學（二）,107,2018,107100,2301,74,moex_med_stage2_detailed_merged_001_3100_classified_v3.json
MOEX-107100-2301-Q075,MOEX-107100-2301-Q075,醫學（二）,107,2018,107100,2301,75,moex_med_stage2_detailed_merged_001_3100_classified_v3.json
MOEX-107100-2301-Q076,MOEX-107100-2301-Q076,醫學（二）,107,2018,107100,2301,76,moex_med_stage2_detailed_merged_001_3100_classified_v3.json
MOEX-107100-2301-Q077,MOEX-107100-2301-Q077,醫學（二）,107,2018,107100,2301,77,moex_med_stage2_detailed_merged_001_3100_classified_v3.json
MOEX-107100-2301-Q078,MOEX-107100-2301-Q078,醫學（二）,107,2018,107100,2301,78,moex_med_stage2_detailed_merged_001_3100_classified_v3.json
MOEX-107100-2301-Q079,MOEX-107100-2301-Q079,醫學（二）,107,2018,107100,2301,79,moex_med_stage2_detailed_merged_001_3100_classified_v3.json
MOEX-107100-2301-Q080,MOEX-107100-2301-Q080,醫學（二）,107,2018,107100,2301,80,moex_med_stage2_detailed_merged_001_3100_classified_v3.json
MOEX-107100-2301-Q081,MOEX-107100-2301-Q081,醫學（二）,107,2018,107100,2301,81,moex_med_stage2_detailed_merged_001_3100_classified_v3.json
MOEX-107100-2301-Q082,MOEX-107100-2301-Q082,醫學（二）,107,2018,107100,2301,82,moex_med_stage2_detailed_merged_001_3100_classified_v3.json
MOEX-107100-2301-Q083,MOEX-107100-2301-Q083,醫學（二）,107,2018,107100,2301,83,moex_med_stage2_detailed_merged_001_3100_classified_v3.json
MOEX-107100-2301-Q084,MOEX-107100-2301-Q084,醫學（二）,107,2018,107100,2301,84,moex_med_stage2_detailed_merged_001_3100_classified_v3.json
MOEX-107100-2301-Q085,MOEX-107100-2301-Q085,醫學（二）,107,2018,107100,2301,85,moex_med_stage2_detailed_merged_001_3100_classified_v3.json
MOEX-107100-2301-Q086,MOEX-107100-2301-Q086,醫學（二）,107,2018,107100,2301,86,moex_med_stage2_detailed_merged_001_3100_classified_v3.json
MOEX-107100-2301-Q087,MOEX-107100-2301-Q087,醫學（二）,107,2018,107100,2301,87,moex_med_stage2_detailed_merged_001_3100_classified_v3.json
MOEX-107100-2301-Q088,MOEX-107100-2301-Q088,醫學（二）,107,2018,107100,2301,88,moex_med_stage2_detailed_merged_001_3100_classified_v3.json
MOEX-107100-2301-Q089,MOEX-107100-2301-Q089,醫學（二）,107,2018,107100,2301,89,moex_med_stage2_detailed_merged_001_3100_classified_v3.json
MOEX-107100-2301-Q090,MOEX-107100-2301-Q090,醫學（二）,107,2018,107100,2301,90,moex_med_stage2_detailed_merged_001_3100_classified_v3.json
MOEX-107100-2301-Q091,MOEX-107100-2301-Q091,醫學（二）,107,2018,107100,2301,91,moex_med_stage2_detailed_merged_001_3100_classified_v3.json
MOEX-107100-2301-Q092,MOEX-107100-2301-Q092,醫學（二）,107,2018,107100,2301,92,moex_med_stage2_detailed_merged_001_3100_classified_v3.json
MOEX-107100-2301-Q093,MOEX-107100-2301-Q093,醫學（二）,107,2018,107100,2301,93,moex_med_stage2_detailed_merged_001_3100_classified_v3.json
MOEX-107100-2301-Q094,MOEX-107100-2301-Q094,醫學（二）,107,2018,107100,2301,94,moex_med_stage2_detailed_merged_001_3100_classified_v3.json
MOEX-107100-2301-Q095,MOEX-107100-2301-Q095,醫學（二）,107,2018,107100,2301,95,moex_med_stage2_detailed_merged_001_3100_classified_v3.json
MOEX-107100-2301-Q096,MOEX-107100-2301-Q096,醫學（二）,107,2018,107100,2301,96,moex_med_stage2_detailed_merged_001_3100_classified_v3.json
MOEX-107100-2301-Q097,MOEX-107100-2301-Q097,醫學（二）,107,2018,107100,2301,97,moex_med_stage2_detailed_merged_001_3100_classified_v3.json
MOEX-107100-2301-Q098,MOEX-107100-2301-Q098,醫學（二）,107,2018,107100,2301,98,moex_med_stage2_detailed_merged_001_3100_classified_v3.json
MOEX-107100-2301-Q099,MOEX-107100-2301-Q099,醫學（二）,107,2018,107100,2301,99,moex_med_stage2_detailed_merged_001_3100_classified_v3.json
MOEX-107100-2301-Q100,MOEX-107100-2301-Q100,醫學（二）,107,2018,107100,2301,100,moex_med_stage2_detailed_merged_001_3100_classified_v3.json
MOEX-108030-1301-Q001,MOEX-108030-1301-Q001,醫學（一）,108,2019,108030,1301,1,anatomyQuestions.ts
MOEX-108030-1301-Q002,MOEX-108030-1301-Q002,醫學（一）,108,2019,108030,1301,2,anatomyQuestions.ts
MOEX-108030-1301-Q003,MOEX-108030-1301-Q003,醫學（一）,108,2019,108030,1301,3,anatomyQuestions.ts
MOEX-108030-1301-Q004,MOEX-108030-1301-Q004,醫學（一）,108,2019,108030,1301,4,anatomyQuestions.ts
MOEX-108030-1301-Q005,MOEX-108030-1301-Q005,醫學（一）,108,2019,108030,1301,5,anatomyQuestions.ts
MOEX-108030-1301-Q006,MOEX-108030-1301-Q006,醫學（一）,108,2019,108030,1301,6,anatomyQuestions.ts
MOEX-108030-1301-Q007,MOEX-108030-1301-Q007,醫學（一）,108,2019,108030,1301,7,anatomyQuestions.ts
MOEX-108030-1301-Q008,MOEX-108030-1301-Q008,醫學（一）,108,2019,108030,1301,8,anatomyQuestions.ts
MOEX-108030-1301-Q009,MOEX-108030-1301-Q009,醫學（一）,108,2019,108030,1301,9,anatomyQuestions.ts
MOEX-108030-1301-Q010,MOEX-108030-1301-Q010,醫學（一）,108,2019,108030,1301,10,anatomyQuestions.ts
MOEX-108030-1301-Q011,MOEX-108030-1301-Q011,醫學（一）,108,2019,108030,1301,11,anatomyQuestions.ts
MOEX-108030-1301-Q012,MOEX-108030-1301-Q012,醫學（一）,108,2019,108030,1301,12,anatomyQuestions.ts
MOEX-108030-1301-Q013,MOEX-108030-1301-Q013,醫學（一）,108,2019,108030,1301,13,anatomyQuestions.ts
MOEX-108030-1301-Q014,MOEX-108030-1301-Q014,醫學（一）,108,2019,108030,1301,14,anatomyQuestions.ts
MOEX-108030-1301-Q015,MOEX-108030-1301-Q015,醫學（一）,108,2019,108030,1301,15,anatomyQuestions.ts
MOEX-108030-1301-Q016,MOEX-108030-1301-Q016,醫學（一）,108,2019,108030,1301,16,moex_med1_remaining_detailed_v4_merged_001_1827.ts
MOEX-108030-1301-Q017,MOEX-108030-1301-Q017,醫學（一）,108,2019,108030,1301,17,anatomyQuestions.ts
MOEX-108030-1301-Q018,MOEX-108030-1301-Q018,醫學（一）,108,2019,108030,1301,18,anatomyQuestions.ts
MOEX-108030-1301-Q019,MOEX-108030-1301-Q019,醫學（一）,108,2019,108030,1301,19,anatomyQuestions.ts
MOEX-108030-1301-Q020,MOEX-108030-1301-Q020,醫學（一）,108,2019,108030,1301,20,moex_med1_remaining_detailed_v4_merged_001_1827.ts
MOEX-108030-1301-Q021,MOEX-108030-1301-Q021,醫學（一）,108,2019,108030,1301,21,anatomyQuestions.ts
MOEX-108030-1301-Q022,MOEX-108030-1301-Q022,醫學（一）,108,2019,108030,1301,22,anatomyQuestions.ts
MOEX-108030-1301-Q023,MOEX-108030-1301-Q023,醫學（一）,108,2019,108030,1301,23,anatomyQuestions.ts
MOEX-108030-1301-Q024,MOEX-108030-1301-Q024,醫學（一）,108,2019,108030,1301,24,anatomyQuestions.ts
MOEX-108030-1301-Q025,MOEX-108030-1301-Q025,醫學（一）,108,2019,108030,1301,25,anatomyQuestions.ts
MOEX-108030-1301-Q026,MOEX-108030-1301-Q026,醫學（一）,108,2019,108030,1301,26,anatomyQuestions.ts
MOEX-108030-1301-Q027,MOEX-108030-1301-Q027,醫學（一）,108,2019,108030,1301,27,anatomyQuestions.ts
MOEX-108030-1301-Q028,MOEX-108030-1301-Q028,醫學（一）,108,2019,108030,1301,28,anatomyQuestions.ts
MOEX-108030-1301-Q029,MOEX-108030-1301-Q029,醫學（一）,108,2019,108030,1301,29,anatomyQuestions.ts
MOEX-108030-1301-Q030,MOEX-108030-1301-Q030,醫學（一）,108,2019,108030,1301,30,anatomyQuestions.ts
MOEX-108030-1301-Q031,MOEX-108030-1301-Q031,醫學（一）,108,2019,108030,1301,31,anatomyQuestions.ts
MOEX-108030-1301-Q032,MOEX-108030-1301-Q032,醫學（一）,108,2019,108030,1301,32,moex_med1_remaining_detailed_v4_merged_001_1827.ts
MOEX-108030-1301-Q033,MOEX-108030-1301-Q033,醫學（一）,108,2019,108030,1301,33,moex_med1_remaining_detailed_v4_merged_001_1827.ts
MOEX-108030-1301-Q034,MOEX-108030-1301-Q034,醫學（一）,108,2019,108030,1301,34,moex_med1_remaining_detailed_v4_merged_001_1827.ts
MOEX-108030-1301-Q035,MOEX-108030-1301-Q035,醫學（一）,108,2019,108030,1301,35,moex_med1_remaining_detailed_v4_merged_001_1827.ts
MOEX-108030-1301-Q036,MOEX-108030-1301-Q036,醫學（一）,108,2019,108030,1301,36,moex_med1_remaining_detailed_v4_merged_001_1827.ts
MOEX-108030-1301-Q037,MOEX-108030-1301-Q037,醫學（一）,108,2019,108030,1301,37,moex_med1_remaining_detailed_v4_merged_001_1827.ts
MOEX-108030-1301-Q038,MOEX-108030-1301-Q038,醫學（一）,108,2019,108030,1301,38,moex_med1_remaining_detailed_v4_merged_001_1827.ts
MOEX-108030-1301-Q039,MOEX-108030-1301-Q039,醫學（一）,108,2019,108030,1301,39,moex_med1_remaining_detailed_v4_merged_001_1827.ts
MOEX-108030-1301-Q040,MOEX-108030-1301-Q040,醫學（一）,108,2019,108030,1301,40,anatomyQuestions.ts
MOEX-108030-1301-Q041,MOEX-108030-1301-Q041,醫學（一）,108,2019,108030,1301,41,anatomyQuestions.ts
MOEX-108030-1301-Q042,MOEX-108030-1301-Q042,醫學（一）,108,2019,108030,1301,42,moex_med1_remaining_detailed_v4_merged_001_1827.ts
MOEX-108030-1301-Q043,MOEX-108030-1301-Q043,醫學（一）,108,2019,108030,1301,43,moex_med1_remaining_detailed_v4_merged_001_1827.ts
MOEX-108030-1301-Q044,MOEX-108030-1301-Q044,醫學（一）,108,2019,108030,1301,44,moex_med1_remaining_detailed_v4_merged_001_1827.ts
MOEX-108030-1301-Q045,MOEX-108030-1301-Q045,醫學（一）,108,2019,108030,1301,45,moex_med1_remaining_detailed_v4_merged_001_1827.ts
MOEX-108030-1301-Q046,MOEX-108030-1301-Q046,醫學（一）,108,2019,108030,1301,46,anatomyQuestions.ts
MOEX-108030-1301-Q047,MOEX-108030-1301-Q047,醫學（一）,108,2019,108030,1301,47,anatomyQuestions.ts
MOEX-108030-1301-Q048,MOEX-108030-1301-Q048,醫學（一）,108,2019,108030,1301,48,moex_med1_remaining_detailed_v4_merged_001_1827.ts
MOEX-108030-1301-Q049,MOEX-108030-1301-Q049,醫學（一）,108,2019,108030,1301,49,moex_med1_remaining_detailed_v4_merged_001_1827.ts
MOEX-108030-1301-Q050,MOEX-108030-1301-Q050,醫學（一）,108,2019,108030,1301,50,anatomyQuestions.ts
MOEX-108030-1301-Q051,MOEX-108030-1301-Q051,醫學（一）,108,2019,108030,1301,51,moex_med1_remaining_detailed_v4_merged_001_1827.ts
MOEX-108030-1301-Q052,MOEX-108030-1301-Q052,醫學（一）,108,2019,108030,1301,52,moex_med1_remaining_detailed_v4_merged_001_1827.ts
MOEX-108030-1301-Q053,MOEX-108030-1301-Q053,醫學（一）,108,2019,108030,1301,53,moex_med1_remaining_detailed_v4_merged_001_1827.ts
MOEX-108030-1301-Q054,MOEX-108030-1301-Q054,醫學（一）,108,2019,108030,1301,54,anatomyQuestions.ts
MOEX-108030-1301-Q055,missing-2019-1-108030-1301-q055,醫學（一）,108,2019,108030,1301,55,moex_med1_missing_22_questions_detailed_v5.ts
MOEX-108030-1301-Q056,MOEX-108030-1301-Q056,醫學（一）,108,2019,108030,1301,56,moex_med1_remaining_detailed_v4_merged_001_1827.ts
MOEX-108030-1301-Q057,MOEX-108030-1301-Q057,醫學（一）,108,2019,108030,1301,57,moex_med1_remaining_detailed_v4_merged_001_1827.ts
MOEX-108030-1301-Q058,MOEX-108030-1301-Q058,醫學（一）,108,2019,108030,1301,58,moex_med1_remaining_detailed_v4_merged_001_1827.ts
MOEX-108030-1301-Q059,MOEX-108030-1301-Q059,醫學（一）,108,2019,108030,1301,59,anatomyQuestions.ts
MOEX-108030-1301-Q060,MOEX-108030-1301-Q060,醫學（一）,108,2019,108030,1301,60,moex_med1_remaining_detailed_v4_merged_001_1827.ts
MOEX-108030-1301-Q061,MOEX-108030-1301-Q061,醫學（一）,108,2019,108030,1301,61,anatomyQuestions.ts
MOEX-108030-1301-Q062,MOEX-108030-1301-Q062,醫學（一）,108,2019,108030,1301,62,anatomyQuestions.ts
MOEX-108030-1301-Q063,MOEX-108030-1301-Q063,醫學（一）,108,2019,108030,1301,63,moex_med1_remaining_detailed_v4_merged_001_1827.ts
MOEX-108030-1301-Q064,MOEX-108030-1301-Q064,醫學（一）,108,2019,108030,1301,64,moex_med1_remaining_detailed_v4_merged_001_1827.ts
MOEX-108030-1301-Q065,MOEX-108030-1301-Q065,醫學（一）,108,2019,108030,1301,65,moex_med1_remaining_detailed_v4_merged_001_1827.ts
MOEX-108030-1301-Q066,MOEX-108030-1301-Q066,醫學（一）,108,2019,108030,1301,66,anatomyQuestions.ts
MOEX-108030-1301-Q067,MOEX-108030-1301-Q067,醫學（一）,108,2019,108030,1301,67,anatomyQuestions.ts
MOEX-108030-1301-Q068,MOEX-108030-1301-Q068,醫學（一）,108,2019,108030,1301,68,moex_med1_remaining_detailed_v4_merged_001_1827.ts
MOEX-108030-1301-Q069,MOEX-108030-1301-Q069,醫學（一）,108,2019,108030,1301,69,moex_med1_remaining_detailed_v4_merged_001_1827.ts
MOEX-108030-1301-Q070,MOEX-108030-1301-Q070,醫學（一）,108,2019,108030,1301,70,moex_med1_remaining_detailed_v4_merged_001_1827.ts
MOEX-108030-1301-Q071,MOEX-108030-1301-Q071,醫學（一）,108,2019,108030,1301,71,anatomyQuestions.ts
MOEX-108030-1301-Q072,MOEX-108030-1301-Q072,醫學（一）,108,2019,108030,1301,72,moex_med1_remaining_detailed_v4_merged_001_1827.ts
MOEX-108030-1301-Q073,MOEX-108030-1301-Q073,醫學（一）,108,2019,108030,1301,73,moex_med1_remaining_detailed_v4_merged_001_1827.ts
MOEX-108030-1301-Q074,MOEX-108030-1301-Q074,醫學（一）,108,2019,108030,1301,74,moex_med1_remaining_detailed_v4_merged_001_1827.ts
MOEX-108030-1301-Q075,MOEX-108030-1301-Q075,醫學（一）,108,2019,108030,1301,75,moex_med1_remaining_detailed_v4_merged_001_1827.ts
MOEX-108030-1301-Q076,MOEX-108030-1301-Q076,醫學（一）,108,2019,108030,1301,76,moex_med1_remaining_detailed_v4_merged_001_1827.ts
MOEX-108030-1301-Q077,MOEX-108030-1301-Q077,醫學（一）,108,2019,108030,1301,77,moex_med1_remaining_detailed_v4_merged_001_1827.ts
MOEX-108030-1301-Q078,MOEX-108030-1301-Q078,醫學（一）,108,2019,108030,1301,78,moex_med1_remaining_detailed_v4_merged_001_1827.ts
MOEX-108030-1301-Q079,MOEX-108030-1301-Q079,醫學（一）,108,2019,108030,1301,79,moex_med1_remaining_detailed_v4_merged_001_1827.ts
MOEX-108030-1301-Q080,MOEX-108030-1301-Q080,醫學（一）,108,2019,108030,1301,80,moex_med1_remaining_detailed_v4_merged_001_1827.ts
MOEX-108030-1301-Q081,MOEX-108030-1301-Q081,醫學（一）,108,2019,108030,1301,81,moex_med1_remaining_detailed_v4_merged_001_1827.ts
MOEX-108030-1301-Q082,MOEX-108030-1301-Q082,醫學（一）,108,2019,108030,1301,82,moex_med1_remaining_detailed_v4_merged_001_1827.ts
MOEX-108030-1301-Q083,MOEX-108030-1301-Q083,醫學（一）,108,2019,108030,1301,83,moex_med1_remaining_detailed_v4_merged_001_1827.ts
MOEX-108030-1301-Q084,MOEX-108030-1301-Q084,醫學（一）,108,2019,108030,1301,84,moex_med1_remaining_detailed_v4_merged_001_1827.ts
MOEX-108030-1301-Q085,MOEX-108030-1301-Q085,醫學（一）,108,2019,108030,1301,85,moex_med1_remaining_detailed_v4_merged_001_1827.ts
MOEX-108030-1301-Q086,MOEX-108030-1301-Q086,醫學（一）,108,2019,108030,1301,86,moex_med1_remaining_detailed_v4_merged_001_1827.ts
MOEX-108030-1301-Q087,MOEX-108030-1301-Q087,醫學（一）,108,2019,108030,1301,87,moex_med1_remaining_detailed_v4_merged_001_1827.ts
MOEX-108030-1301-Q088,MOEX-108030-1301-Q088,醫學（一）,108,2019,108030,1301,88,moex_med1_remaining_detailed_v4_merged_001_1827.ts
MOEX-108030-1301-Q089,MOEX-108030-1301-Q089,醫學（一）,108,2019,108030,1301,89,anatomyQuestions.ts
MOEX-108030-1301-Q090,MOEX-108030-1301-Q090,醫學（一）,108,2019,108030,1301,90,moex_med1_remaining_detailed_v4_merged_001_1827.ts
MOEX-108030-1301-Q091,MOEX-108030-1301-Q091,醫學（一）,108,2019,108030,1301,91,moex_med1_remaining_detailed_v4_merged_001_1827.ts
MOEX-108030-1301-Q092,MOEX-108030-1301-Q092,醫學（一）,108,2019,108030,1301,92,anatomyQuestions.ts
MOEX-108030-1301-Q093,MOEX-108030-1301-Q093,醫學（一）,108,2019,108030,1301,93,moex_med1_remaining_detailed_v4_merged_001_1827.ts
MOEX-108030-1301-Q094,MOEX-108030-1301-Q094,醫學（一）,108,2019,108030,1301,94,moex_med1_remaining_detailed_v4_merged_001_1827.ts
MOEX-108030-1301-Q095,MOEX-108030-1301-Q095,醫學（一）,108,2019,108030,1301,95,moex_med1_remaining_detailed_v4_merged_001_1827.ts
MOEX-108030-1301-Q096,MOEX-108030-1301-Q096,醫學（一）,108,2019,108030,1301,96,moex_med1_remaining_detailed_v4_merged_001_1827.ts
MOEX-108030-1301-Q097,MOEX-108030-1301-Q097,醫學（一）,108,2019,108030,1301,97,moex_med1_remaining_detailed_v4_merged_001_1827.ts
MOEX-108030-1301-Q098,MOEX-108030-1301-Q098,醫學（一）,108,2019,108030,1301,98,moex_med1_remaining_detailed_v4_merged_001_1827.ts
MOEX-108030-1301-Q099,MOEX-108030-1301-Q099,醫學（一）,108,2019,108030,1301,99,moex_med1_remaining_detailed_v4_merged_001_1827.ts
MOEX-108030-1301-Q100,MOEX-108030-1301-Q100,醫學（一）,108,2019,108030,1301,100,moex_med1_remaining_detailed_v4_merged_001_1827.ts
MOEX-108100-1301-Q001,MOEX-108100-1301-Q001,醫學（一）,108,2019,108100,1301,1,anatomyQuestions.ts
MOEX-108100-1301-Q002,MOEX-108100-1301-Q002,醫學（一）,108,2019,108100,1301,2,anatomyQuestions.ts
MOEX-108100-1301-Q003,MOEX-108100-1301-Q003,醫學（一）,108,2019,108100,1301,3,anatomyQuestions.ts
MOEX-108100-1301-Q004,MOEX-108100-1301-Q004,醫學（一）,108,2019,108100,1301,4,anatomyQuestions.ts
MOEX-108100-1301-Q005,MOEX-108100-1301-Q005,醫學（一）,108,2019,108100,1301,5,anatomyQuestions.ts
MOEX-108100-1301-Q006,MOEX-108100-1301-Q006,醫學（一）,108,2019,108100,1301,6,anatomyQuestions.ts
MOEX-108100-1301-Q007,MOEX-108100-1301-Q007,醫學（一）,108,2019,108100,1301,7,anatomyQuestions.ts
MOEX-108100-1301-Q008,MOEX-108100-1301-Q008,醫學（一）,108,2019,108100,1301,8,anatomyQuestions.ts
MOEX-108100-1301-Q009,MOEX-108100-1301-Q009,醫學（一）,108,2019,108100,1301,9,anatomyQuestions.ts
MOEX-108100-1301-Q010,MOEX-108100-1301-Q010,醫學（一）,108,2019,108100,1301,10,anatomyQuestions.ts
MOEX-108100-1301-Q011,MOEX-108100-1301-Q011,醫學（一）,108,2019,108100,1301,11,anatomyQuestions.ts
MOEX-108100-1301-Q012,MOEX-108100-1301-Q012,醫學（一）,108,2019,108100,1301,12,anatomyQuestions.ts
MOEX-108100-1301-Q013,MOEX-108100-1301-Q013,醫學（一）,108,2019,108100,1301,13,anatomyQuestions.ts
MOEX-108100-1301-Q014,MOEX-108100-1301-Q014,醫學（一）,108,2019,108100,1301,14,anatomyQuestions.ts
MOEX-108100-1301-Q015,MOEX-108100-1301-Q015,醫學（一）,108,2019,108100,1301,15,anatomyQuestions.ts
MOEX-108100-1301-Q016,MOEX-108100-1301-Q016,醫學（一）,108,2019,108100,1301,16,anatomyQuestions.ts
MOEX-108100-1301-Q017,MOEX-108100-1301-Q017,醫學（一）,108,2019,108100,1301,17,anatomyQuestions.ts
MOEX-108100-1301-Q018,MOEX-108100-1301-Q018,醫學（一）,108,2019,108100,1301,18,anatomyQuestions.ts
MOEX-108100-1301-Q019,MOEX-108100-1301-Q019,醫學（一）,108,2019,108100,1301,19,anatomyQuestions.ts
MOEX-108100-1301-Q020,MOEX-108100-1301-Q020,醫學（一）,108,2019,108100,1301,20,anatomyQuestions.ts
MOEX-108100-1301-Q021,MOEX-108100-1301-Q021,醫學（一）,108,2019,108100,1301,21,anatomyQuestions.ts
MOEX-108100-1301-Q022,MOEX-108100-1301-Q022,醫學（一）,108,2019,108100,1301,22,anatomyQuestions.ts
MOEX-108100-1301-Q023,MOEX-108100-1301-Q023,醫學（一）,108,2019,108100,1301,23,anatomyQuestions.ts
MOEX-108100-1301-Q024,MOEX-108100-1301-Q024,醫學（一）,108,2019,108100,1301,24,anatomyQuestions.ts
MOEX-108100-1301-Q025,MOEX-108100-1301-Q025,醫學（一）,108,2019,108100,1301,25,anatomyQuestions.ts
MOEX-108100-1301-Q026,MOEX-108100-1301-Q026,醫學（一）,108,2019,108100,1301,26,anatomyQuestions.ts
MOEX-108100-1301-Q027,MOEX-108100-1301-Q027,醫學（一）,108,2019,108100,1301,27,anatomyQuestions.ts
MOEX-108100-1301-Q028,MOEX-108100-1301-Q028,醫學（一）,108,2019,108100,1301,28,anatomyQuestions.ts
MOEX-108100-1301-Q029,MOEX-108100-1301-Q029,醫學（一）,108,2019,108100,1301,29,anatomyQuestions.ts
MOEX-108100-1301-Q030,MOEX-108100-1301-Q030,醫學（一）,108,2019,108100,1301,30,anatomyQuestions.ts
MOEX-108100-1301-Q031,MOEX-108100-1301-Q031,醫學（一）,108,2019,108100,1301,31,moex_med1_remaining_detailed_v4_merged_001_1827.ts
MOEX-108100-1301-Q032,MOEX-108100-1301-Q032,醫學（一）,108,2019,108100,1301,32,moex_med1_remaining_detailed_v4_merged_001_1827.ts
MOEX-108100-1301-Q033,MOEX-108100-1301-Q033,醫學（一）,108,2019,108100,1301,33,anatomyQuestions.ts
MOEX-108100-1301-Q034,MOEX-108100-1301-Q034,醫學（一）,108,2019,108100,1301,34,anatomyQuestions.ts
MOEX-108100-1301-Q035,MOEX-108100-1301-Q035,醫學（一）,108,2019,108100,1301,35,moex_med1_remaining_detailed_v4_merged_001_1827.ts
MOEX-108100-1301-Q036,MOEX-108100-1301-Q036,醫學（一）,108,2019,108100,1301,36,moex_med1_remaining_detailed_v4_merged_001_1827.ts
MOEX-108100-1301-Q037,MOEX-108100-1301-Q037,醫學（一）,108,2019,108100,1301,37,moex_med1_remaining_detailed_v4_merged_001_1827.ts
MOEX-108100-1301-Q038,MOEX-108100-1301-Q038,醫學（一）,108,2019,108100,1301,38,moex_med1_remaining_detailed_v4_merged_001_1827.ts
MOEX-108100-1301-Q039,MOEX-108100-1301-Q039,醫學（一）,108,2019,108100,1301,39,moex_med1_remaining_detailed_v4_merged_001_1827.ts
MOEX-108100-1301-Q040,MOEX-108100-1301-Q040,醫學（一）,108,2019,108100,1301,40,moex_med1_remaining_detailed_v4_merged_001_1827.ts
MOEX-108100-1301-Q041,MOEX-108100-1301-Q041,醫學（一）,108,2019,108100,1301,41,moex_med1_remaining_detailed_v4_merged_001_1827.ts
MOEX-108100-1301-Q042,MOEX-108100-1301-Q042,醫學（一）,108,2019,108100,1301,42,moex_med1_remaining_detailed_v4_merged_001_1827.ts
MOEX-108100-1301-Q043,MOEX-108100-1301-Q043,醫學（一）,108,2019,108100,1301,43,anatomyQuestions.ts
MOEX-108100-1301-Q044,MOEX-108100-1301-Q044,醫學（一）,108,2019,108100,1301,44,moex_med1_remaining_detailed_v4_merged_001_1827.ts
MOEX-108100-1301-Q045,MOEX-108100-1301-Q045,醫學（一）,108,2019,108100,1301,45,anatomyQuestions.ts
MOEX-108100-1301-Q046,MOEX-108100-1301-Q046,醫學（一）,108,2019,108100,1301,46,moex_med1_remaining_detailed_v4_merged_001_1827.ts
MOEX-108100-1301-Q047,MOEX-108100-1301-Q047,醫學（一）,108,2019,108100,1301,47,moex_med1_remaining_detailed_v4_merged_001_1827.ts
MOEX-108100-1301-Q048,MOEX-108100-1301-Q048,醫學（一）,108,2019,108100,1301,48,moex_med1_remaining_detailed_v4_merged_001_1827.ts
MOEX-108100-1301-Q049,MOEX-108100-1301-Q049,醫學（一）,108,2019,108100,1301,49,anatomyQuestions.ts
MOEX-108100-1301-Q050,MOEX-108100-1301-Q050,醫學（一）,108,2019,108100,1301,50,anatomyQuestions.ts
MOEX-108100-1301-Q051,MOEX-108100-1301-Q051,醫學（一）,108,2019,108100,1301,51,anatomyQuestions.ts
MOEX-108100-1301-Q052,MOEX-108100-1301-Q052,醫學（一）,108,2019,108100,1301,52,anatomyQuestions.ts
MOEX-108100-1301-Q053,MOEX-108100-1301-Q053,醫學（一）,108,2019,108100,1301,53,anatomyQuestions.ts
MOEX-108100-1301-Q054,MOEX-108100-1301-Q054,醫學（一）,108,2019,108100,1301,54,moex_med1_remaining_detailed_v4_merged_001_1827.ts
MOEX-108100-1301-Q055,MOEX-108100-1301-Q055,醫學（一）,108,2019,108100,1301,55,moex_med1_remaining_detailed_v4_merged_001_1827.ts
MOEX-108100-1301-Q056,MOEX-108100-1301-Q056,醫學（一）,108,2019,108100,1301,56,moex_med1_remaining_detailed_v4_merged_001_1827.ts
MOEX-108100-1301-Q057,MOEX-108100-1301-Q057,醫學（一）,108,2019,108100,1301,57,anatomyQuestions.ts
MOEX-108100-1301-Q058,MOEX-108100-1301-Q058,醫學（一）,108,2019,108100,1301,58,moex_med1_remaining_detailed_v4_merged_001_1827.ts
MOEX-108100-1301-Q059,MOEX-108100-1301-Q059,醫學（一）,108,2019,108100,1301,59,moex_med1_remaining_detailed_v4_merged_001_1827.ts
MOEX-108100-1301-Q060,MOEX-108100-1301-Q060,醫學（一）,108,2019,108100,1301,60,anatomyQuestions.ts
MOEX-108100-1301-Q061,MOEX-108100-1301-Q061,醫學（一）,108,2019,108100,1301,61,moex_med1_remaining_detailed_v4_merged_001_1827.ts
MOEX-108100-1301-Q062,MOEX-108100-1301-Q062,醫學（一）,108,2019,108100,1301,62,anatomyQuestions.ts
MOEX-108100-1301-Q063,MOEX-108100-1301-Q063,醫學（一）,108,2019,108100,1301,63,anatomyQuestions.ts
MOEX-108100-1301-Q064,MOEX-108100-1301-Q064,醫學（一）,108,2019,108100,1301,64,anatomyQuestions.ts
MOEX-108100-1301-Q065,MOEX-108100-1301-Q065,醫學（一）,108,2019,108100,1301,65,moex_med1_remaining_detailed_v4_merged_001_1827.ts
MOEX-108100-1301-Q066,MOEX-108100-1301-Q066,醫學（一）,108,2019,108100,1301,66,moex_med1_remaining_detailed_v4_merged_001_1827.ts
MOEX-108100-1301-Q067,MOEX-108100-1301-Q067,醫學（一）,108,2019,108100,1301,67,moex_med1_remaining_detailed_v4_merged_001_1827.ts
MOEX-108100-1301-Q068,MOEX-108100-1301-Q068,醫學（一）,108,2019,108100,1301,68,moex_med1_remaining_detailed_v4_merged_001_1827.ts
MOEX-108100-1301-Q069,MOEX-108100-1301-Q069,醫學（一）,108,2019,108100,1301,69,moex_med1_remaining_detailed_v4_merged_001_1827.ts
MOEX-108100-1301-Q070,MOEX-108100-1301-Q070,醫學（一）,108,2019,108100,1301,70,moex_med1_remaining_detailed_v4_merged_001_1827.ts
MOEX-108100-1301-Q071,MOEX-108100-1301-Q071,醫學（一）,108,2019,108100,1301,71,anatomyQuestions.ts
MOEX-108100-1301-Q072,MOEX-108100-1301-Q072,醫學（一）,108,2019,108100,1301,72,moex_med1_remaining_detailed_v4_merged_001_1827.ts
MOEX-108100-1301-Q073,MOEX-108100-1301-Q073,醫學（一）,108,2019,108100,1301,73,moex_med1_remaining_detailed_v4_merged_001_1827.ts
MOEX-108100-1301-Q074,MOEX-108100-1301-Q074,醫學（一）,108,2019,108100,1301,74,moex_med1_remaining_detailed_v4_merged_001_1827.ts
MOEX-108100-1301-Q075,MOEX-108100-1301-Q075,醫學（一）,108,2019,108100,1301,75,moex_med1_remaining_detailed_v4_merged_001_1827.ts
MOEX-108100-1301-Q076,MOEX-108100-1301-Q076,醫學（一）,108,2019,108100,1301,76,moex_med1_remaining_detailed_v4_merged_001_1827.ts
MOEX-108100-1301-Q077,MOEX-108100-1301-Q077,醫學（一）,108,2019,108100,1301,77,moex_med1_remaining_detailed_v4_merged_001_1827.ts
MOEX-108100-1301-Q078,MOEX-108100-1301-Q078,醫學（一）,108,2019,108100,1301,78,moex_med1_remaining_detailed_v4_merged_001_1827.ts
MOEX-108100-1301-Q079,MOEX-108100-1301-Q079,醫學（一）,108,2019,108100,1301,79,moex_med1_remaining_detailed_v4_merged_001_1827.ts
MOEX-108100-1301-Q080,MOEX-108100-1301-Q080,醫學（一）,108,2019,108100,1301,80,moex_med1_remaining_detailed_v4_merged_001_1827.ts
MOEX-108100-1301-Q081,MOEX-108100-1301-Q081,醫學（一）,108,2019,108100,1301,81,moex_med1_remaining_detailed_v4_merged_001_1827.ts
MOEX-108100-1301-Q082,MOEX-108100-1301-Q082,醫學（一）,108,2019,108100,1301,82,moex_med1_remaining_detailed_v4_merged_001_1827.ts
MOEX-108100-1301-Q083,MOEX-108100-1301-Q083,醫學（一）,108,2019,108100,1301,83,moex_med1_remaining_detailed_v4_merged_001_1827.ts
MOEX-108100-1301-Q084,MOEX-108100-1301-Q084,醫學（一）,108,2019,108100,1301,84,moex_med1_remaining_detailed_v4_merged_001_1827.ts
MOEX-108100-1301-Q085,MOEX-108100-1301-Q085,醫學（一）,108,2019,108100,1301,85,moex_med1_remaining_detailed_v4_merged_001_1827.ts
MOEX-108100-1301-Q086,MOEX-108100-1301-Q086,醫學（一）,108,2019,108100,1301,86,moex_med1_remaining_detailed_v4_merged_001_1827.ts
MOEX-108100-1301-Q087,MOEX-108100-1301-Q087,醫學（一）,108,2019,108100,1301,87,moex_med1_remaining_detailed_v4_merged_001_1827.ts
MOEX-108100-1301-Q088,MOEX-108100-1301-Q088,醫學（一）,108,2019,108100,1301,88,moex_med1_remaining_detailed_v4_merged_001_1827.ts
MOEX-108100-1301-Q089,MOEX-108100-1301-Q089,醫學（一）,108,2019,108100,1301,89,moex_med1_remaining_detailed_v4_merged_001_1827.ts
MOEX-108100-1301-Q090,MOEX-108100-1301-Q090,醫學（一）,108,2019,108100,1301,90,moex_med1_remaining_detailed_v4_merged_001_1827.ts
MOEX-108100-1301-Q091,MOEX-108100-1301-Q091,醫學（一）,108,2019,108100,1301,91,moex_med1_remaining_detailed_v4_merged_001_1827.ts
MOEX-108100-1301-Q092,MOEX-108100-1301-Q092,醫學（一）,108,2019,108100,1301,92,moex_med1_remaining_detailed_v4_merged_001_1827.ts
MOEX-108100-1301-Q093,MOEX-108100-1301-Q093,醫學（一）,108,2019,108100,1301,93,moex_med1_remaining_detailed_v4_merged_001_1827.ts
MOEX-108100-1301-Q094,MOEX-108100-1301-Q094,醫學（一）,108,2019,108100,1301,94,moex_med1_remaining_detailed_v4_merged_001_1827.ts
MOEX-108100-1301-Q095,MOEX-108100-1301-Q095,醫學（一）,108,2019,108100,1301,95,moex_med1_remaining_detailed_v4_merged_001_1827.ts
MOEX-108100-1301-Q096,MOEX-108100-1301-Q096,醫學（一）,108,2019,108100,1301,96,moex_med1_remaining_detailed_v4_merged_001_1827.ts
MOEX-108100-1301-Q097,MOEX-108100-1301-Q097,醫學（一）,108,2019,108100,1301,97,moex_med1_remaining_detailed_v4_merged_001_1827.ts
MOEX-108100-1301-Q098,MOEX-108100-1301-Q098,醫學（一）,108,2019,108100,1301,98,moex_med1_remaining_detailed_v4_merged_001_1827.ts
MOEX-108100-1301-Q099,MOEX-108100-1301-Q099,醫學（一）,108,2019,108100,1301,99,moex_med1_remaining_detailed_v4_merged_001_1827.ts
MOEX-108100-1301-Q100,MOEX-108100-1301-Q100,醫學（一）,108,2019,108100,1301,100,moex_med1_remaining_detailed_v4_merged_001_1827.ts
MOEX-108030-2301-Q001,MOEX-108030-2301-Q001,醫學（二）,108,2019,108030,2301,1,moex_med_stage2_detailed_merged_001_3100_classified_v3.json
MOEX-108030-2301-Q002,MOEX-108030-2301-Q002,醫學（二）,108,2019,108030,2301,2,moex_med_stage2_detailed_merged_001_3100_classified_v3.json
MOEX-108030-2301-Q003,MOEX-108030-2301-Q003,醫學（二）,108,2019,108030,2301,3,moex_med_stage2_detailed_merged_001_3100_classified_v3.json
MOEX-108030-2301-Q004,MOEX-108030-2301-Q004,醫學（二）,108,2019,108030,2301,4,moex_med_stage2_detailed_merged_001_3100_classified_v3.json
MOEX-108030-2301-Q005,MOEX-108030-2301-Q005,醫學（二）,108,2019,108030,2301,5,moex_med_stage2_detailed_merged_001_3100_classified_v3.json
MOEX-108030-2301-Q006,MOEX-108030-2301-Q006,醫學（二）,108,2019,108030,2301,6,moex_med_stage2_detailed_merged_001_3100_classified_v3.json
MOEX-108030-2301-Q007,MOEX-108030-2301-Q007,醫學（二）,108,2019,108030,2301,7,moex_med_stage2_detailed_merged_001_3100_classified_v3.json
MOEX-108030-2301-Q008,MOEX-108030-2301-Q008,醫學（二）,108,2019,108030,2301,8,moex_med_stage2_detailed_merged_001_3100_classified_v3.json
MOEX-108030-2301-Q009,MOEX-108030-2301-Q009,醫學（二）,108,2019,108030,2301,9,moex_med_stage2_detailed_merged_001_3100_classified_v3.json
MOEX-108030-2301-Q010,MOEX-108030-2301-Q010,醫學（二）,108,2019,108030,2301,10,moex_med_stage2_detailed_merged_001_3100_classified_v3.json
MOEX-108030-2301-Q011,MOEX-108030-2301-Q011,醫學（二）,108,2019,108030,2301,11,moex_med_stage2_detailed_merged_001_3100_classified_v3.json
MOEX-108030-2301-Q012,MOEX-108030-2301-Q012,醫學（二）,108,2019,108030,2301,12,moex_med_stage2_detailed_merged_001_3100_classified_v3.json
MOEX-108030-2301-Q013,MOEX-108030-2301-Q013,醫學（二）,108,2019,108030,2301,13,moex_med_stage2_detailed_merged_001_3100_classified_v3.json
MOEX-108030-2301-Q014,MOEX-108030-2301-Q014,醫學（二）,108,2019,108030,2301,14,moex_med_stage2_detailed_merged_001_3100_classified_v3.json
MOEX-108030-2301-Q015,MOEX-108030-2301-Q015,醫學（二）,108,2019,108030,2301,15,moex_med_stage2_detailed_merged_001_3100_classified_v3.json
MOEX-108030-2301-Q016,MOEX-108030-2301-Q016,醫學（二）,108,2019,108030,2301,16,moex_med_stage2_detailed_merged_001_3100_classified_v3.json
MOEX-108030-2301-Q017,MOEX-108030-2301-Q017,醫學（二）,108,2019,108030,2301,17,moex_med_stage2_detailed_merged_001_3100_classified_v3.json
MOEX-108030-2301-Q018,MOEX-108030-2301-Q018,醫學（二）,108,2019,108030,2301,18,moex_med_stage2_detailed_merged_001_3100_classified_v3.json
MOEX-108030-2301-Q019,MOEX-108030-2301-Q019,醫學（二）,108,2019,108030,2301,19,moex_med_stage2_detailed_merged_001_3100_classified_v3.json
MOEX-108030-2301-Q020,MOEX-108030-2301-Q020,醫學（二）,108,2019,108030,2301,20,moex_med_stage2_detailed_merged_001_3100_classified_v3.json
MOEX-108030-2301-Q021,MOEX-108030-2301-Q021,醫學（二）,108,2019,108030,2301,21,moex_med_stage2_detailed_merged_001_3100_classified_v3.json
MOEX-108030-2301-Q022,MOEX-108030-2301-Q022,醫學（二）,108,2019,108030,2301,22,moex_med_stage2_detailed_merged_001_3100_classified_v3.json
MOEX-108030-2301-Q023,MOEX-108030-2301-Q023,醫學（二）,108,2019,108030,2301,23,moex_med_stage2_detailed_merged_001_3100_classified_v3.json
MOEX-108030-2301-Q024,MOEX-108030-2301-Q024,醫學（二）,108,2019,108030,2301,24,moex_med_stage2_detailed_merged_001_3100_classified_v3.json
MOEX-108030-2301-Q025,MOEX-108030-2301-Q025,醫學（二）,108,2019,108030,2301,25,moex_med_stage2_detailed_merged_001_3100_classified_v3.json
MOEX-108030-2301-Q026,MOEX-108030-2301-Q026,醫學（二）,108,2019,108030,2301,26,moex_med_stage2_detailed_merged_001_3100_classified_v3.json
MOEX-108030-2301-Q027,MOEX-108030-2301-Q027,醫學（二）,108,2019,108030,2301,27,moex_med_stage2_detailed_merged_001_3100_classified_v3.json
MOEX-108030-2301-Q028,MOEX-108030-2301-Q028,醫學（二）,108,2019,108030,2301,28,moex_med_stage2_detailed_merged_001_3100_classified_v3.json
MOEX-108030-2301-Q029,MOEX-108030-2301-Q029,醫學（二）,108,2019,108030,2301,29,moex_med_stage2_detailed_merged_001_3100_classified_v3.json
MOEX-108030-2301-Q030,MOEX-108030-2301-Q030,醫學（二）,108,2019,108030,2301,30,moex_med_stage2_detailed_merged_001_3100_classified_v3.json
MOEX-108030-2301-Q031,MOEX-108030-2301-Q031,醫學（二）,108,2019,108030,2301,31,moex_med_stage2_detailed_merged_001_3100_classified_v3.json
MOEX-108030-2301-Q032,MOEX-108030-2301-Q032,醫學（二）,108,2019,108030,2301,32,moex_med_stage2_detailed_merged_001_3100_classified_v3.json
MOEX-108030-2301-Q033,MOEX-108030-2301-Q033,醫學（二）,108,2019,108030,2301,33,moex_med_stage2_detailed_merged_001_3100_classified_v3.json
MOEX-108030-2301-Q034,MOEX-108030-2301-Q034,醫學（二）,108,2019,108030,2301,34,moex_med_stage2_detailed_merged_001_3100_classified_v3.json
MOEX-108030-2301-Q035,MOEX-108030-2301-Q035,醫學（二）,108,2019,108030,2301,35,moex_med_stage2_detailed_merged_001_3100_classified_v3.json
MOEX-108030-2301-Q036,MOEX-108030-2301-Q036,醫學（二）,108,2019,108030,2301,36,moex_med_stage2_detailed_merged_001_3100_classified_v3.json
MOEX-108030-2301-Q037,MOEX-108030-2301-Q037,醫學（二）,108,2019,108030,2301,37,moex_med_stage2_detailed_merged_001_3100_classified_v3.json
MOEX-108030-2301-Q038,MOEX-108030-2301-Q038,醫學（二）,108,2019,108030,2301,38,moex_med_stage2_detailed_merged_001_3100_classified_v3.json
MOEX-108030-2301-Q039,MOEX-108030-2301-Q039,醫學（二）,108,2019,108030,2301,39,moex_med_stage2_detailed_merged_001_3100_classified_v3.json
MOEX-108030-2301-Q040,MOEX-108030-2301-Q040,醫學（二）,108,2019,108030,2301,40,moex_med_stage2_detailed_merged_001_3100_classified_v3.json
MOEX-108030-2301-Q041,MOEX-108030-2301-Q041,醫學（二）,108,2019,108030,2301,41,moex_med_stage2_detailed_merged_001_3100_classified_v3.json
MOEX-108030-2301-Q042,MOEX-108030-2301-Q042,醫學（二）,108,2019,108030,2301,42,moex_med_stage2_detailed_merged_001_3100_classified_v3.json
MOEX-108030-2301-Q043,MOEX-108030-2301-Q043,醫學（二）,108,2019,108030,2301,43,moex_med_stage2_detailed_merged_001_3100_classified_v3.json
MOEX-108030-2301-Q044,MOEX-108030-2301-Q044,醫學（二）,108,2019,108030,2301,44,moex_med_stage2_detailed_merged_001_3100_classified_v3.json
MOEX-108030-2301-Q045,MOEX-108030-2301-Q045,醫學（二）,108,2019,108030,2301,45,moex_med_stage2_detailed_merged_001_3100_classified_v3.json
MOEX-108030-2301-Q046,MOEX-108030-2301-Q046,醫學（二）,108,2019,108030,2301,46,moex_med_stage2_detailed_merged_001_3100_classified_v3.json
MOEX-108030-2301-Q047,MOEX-108030-2301-Q047,醫學（二）,108,2019,108030,2301,47,moex_med_stage2_detailed_merged_001_3100_classified_v3.json
MOEX-108030-2301-Q048,MOEX-108030-2301-Q048,醫學（二）,108,2019,108030,2301,48,moex_med_stage2_detailed_merged_001_3100_classified_v3.json
MOEX-108030-2301-Q049,MOEX-108030-2301-Q049,醫學（二）,108,2019,108030,2301,49,moex_med_stage2_detailed_merged_001_3100_classified_v3.json
MOEX-108030-2301-Q050,MOEX-108030-2301-Q050,醫學（二）,108,2019,108030,2301,50,moex_med_stage2_detailed_merged_001_3100_classified_v3.json
MOEX-108030-2301-Q051,MOEX-108030-2301-Q051,醫學（二）,108,2019,108030,2301,51,moex_med_stage2_detailed_merged_001_3100_classified_v3.json
MOEX-108030-2301-Q052,MOEX-108030-2301-Q052,醫學（二）,108,2019,108030,2301,52,moex_med_stage2_detailed_merged_001_3100_classified_v3.json
MOEX-108030-2301-Q053,MOEX-108030-2301-Q053,醫學（二）,108,2019,108030,2301,53,moex_med_stage2_detailed_merged_001_3100_classified_v3.json
MOEX-108030-2301-Q054,MOEX-108030-2301-Q054,醫學（二）,108,2019,108030,2301,54,moex_med_stage2_detailed_merged_001_3100_classified_v3.json
MOEX-108030-2301-Q055,MOEX-108030-2301-Q055,醫學（二）,108,2019,108030,2301,55,moex_med_stage2_detailed_merged_001_3100_classified_v3.json
MOEX-108030-2301-Q056,MOEX-108030-2301-Q056,醫學（二）,108,2019,108030,2301,56,moex_med_stage2_detailed_merged_001_3100_classified_v3.json
MOEX-108030-2301-Q057,MOEX-108030-2301-Q057,醫學（二）,108,2019,108030,2301,57,moex_med_stage2_detailed_merged_001_3100_classified_v3.json
MOEX-108030-2301-Q058,MOEX-108030-2301-Q058,醫學（二）,108,2019,108030,2301,58,moex_med_stage2_detailed_merged_001_3100_classified_v3.json
MOEX-108030-2301-Q059,MOEX-108030-2301-Q059,醫學（二）,108,2019,108030,2301,59,moex_med_stage2_detailed_merged_001_3100_classified_v3.json
MOEX-108030-2301-Q060,MOEX-108030-2301-Q060,醫學（二）,108,2019,108030,2301,60,moex_med_stage2_detailed_merged_001_3100_classified_v3.json
MOEX-108030-2301-Q061,MOEX-108030-2301-Q061,醫學（二）,108,2019,108030,2301,61,moex_med_stage2_detailed_merged_001_3100_classified_v3.json
MOEX-108030-2301-Q062,MOEX-108030-2301-Q062,醫學（二）,108,2019,108030,2301,62,moex_med_stage2_detailed_merged_001_3100_classified_v3.json
MOEX-108030-2301-Q063,MOEX-108030-2301-Q063,醫學（二）,108,2019,108030,2301,63,moex_med_stage2_detailed_merged_001_3100_classified_v3.json
MOEX-108030-2301-Q064,MOEX-108030-2301-Q064,醫學（二）,108,2019,108030,2301,64,moex_med_stage2_detailed_merged_001_3100_classified_v3.json
MOEX-108030-2301-Q065,MOEX-108030-2301-Q065,醫學（二）,108,2019,108030,2301,65,moex_med_stage2_detailed_merged_001_3100_classified_v3.json
MOEX-108030-2301-Q066,MOEX-108030-2301-Q066,醫學（二）,108,2019,108030,2301,66,moex_med_stage2_detailed_merged_001_3100_classified_v3.json
MOEX-108030-2301-Q067,MOEX-108030-2301-Q067,醫學（二）,108,2019,108030,2301,67,moex_med_stage2_detailed_merged_001_3100_classified_v3.json
MOEX-108030-2301-Q068,MOEX-108030-2301-Q068,醫學（二）,108,2019,108030,2301,68,moex_med_stage2_detailed_merged_001_3100_classified_v3.json
MOEX-108030-2301-Q069,MOEX-108030-2301-Q069,醫學（二）,108,2019,108030,2301,69,moex_med_stage2_detailed_merged_001_3100_classified_v3.json
MOEX-108030-2301-Q070,MOEX-108030-2301-Q070,醫學（二）,108,2019,108030,2301,70,moex_med_stage2_detailed_merged_001_3100_classified_v3.json
MOEX-108030-2301-Q071,MOEX-108030-2301-Q071,醫學（二）,108,2019,108030,2301,71,moex_med_stage2_detailed_merged_001_3100_classified_v3.json
MOEX-108030-2301-Q072,MOEX-108030-2301-Q072,醫學（二）,108,2019,108030,2301,72,moex_med_stage2_detailed_merged_001_3100_classified_v3.json
MOEX-108030-2301-Q073,MOEX-108030-2301-Q073,醫學（二）,108,2019,108030,2301,73,moex_med_stage2_detailed_merged_001_3100_classified_v3.json
MOEX-108030-2301-Q074,MOEX-108030-2301-Q074,醫學（二）,108,2019,108030,2301,74,moex_med_stage2_detailed_merged_001_3100_classified_v3.json
MOEX-108030-2301-Q075,MOEX-108030-2301-Q075,醫學（二）,108,2019,108030,2301,75,moex_med_stage2_detailed_merged_001_3100_classified_v3.json
MOEX-108030-2301-Q076,MOEX-108030-2301-Q076,醫學（二）,108,2019,108030,2301,76,moex_med_stage2_detailed_merged_001_3100_classified_v3.json
MOEX-108030-2301-Q077,MOEX-108030-2301-Q077,醫學（二）,108,2019,108030,2301,77,moex_med_stage2_detailed_merged_001_3100_classified_v3.json
MOEX-108030-2301-Q078,MOEX-108030-2301-Q078,醫學（二）,108,2019,108030,2301,78,moex_med_stage2_detailed_merged_001_3100_classified_v3.json
MOEX-108030-2301-Q079,MOEX-108030-2301-Q079,醫學（二）,108,2019,108030,2301,79,moex_med_stage2_detailed_merged_001_3100_classified_v3.json
MOEX-108030-2301-Q080,MOEX-108030-2301-Q080,醫學（二）,108,2019,108030,2301,80,moex_med_stage2_detailed_merged_001_3100_classified_v3.json
MOEX-108030-2301-Q081,MOEX-108030-2301-Q081,醫學（二）,108,2019,108030,2301,81,moex_med_stage2_detailed_merged_001_3100_classified_v3.json
MOEX-108030-2301-Q082,MOEX-108030-2301-Q082,醫學（二）,108,2019,108030,2301,82,moex_med_stage2_detailed_merged_001_3100_classified_v3.json
MOEX-108030-2301-Q083,MOEX-108030-2301-Q083,醫學（二）,108,2019,108030,2301,83,moex_med_stage2_detailed_merged_001_3100_classified_v3.json
MOEX-108030-2301-Q084,MOEX-108030-2301-Q084,醫學（二）,108,2019,108030,2301,84,moex_med_stage2_detailed_merged_001_3100_classified_v3.json
MOEX-108030-2301-Q085,MOEX-108030-2301-Q085,醫學（二）,108,2019,108030,2301,85,moex_med_stage2_detailed_merged_001_3100_classified_v3.json
MOEX-108030-2301-Q086,MOEX-108030-2301-Q086,醫學（二）,108,2019,108030,2301,86,moex_med_stage2_detailed_merged_001_3100_classified_v3.json
MOEX-108030-2301-Q087,MOEX-108030-2301-Q087,醫學（二）,108,2019,108030,2301,87,moex_med_stage2_detailed_merged_001_3100_classified_v3.json
MOEX-108030-2301-Q088,MOEX-108030-2301-Q088,醫學（二）,108,2019,108030,2301,88,moex_med_stage2_detailed_merged_001_3100_classified_v3.json
MOEX-108030-2301-Q089,MOEX-108030-2301-Q089,醫學（二）,108,2019,108030,2301,89,moex_med_stage2_detailed_merged_001_3100_classified_v3.json
MOEX-108030-2301-Q090,MOEX-108030-2301-Q090,醫學（二）,108,2019,108030,2301,90,moex_med_stage2_detailed_merged_001_3100_classified_v3.json
MOEX-108030-2301-Q091,MOEX-108030-2301-Q091,醫學（二）,108,2019,108030,2301,91,moex_med_stage2_detailed_merged_001_3100_classified_v3.json
MOEX-108030-2301-Q092,MOEX-108030-2301-Q092,醫學（二）,108,2019,108030,2301,92,moex_med_stage2_detailed_merged_001_3100_classified_v3.json
MOEX-108030-2301-Q093,MOEX-108030-2301-Q093,醫學（二）,108,2019,108030,2301,93,moex_med_stage2_detailed_merged_001_3100_classified_v3.json
MOEX-108030-2301-Q094,MOEX-108030-2301-Q094,醫學（二）,108,2019,108030,2301,94,moex_med_stage2_detailed_merged_001_3100_classified_v3.json
MOEX-108030-2301-Q095,MOEX-108030-2301-Q095,醫學（二）,108,2019,108030,2301,95,moex_med_stage2_detailed_merged_001_3100_classified_v3.json
MOEX-108030-2301-Q096,MOEX-108030-2301-Q096,醫學（二）,108,2019,108030,2301,96,moex_med_stage2_detailed_merged_001_3100_classified_v3.json
MOEX-108030-2301-Q097,MOEX-108030-2301-Q097,醫學（二）,108,2019,108030,2301,97,moex_med_stage2_detailed_merged_001_3100_classified_v3.json
MOEX-108030-2301-Q098,MOEX-108030-2301-Q098,醫學（二）,108,2019,108030,2301,98,moex_med_stage2_detailed_merged_001_3100_classified_v3.json
MOEX-108030-2301-Q099,MOEX-108030-2301-Q099,醫學（二）,108,2019,108030,2301,99,moex_med_stage2_detailed_merged_001_3100_classified_v3.json
MOEX-108030-2301-Q100,MOEX-108030-2301-Q100,醫學（二）,108,2019,108030,2301,100,moex_med_stage2_detailed_merged_001_3100_classified_v3.json
MOEX-108100-2301-Q001,MOEX-108100-2301-Q001,醫學（二）,108,2019,108100,2301,1,moex_med_stage2_detailed_merged_001_3100_classified_v3.json
MOEX-108100-2301-Q002,MOEX-108100-2301-Q002,醫學（二）,108,2019,108100,2301,2,moex_med_stage2_detailed_merged_001_3100_classified_v3.json
MOEX-108100-2301-Q003,MOEX-108100-2301-Q003,醫學（二）,108,2019,108100,2301,3,moex_med_stage2_detailed_merged_001_3100_classified_v3.json
MOEX-108100-2301-Q004,MOEX-108100-2301-Q004,醫學（二）,108,2019,108100,2301,4,moex_med_stage2_detailed_merged_001_3100_classified_v3.json
MOEX-108100-2301-Q005,MOEX-108100-2301-Q005,醫學（二）,108,2019,108100,2301,5,moex_med_stage2_detailed_merged_001_3100_classified_v3.json
MOEX-108100-2301-Q006,MOEX-108100-2301-Q006,醫學（二）,108,2019,108100,2301,6,moex_med_stage2_detailed_merged_001_3100_classified_v3.json
MOEX-108100-2301-Q007,MOEX-108100-2301-Q007,醫學（二）,108,2019,108100,2301,7,moex_med_stage2_detailed_merged_001_3100_classified_v3.json
MOEX-108100-2301-Q008,MOEX-108100-2301-Q008,醫學（二）,108,2019,108100,2301,8,moex_med_stage2_detailed_merged_001_3100_classified_v3.json
MOEX-108100-2301-Q009,MOEX-108100-2301-Q009,醫學（二）,108,2019,108100,2301,9,moex_med_stage2_detailed_merged_001_3100_classified_v3.json
MOEX-108100-2301-Q010,MOEX-108100-2301-Q010,醫學（二）,108,2019,108100,2301,10,moex_med_stage2_detailed_merged_001_3100_classified_v3.json
MOEX-108100-2301-Q011,MOEX-108100-2301-Q011,醫學（二）,108,2019,108100,2301,11,moex_med_stage2_detailed_merged_001_3100_classified_v3.json
MOEX-108100-2301-Q012,MOEX-108100-2301-Q012,醫學（二）,108,2019,108100,2301,12,moex_med_stage2_detailed_merged_001_3100_classified_v3.json
MOEX-108100-2301-Q013,MOEX-108100-2301-Q013,醫學（二）,108,2019,108100,2301,13,moex_med_stage2_detailed_merged_001_3100_classified_v3.json
MOEX-108100-2301-Q014,MOEX-108100-2301-Q014,醫學（二）,108,2019,108100,2301,14,moex_med_stage2_detailed_merged_001_3100_classified_v3.json
MOEX-108100-2301-Q015,MOEX-108100-2301-Q015,醫學（二）,108,2019,108100,2301,15,moex_med_stage2_detailed_merged_001_3100_classified_v3.json
MOEX-108100-2301-Q016,MOEX-108100-2301-Q016,醫學（二）,108,2019,108100,2301,16,moex_med_stage2_detailed_merged_001_3100_classified_v3.json
MOEX-108100-2301-Q017,MOEX-108100-2301-Q017,醫學（二）,108,2019,108100,2301,17,moex_med_stage2_detailed_merged_001_3100_classified_v3.json
MOEX-108100-2301-Q018,MOEX-108100-2301-Q018,醫學（二）,108,2019,108100,2301,18,moex_med_stage2_detailed_merged_001_3100_classified_v3.json
MOEX-108100-2301-Q019,MOEX-108100-2301-Q019,醫學（二）,108,2019,108100,2301,19,moex_med_stage2_detailed_merged_001_3100_classified_v3.json
MOEX-108100-2301-Q020,MOEX-108100-2301-Q020,醫學（二）,108,2019,108100,2301,20,moex_med_stage2_detailed_merged_001_3100_classified_v3.json
MOEX-108100-2301-Q021,MOEX-108100-2301-Q021,醫學（二）,108,2019,108100,2301,21,moex_med_stage2_detailed_merged_001_3100_classified_v3.json
MOEX-108100-2301-Q022,MOEX-108100-2301-Q022,醫學（二）,108,2019,108100,2301,22,moex_med_stage2_detailed_merged_001_3100_classified_v3.json
MOEX-108100-2301-Q023,MOEX-108100-2301-Q023,醫學（二）,108,2019,108100,2301,23,moex_med_stage2_detailed_merged_001_3100_classified_v3.json
MOEX-108100-2301-Q024,MOEX-108100-2301-Q024,醫學（二）,108,2019,108100,2301,24,moex_med_stage2_detailed_merged_001_3100_classified_v3.json
MOEX-108100-2301-Q025,MOEX-108100-2301-Q025,醫學（二）,108,2019,108100,2301,25,moex_med_stage2_detailed_merged_001_3100_classified_v3.json
MOEX-108100-2301-Q026,MOEX-108100-2301-Q026,醫學（二）,108,2019,108100,2301,26,moex_med_stage2_detailed_merged_001_3100_classified_v3.json
MOEX-108100-2301-Q027,MOEX-108100-2301-Q027,醫學（二）,108,2019,108100,2301,27,moex_med_stage2_detailed_merged_001_3100_classified_v3.json
MOEX-108100-2301-Q028,MOEX-108100-2301-Q028,醫學（二）,108,2019,108100,2301,28,moex_med_stage2_detailed_merged_001_3100_classified_v3.json
MOEX-108100-2301-Q029,MOEX-108100-2301-Q029,醫學（二）,108,2019,108100,2301,29,moex_med_stage2_detailed_merged_001_3100_classified_v3.json
MOEX-108100-2301-Q030,MOEX-108100-2301-Q030,醫學（二）,108,2019,108100,2301,30,moex_med_stage2_detailed_merged_001_3100_classified_v3.json
MOEX-108100-2301-Q031,MOEX-108100-2301-Q031,醫學（二）,108,2019,108100,2301,31,moex_med_stage2_detailed_merged_001_3100_classified_v3.json
MOEX-108100-2301-Q032,MOEX-108100-2301-Q032,醫學（二）,108,2019,108100,2301,32,moex_med_stage2_detailed_merged_001_3100_classified_v3.json
MOEX-108100-2301-Q033,MOEX-108100-2301-Q033,醫學（二）,108,2019,108100,2301,33,moex_med_stage2_detailed_merged_001_3100_classified_v3.json
MOEX-108100-2301-Q034,MOEX-108100-2301-Q034,醫學（二）,108,2019,108100,2301,34,moex_med_stage2_detailed_merged_001_3100_classified_v3.json
MOEX-108100-2301-Q035,MOEX-108100-2301-Q035,醫學（二）,108,2019,108100,2301,35,moex_med_stage2_detailed_merged_001_3100_classified_v3.json
MOEX-108100-2301-Q036,MOEX-108100-2301-Q036,醫學（二）,108,2019,108100,2301,36,moex_med_stage2_detailed_merged_001_3100_classified_v3.json
MOEX-108100-2301-Q037,MOEX-108100-2301-Q037,醫學（二）,108,2019,108100,2301,37,moex_med_stage2_detailed_merged_001_3100_classified_v3.json
MOEX-108100-2301-Q038,MOEX-108100-2301-Q038,醫學（二）,108,2019,108100,2301,38,moex_med_stage2_detailed_merged_001_3100_classified_v3.json
MOEX-108100-2301-Q039,MOEX-108100-2301-Q039,醫學（二）,108,2019,108100,2301,39,moex_med_stage2_detailed_merged_001_3100_classified_v3.json
MOEX-108100-2301-Q040,MOEX-108100-2301-Q040,醫學（二）,108,2019,108100,2301,40,moex_med_stage2_detailed_merged_001_3100_classified_v3.json
MOEX-108100-2301-Q041,MOEX-108100-2301-Q041,醫學（二）,108,2019,108100,2301,41,moex_med_stage2_detailed_merged_001_3100_classified_v3.json
MOEX-108100-2301-Q042,MOEX-108100-2301-Q042,醫學（二）,108,2019,108100,2301,42,moex_med_stage2_detailed_merged_001_3100_classified_v3.json
MOEX-108100-2301-Q043,MOEX-108100-2301-Q043,醫學（二）,108,2019,108100,2301,43,moex_med_stage2_detailed_merged_001_3100_classified_v3.json
MOEX-108100-2301-Q044,MOEX-108100-2301-Q044,醫學（二）,108,2019,108100,2301,44,moex_med_stage2_detailed_merged_001_3100_classified_v3.json
MOEX-108100-2301-Q045,MOEX-108100-2301-Q045,醫學（二）,108,2019,108100,2301,45,moex_med_stage2_detailed_merged_001_3100_classified_v3.json
MOEX-108100-2301-Q046,MOEX-108100-2301-Q046,醫學（二）,108,2019,108100,2301,46,moex_med_stage2_detailed_merged_001_3100_classified_v3.json
MOEX-108100-2301-Q047,MOEX-108100-2301-Q047,醫學（二）,108,2019,108100,2301,47,moex_med_stage2_detailed_merged_001_3100_classified_v3.json
MOEX-108100-2301-Q048,MOEX-108100-2301-Q048,醫學（二）,108,2019,108100,2301,48,moex_med_stage2_detailed_merged_001_3100_classified_v3.json
MOEX-108100-2301-Q049,MOEX-108100-2301-Q049,醫學（二）,108,2019,108100,2301,49,moex_med_stage2_detailed_merged_001_3100_classified_v3.json
MOEX-108100-2301-Q050,MOEX-108100-2301-Q050,醫學（二）,108,2019,108100,2301,50,moex_med_stage2_detailed_merged_001_3100_classified_v3.json
MOEX-108100-2301-Q051,MOEX-108100-2301-Q051,醫學（二）,108,2019,108100,2301,51,moex_med_stage2_detailed_merged_001_3100_classified_v3.json
MOEX-108100-2301-Q052,MOEX-108100-2301-Q052,醫學（二）,108,2019,108100,2301,52,moex_med_stage2_detailed_merged_001_3100_classified_v3.json
MOEX-108100-2301-Q053,MOEX-108100-2301-Q053,醫學（二）,108,2019,108100,2301,53,moex_med_stage2_detailed_merged_001_3100_classified_v3.json
MOEX-108100-2301-Q054,MOEX-108100-2301-Q054,醫學（二）,108,2019,108100,2301,54,moex_med_stage2_detailed_merged_001_3100_classified_v3.json
MOEX-108100-2301-Q055,MOEX-108100-2301-Q055,醫學（二）,108,2019,108100,2301,55,moex_med_stage2_detailed_merged_001_3100_classified_v3.json
MOEX-108100-2301-Q056,MOEX-108100-2301-Q056,醫學（二）,108,2019,108100,2301,56,moex_med_stage2_detailed_merged_001_3100_classified_v3.json
MOEX-108100-2301-Q057,MOEX-108100-2301-Q057,醫學（二）,108,2019,108100,2301,57,moex_med_stage2_detailed_merged_001_3100_classified_v3.json
MOEX-108100-2301-Q058,MOEX-108100-2301-Q058,醫學（二）,108,2019,108100,2301,58,moex_med_stage2_detailed_merged_001_3100_classified_v3.json
MOEX-108100-2301-Q059,MOEX-108100-2301-Q059,醫學（二）,108,2019,108100,2301,59,moex_med_stage2_detailed_merged_001_3100_classified_v3.json
MOEX-108100-2301-Q060,MOEX-108100-2301-Q060,醫學（二）,108,2019,108100,2301,60,moex_med_stage2_detailed_merged_001_3100_classified_v3.json
MOEX-108100-2301-Q061,MOEX-108100-2301-Q061,醫學（二）,108,2019,108100,2301,61,moex_med_stage2_detailed_merged_001_3100_classified_v3.json
MOEX-108100-2301-Q062,MOEX-108100-2301-Q062,醫學（二）,108,2019,108100,2301,62,moex_med_stage2_detailed_merged_001_3100_classified_v3.json
MOEX-108100-2301-Q063,MOEX-108100-2301-Q063,醫學（二）,108,2019,108100,2301,63,moex_med_stage2_detailed_merged_001_3100_classified_v3.json
MOEX-108100-2301-Q064,MOEX-108100-2301-Q064,醫學（二）,108,2019,108100,2301,64,moex_med_stage2_detailed_merged_001_3100_classified_v3.json
MOEX-108100-2301-Q065,MOEX-108100-2301-Q065,醫學（二）,108,2019,108100,2301,65,moex_med_stage2_detailed_merged_001_3100_classified_v3.json
MOEX-108100-2301-Q066,MOEX-108100-2301-Q066,醫學（二）,108,2019,108100,2301,66,moex_med_stage2_detailed_merged_001_3100_classified_v3.json
MOEX-108100-2301-Q067,MOEX-108100-2301-Q067,醫學（二）,108,2019,108100,2301,67,moex_med_stage2_detailed_merged_001_3100_classified_v3.json
MOEX-108100-2301-Q068,MOEX-108100-2301-Q068,醫學（二）,108,2019,108100,2301,68,moex_med_stage2_detailed_merged_001_3100_classified_v3.json
MOEX-108100-2301-Q069,MOEX-108100-2301-Q069,醫學（二）,108,2019,108100,2301,69,moex_med_stage2_detailed_merged_001_3100_classified_v3.json
MOEX-108100-2301-Q070,MOEX-108100-2301-Q070,醫學（二）,108,2019,108100,2301,70,moex_med_stage2_detailed_merged_001_3100_classified_v3.json
MOEX-108100-2301-Q071,MOEX-108100-2301-Q071,醫學（二）,108,2019,108100,2301,71,moex_med_stage2_detailed_merged_001_3100_classified_v3.json
MOEX-108100-2301-Q072,MOEX-108100-2301-Q072,醫學（二）,108,2019,108100,2301,72,moex_med_stage2_detailed_merged_001_3100_classified_v3.json
MOEX-108100-2301-Q073,MOEX-108100-2301-Q073,醫學（二）,108,2019,108100,2301,73,moex_med_stage2_detailed_merged_001_3100_classified_v3.json
MOEX-108100-2301-Q074,MOEX-108100-2301-Q074,醫學（二）,108,2019,108100,2301,74,moex_med_stage2_detailed_merged_001_3100_classified_v3.json
MOEX-108100-2301-Q075,MOEX-108100-2301-Q075,醫學（二）,108,2019,108100,2301,75,moex_med_stage2_detailed_merged_001_3100_classified_v3.json
MOEX-108100-2301-Q076,MOEX-108100-2301-Q076,醫學（二）,108,2019,108100,2301,76,moex_med_stage2_detailed_merged_001_3100_classified_v3.json
MOEX-108100-2301-Q077,MOEX-108100-2301-Q077,醫學（二）,108,2019,108100,2301,77,moex_med_stage2_detailed_merged_001_3100_classified_v3.json
MOEX-108100-2301-Q078,MOEX-108100-2301-Q078,醫學（二）,108,2019,108100,2301,78,moex_med_stage2_detailed_merged_001_3100_classified_v3.json
MOEX-108100-2301-Q079,MOEX-108100-2301-Q079,醫學（二）,108,2019,108100,2301,79,moex_med_stage2_detailed_merged_001_3100_classified_v3.json
MOEX-108100-2301-Q080,MOEX-108100-2301-Q080,醫學（二）,108,2019,108100,2301,80,moex_med_stage2_detailed_merged_001_3100_classified_v3.json
MOEX-108100-2301-Q081,MOEX-108100-2301-Q081,醫學（二）,108,2019,108100,2301,81,moex_med_stage2_detailed_merged_001_3100_classified_v3.json
MOEX-108100-2301-Q082,MOEX-108100-2301-Q082,醫學（二）,108,2019,108100,2301,82,moex_med_stage2_detailed_merged_001_3100_classified_v3.json
MOEX-108100-2301-Q083,MOEX-108100-2301-Q083,醫學（二）,108,2019,108100,2301,83,moex_med_stage2_detailed_merged_001_3100_classified_v3.json
MOEX-108100-2301-Q084,MOEX-108100-2301-Q084,醫學（二）,108,2019,108100,2301,84,moex_med_stage2_detailed_merged_001_3100_classified_v3.json
MOEX-108100-2301-Q085,MOEX-108100-2301-Q085,醫學（二）,108,2019,108100,2301,85,moex_med_stage2_detailed_merged_001_3100_classified_v3.json
MOEX-108100-2301-Q086,MOEX-108100-2301-Q086,醫學（二）,108,2019,108100,2301,86,moex_med_stage2_detailed_merged_001_3100_classified_v3.json
MOEX-108100-2301-Q087,MOEX-108100-2301-Q087,醫學（二）,108,2019,108100,2301,87,moex_med_stage2_detailed_merged_001_3100_classified_v3.json
MOEX-108100-2301-Q088,MOEX-108100-2301-Q088,醫學（二）,108,2019,108100,2301,88,moex_med_stage2_detailed_merged_001_3100_classified_v3.json
MOEX-108100-2301-Q089,MOEX-108100-2301-Q089,醫學（二）,108,2019,108100,2301,89,moex_med_stage2_detailed_merged_001_3100_classified_v3.json
MOEX-108100-2301-Q090,MOEX-108100-2301-Q090,醫學（二）,108,2019,108100,2301,90,moex_med_stage2_detailed_merged_001_3100_classified_v3.json
MOEX-108100-2301-Q091,MOEX-108100-2301-Q091,醫學（二）,108,2019,108100,2301,91,moex_med_stage2_detailed_merged_001_3100_classified_v3.json
MOEX-108100-2301-Q092,MOEX-108100-2301-Q092,醫學（二）,108,2019,108100,2301,92,moex_med_stage2_detailed_merged_001_3100_classified_v3.json
MOEX-108100-2301-Q093,MOEX-108100-2301-Q093,醫學（二）,108,2019,108100,2301,93,moex_med_stage2_detailed_merged_001_3100_classified_v3.json
MOEX-108100-2301-Q094,MOEX-108100-2301-Q094,醫學（二）,108,2019,108100,2301,94,moex_med_stage2_detailed_merged_001_3100_classified_v3.json
MOEX-108100-2301-Q095,MOEX-108100-2301-Q095,醫學（二）,108,2019,108100,2301,95,moex_med_stage2_detailed_merged_001_3100_classified_v3.json
MOEX-108100-2301-Q096,MOEX-108100-2301-Q096,醫學（二）,108,2019,108100,2301,96,moex_med_stage2_detailed_merged_001_3100_classified_v3.json
MOEX-108100-2301-Q097,MOEX-108100-2301-Q097,醫學（二）,108,2019,108100,2301,97,moex_med_stage2_detailed_merged_001_3100_classified_v3.json
MOEX-108100-2301-Q098,MOEX-108100-2301-Q098,醫學（二）,108,2019,108100,2301,98,moex_med_stage2_detailed_merged_001_3100_classified_v3.json
MOEX-108100-2301-Q099,MOEX-108100-2301-Q099,醫學（二）,108,2019,108100,2301,99,moex_med_stage2_detailed_merged_001_3100_classified_v3.json
MOEX-108100-2301-Q100,MOEX-108100-2301-Q100,醫學（二）,108,2019,108100,2301,100,moex_med_stage2_detailed_merged_001_3100_classified_v3.json
MOEX-109020-1301-Q001,MOEX-109020-1301-Q001,醫學（一）,109,2020,109020,1301,1,moex_med1_missing_batch2_109020_1301_detailed.json
MOEX-109020-1301-Q002,MOEX-109020-1301-Q002,醫學（一）,109,2020,109020,1301,2,moex_med1_missing_batch2_109020_1301_detailed.json
MOEX-109020-1301-Q003,MOEX-109020-1301-Q003,醫學（一）,109,2020,109020,1301,3,moex_med1_missing_batch2_109020_1301_detailed.json
MOEX-109020-1301-Q004,MOEX-109020-1301-Q004,醫學（一）,109,2020,109020,1301,4,moex_med1_missing_batch2_109020_1301_detailed.json
MOEX-109020-1301-Q005,MOEX-109020-1301-Q005,醫學（一）,109,2020,109020,1301,5,moex_med1_missing_batch2_109020_1301_detailed.json
MOEX-109020-1301-Q006,MOEX-109020-1301-Q006,醫學（一）,109,2020,109020,1301,6,moex_med1_missing_batch2_109020_1301_detailed.json
MOEX-109020-1301-Q007,MOEX-109020-1301-Q007,醫學（一）,109,2020,109020,1301,7,moex_med1_missing_batch2_109020_1301_detailed.json
MOEX-109020-1301-Q008,MOEX-109020-1301-Q008,醫學（一）,109,2020,109020,1301,8,moex_med1_missing_batch2_109020_1301_detailed.json
MOEX-109020-1301-Q009,MOEX-109020-1301-Q009,醫學（一）,109,2020,109020,1301,9,moex_med1_missing_batch2_109020_1301_detailed.json
MOEX-109020-1301-Q010,MOEX-109020-1301-Q010,醫學（一）,109,2020,109020,1301,10,moex_med1_missing_batch2_109020_1301_detailed.json
MOEX-109020-1301-Q011,MOEX-109020-1301-Q011,醫學（一）,109,2020,109020,1301,11,moex_med1_missing_batch2_109020_1301_detailed.json
MOEX-109020-1301-Q012,MOEX-109020-1301-Q012,醫學（一）,109,2020,109020,1301,12,moex_med1_missing_batch2_109020_1301_detailed.json
MOEX-109020-1301-Q013,MOEX-109020-1301-Q013,醫學（一）,109,2020,109020,1301,13,moex_med1_missing_batch2_109020_1301_detailed.json
MOEX-109020-1301-Q014,MOEX-109020-1301-Q014,醫學（一）,109,2020,109020,1301,14,moex_med1_missing_batch2_109020_1301_detailed.json
MOEX-109020-1301-Q015,MOEX-109020-1301-Q015,醫學（一）,109,2020,109020,1301,15,moex_med1_missing_batch2_109020_1301_detailed.json
MOEX-109020-1301-Q016,MOEX-109020-1301-Q016,醫學（一）,109,2020,109020,1301,16,moex_med1_missing_batch2_109020_1301_detailed.json
MOEX-109020-1301-Q017,MOEX-109020-1301-Q017,醫學（一）,109,2020,109020,1301,17,moex_med1_missing_batch2_109020_1301_detailed.json
MOEX-109020-1301-Q018,MOEX-109020-1301-Q018,醫學（一）,109,2020,109020,1301,18,moex_med1_missing_batch2_109020_1301_detailed.json
MOEX-109020-1301-Q019,MOEX-109020-1301-Q019,醫學（一）,109,2020,109020,1301,19,moex_med1_missing_batch2_109020_1301_detailed.json
MOEX-109020-1301-Q020,MOEX-109020-1301-Q020,醫學（一）,109,2020,109020,1301,20,moex_med1_missing_batch2_109020_1301_detailed.json
MOEX-109020-1301-Q021,MOEX-109020-1301-Q021,醫學（一）,109,2020,109020,1301,21,moex_med1_missing_batch2_109020_1301_detailed.json
MOEX-109020-1301-Q022,MOEX-109020-1301-Q022,醫學（一）,109,2020,109020,1301,22,moex_med1_missing_batch2_109020_1301_detailed.json
MOEX-109020-1301-Q023,MOEX-109020-1301-Q023,醫學（一）,109,2020,109020,1301,23,moex_med1_missing_batch2_109020_1301_detailed.json
MOEX-109020-1301-Q024,MOEX-109020-1301-Q024,醫學（一）,109,2020,109020,1301,24,moex_med1_missing_batch2_109020_1301_detailed.json
MOEX-109020-1301-Q025,MOEX-109020-1301-Q025,醫學（一）,109,2020,109020,1301,25,moex_med1_missing_batch2_109020_1301_detailed.json
MOEX-109020-1301-Q026,MOEX-109020-1301-Q026,醫學（一）,109,2020,109020,1301,26,moex_med1_missing_batch2_109020_1301_detailed.json
MOEX-109020-1301-Q027,MOEX-109020-1301-Q027,醫學（一）,109,2020,109020,1301,27,moex_med1_missing_batch2_109020_1301_detailed.json
MOEX-109020-1301-Q028,MOEX-109020-1301-Q028,醫學（一）,109,2020,109020,1301,28,moex_med1_missing_batch2_109020_1301_detailed.json
MOEX-109020-1301-Q029,MOEX-109020-1301-Q029,醫學（一）,109,2020,109020,1301,29,moex_med1_missing_batch2_109020_1301_detailed.json
MOEX-109020-1301-Q030,MOEX-109020-1301-Q030,醫學（一）,109,2020,109020,1301,30,moex_med1_missing_batch2_109020_1301_detailed.json
MOEX-109020-1301-Q031,MOEX-109020-1301-Q031,醫學（一）,109,2020,109020,1301,31,moex_med1_missing_batch2_109020_1301_detailed.json
MOEX-109020-1301-Q032,MOEX-109020-1301-Q032,醫學（一）,109,2020,109020,1301,32,moex_med1_missing_batch2_109020_1301_detailed.json
MOEX-109020-1301-Q033,MOEX-109020-1301-Q033,醫學（一）,109,2020,109020,1301,33,moex_med1_missing_batch2_109020_1301_detailed.json
MOEX-109020-1301-Q034,MOEX-109020-1301-Q034,醫學（一）,109,2020,109020,1301,34,moex_med1_missing_batch2_109020_1301_detailed.json
MOEX-109020-1301-Q035,MOEX-109020-1301-Q035,醫學（一）,109,2020,109020,1301,35,moex_med1_missing_batch2_109020_1301_detailed.json
MOEX-109020-1301-Q036,MOEX-109020-1301-Q036,醫學（一）,109,2020,109020,1301,36,moex_med1_missing_batch2_109020_1301_detailed.json
MOEX-109020-1301-Q037,MOEX-109020-1301-Q037,醫學（一）,109,2020,109020,1301,37,moex_med1_missing_batch2_109020_1301_detailed.json
MOEX-109020-1301-Q038,MOEX-109020-1301-Q038,醫學（一）,109,2020,109020,1301,38,moex_med1_missing_batch2_109020_1301_detailed.json
MOEX-109020-1301-Q039,MOEX-109020-1301-Q039,醫學（一）,109,2020,109020,1301,39,moex_med1_missing_batch2_109020_1301_detailed.json
MOEX-109020-1301-Q040,MOEX-109020-1301-Q040,醫學（一）,109,2020,109020,1301,40,moex_med1_missing_batch2_109020_1301_detailed.json
MOEX-109020-1301-Q041,MOEX-109020-1301-Q041,醫學（一）,109,2020,109020,1301,41,moex_med1_missing_batch2_109020_1301_detailed.json
MOEX-109020-1301-Q042,MOEX-109020-1301-Q042,醫學（一）,109,2020,109020,1301,42,moex_med1_missing_batch2_109020_1301_detailed.json
MOEX-109020-1301-Q043,MOEX-109020-1301-Q043,醫學（一）,109,2020,109020,1301,43,moex_med1_missing_batch2_109020_1301_detailed.json
MOEX-109020-1301-Q044,MOEX-109020-1301-Q044,醫學（一）,109,2020,109020,1301,44,moex_med1_missing_batch2_109020_1301_detailed.json
MOEX-109020-1301-Q045,MOEX-109020-1301-Q045,醫學（一）,109,2020,109020,1301,45,moex_med1_missing_batch2_109020_1301_detailed.json
MOEX-109020-1301-Q046,MOEX-109020-1301-Q046,醫學（一）,109,2020,109020,1301,46,moex_med1_missing_batch2_109020_1301_detailed.json
MOEX-109020-1301-Q047,MOEX-109020-1301-Q047,醫學（一）,109,2020,109020,1301,47,moex_med1_missing_batch2_109020_1301_detailed.json
MOEX-109020-1301-Q048,MOEX-109020-1301-Q048,醫學（一）,109,2020,109020,1301,48,moex_med1_missing_batch2_109020_1301_detailed.json
MOEX-109020-1301-Q049,MOEX-109020-1301-Q049,醫學（一）,109,2020,109020,1301,49,moex_med1_missing_batch2_109020_1301_detailed.json
MOEX-109020-1301-Q050,MOEX-109020-1301-Q050,醫學（一）,109,2020,109020,1301,50,moex_med1_missing_batch2_109020_1301_detailed.json
MOEX-109020-1301-Q051,MOEX-109020-1301-Q051,醫學（一）,109,2020,109020,1301,51,moex_med1_missing_batch2_109020_1301_detailed.json
MOEX-109020-1301-Q052,MOEX-109020-1301-Q052,醫學（一）,109,2020,109020,1301,52,moex_med1_missing_batch2_109020_1301_detailed.json
MOEX-109020-1301-Q053,MOEX-109020-1301-Q053,醫學（一）,109,2020,109020,1301,53,moex_med1_missing_batch2_109020_1301_detailed.json
MOEX-109020-1301-Q054,MOEX-109020-1301-Q054,醫學（一）,109,2020,109020,1301,54,moex_med1_missing_batch2_109020_1301_detailed.json
MOEX-109020-1301-Q055,MOEX-109020-1301-Q055,醫學（一）,109,2020,109020,1301,55,moex_med1_missing_batch2_109020_1301_detailed.json
MOEX-109020-1301-Q056,MOEX-109020-1301-Q056,醫學（一）,109,2020,109020,1301,56,moex_med1_missing_batch2_109020_1301_detailed.json
MOEX-109020-1301-Q057,MOEX-109020-1301-Q057,醫學（一）,109,2020,109020,1301,57,moex_med1_missing_batch2_109020_1301_detailed.json
MOEX-109020-1301-Q058,MOEX-109020-1301-Q058,醫學（一）,109,2020,109020,1301,58,moex_med1_missing_batch2_109020_1301_detailed.json
MOEX-109020-1301-Q059,MOEX-109020-1301-Q059,醫學（一）,109,2020,109020,1301,59,moex_med1_missing_batch2_109020_1301_detailed.json
MOEX-109020-1301-Q060,MOEX-109020-1301-Q060,醫學（一）,109,2020,109020,1301,60,moex_med1_missing_batch2_109020_1301_detailed.json
MOEX-109020-1301-Q061,MOEX-109020-1301-Q061,醫學（一）,109,2020,109020,1301,61,moex_med1_missing_batch2_109020_1301_detailed.json
MOEX-109020-1301-Q062,MOEX-109020-1301-Q062,醫學（一）,109,2020,109020,1301,62,moex_med1_missing_batch2_109020_1301_detailed.json
MOEX-109020-1301-Q063,MOEX-109020-1301-Q063,醫學（一）,109,2020,109020,1301,63,moex_med1_missing_batch2_109020_1301_detailed.json
MOEX-109020-1301-Q064,MOEX-109020-1301-Q064,醫學（一）,109,2020,109020,1301,64,moex_med1_missing_batch2_109020_1301_detailed.json
MOEX-109020-1301-Q065,MOEX-109020-1301-Q065,醫學（一）,109,2020,109020,1301,65,moex_med1_missing_batch2_109020_1301_detailed.json
MOEX-109020-1301-Q066,MOEX-109020-1301-Q066,醫學（一）,109,2020,109020,1301,66,moex_med1_missing_batch2_109020_1301_detailed.json
MOEX-109020-1301-Q067,MOEX-109020-1301-Q067,醫學（一）,109,2020,109020,1301,67,moex_med1_missing_batch2_109020_1301_detailed.json
MOEX-109020-1301-Q068,MOEX-109020-1301-Q068,醫學（一）,109,2020,109020,1301,68,moex_med1_missing_batch2_109020_1301_detailed.json
MOEX-109020-1301-Q069,MOEX-109020-1301-Q069,醫學（一）,109,2020,109020,1301,69,moex_med1_missing_batch2_109020_1301_detailed.json
MOEX-109020-1301-Q070,MOEX-109020-1301-Q070,醫學（一）,109,2020,109020,1301,70,moex_med1_missing_batch2_109020_1301_detailed.json
MOEX-109020-1301-Q071,MOEX-109020-1301-Q071,醫學（一）,109,2020,109020,1301,71,moex_med1_missing_batch2_109020_1301_detailed.json
MOEX-109020-1301-Q072,MOEX-109020-1301-Q072,醫學（一）,109,2020,109020,1301,72,moex_med1_missing_batch2_109020_1301_detailed.json
MOEX-109020-1301-Q073,MOEX-109020-1301-Q073,醫學（一）,109,2020,109020,1301,73,moex_med1_missing_batch2_109020_1301_detailed.json
MOEX-109020-1301-Q074,MOEX-109020-1301-Q074,醫學（一）,109,2020,109020,1301,74,moex_med1_missing_batch2_109020_1301_detailed.json
MOEX-109020-1301-Q075,MOEX-109020-1301-Q075,醫學（一）,109,2020,109020,1301,75,moex_med1_missing_batch2_109020_1301_detailed.json
MOEX-109020-1301-Q076,MOEX-109020-1301-Q076,醫學（一）,109,2020,109020,1301,76,moex_med1_missing_batch2_109020_1301_detailed.json
MOEX-109020-1301-Q077,MOEX-109020-1301-Q077,醫學（一）,109,2020,109020,1301,77,moex_med1_missing_batch2_109020_1301_detailed.json
MOEX-109020-1301-Q078,MOEX-109020-1301-Q078,醫學（一）,109,2020,109020,1301,78,moex_med1_missing_batch2_109020_1301_detailed.json
MOEX-109020-1301-Q079,MOEX-109020-1301-Q079,醫學（一）,109,2020,109020,1301,79,moex_med1_missing_batch2_109020_1301_detailed.json
MOEX-109020-1301-Q080,MOEX-109020-1301-Q080,醫學（一）,109,2020,109020,1301,80,moex_med1_missing_batch2_109020_1301_detailed.json
MOEX-109020-1301-Q081,MOEX-109020-1301-Q081,醫學（一）,109,2020,109020,1301,81,moex_med1_missing_batch2_109020_1301_detailed.json
MOEX-109020-1301-Q082,MOEX-109020-1301-Q082,醫學（一）,109,2020,109020,1301,82,moex_med1_missing_batch2_109020_1301_detailed.json
MOEX-109020-1301-Q083,MOEX-109020-1301-Q083,醫學（一）,109,2020,109020,1301,83,moex_med1_missing_batch2_109020_1301_detailed.json
MOEX-109020-1301-Q084,MOEX-109020-1301-Q084,醫學（一）,109,2020,109020,1301,84,moex_med1_missing_batch2_109020_1301_detailed.json
MOEX-109020-1301-Q085,MOEX-109020-1301-Q085,醫學（一）,109,2020,109020,1301,85,moex_med1_missing_batch2_109020_1301_detailed.json
MOEX-109020-1301-Q086,MOEX-109020-1301-Q086,醫學（一）,109,2020,109020,1301,86,moex_med1_missing_batch2_109020_1301_detailed.json
MOEX-109020-1301-Q087,MOEX-109020-1301-Q087,醫學（一）,109,2020,109020,1301,87,moex_med1_missing_batch2_109020_1301_detailed.json
MOEX-109020-1301-Q088,MOEX-109020-1301-Q088,醫學（一）,109,2020,109020,1301,88,moex_med1_missing_batch2_109020_1301_detailed.json
MOEX-109020-1301-Q089,MOEX-109020-1301-Q089,醫學（一）,109,2020,109020,1301,89,moex_med1_missing_batch2_109020_1301_detailed.json
MOEX-109020-1301-Q090,MOEX-109020-1301-Q090,醫學（一）,109,2020,109020,1301,90,moex_med1_missing_batch2_109020_1301_detailed.json
MOEX-109020-1301-Q091,MOEX-109020-1301-Q091,醫學（一）,109,2020,109020,1301,91,moex_med1_missing_batch2_109020_1301_detailed.json
MOEX-109020-1301-Q092,MOEX-109020-1301-Q092,醫學（一）,109,2020,109020,1301,92,moex_med1_missing_batch2_109020_1301_detailed.json
MOEX-109020-1301-Q093,MOEX-109020-1301-Q093,醫學（一）,109,2020,109020,1301,93,moex_med1_missing_batch2_109020_1301_detailed.json
MOEX-109020-1301-Q094,MOEX-109020-1301-Q094,醫學（一）,109,2020,109020,1301,94,moex_med1_missing_batch2_109020_1301_detailed.json
MOEX-109020-1301-Q095,MOEX-109020-1301-Q095,醫學（一）,109,2020,109020,1301,95,moex_med1_missing_batch2_109020_1301_detailed.json
MOEX-109020-1301-Q096,MOEX-109020-1301-Q096,醫學（一）,109,2020,109020,1301,96,moex_med1_missing_batch2_109020_1301_detailed.json
MOEX-109020-1301-Q097,MOEX-109020-1301-Q097,醫學（一）,109,2020,109020,1301,97,moex_med1_missing_batch2_109020_1301_detailed.json
MOEX-109020-1301-Q098,MOEX-109020-1301-Q098,醫學（一）,109,2020,109020,1301,98,moex_med1_missing_batch2_109020_1301_detailed.json
MOEX-109020-1301-Q099,MOEX-109020-1301-Q099,醫學（一）,109,2020,109020,1301,99,moex_med1_missing_batch2_109020_1301_detailed.json
MOEX-109020-1301-Q100,MOEX-109020-1301-Q100,醫學（一）,109,2020,109020,1301,100,moex_med1_missing_batch2_109020_1301_detailed.json
MOEX-109100-1301-Q001,MOEX-109100-1301-Q001,醫學（一）,109,2020,109100,1301,1,anatomyQuestions.ts
MOEX-109100-1301-Q002,MOEX-109100-1301-Q002,醫學（一）,109,2020,109100,1301,2,anatomyQuestions.ts
MOEX-109100-1301-Q003,MOEX-109100-1301-Q003,醫學（一）,109,2020,109100,1301,3,anatomyQuestions.ts
MOEX-109100-1301-Q004,moex-med1-supplement-v5-109100-1301-004,醫學（一）,109,2020,109100,1301,4,moex_med1_requested_71_questions_detailed_patch_v5.ts
MOEX-109100-1301-Q005,MOEX-109100-1301-Q005,醫學（一）,109,2020,109100,1301,5,anatomyQuestions.ts
MOEX-109100-1301-Q006,MOEX-109100-1301-Q006,醫學（一）,109,2020,109100,1301,6,anatomyQuestions.ts
MOEX-109100-1301-Q007,MOEX-109100-1301-Q007,醫學（一）,109,2020,109100,1301,7,anatomyQuestions.ts
MOEX-109100-1301-Q008,MOEX-109100-1301-Q008,醫學（一）,109,2020,109100,1301,8,anatomyQuestions.ts
MOEX-109100-1301-Q009,MOEX-109100-1301-Q009,醫學（一）,109,2020,109100,1301,9,moex_med1_remaining_detailed_v4_merged_001_1827.ts
MOEX-109100-1301-Q010,MOEX-109100-1301-Q010,醫學（一）,109,2020,109100,1301,10,anatomyQuestions.ts
MOEX-109100-1301-Q011,MOEX-109100-1301-Q011,醫學（一）,109,2020,109100,1301,11,anatomyQuestions.ts
MOEX-109100-1301-Q012,MOEX-109100-1301-Q012,醫學（一）,109,2020,109100,1301,12,anatomyQuestions.ts
MOEX-109100-1301-Q013,MOEX-109100-1301-Q013,醫學（一）,109,2020,109100,1301,13,anatomyQuestions.ts
MOEX-109100-1301-Q014,MOEX-109100-1301-Q014,醫學（一）,109,2020,109100,1301,14,anatomyQuestions.ts
MOEX-109100-1301-Q015,MOEX-109100-1301-Q015,醫學（一）,109,2020,109100,1301,15,anatomyQuestions.ts
MOEX-109100-1301-Q016,MOEX-109100-1301-Q016,醫學（一）,109,2020,109100,1301,16,anatomyQuestions.ts
MOEX-109100-1301-Q017,MOEX-109100-1301-Q017,醫學（一）,109,2020,109100,1301,17,anatomyQuestions.ts
MOEX-109100-1301-Q018,MOEX-109100-1301-Q018,醫學（一）,109,2020,109100,1301,18,anatomyQuestions.ts
MOEX-109100-1301-Q019,MOEX-109100-1301-Q019,醫學（一）,109,2020,109100,1301,19,anatomyQuestions.ts
MOEX-109100-1301-Q020,MOEX-109100-1301-Q020,醫學（一）,109,2020,109100,1301,20,anatomyQuestions.ts
MOEX-109100-1301-Q021,MOEX-109100-1301-Q021,醫學（一）,109,2020,109100,1301,21,anatomyQuestions.ts
MOEX-109100-1301-Q022,MOEX-109100-1301-Q022,醫學（一）,109,2020,109100,1301,22,anatomyQuestions.ts
MOEX-109100-1301-Q023,MOEX-109100-1301-Q023,醫學（一）,109,2020,109100,1301,23,anatomyQuestions.ts
MOEX-109100-1301-Q024,MOEX-109100-1301-Q024,醫學（一）,109,2020,109100,1301,24,anatomyQuestions.ts
MOEX-109100-1301-Q025,MOEX-109100-1301-Q025,醫學（一）,109,2020,109100,1301,25,anatomyQuestions.ts
MOEX-109100-1301-Q026,MOEX-109100-1301-Q026,醫學（一）,109,2020,109100,1301,26,anatomyQuestions.ts
MOEX-109100-1301-Q027,MOEX-109100-1301-Q027,醫學（一）,109,2020,109100,1301,27,anatomyQuestions.ts
MOEX-109100-1301-Q028,MOEX-109100-1301-Q028,醫學（一）,109,2020,109100,1301,28,anatomyQuestions.ts
MOEX-109100-1301-Q029,MOEX-109100-1301-Q029,醫學（一）,109,2020,109100,1301,29,anatomyQuestions.ts
MOEX-109100-1301-Q030,MOEX-109100-1301-Q030,醫學（一）,109,2020,109100,1301,30,anatomyQuestions.ts
MOEX-109100-1301-Q031,MOEX-109100-1301-Q031,醫學（一）,109,2020,109100,1301,31,moex_med1_remaining_detailed_v4_merged_001_1827.ts
MOEX-109100-1301-Q032,MOEX-109100-1301-Q032,醫學（一）,109,2020,109100,1301,32,moex_med1_remaining_detailed_v4_merged_001_1827.ts
MOEX-109100-1301-Q033,MOEX-109100-1301-Q033,醫學（一）,109,2020,109100,1301,33,anatomyQuestions.ts
MOEX-109100-1301-Q034,MOEX-109100-1301-Q034,醫學（一）,109,2020,109100,1301,34,anatomyQuestions.ts
MOEX-109100-1301-Q035,MOEX-109100-1301-Q035,醫學（一）,109,2020,109100,1301,35,moex_med1_remaining_detailed_v4_merged_001_1827.ts
MOEX-109100-1301-Q036,MOEX-109100-1301-Q036,醫學（一）,109,2020,109100,1301,36,moex_med1_remaining_detailed_v4_merged_001_1827.ts
MOEX-109100-1301-Q037,MOEX-109100-1301-Q037,醫學（一）,109,2020,109100,1301,37,moex_med1_remaining_detailed_v4_merged_001_1827.ts
MOEX-109100-1301-Q038,MOEX-109100-1301-Q038,醫學（一）,109,2020,109100,1301,38,moex_med1_remaining_detailed_v4_merged_001_1827.ts
MOEX-109100-1301-Q039,MOEX-109100-1301-Q039,醫學（一）,109,2020,109100,1301,39,moex_med1_remaining_detailed_v4_merged_001_1827.ts
MOEX-109100-1301-Q040,MOEX-109100-1301-Q040,醫學（一）,109,2020,109100,1301,40,moex_med1_remaining_detailed_v4_merged_001_1827.ts
MOEX-109100-1301-Q041,MOEX-109100-1301-Q041,醫學（一）,109,2020,109100,1301,41,moex_med1_remaining_detailed_v4_merged_001_1827.ts
MOEX-109100-1301-Q042,MOEX-109100-1301-Q042,醫學（一）,109,2020,109100,1301,42,moex_med1_remaining_detailed_v4_merged_001_1827.ts
MOEX-109100-1301-Q043,MOEX-109100-1301-Q043,醫學（一）,109,2020,109100,1301,43,anatomyQuestions.ts
MOEX-109100-1301-Q044,MOEX-109100-1301-Q044,醫學（一）,109,2020,109100,1301,44,anatomyQuestions.ts
MOEX-109100-1301-Q045,MOEX-109100-1301-Q045,醫學（一）,109,2020,109100,1301,45,moex_med1_remaining_detailed_v4_merged_001_1827.ts
MOEX-109100-1301-Q046,MOEX-109100-1301-Q046,醫學（一）,109,2020,109100,1301,46,anatomyQuestions.ts
MOEX-109100-1301-Q047,MOEX-109100-1301-Q047,醫學（一）,109,2020,109100,1301,47,moex_med1_remaining_detailed_v4_merged_001_1827.ts
MOEX-109100-1301-Q048,MOEX-109100-1301-Q048,醫學（一）,109,2020,109100,1301,48,anatomyQuestions.ts
MOEX-109100-1301-Q049,MOEX-109100-1301-Q049,醫學（一）,109,2020,109100,1301,49,moex_med1_remaining_detailed_v4_merged_001_1827.ts
MOEX-109100-1301-Q050,MOEX-109100-1301-Q050,醫學（一）,109,2020,109100,1301,50,moex_med1_remaining_detailed_v4_merged_001_1827.ts
MOEX-109100-1301-Q051,MOEX-109100-1301-Q051,醫學（一）,109,2020,109100,1301,51,anatomyQuestions.ts
MOEX-109100-1301-Q052,MOEX-109100-1301-Q052,醫學（一）,109,2020,109100,1301,52,moex_med1_remaining_detailed_v4_merged_001_1827.ts
MOEX-109100-1301-Q053,MOEX-109100-1301-Q053,醫學（一）,109,2020,109100,1301,53,anatomyQuestions.ts
MOEX-109100-1301-Q054,MOEX-109100-1301-Q054,醫學（一）,109,2020,109100,1301,54,moex_med1_remaining_detailed_v4_merged_001_1827.ts
MOEX-109100-1301-Q055,MOEX-109100-1301-Q055,醫學（一）,109,2020,109100,1301,55,anatomyQuestions.ts
MOEX-109100-1301-Q056,MOEX-109100-1301-Q056,醫學（一）,109,2020,109100,1301,56,moex_med1_remaining_detailed_v4_merged_001_1827.ts
MOEX-109100-1301-Q057,MOEX-109100-1301-Q057,醫學（一）,109,2020,109100,1301,57,moex_med1_remaining_detailed_v4_merged_001_1827.ts
MOEX-109100-1301-Q058,moex-med1-supplement-v5-109100-1301-058,醫學（一）,109,2020,109100,1301,58,moex_med1_requested_71_questions_detailed_patch_v5.ts
MOEX-109100-1301-Q059,MOEX-109100-1301-Q059,醫學（一）,109,2020,109100,1301,59,moex_med1_remaining_detailed_v4_merged_001_1827.ts
MOEX-109100-1301-Q060,MOEX-109100-1301-Q060,醫學（一）,109,2020,109100,1301,60,anatomyQuestions.ts
MOEX-109100-1301-Q061,MOEX-109100-1301-Q061,醫學（一）,109,2020,109100,1301,61,anatomyQuestions.ts
MOEX-109100-1301-Q062,MOEX-109100-1301-Q062,醫學（一）,109,2020,109100,1301,62,moex_med1_remaining_detailed_v4_merged_001_1827.ts
MOEX-109100-1301-Q063,MOEX-109100-1301-Q063,醫學（一）,109,2020,109100,1301,63,moex_med1_remaining_detailed_v4_merged_001_1827.ts
MOEX-109100-1301-Q064,MOEX-109100-1301-Q064,醫學（一）,109,2020,109100,1301,64,moex_med1_remaining_detailed_v4_merged_001_1827.ts
MOEX-109100-1301-Q065,MOEX-109100-1301-Q065,醫學（一）,109,2020,109100,1301,65,anatomyQuestions.ts
MOEX-109100-1301-Q066,MOEX-109100-1301-Q066,醫學（一）,109,2020,109100,1301,66,moex_med1_remaining_detailed_v4_merged_001_1827.ts
MOEX-109100-1301-Q067,MOEX-109100-1301-Q067,醫學（一）,109,2020,109100,1301,67,anatomyQuestions.ts
MOEX-109100-1301-Q068,MOEX-109100-1301-Q068,醫學（一）,109,2020,109100,1301,68,moex_med1_remaining_detailed_v4_merged_001_1827.ts
MOEX-109100-1301-Q069,MOEX-109100-1301-Q069,醫學（一）,109,2020,109100,1301,69,moex_med1_remaining_detailed_v4_merged_001_1827.ts
MOEX-109100-1301-Q070,MOEX-109100-1301-Q070,醫學（一）,109,2020,109100,1301,70,anatomyQuestions.ts
MOEX-109100-1301-Q071,MOEX-109100-1301-Q071,醫學（一）,109,2020,109100,1301,71,moex_med1_remaining_detailed_v4_merged_001_1827.ts
MOEX-109100-1301-Q072,MOEX-109100-1301-Q072,醫學（一）,109,2020,109100,1301,72,anatomyQuestions.ts
MOEX-109100-1301-Q073,MOEX-109100-1301-Q073,醫學（一）,109,2020,109100,1301,73,moex_med1_remaining_detailed_v4_merged_001_1827.ts
MOEX-109100-1301-Q074,MOEX-109100-1301-Q074,醫學（一）,109,2020,109100,1301,74,moex_med1_remaining_detailed_v4_merged_001_1827.ts
MOEX-109100-1301-Q075,MOEX-109100-1301-Q075,醫學（一）,109,2020,109100,1301,75,moex_med1_remaining_detailed_v4_merged_001_1827.ts
MOEX-109100-1301-Q076,MOEX-109100-1301-Q076,醫學（一）,109,2020,109100,1301,76,moex_med1_remaining_detailed_v4_merged_001_1827.ts
MOEX-109100-1301-Q077,MOEX-109100-1301-Q077,醫學（一）,109,2020,109100,1301,77,moex_med1_remaining_detailed_v4_merged_001_1827.ts
MOEX-109100-1301-Q078,MOEX-109100-1301-Q078,醫學（一）,109,2020,109100,1301,78,moex_med1_remaining_detailed_v4_merged_001_1827.ts
MOEX-109100-1301-Q079,MOEX-109100-1301-Q079,醫學（一）,109,2020,109100,1301,79,anatomyQuestions.ts
MOEX-109100-1301-Q080,MOEX-109100-1301-Q080,醫學（一）,109,2020,109100,1301,80,moex_med1_remaining_detailed_v4_merged_001_1827.ts
MOEX-109100-1301-Q081,MOEX-109100-1301-Q081,醫學（一）,109,2020,109100,1301,81,moex_med1_remaining_detailed_v4_merged_001_1827.ts
MOEX-109100-1301-Q082,MOEX-109100-1301-Q082,醫學（一）,109,2020,109100,1301,82,moex_med1_remaining_detailed_v4_merged_001_1827.ts
MOEX-109100-1301-Q083,MOEX-109100-1301-Q083,醫學（一）,109,2020,109100,1301,83,moex_med1_remaining_detailed_v4_merged_001_1827.ts
MOEX-109100-1301-Q084,MOEX-109100-1301-Q084,醫學（一）,109,2020,109100,1301,84,moex_med1_remaining_detailed_v4_merged_001_1827.ts
MOEX-109100-1301-Q085,MOEX-109100-1301-Q085,醫學（一）,109,2020,109100,1301,85,moex_med1_remaining_detailed_v4_merged_001_1827.ts
MOEX-109100-1301-Q086,MOEX-109100-1301-Q086,醫學（一）,109,2020,109100,1301,86,moex_med1_remaining_detailed_v4_merged_001_1827.ts
MOEX-109100-1301-Q087,MOEX-109100-1301-Q087,醫學（一）,109,2020,109100,1301,87,moex_med1_remaining_detailed_v4_merged_001_1827.ts
MOEX-109100-1301-Q088,MOEX-109100-1301-Q088,醫學（一）,109,2020,109100,1301,88,moex_med1_remaining_detailed_v4_merged_001_1827.ts
MOEX-109100-1301-Q089,MOEX-109100-1301-Q089,醫學（一）,109,2020,109100,1301,89,moex_med1_remaining_detailed_v4_merged_001_1827.ts
MOEX-109100-1301-Q090,MOEX-109100-1301-Q090,醫學（一）,109,2020,109100,1301,90,anatomyQuestions.ts
MOEX-109100-1301-Q091,MOEX-109100-1301-Q091,醫學（一）,109,2020,109100,1301,91,moex_med1_remaining_detailed_v4_merged_001_1827.ts
MOEX-109100-1301-Q092,MOEX-109100-1301-Q092,醫學（一）,109,2020,109100,1301,92,moex_med1_remaining_detailed_v4_merged_001_1827.ts
MOEX-109100-1301-Q093,MOEX-109100-1301-Q093,醫學（一）,109,2020,109100,1301,93,moex_med1_remaining_detailed_v4_merged_001_1827.ts
MOEX-109100-1301-Q094,MOEX-109100-1301-Q094,醫學（一）,109,2020,109100,1301,94,moex_med1_remaining_detailed_v4_merged_001_1827.ts
MOEX-109100-1301-Q095,MOEX-109100-1301-Q095,醫學（一）,109,2020,109100,1301,95,moex_med1_remaining_detailed_v4_merged_001_1827.ts
MOEX-109100-1301-Q096,MOEX-109100-1301-Q096,醫學（一）,109,2020,109100,1301,96,moex_med1_remaining_detailed_v4_merged_001_1827.ts
MOEX-109100-1301-Q097,MOEX-109100-1301-Q097,醫學（一）,109,2020,109100,1301,97,moex_med1_remaining_detailed_v4_merged_001_1827.ts
MOEX-109100-1301-Q098,MOEX-109100-1301-Q098,醫學（一）,109,2020,109100,1301,98,moex_med1_remaining_detailed_v4_merged_001_1827.ts
MOEX-109100-1301-Q099,MOEX-109100-1301-Q099,醫學（一）,109,2020,109100,1301,99,moex_med1_remaining_detailed_v4_merged_001_1827.ts
MOEX-109100-1301-Q100,MOEX-109100-1301-Q100,醫學（一）,109,2020,109100,1301,100,moex_med1_remaining_detailed_v4_merged_001_1827.ts
MOEX-109020-2301-Q001,MOEX-109020-2301-Q001,醫學（二）,109,2020,109020,2301,1,moex_med_stage2_detailed_merged_001_3100_classified_v3.json
MOEX-109020-2301-Q002,MOEX-109020-2301-Q002,醫學（二）,109,2020,109020,2301,2,moex_med_stage2_detailed_merged_001_3100_classified_v3.json
MOEX-109020-2301-Q003,MOEX-109020-2301-Q003,醫學（二）,109,2020,109020,2301,3,moex_med_stage2_detailed_merged_001_3100_classified_v3.json
MOEX-109020-2301-Q004,MOEX-109020-2301-Q004,醫學（二）,109,2020,109020,2301,4,moex_med_stage2_detailed_merged_001_3100_classified_v3.json
MOEX-109020-2301-Q005,MOEX-109020-2301-Q005,醫學（二）,109,2020,109020,2301,5,moex_med_stage2_detailed_merged_001_3100_classified_v3.json
MOEX-109020-2301-Q006,MOEX-109020-2301-Q006,醫學（二）,109,2020,109020,2301,6,moex_med_stage2_detailed_merged_001_3100_classified_v3.json
MOEX-109020-2301-Q007,MOEX-109020-2301-Q007,醫學（二）,109,2020,109020,2301,7,moex_med_stage2_detailed_merged_001_3100_classified_v3.json
MOEX-109020-2301-Q008,MOEX-109020-2301-Q008,醫學（二）,109,2020,109020,2301,8,moex_med_stage2_detailed_merged_001_3100_classified_v3.json
MOEX-109020-2301-Q009,MOEX-109020-2301-Q009,醫學（二）,109,2020,109020,2301,9,moex_med_stage2_detailed_merged_001_3100_classified_v3.json
MOEX-109020-2301-Q010,MOEX-109020-2301-Q010,醫學（二）,109,2020,109020,2301,10,moex_med_stage2_detailed_merged_001_3100_classified_v3.json
MOEX-109020-2301-Q011,MOEX-109020-2301-Q011,醫學（二）,109,2020,109020,2301,11,moex_med_stage2_detailed_merged_001_3100_classified_v3.json
MOEX-109020-2301-Q012,MOEX-109020-2301-Q012,醫學（二）,109,2020,109020,2301,12,moex_med_stage2_detailed_merged_001_3100_classified_v3.json
MOEX-109020-2301-Q013,MOEX-109020-2301-Q013,醫學（二）,109,2020,109020,2301,13,moex_med_stage2_detailed_merged_001_3100_classified_v3.json
MOEX-109020-2301-Q014,MOEX-109020-2301-Q014,醫學（二）,109,2020,109020,2301,14,moex_med_stage2_detailed_merged_001_3100_classified_v3.json
MOEX-109020-2301-Q015,MOEX-109020-2301-Q015,醫學（二）,109,2020,109020,2301,15,moex_med_stage2_detailed_merged_001_3100_classified_v3.json
MOEX-109020-2301-Q016,MOEX-109020-2301-Q016,醫學（二）,109,2020,109020,2301,16,moex_med_stage2_detailed_merged_001_3100_classified_v3.json
MOEX-109020-2301-Q017,MOEX-109020-2301-Q017,醫學（二）,109,2020,109020,2301,17,moex_med_stage2_detailed_merged_001_3100_classified_v3.json
MOEX-109020-2301-Q018,MOEX-109020-2301-Q018,醫學（二）,109,2020,109020,2301,18,moex_med_stage2_detailed_merged_001_3100_classified_v3.json
MOEX-109020-2301-Q019,MOEX-109020-2301-Q019,醫學（二）,109,2020,109020,2301,19,moex_med_stage2_detailed_merged_001_3100_classified_v3.json
MOEX-109020-2301-Q020,MOEX-109020-2301-Q020,醫學（二）,109,2020,109020,2301,20,moex_med_stage2_detailed_merged_001_3100_classified_v3.json
MOEX-109020-2301-Q021,MOEX-109020-2301-Q021,醫學（二）,109,2020,109020,2301,21,moex_med_stage2_detailed_merged_001_3100_classified_v3.json
MOEX-109020-2301-Q022,MOEX-109020-2301-Q022,醫學（二）,109,2020,109020,2301,22,moex_med_stage2_detailed_merged_001_3100_classified_v3.json
MOEX-109020-2301-Q023,MOEX-109020-2301-Q023,醫學（二）,109,2020,109020,2301,23,moex_med_stage2_detailed_merged_001_3100_classified_v3.json
MOEX-109020-2301-Q024,MOEX-109020-2301-Q024,醫學（二）,109,2020,109020,2301,24,moex_med_stage2_detailed_merged_001_3100_classified_v3.json
MOEX-109020-2301-Q025,MOEX-109020-2301-Q025,醫學（二）,109,2020,109020,2301,25,moex_med_stage2_detailed_merged_001_3100_classified_v3.json
MOEX-109020-2301-Q026,MOEX-109020-2301-Q026,醫學（二）,109,2020,109020,2301,26,moex_med_stage2_detailed_merged_001_3100_classified_v3.json
MOEX-109020-2301-Q027,MOEX-109020-2301-Q027,醫學（二）,109,2020,109020,2301,27,moex_med_stage2_detailed_merged_001_3100_classified_v3.json
MOEX-109020-2301-Q028,MOEX-109020-2301-Q028,醫學（二）,109,2020,109020,2301,28,moex_med_stage2_detailed_merged_001_3100_classified_v3.json
MOEX-109020-2301-Q029,MOEX-109020-2301-Q029,醫學（二）,109,2020,109020,2301,29,moex_med_stage2_detailed_merged_001_3100_classified_v3.json
MOEX-109020-2301-Q030,MOEX-109020-2301-Q030,醫學（二）,109,2020,109020,2301,30,moex_med_stage2_detailed_merged_001_3100_classified_v3.json
MOEX-109020-2301-Q031,MOEX-109020-2301-Q031,醫學（二）,109,2020,109020,2301,31,moex_med_stage2_detailed_merged_001_3100_classified_v3.json
MOEX-109020-2301-Q032,MOEX-109020-2301-Q032,醫學（二）,109,2020,109020,2301,32,moex_med_stage2_detailed_merged_001_3100_classified_v3.json
MOEX-109020-2301-Q033,MOEX-109020-2301-Q033,醫學（二）,109,2020,109020,2301,33,moex_med_stage2_detailed_merged_001_3100_classified_v3.json
MOEX-109020-2301-Q034,MOEX-109020-2301-Q034,醫學（二）,109,2020,109020,2301,34,moex_med_stage2_detailed_merged_001_3100_classified_v3.json
MOEX-109020-2301-Q035,MOEX-109020-2301-Q035,醫學（二）,109,2020,109020,2301,35,moex_med_stage2_detailed_merged_001_3100_classified_v3.json
MOEX-109020-2301-Q036,MOEX-109020-2301-Q036,醫學（二）,109,2020,109020,2301,36,moex_med_stage2_detailed_merged_001_3100_classified_v3.json
MOEX-109020-2301-Q037,MOEX-109020-2301-Q037,醫學（二）,109,2020,109020,2301,37,moex_med_stage2_detailed_merged_001_3100_classified_v3.json
MOEX-109020-2301-Q038,MOEX-109020-2301-Q038,醫學（二）,109,2020,109020,2301,38,moex_med_stage2_detailed_merged_001_3100_classified_v3.json
MOEX-109020-2301-Q039,MOEX-109020-2301-Q039,醫學（二）,109,2020,109020,2301,39,moex_med_stage2_detailed_merged_001_3100_classified_v3.json
MOEX-109020-2301-Q040,MOEX-109020-2301-Q040,醫學（二）,109,2020,109020,2301,40,moex_med_stage2_detailed_merged_001_3100_classified_v3.json
MOEX-109020-2301-Q041,MOEX-109020-2301-Q041,醫學（二）,109,2020,109020,2301,41,moex_med_stage2_detailed_merged_001_3100_classified_v3.json
MOEX-109020-2301-Q042,MOEX-109020-2301-Q042,醫學（二）,109,2020,109020,2301,42,moex_med_stage2_detailed_merged_001_3100_classified_v3.json
MOEX-109020-2301-Q043,MOEX-109020-2301-Q043,醫學（二）,109,2020,109020,2301,43,moex_med_stage2_detailed_merged_001_3100_classified_v3.json
MOEX-109020-2301-Q044,MOEX-109020-2301-Q044,醫學（二）,109,2020,109020,2301,44,moex_med_stage2_detailed_merged_001_3100_classified_v3.json
MOEX-109020-2301-Q045,MOEX-109020-2301-Q045,醫學（二）,109,2020,109020,2301,45,moex_med_stage2_detailed_merged_001_3100_classified_v3.json
MOEX-109020-2301-Q046,MOEX-109020-2301-Q046,醫學（二）,109,2020,109020,2301,46,moex_med_stage2_detailed_merged_001_3100_classified_v3.json
MOEX-109020-2301-Q047,MOEX-109020-2301-Q047,醫學（二）,109,2020,109020,2301,47,moex_med_stage2_detailed_merged_001_3100_classified_v3.json
MOEX-109020-2301-Q048,MOEX-109020-2301-Q048,醫學（二）,109,2020,109020,2301,48,moex_med_stage2_detailed_merged_001_3100_classified_v3.json
MOEX-109020-2301-Q049,MOEX-109020-2301-Q049,醫學（二）,109,2020,109020,2301,49,moex_med_stage2_detailed_merged_001_3100_classified_v3.json
MOEX-109020-2301-Q050,MOEX-109020-2301-Q050,醫學（二）,109,2020,109020,2301,50,moex_med_stage2_detailed_merged_001_3100_classified_v3.json
MOEX-109020-2301-Q051,MOEX-109020-2301-Q051,醫學（二）,109,2020,109020,2301,51,moex_med_stage2_detailed_merged_001_3100_classified_v3.json
MOEX-109020-2301-Q052,MOEX-109020-2301-Q052,醫學（二）,109,2020,109020,2301,52,moex_med_stage2_detailed_merged_001_3100_classified_v3.json
MOEX-109020-2301-Q053,MOEX-109020-2301-Q053,醫學（二）,109,2020,109020,2301,53,moex_med_stage2_detailed_merged_001_3100_classified_v3.json
MOEX-109020-2301-Q054,MOEX-109020-2301-Q054,醫學（二）,109,2020,109020,2301,54,moex_med_stage2_detailed_merged_001_3100_classified_v3.json
MOEX-109020-2301-Q055,MOEX-109020-2301-Q055,醫學（二）,109,2020,109020,2301,55,moex_med_stage2_detailed_merged_001_3100_classified_v3.json
MOEX-109020-2301-Q056,MOEX-109020-2301-Q056,醫學（二）,109,2020,109020,2301,56,moex_med_stage2_detailed_merged_001_3100_classified_v3.json
MOEX-109020-2301-Q057,MOEX-109020-2301-Q057,醫學（二）,109,2020,109020,2301,57,moex_med_stage2_detailed_merged_001_3100_classified_v3.json
MOEX-109020-2301-Q058,MOEX-109020-2301-Q058,醫學（二）,109,2020,109020,2301,58,moex_med_stage2_detailed_merged_001_3100_classified_v3.json
MOEX-109020-2301-Q059,MOEX-109020-2301-Q059,醫學（二）,109,2020,109020,2301,59,moex_med_stage2_detailed_merged_001_3100_classified_v3.json
MOEX-109020-2301-Q060,MOEX-109020-2301-Q060,醫學（二）,109,2020,109020,2301,60,moex_med_stage2_detailed_merged_001_3100_classified_v3.json
MOEX-109020-2301-Q061,MOEX-109020-2301-Q061,醫學（二）,109,2020,109020,2301,61,moex_med_stage2_detailed_merged_001_3100_classified_v3.json
MOEX-109020-2301-Q062,MOEX-109020-2301-Q062,醫學（二）,109,2020,109020,2301,62,moex_med_stage2_detailed_merged_001_3100_classified_v3.json
MOEX-109020-2301-Q063,MOEX-109020-2301-Q063,醫學（二）,109,2020,109020,2301,63,moex_med_stage2_detailed_merged_001_3100_classified_v3.json
MOEX-109020-2301-Q064,MOEX-109020-2301-Q064,醫學（二）,109,2020,109020,2301,64,moex_med_stage2_detailed_merged_001_3100_classified_v3.json
MOEX-109020-2301-Q065,MOEX-109020-2301-Q065,醫學（二）,109,2020,109020,2301,65,moex_med_stage2_detailed_merged_001_3100_classified_v3.json
MOEX-109020-2301-Q066,MOEX-109020-2301-Q066,醫學（二）,109,2020,109020,2301,66,moex_med_stage2_detailed_merged_001_3100_classified_v3.json
MOEX-109020-2301-Q067,MOEX-109020-2301-Q067,醫學（二）,109,2020,109020,2301,67,moex_med_stage2_detailed_merged_001_3100_classified_v3.json
MOEX-109020-2301-Q068,MOEX-109020-2301-Q068,醫學（二）,109,2020,109020,2301,68,moex_med_stage2_detailed_merged_001_3100_classified_v3.json
MOEX-109020-2301-Q069,MOEX-109020-2301-Q069,醫學（二）,109,2020,109020,2301,69,moex_med_stage2_detailed_merged_001_3100_classified_v3.json
MOEX-109020-2301-Q070,MOEX-109020-2301-Q070,醫學（二）,109,2020,109020,2301,70,moex_med_stage2_detailed_merged_001_3100_classified_v3.json
MOEX-109020-2301-Q071,MOEX-109020-2301-Q071,醫學（二）,109,2020,109020,2301,71,moex_med_stage2_detailed_merged_001_3100_classified_v3.json
MOEX-109020-2301-Q072,MOEX-109020-2301-Q072,醫學（二）,109,2020,109020,2301,72,moex_med_stage2_detailed_merged_001_3100_classified_v3.json
MOEX-109020-2301-Q073,MOEX-109020-2301-Q073,醫學（二）,109,2020,109020,2301,73,moex_med_stage2_detailed_merged_001_3100_classified_v3.json
MOEX-109020-2301-Q074,MOEX-109020-2301-Q074,醫學（二）,109,2020,109020,2301,74,moex_med_stage2_detailed_merged_001_3100_classified_v3.json
MOEX-109020-2301-Q075,MOEX-109020-2301-Q075,醫學（二）,109,2020,109020,2301,75,moex_med_stage2_detailed_merged_001_3100_classified_v3.json
MOEX-109020-2301-Q076,MOEX-109020-2301-Q076,醫學（二）,109,2020,109020,2301,76,moex_med_stage2_detailed_merged_001_3100_classified_v3.json
MOEX-109020-2301-Q077,MOEX-109020-2301-Q077,醫學（二）,109,2020,109020,2301,77,moex_med_stage2_detailed_merged_001_3100_classified_v3.json
MOEX-109020-2301-Q078,MOEX-109020-2301-Q078,醫學（二）,109,2020,109020,2301,78,moex_med_stage2_detailed_merged_001_3100_classified_v3.json
MOEX-109020-2301-Q079,MOEX-109020-2301-Q079,醫學（二）,109,2020,109020,2301,79,moex_med_stage2_detailed_merged_001_3100_classified_v3.json
MOEX-109020-2301-Q080,MOEX-109020-2301-Q080,醫學（二）,109,2020,109020,2301,80,moex_med_stage2_detailed_merged_001_3100_classified_v3.json
MOEX-109020-2301-Q081,MOEX-109020-2301-Q081,醫學（二）,109,2020,109020,2301,81,moex_med_stage2_detailed_merged_001_3100_classified_v3.json
MOEX-109020-2301-Q082,MOEX-109020-2301-Q082,醫學（二）,109,2020,109020,2301,82,moex_med_stage2_detailed_merged_001_3100_classified_v3.json
MOEX-109020-2301-Q083,MOEX-109020-2301-Q083,醫學（二）,109,2020,109020,2301,83,moex_med_stage2_detailed_merged_001_3100_classified_v3.json
MOEX-109020-2301-Q084,MOEX-109020-2301-Q084,醫學（二）,109,2020,109020,2301,84,moex_med_stage2_detailed_merged_001_3100_classified_v3.json
MOEX-109020-2301-Q085,MOEX-109020-2301-Q085,醫學（二）,109,2020,109020,2301,85,moex_med_stage2_detailed_merged_001_3100_classified_v3.json
MOEX-109020-2301-Q086,MOEX-109020-2301-Q086,醫學（二）,109,2020,109020,2301,86,moex_med_stage2_detailed_merged_001_3100_classified_v3.json
MOEX-109020-2301-Q087,MOEX-109020-2301-Q087,醫學（二）,109,2020,109020,2301,87,moex_med_stage2_detailed_merged_001_3100_classified_v3.json
MOEX-109020-2301-Q088,MOEX-109020-2301-Q088,醫學（二）,109,2020,109020,2301,88,moex_med_stage2_detailed_merged_001_3100_classified_v3.json
MOEX-109020-2301-Q089,MOEX-109020-2301-Q089,醫學（二）,109,2020,109020,2301,89,moex_med_stage2_detailed_merged_001_3100_classified_v3.json
MOEX-109020-2301-Q090,MOEX-109020-2301-Q090,醫學（二）,109,2020,109020,2301,90,moex_med_stage2_detailed_merged_001_3100_classified_v3.json
MOEX-109020-2301-Q091,MOEX-109020-2301-Q091,醫學（二）,109,2020,109020,2301,91,moex_med_stage2_detailed_merged_001_3100_classified_v3.json
MOEX-109020-2301-Q092,MOEX-109020-2301-Q092,醫學（二）,109,2020,109020,2301,92,moex_med_stage2_detailed_merged_001_3100_classified_v3.json
MOEX-109020-2301-Q093,MOEX-109020-2301-Q093,醫學（二）,109,2020,109020,2301,93,moex_med_stage2_detailed_merged_001_3100_classified_v3.json
MOEX-109020-2301-Q094,MOEX-109020-2301-Q094,醫學（二）,109,2020,109020,2301,94,moex_med_stage2_detailed_merged_001_3100_classified_v3.json
MOEX-109020-2301-Q095,MOEX-109020-2301-Q095,醫學（二）,109,2020,109020,2301,95,moex_med_stage2_detailed_merged_001_3100_classified_v3.json
MOEX-109020-2301-Q096,MOEX-109020-2301-Q096,醫學（二）,109,2020,109020,2301,96,moex_med_stage2_detailed_merged_001_3100_classified_v3.json
MOEX-109020-2301-Q097,MOEX-109020-2301-Q097,醫學（二）,109,2020,109020,2301,97,moex_med_stage2_detailed_merged_001_3100_classified_v3.json
MOEX-109020-2301-Q098,MOEX-109020-2301-Q098,醫學（二）,109,2020,109020,2301,98,moex_med_stage2_detailed_merged_001_3100_classified_v3.json
MOEX-109020-2301-Q099,MOEX-109020-2301-Q099,醫學（二）,109,2020,109020,2301,99,moex_med_stage2_detailed_merged_001_3100_classified_v3.json
MOEX-109020-2301-Q100,MOEX-109020-2301-Q100,醫學（二）,109,2020,109020,2301,100,moex_med_stage2_detailed_merged_001_3100_classified_v3.json
MOEX-109100-2301-Q001,MOEX-109100-2301-Q001,醫學（二）,109,2020,109100,2301,1,moex_med_stage2_detailed_merged_001_3100_classified_v3.json
MOEX-109100-2301-Q002,MOEX-109100-2301-Q002,醫學（二）,109,2020,109100,2301,2,moex_med_stage2_detailed_merged_001_3100_classified_v3.json
MOEX-109100-2301-Q003,MOEX-109100-2301-Q003,醫學（二）,109,2020,109100,2301,3,moex_med_stage2_detailed_merged_001_3100_classified_v3.json
MOEX-109100-2301-Q004,MOEX-109100-2301-Q004,醫學（二）,109,2020,109100,2301,4,moex_med_stage2_detailed_merged_001_3100_classified_v3.json
MOEX-109100-2301-Q005,MOEX-109100-2301-Q005,醫學（二）,109,2020,109100,2301,5,moex_med_stage2_detailed_merged_001_3100_classified_v3.json
MOEX-109100-2301-Q006,MOEX-109100-2301-Q006,醫學（二）,109,2020,109100,2301,6,moex_med_stage2_detailed_merged_001_3100_classified_v3.json
MOEX-109100-2301-Q007,MOEX-109100-2301-Q007,醫學（二）,109,2020,109100,2301,7,moex_med_stage2_detailed_merged_001_3100_classified_v3.json
MOEX-109100-2301-Q008,MOEX-109100-2301-Q008,醫學（二）,109,2020,109100,2301,8,moex_med_stage2_detailed_merged_001_3100_classified_v3.json
MOEX-109100-2301-Q009,MOEX-109100-2301-Q009,醫學（二）,109,2020,109100,2301,9,moex_med_stage2_detailed_merged_001_3100_classified_v3.json
MOEX-109100-2301-Q010,MOEX-109100-2301-Q010,醫學（二）,109,2020,109100,2301,10,moex_med_stage2_detailed_merged_001_3100_classified_v3.json
MOEX-109100-2301-Q011,MOEX-109100-2301-Q011,醫學（二）,109,2020,109100,2301,11,moex_med_stage2_detailed_merged_001_3100_classified_v3.json
MOEX-109100-2301-Q012,MOEX-109100-2301-Q012,醫學（二）,109,2020,109100,2301,12,moex_med_stage2_detailed_merged_001_3100_classified_v3.json
MOEX-109100-2301-Q013,MOEX-109100-2301-Q013,醫學（二）,109,2020,109100,2301,13,moex_med_stage2_detailed_merged_001_3100_classified_v3.json
MOEX-109100-2301-Q014,MOEX-109100-2301-Q014,醫學（二）,109,2020,109100,2301,14,moex_med_stage2_detailed_merged_001_3100_classified_v3.json
MOEX-109100-2301-Q015,MOEX-109100-2301-Q015,醫學（二）,109,2020,109100,2301,15,moex_med_stage2_detailed_merged_001_3100_classified_v3.json
MOEX-109100-2301-Q016,MOEX-109100-2301-Q016,醫學（二）,109,2020,109100,2301,16,moex_med_stage2_detailed_merged_001_3100_classified_v3.json
MOEX-109100-2301-Q017,MOEX-109100-2301-Q017,醫學（二）,109,2020,109100,2301,17,moex_med_stage2_detailed_merged_001_3100_classified_v3.json
MOEX-109100-2301-Q018,MOEX-109100-2301-Q018,醫學（二）,109,2020,109100,2301,18,moex_med_stage2_detailed_merged_001_3100_classified_v3.json
MOEX-109100-2301-Q019,MOEX-109100-2301-Q019,醫學（二）,109,2020,109100,2301,19,moex_med_stage2_detailed_merged_001_3100_classified_v3.json
MOEX-109100-2301-Q020,MOEX-109100-2301-Q020,醫學（二）,109,2020,109100,2301,20,moex_med_stage2_detailed_merged_001_3100_classified_v3.json
MOEX-109100-2301-Q021,MOEX-109100-2301-Q021,醫學（二）,109,2020,109100,2301,21,moex_med_stage2_detailed_merged_001_3100_classified_v3.json
MOEX-109100-2301-Q022,MOEX-109100-2301-Q022,醫學（二）,109,2020,109100,2301,22,moex_med_stage2_detailed_merged_001_3100_classified_v3.json
MOEX-109100-2301-Q023,MOEX-109100-2301-Q023,醫學（二）,109,2020,109100,2301,23,moex_med_stage2_detailed_merged_001_3100_classified_v3.json
MOEX-109100-2301-Q024,MOEX-109100-2301-Q024,醫學（二）,109,2020,109100,2301,24,moex_med_stage2_detailed_merged_001_3100_classified_v3.json
MOEX-109100-2301-Q025,MOEX-109100-2301-Q025,醫學（二）,109,2020,109100,2301,25,moex_med_stage2_detailed_merged_001_3100_classified_v3.json
MOEX-109100-2301-Q026,MOEX-109100-2301-Q026,醫學（二）,109,2020,109100,2301,26,moex_med_stage2_detailed_merged_001_3100_classified_v3.json
MOEX-109100-2301-Q027,MOEX-109100-2301-Q027,醫學（二）,109,2020,109100,2301,27,moex_med_stage2_detailed_merged_001_3100_classified_v3.json
MOEX-109100-2301-Q028,MOEX-109100-2301-Q028,醫學（二）,109,2020,109100,2301,28,moex_med_stage2_detailed_merged_001_3100_classified_v3.json
MOEX-109100-2301-Q029,MOEX-109100-2301-Q029,醫學（二）,109,2020,109100,2301,29,moex_med_stage2_detailed_merged_001_3100_classified_v3.json
MOEX-109100-2301-Q030,MOEX-109100-2301-Q030,醫學（二）,109,2020,109100,2301,30,moex_med_stage2_detailed_merged_001_3100_classified_v3.json
MOEX-109100-2301-Q031,MOEX-109100-2301-Q031,醫學（二）,109,2020,109100,2301,31,moex_med_stage2_detailed_merged_001_3100_classified_v3.json
MOEX-109100-2301-Q032,MOEX-109100-2301-Q032,醫學（二）,109,2020,109100,2301,32,moex_med_stage2_detailed_merged_001_3100_classified_v3.json
MOEX-109100-2301-Q033,MOEX-109100-2301-Q033,醫學（二）,109,2020,109100,2301,33,moex_med_stage2_detailed_merged_001_3100_classified_v3.json
MOEX-109100-2301-Q034,MOEX-109100-2301-Q034,醫學（二）,109,2020,109100,2301,34,moex_med_stage2_detailed_merged_001_3100_classified_v3.json
MOEX-109100-2301-Q035,MOEX-109100-2301-Q035,醫學（二）,109,2020,109100,2301,35,moex_med_stage2_detailed_merged_001_3100_classified_v3.json
MOEX-109100-2301-Q036,MOEX-109100-2301-Q036,醫學（二）,109,2020,109100,2301,36,moex_med_stage2_detailed_merged_001_3100_classified_v3.json
MOEX-109100-2301-Q037,MOEX-109100-2301-Q037,醫學（二）,109,2020,109100,2301,37,moex_med_stage2_detailed_merged_001_3100_classified_v3.json
MOEX-109100-2301-Q038,MOEX-109100-2301-Q038,醫學（二）,109,2020,109100,2301,38,moex_med_stage2_detailed_merged_001_3100_classified_v3.json
MOEX-109100-2301-Q039,MOEX-109100-2301-Q039,醫學（二）,109,2020,109100,2301,39,moex_med_stage2_detailed_merged_001_3100_classified_v3.json
MOEX-109100-2301-Q040,MOEX-109100-2301-Q040,醫學（二）,109,2020,109100,2301,40,moex_med_stage2_detailed_merged_001_3100_classified_v3.json
MOEX-109100-2301-Q041,MOEX-109100-2301-Q041,醫學（二）,109,2020,109100,2301,41,moex_med_stage2_detailed_merged_001_3100_classified_v3.json
MOEX-109100-2301-Q042,MOEX-109100-2301-Q042,醫學（二）,109,2020,109100,2301,42,moex_med_stage2_detailed_merged_001_3100_classified_v3.json
MOEX-109100-2301-Q043,MOEX-109100-2301-Q043,醫學（二）,109,2020,109100,2301,43,moex_med_stage2_detailed_merged_001_3100_classified_v3.json
MOEX-109100-2301-Q044,MOEX-109100-2301-Q044,醫學（二）,109,2020,109100,2301,44,moex_med_stage2_detailed_merged_001_3100_classified_v3.json
MOEX-109100-2301-Q045,MOEX-109100-2301-Q045,醫學（二）,109,2020,109100,2301,45,moex_med_stage2_detailed_merged_001_3100_classified_v3.json
MOEX-109100-2301-Q046,MOEX-109100-2301-Q046,醫學（二）,109,2020,109100,2301,46,moex_med_stage2_detailed_merged_001_3100_classified_v3.json
MOEX-109100-2301-Q047,MOEX-109100-2301-Q047,醫學（二）,109,2020,109100,2301,47,moex_med_stage2_detailed_merged_001_3100_classified_v3.json
MOEX-109100-2301-Q048,MOEX-109100-2301-Q048,醫學（二）,109,2020,109100,2301,48,moex_med_stage2_detailed_merged_001_3100_classified_v3.json
MOEX-109100-2301-Q049,MOEX-109100-2301-Q049,醫學（二）,109,2020,109100,2301,49,moex_med_stage2_detailed_merged_001_3100_classified_v3.json
MOEX-109100-2301-Q050,MOEX-109100-2301-Q050,醫學（二）,109,2020,109100,2301,50,moex_med_stage2_detailed_merged_001_3100_classified_v3.json
MOEX-109100-2301-Q051,MOEX-109100-2301-Q051,醫學（二）,109,2020,109100,2301,51,moex_med_stage2_detailed_merged_001_3100_classified_v3.json
MOEX-109100-2301-Q052,MOEX-109100-2301-Q052,醫學（二）,109,2020,109100,2301,52,moex_med_stage2_detailed_merged_001_3100_classified_v3.json
MOEX-109100-2301-Q053,MOEX-109100-2301-Q053,醫學（二）,109,2020,109100,2301,53,moex_med_stage2_detailed_merged_001_3100_classified_v3.json
MOEX-109100-2301-Q054,MOEX-109100-2301-Q054,醫學（二）,109,2020,109100,2301,54,moex_med_stage2_detailed_merged_001_3100_classified_v3.json
MOEX-109100-2301-Q055,MOEX-109100-2301-Q055,醫學（二）,109,2020,109100,2301,55,moex_med_stage2_detailed_merged_001_3100_classified_v3.json
MOEX-109100-2301-Q056,MOEX-109100-2301-Q056,醫學（二）,109,2020,109100,2301,56,moex_med_stage2_detailed_merged_001_3100_classified_v3.json
MOEX-109100-2301-Q057,MOEX-109100-2301-Q057,醫學（二）,109,2020,109100,2301,57,moex_med_stage2_detailed_merged_001_3100_classified_v3.json
MOEX-109100-2301-Q058,MOEX-109100-2301-Q058,醫學（二）,109,2020,109100,2301,58,moex_med_stage2_detailed_merged_001_3100_classified_v3.json
MOEX-109100-2301-Q059,MOEX-109100-2301-Q059,醫學（二）,109,2020,109100,2301,59,moex_med_stage2_detailed_merged_001_3100_classified_v3.json
MOEX-109100-2301-Q060,MOEX-109100-2301-Q060,醫學（二）,109,2020,109100,2301,60,moex_med_stage2_detailed_merged_001_3100_classified_v3.json
MOEX-109100-2301-Q061,MOEX-109100-2301-Q061,醫學（二）,109,2020,109100,2301,61,moex_med_stage2_detailed_merged_001_3100_classified_v3.json
MOEX-109100-2301-Q062,MOEX-109100-2301-Q062,醫學（二）,109,2020,109100,2301,62,moex_med_stage2_detailed_merged_001_3100_classified_v3.json
MOEX-109100-2301-Q063,MOEX-109100-2301-Q063,醫學（二）,109,2020,109100,2301,63,moex_med_stage2_detailed_merged_001_3100_classified_v3.json
MOEX-109100-2301-Q064,MOEX-109100-2301-Q064,醫學（二）,109,2020,109100,2301,64,moex_med_stage2_detailed_merged_001_3100_classified_v3.json
MOEX-109100-2301-Q065,MOEX-109100-2301-Q065,醫學（二）,109,2020,109100,2301,65,moex_med_stage2_detailed_merged_001_3100_classified_v3.json
MOEX-109100-2301-Q066,MOEX-109100-2301-Q066,醫學（二）,109,2020,109100,2301,66,moex_med_stage2_detailed_merged_001_3100_classified_v3.json
MOEX-109100-2301-Q067,MOEX-109100-2301-Q067,醫學（二）,109,2020,109100,2301,67,moex_med_stage2_detailed_merged_001_3100_classified_v3.json
MOEX-109100-2301-Q068,MOEX-109100-2301-Q068,醫學（二）,109,2020,109100,2301,68,moex_med_stage2_detailed_merged_001_3100_classified_v3.json
MOEX-109100-2301-Q069,MOEX-109100-2301-Q069,醫學（二）,109,2020,109100,2301,69,moex_med_stage2_detailed_merged_001_3100_classified_v3.json
MOEX-109100-2301-Q070,MOEX-109100-2301-Q070,醫學（二）,109,2020,109100,2301,70,moex_med_stage2_detailed_merged_001_3100_classified_v3.json
MOEX-109100-2301-Q071,MOEX-109100-2301-Q071,醫學（二）,109,2020,109100,2301,71,moex_med_stage2_detailed_merged_001_3100_classified_v3.json
MOEX-109100-2301-Q072,MOEX-109100-2301-Q072,醫學（二）,109,2020,109100,2301,72,moex_med_stage2_detailed_merged_001_3100_classified_v3.json
MOEX-109100-2301-Q073,MOEX-109100-2301-Q073,醫學（二）,109,2020,109100,2301,73,moex_med_stage2_detailed_merged_001_3100_classified_v3.json
MOEX-109100-2301-Q074,MOEX-109100-2301-Q074,醫學（二）,109,2020,109100,2301,74,moex_med_stage2_detailed_merged_001_3100_classified_v3.json
MOEX-109100-2301-Q075,MOEX-109100-2301-Q075,醫學（二）,109,2020,109100,2301,75,moex_med_stage2_detailed_merged_001_3100_classified_v3.json
MOEX-109100-2301-Q076,MOEX-109100-2301-Q076,醫學（二）,109,2020,109100,2301,76,moex_med_stage2_detailed_merged_001_3100_classified_v3.json
MOEX-109100-2301-Q077,MOEX-109100-2301-Q077,醫學（二）,109,2020,109100,2301,77,moex_med_stage2_detailed_merged_001_3100_classified_v3.json
MOEX-109100-2301-Q078,MOEX-109100-2301-Q078,醫學（二）,109,2020,109100,2301,78,moex_med_stage2_detailed_merged_001_3100_classified_v3.json
MOEX-109100-2301-Q079,MOEX-109100-2301-Q079,醫學（二）,109,2020,109100,2301,79,moex_med_stage2_detailed_merged_001_3100_classified_v3.json
MOEX-109100-2301-Q080,MOEX-109100-2301-Q080,醫學（二）,109,2020,109100,2301,80,moex_med_stage2_detailed_merged_001_3100_classified_v3.json
MOEX-109100-2301-Q081,MOEX-109100-2301-Q081,醫學（二）,109,2020,109100,2301,81,moex_med_stage2_detailed_merged_001_3100_classified_v3.json
MOEX-109100-2301-Q082,MOEX-109100-2301-Q082,醫學（二）,109,2020,109100,2301,82,moex_med_stage2_detailed_merged_001_3100_classified_v3.json
MOEX-109100-2301-Q083,MOEX-109100-2301-Q083,醫學（二）,109,2020,109100,2301,83,moex_med_stage2_detailed_merged_001_3100_classified_v3.json
MOEX-109100-2301-Q084,MOEX-109100-2301-Q084,醫學（二）,109,2020,109100,2301,84,moex_med_stage2_detailed_merged_001_3100_classified_v3.json
MOEX-109100-2301-Q085,MOEX-109100-2301-Q085,醫學（二）,109,2020,109100,2301,85,moex_med_stage2_detailed_merged_001_3100_classified_v3.json
MOEX-109100-2301-Q086,MOEX-109100-2301-Q086,醫學（二）,109,2020,109100,2301,86,moex_med_stage2_detailed_merged_001_3100_classified_v3.json
MOEX-109100-2301-Q087,MOEX-109100-2301-Q087,醫學（二）,109,2020,109100,2301,87,moex_med_stage2_detailed_merged_001_3100_classified_v3.json
MOEX-109100-2301-Q088,MOEX-109100-2301-Q088,醫學（二）,109,2020,109100,2301,88,moex_med_stage2_detailed_merged_001_3100_classified_v3.json
MOEX-109100-2301-Q089,MOEX-109100-2301-Q089,醫學（二）,109,2020,109100,2301,89,moex_med_stage2_detailed_merged_001_3100_classified_v3.json
MOEX-109100-2301-Q090,MOEX-109100-2301-Q090,醫學（二）,109,2020,109100,2301,90,moex_med_stage2_detailed_merged_001_3100_classified_v3.json
MOEX-109100-2301-Q091,MOEX-109100-2301-Q091,醫學（二）,109,2020,109100,2301,91,moex_med_stage2_detailed_merged_001_3100_classified_v3.json
MOEX-109100-2301-Q092,MOEX-109100-2301-Q092,醫學（二）,109,2020,109100,2301,92,moex_med_stage2_detailed_merged_001_3100_classified_v3.json
MOEX-109100-2301-Q093,MOEX-109100-2301-Q093,醫學（二）,109,2020,109100,2301,93,moex_med_stage2_detailed_merged_001_3100_classified_v3.json
MOEX-109100-2301-Q094,MOEX-109100-2301-Q094,醫學（二）,109,2020,109100,2301,94,moex_med_stage2_detailed_merged_001_3100_classified_v3.json
MOEX-109100-2301-Q095,MOEX-109100-2301-Q095,醫學（二）,109,2020,109100,2301,95,moex_med_stage2_detailed_merged_001_3100_classified_v3.json
MOEX-109100-2301-Q096,MOEX-109100-2301-Q096,醫學（二）,109,2020,109100,2301,96,moex_med_stage2_detailed_merged_001_3100_classified_v3.json
MOEX-109100-2301-Q097,MOEX-109100-2301-Q097,醫學（二）,109,2020,109100,2301,97,moex_med_stage2_detailed_merged_001_3100_classified_v3.json
MOEX-109100-2301-Q098,MOEX-109100-2301-Q098,醫學（二）,109,2020,109100,2301,98,moex_med_stage2_detailed_merged_001_3100_classified_v3.json
MOEX-109100-2301-Q099,MOEX-109100-2301-Q099,醫學（二）,109,2020,109100,2301,99,moex_med_stage2_detailed_merged_001_3100_classified_v3.json
MOEX-109100-2301-Q100,MOEX-109100-2301-Q100,醫學（二）,109,2020,109100,2301,100,moex_med_stage2_detailed_merged_001_3100_classified_v3.json
MOEX-110020-1301-Q001,MOEX-110020-1301-Q001,醫學（一）,110,2021,110020,1301,1,anatomyQuestions.ts
MOEX-110020-1301-Q002,MOEX-110020-1301-Q002,醫學（一）,110,2021,110020,1301,2,anatomyQuestions.ts
MOEX-110020-1301-Q003,MOEX-110020-1301-Q003,醫學（一）,110,2021,110020,1301,3,anatomyQuestions.ts
MOEX-110020-1301-Q004,MOEX-110020-1301-Q004,醫學（一）,110,2021,110020,1301,4,moex_med1_remaining_detailed_v4_merged_001_1827.ts
MOEX-110020-1301-Q005,MOEX-110020-1301-Q005,醫學（一）,110,2021,110020,1301,5,anatomyQuestions.ts
MOEX-110020-1301-Q006,MOEX-110020-1301-Q006,醫學（一）,110,2021,110020,1301,6,anatomyQuestions.ts
MOEX-110020-1301-Q007,MOEX-110020-1301-Q007,醫學（一）,110,2021,110020,1301,7,anatomyQuestions.ts
MOEX-110020-1301-Q008,MOEX-110020-1301-Q008,醫學（一）,110,2021,110020,1301,8,moex_med1_remaining_detailed_v4_merged_001_1827.ts
MOEX-110020-1301-Q009,MOEX-110020-1301-Q009,醫學（一）,110,2021,110020,1301,9,anatomyQuestions.ts
MOEX-110020-1301-Q010,MOEX-110020-1301-Q010,醫學（一）,110,2021,110020,1301,10,anatomyQuestions.ts
MOEX-110020-1301-Q011,MOEX-110020-1301-Q011,醫學（一）,110,2021,110020,1301,11,anatomyQuestions.ts
MOEX-110020-1301-Q012,MOEX-110020-1301-Q012,醫學（一）,110,2021,110020,1301,12,anatomyQuestions.ts
MOEX-110020-1301-Q013,MOEX-110020-1301-Q013,醫學（一）,110,2021,110020,1301,13,anatomyQuestions.ts
MOEX-110020-1301-Q014,MOEX-110020-1301-Q014,醫學（一）,110,2021,110020,1301,14,anatomyQuestions.ts
MOEX-110020-1301-Q015,MOEX-110020-1301-Q015,醫學（一）,110,2021,110020,1301,15,anatomyQuestions.ts
MOEX-110020-1301-Q016,MOEX-110020-1301-Q016,醫學（一）,110,2021,110020,1301,16,anatomyQuestions.ts
MOEX-110020-1301-Q017,MOEX-110020-1301-Q017,醫學（一）,110,2021,110020,1301,17,moex_med1_remaining_detailed_v4_merged_001_1827.ts
MOEX-110020-1301-Q018,MOEX-110020-1301-Q018,醫學（一）,110,2021,110020,1301,18,anatomyQuestions.ts
MOEX-110020-1301-Q019,MOEX-110020-1301-Q019,醫學（一）,110,2021,110020,1301,19,anatomyQuestions.ts
MOEX-110020-1301-Q020,MOEX-110020-1301-Q020,醫學（一）,110,2021,110020,1301,20,anatomyQuestions.ts
MOEX-110020-1301-Q021,MOEX-110020-1301-Q021,醫學（一）,110,2021,110020,1301,21,anatomyQuestions.ts
MOEX-110020-1301-Q022,MOEX-110020-1301-Q022,醫學（一）,110,2021,110020,1301,22,anatomyQuestions.ts
MOEX-110020-1301-Q023,MOEX-110020-1301-Q023,醫學（一）,110,2021,110020,1301,23,anatomyQuestions.ts
MOEX-110020-1301-Q024,MOEX-110020-1301-Q024,醫學（一）,110,2021,110020,1301,24,anatomyQuestions.ts
MOEX-110020-1301-Q025,MOEX-110020-1301-Q025,醫學（一）,110,2021,110020,1301,25,anatomyQuestions.ts
MOEX-110020-1301-Q026,MOEX-110020-1301-Q026,醫學（一）,110,2021,110020,1301,26,anatomyQuestions.ts
MOEX-110020-1301-Q027,MOEX-110020-1301-Q027,醫學（一）,110,2021,110020,1301,27,anatomyQuestions.ts
MOEX-110020-1301-Q028,MOEX-110020-1301-Q028,醫學（一）,110,2021,110020,1301,28,anatomyQuestions.ts
MOEX-110020-1301-Q029,MOEX-110020-1301-Q029,醫學（一）,110,2021,110020,1301,29,anatomyQuestions.ts
MOEX-110020-1301-Q030,MOEX-110020-1301-Q030,醫學（一）,110,2021,110020,1301,30,anatomyQuestions.ts
MOEX-110020-1301-Q031,MOEX-110020-1301-Q031,醫學（一）,110,2021,110020,1301,31,anatomyQuestions.ts
MOEX-110020-1301-Q032,MOEX-110020-1301-Q032,醫學（一）,110,2021,110020,1301,32,anatomyQuestions.ts
MOEX-110020-1301-Q033,MOEX-110020-1301-Q033,醫學（一）,110,2021,110020,1301,33,anatomyQuestions.ts
MOEX-110020-1301-Q034,MOEX-110020-1301-Q034,醫學（一）,110,2021,110020,1301,34,moex_med1_remaining_detailed_v4_merged_001_1827.ts
MOEX-110020-1301-Q035,MOEX-110020-1301-Q035,醫學（一）,110,2021,110020,1301,35,moex_med1_remaining_detailed_v4_merged_001_1827.ts
MOEX-110020-1301-Q036,MOEX-110020-1301-Q036,醫學（一）,110,2021,110020,1301,36,moex_med1_remaining_detailed_v4_merged_001_1827.ts
MOEX-110020-1301-Q037,MOEX-110020-1301-Q037,醫學（一）,110,2021,110020,1301,37,moex_med1_remaining_detailed_v4_merged_001_1827.ts
MOEX-110020-1301-Q038,MOEX-110020-1301-Q038,醫學（一）,110,2021,110020,1301,38,moex_med1_remaining_detailed_v4_merged_001_1827.ts
MOEX-110020-1301-Q039,MOEX-110020-1301-Q039,醫學（一）,110,2021,110020,1301,39,moex_med1_remaining_detailed_v4_merged_001_1827.ts
MOEX-110020-1301-Q040,MOEX-110020-1301-Q040,醫學（一）,110,2021,110020,1301,40,moex_med1_remaining_detailed_v4_merged_001_1827.ts
MOEX-110020-1301-Q041,MOEX-110020-1301-Q041,醫學（一）,110,2021,110020,1301,41,moex_med1_remaining_detailed_v4_merged_001_1827.ts
MOEX-110020-1301-Q042,MOEX-110020-1301-Q042,醫學（一）,110,2021,110020,1301,42,moex_med1_remaining_detailed_v4_merged_001_1827.ts
MOEX-110020-1301-Q043,MOEX-110020-1301-Q043,醫學（一）,110,2021,110020,1301,43,moex_med1_remaining_detailed_v4_merged_001_1827.ts
MOEX-110020-1301-Q044,MOEX-110020-1301-Q044,醫學（一）,110,2021,110020,1301,44,moex_med1_remaining_detailed_v4_merged_001_1827.ts
MOEX-110020-1301-Q045,MOEX-110020-1301-Q045,醫學（一）,110,2021,110020,1301,45,moex_med1_remaining_detailed_v4_merged_001_1827.ts
MOEX-110020-1301-Q046,MOEX-110020-1301-Q046,醫學（一）,110,2021,110020,1301,46,anatomyQuestions.ts
MOEX-110020-1301-Q047,MOEX-110020-1301-Q047,醫學（一）,110,2021,110020,1301,47,moex_med1_remaining_detailed_v4_merged_001_1827.ts
MOEX-110020-1301-Q048,MOEX-110020-1301-Q048,醫學（一）,110,2021,110020,1301,48,moex_med1_remaining_detailed_v4_merged_001_1827.ts
MOEX-110020-1301-Q049,MOEX-110020-1301-Q049,醫學（一）,110,2021,110020,1301,49,anatomyQuestions.ts
MOEX-110020-1301-Q050,MOEX-110020-1301-Q050,醫學（一）,110,2021,110020,1301,50,anatomyQuestions.ts
MOEX-110020-1301-Q051,MOEX-110020-1301-Q051,醫學（一）,110,2021,110020,1301,51,moex_med1_remaining_detailed_v4_merged_001_1827.ts
MOEX-110020-1301-Q052,MOEX-110020-1301-Q052,醫學（一）,110,2021,110020,1301,52,anatomyQuestions.ts
MOEX-110020-1301-Q053,MOEX-110020-1301-Q053,醫學（一）,110,2021,110020,1301,53,anatomyQuestions.ts
MOEX-110020-1301-Q054,MOEX-110020-1301-Q054,醫學（一）,110,2021,110020,1301,54,moex_med1_remaining_detailed_v4_merged_001_1827.ts
MOEX-110020-1301-Q055,MOEX-110020-1301-Q055,醫學（一）,110,2021,110020,1301,55,moex_med1_remaining_detailed_v4_merged_001_1827.ts
MOEX-110020-1301-Q056,MOEX-110020-1301-Q056,醫學（一）,110,2021,110020,1301,56,moex_med1_remaining_detailed_v4_merged_001_1827.ts
MOEX-110020-1301-Q057,MOEX-110020-1301-Q057,醫學（一）,110,2021,110020,1301,57,moex_med1_remaining_detailed_v4_merged_001_1827.ts
MOEX-110020-1301-Q058,MOEX-110020-1301-Q058,醫學（一）,110,2021,110020,1301,58,moex_med1_remaining_detailed_v4_merged_001_1827.ts
MOEX-110020-1301-Q059,MOEX-110020-1301-Q059,醫學（一）,110,2021,110020,1301,59,anatomyQuestions.ts
MOEX-110020-1301-Q060,missing-2021-1-110020-1301-q060,醫學（一）,110,2021,110020,1301,60,moex_med1_missing_22_questions_detailed_v5.ts
MOEX-110020-1301-Q061,MOEX-110020-1301-Q061,醫學（一）,110,2021,110020,1301,61,anatomyQuestions.ts
MOEX-110020-1301-Q062,MOEX-110020-1301-Q062,醫學（一）,110,2021,110020,1301,62,anatomyQuestions.ts
MOEX-110020-1301-Q063,MOEX-110020-1301-Q063,醫學（一）,110,2021,110020,1301,63,anatomyQuestions.ts
MOEX-110020-1301-Q064,MOEX-110020-1301-Q064,醫學（一）,110,2021,110020,1301,64,anatomyQuestions.ts
MOEX-110020-1301-Q065,MOEX-110020-1301-Q065,醫學（一）,110,2021,110020,1301,65,anatomyQuestions.ts
MOEX-110020-1301-Q066,MOEX-110020-1301-Q066,醫學（一）,110,2021,110020,1301,66,moex_med1_remaining_detailed_v4_merged_001_1827.ts
MOEX-110020-1301-Q067,MOEX-110020-1301-Q067,醫學（一）,110,2021,110020,1301,67,moex_med1_remaining_detailed_v4_merged_001_1827.ts
MOEX-110020-1301-Q068,MOEX-110020-1301-Q068,醫學（一）,110,2021,110020,1301,68,moex_med1_remaining_detailed_v4_merged_001_1827.ts
MOEX-110020-1301-Q069,MOEX-110020-1301-Q069,醫學（一）,110,2021,110020,1301,69,moex_med1_remaining_detailed_v4_merged_001_1827.ts
MOEX-110020-1301-Q070,MOEX-110020-1301-Q070,醫學（一）,110,2021,110020,1301,70,moex_med1_remaining_detailed_v4_merged_001_1827.ts
MOEX-110020-1301-Q071,MOEX-110020-1301-Q071,醫學（一）,110,2021,110020,1301,71,moex_med1_remaining_detailed_v4_merged_001_1827.ts
MOEX-110020-1301-Q072,MOEX-110020-1301-Q072,醫學（一）,110,2021,110020,1301,72,moex_med1_remaining_detailed_v4_merged_001_1827.ts
MOEX-110020-1301-Q073,MOEX-110020-1301-Q073,醫學（一）,110,2021,110020,1301,73,moex_med1_remaining_detailed_v4_merged_001_1827.ts
MOEX-110020-1301-Q074,MOEX-110020-1301-Q074,醫學（一）,110,2021,110020,1301,74,moex_med1_remaining_detailed_v4_merged_001_1827.ts
MOEX-110020-1301-Q075,MOEX-110020-1301-Q075,醫學（一）,110,2021,110020,1301,75,moex_med1_remaining_detailed_v4_merged_001_1827.ts
MOEX-110020-1301-Q076,MOEX-110020-1301-Q076,醫學（一）,110,2021,110020,1301,76,moex_med1_remaining_detailed_v4_merged_001_1827.ts
MOEX-110020-1301-Q077,MOEX-110020-1301-Q077,醫學（一）,110,2021,110020,1301,77,moex_med1_remaining_detailed_v4_merged_001_1827.ts
MOEX-110020-1301-Q078,MOEX-110020-1301-Q078,醫學（一）,110,2021,110020,1301,78,moex_med1_remaining_detailed_v4_merged_001_1827.ts
MOEX-110020-1301-Q079,MOEX-110020-1301-Q079,醫學（一）,110,2021,110020,1301,79,moex_med1_remaining_detailed_v4_merged_001_1827.ts
MOEX-110020-1301-Q080,MOEX-110020-1301-Q080,醫學（一）,110,2021,110020,1301,80,moex_med1_remaining_detailed_v4_merged_001_1827.ts
MOEX-110020-1301-Q081,MOEX-110020-1301-Q081,醫學（一）,110,2021,110020,1301,81,moex_med1_remaining_detailed_v4_merged_001_1827.ts
MOEX-110020-1301-Q082,MOEX-110020-1301-Q082,醫學（一）,110,2021,110020,1301,82,moex_med1_remaining_detailed_v4_merged_001_1827.ts
MOEX-110020-1301-Q083,MOEX-110020-1301-Q083,醫學（一）,110,2021,110020,1301,83,moex_med1_remaining_detailed_v4_merged_001_1827.ts
MOEX-110020-1301-Q084,MOEX-110020-1301-Q084,醫學（一）,110,2021,110020,1301,84,moex_med1_remaining_detailed_v4_merged_001_1827.ts
MOEX-110020-1301-Q085,MOEX-110020-1301-Q085,醫學（一）,110,2021,110020,1301,85,moex_med1_remaining_detailed_v4_merged_001_1827.ts
MOEX-110020-1301-Q086,MOEX-110020-1301-Q086,醫學（一）,110,2021,110020,1301,86,moex_med1_remaining_detailed_v4_merged_001_1827.ts
MOEX-110020-1301-Q087,MOEX-110020-1301-Q087,醫學（一）,110,2021,110020,1301,87,moex_med1_remaining_detailed_v4_merged_001_1827.ts
MOEX-110020-1301-Q088,MOEX-110020-1301-Q088,醫學（一）,110,2021,110020,1301,88,moex_med1_remaining_detailed_v4_merged_001_1827.ts
MOEX-110020-1301-Q089,MOEX-110020-1301-Q089,醫學（一）,110,2021,110020,1301,89,moex_med1_remaining_detailed_v4_merged_001_1827.ts
MOEX-110020-1301-Q090,MOEX-110020-1301-Q090,醫學（一）,110,2021,110020,1301,90,moex_med1_remaining_detailed_v4_merged_001_1827.ts
MOEX-110020-1301-Q091,MOEX-110020-1301-Q091,醫學（一）,110,2021,110020,1301,91,moex_med1_remaining_detailed_v4_merged_001_1827.ts
MOEX-110020-1301-Q092,MOEX-110020-1301-Q092,醫學（一）,110,2021,110020,1301,92,moex_med1_remaining_detailed_v4_merged_001_1827.ts
MOEX-110020-1301-Q093,MOEX-110020-1301-Q093,醫學（一）,110,2021,110020,1301,93,moex_med1_remaining_detailed_v4_merged_001_1827.ts
MOEX-110020-1301-Q094,MOEX-110020-1301-Q094,醫學（一）,110,2021,110020,1301,94,moex_med1_remaining_detailed_v4_merged_001_1827.ts
MOEX-110020-1301-Q095,MOEX-110020-1301-Q095,醫學（一）,110,2021,110020,1301,95,moex_med1_remaining_detailed_v4_merged_001_1827.ts
MOEX-110020-1301-Q096,MOEX-110020-1301-Q096,醫學（一）,110,2021,110020,1301,96,moex_med1_remaining_detailed_v4_merged_001_1827.ts
MOEX-110020-1301-Q097,MOEX-110020-1301-Q097,醫學（一）,110,2021,110020,1301,97,moex_med1_remaining_detailed_v4_merged_001_1827.ts
MOEX-110020-1301-Q098,MOEX-110020-1301-Q098,醫學（一）,110,2021,110020,1301,98,moex_med1_remaining_detailed_v4_merged_001_1827.ts
MOEX-110020-1301-Q099,MOEX-110020-1301-Q099,醫學（一）,110,2021,110020,1301,99,moex_med1_remaining_detailed_v4_merged_001_1827.ts
MOEX-110020-1301-Q100,MOEX-110020-1301-Q100,醫學（一）,110,2021,110020,1301,100,moex_med1_remaining_detailed_v4_merged_001_1827.ts
MOEX-110101-1301-Q001,MOEX-110101-1301-Q001,醫學（一）,110,2021,110101,1301,1,anatomyQuestions.ts
MOEX-110101-1301-Q002,MOEX-110101-1301-Q002,醫學（一）,110,2021,110101,1301,2,anatomyQuestions.ts
MOEX-110101-1301-Q003,MOEX-110101-1301-Q003,醫學（一）,110,2021,110101,1301,3,anatomyQuestions.ts
MOEX-110101-1301-Q004,MOEX-110101-1301-Q004,醫學（一）,110,2021,110101,1301,4,anatomyQuestions.ts
MOEX-110101-1301-Q005,MOEX-110101-1301-Q005,醫學（一）,110,2021,110101,1301,5,anatomyQuestions.ts
MOEX-110101-1301-Q006,MOEX-110101-1301-Q006,醫學（一）,110,2021,110101,1301,6,anatomyQuestions.ts
MOEX-110101-1301-Q007,MOEX-110101-1301-Q007,醫學（一）,110,2021,110101,1301,7,anatomyQuestions.ts
MOEX-110101-1301-Q008,MOEX-110101-1301-Q008,醫學（一）,110,2021,110101,1301,8,moex_med1_remaining_detailed_v4_merged_001_1827.ts
MOEX-110101-1301-Q009,MOEX-110101-1301-Q009,醫學（一）,110,2021,110101,1301,9,anatomyQuestions.ts
MOEX-110101-1301-Q010,MOEX-110101-1301-Q010,醫學（一）,110,2021,110101,1301,10,anatomyQuestions.ts
MOEX-110101-1301-Q011,MOEX-110101-1301-Q011,醫學（一）,110,2021,110101,1301,11,anatomyQuestions.ts
MOEX-110101-1301-Q012,MOEX-110101-1301-Q012,醫學（一）,110,2021,110101,1301,12,moex_med1_remaining_detailed_v4_merged_001_1827.ts
MOEX-110101-1301-Q013,MOEX-110101-1301-Q013,醫學（一）,110,2021,110101,1301,13,anatomyQuestions.ts
MOEX-110101-1301-Q014,MOEX-110101-1301-Q014,醫學（一）,110,2021,110101,1301,14,anatomyQuestions.ts
MOEX-110101-1301-Q015,MOEX-110101-1301-Q015,醫學（一）,110,2021,110101,1301,15,anatomyQuestions.ts
MOEX-110101-1301-Q016,MOEX-110101-1301-Q016,醫學（一）,110,2021,110101,1301,16,anatomyQuestions.ts
MOEX-110101-1301-Q017,MOEX-110101-1301-Q017,醫學（一）,110,2021,110101,1301,17,anatomyQuestions.ts
MOEX-110101-1301-Q018,MOEX-110101-1301-Q018,醫學（一）,110,2021,110101,1301,18,anatomyQuestions.ts
MOEX-110101-1301-Q019,MOEX-110101-1301-Q019,醫學（一）,110,2021,110101,1301,19,anatomyQuestions.ts
MOEX-110101-1301-Q020,MOEX-110101-1301-Q020,醫學（一）,110,2021,110101,1301,20,anatomyQuestions.ts
MOEX-110101-1301-Q021,MOEX-110101-1301-Q021,醫學（一）,110,2021,110101,1301,21,anatomyQuestions.ts
MOEX-110101-1301-Q022,MOEX-110101-1301-Q022,醫學（一）,110,2021,110101,1301,22,anatomyQuestions.ts
MOEX-110101-1301-Q023,MOEX-110101-1301-Q023,醫學（一）,110,2021,110101,1301,23,anatomyQuestions.ts
MOEX-110101-1301-Q024,MOEX-110101-1301-Q024,醫學（一）,110,2021,110101,1301,24,anatomyQuestions.ts
MOEX-110101-1301-Q025,MOEX-110101-1301-Q025,醫學（一）,110,2021,110101,1301,25,anatomyQuestions.ts
MOEX-110101-1301-Q026,MOEX-110101-1301-Q026,醫學（一）,110,2021,110101,1301,26,anatomyQuestions.ts
MOEX-110101-1301-Q027,MOEX-110101-1301-Q027,醫學（一）,110,2021,110101,1301,27,anatomyQuestions.ts
MOEX-110101-1301-Q028,MOEX-110101-1301-Q028,醫學（一）,110,2021,110101,1301,28,anatomyQuestions.ts
MOEX-110101-1301-Q029,MOEX-110101-1301-Q029,醫學（一）,110,2021,110101,1301,29,anatomyQuestions.ts
MOEX-110101-1301-Q030,MOEX-110101-1301-Q030,醫學（一）,110,2021,110101,1301,30,anatomyQuestions.ts
MOEX-110101-1301-Q031,MOEX-110101-1301-Q031,醫學（一）,110,2021,110101,1301,31,anatomyQuestions.ts
MOEX-110101-1301-Q032,MOEX-110101-1301-Q032,醫學（一）,110,2021,110101,1301,32,moex_med1_remaining_detailed_v4_merged_001_1827.ts
MOEX-110101-1301-Q033,MOEX-110101-1301-Q033,醫學（一）,110,2021,110101,1301,33,anatomyQuestions.ts
MOEX-110101-1301-Q034,MOEX-110101-1301-Q034,醫學（一）,110,2021,110101,1301,34,anatomyQuestions.ts
MOEX-110101-1301-Q035,MOEX-110101-1301-Q035,醫學（一）,110,2021,110101,1301,35,moex_med1_remaining_detailed_v4_merged_001_1827.ts
MOEX-110101-1301-Q036,MOEX-110101-1301-Q036,醫學（一）,110,2021,110101,1301,36,moex_med1_remaining_detailed_v4_merged_001_1827.ts
MOEX-110101-1301-Q037,MOEX-110101-1301-Q037,醫學（一）,110,2021,110101,1301,37,moex_med1_remaining_detailed_v4_merged_001_1827.ts
MOEX-110101-1301-Q038,MOEX-110101-1301-Q038,醫學（一）,110,2021,110101,1301,38,moex_med1_remaining_detailed_v4_merged_001_1827.ts
MOEX-110101-1301-Q039,MOEX-110101-1301-Q039,醫學（一）,110,2021,110101,1301,39,moex_med1_remaining_detailed_v4_merged_001_1827.ts
MOEX-110101-1301-Q040,MOEX-110101-1301-Q040,醫學（一）,110,2021,110101,1301,40,anatomyQuestions.ts
MOEX-110101-1301-Q041,MOEX-110101-1301-Q041,醫學（一）,110,2021,110101,1301,41,moex_med1_remaining_detailed_v4_merged_001_1827.ts
MOEX-110101-1301-Q042,MOEX-110101-1301-Q042,醫學（一）,110,2021,110101,1301,42,moex_med1_remaining_detailed_v4_merged_001_1827.ts
MOEX-110101-1301-Q043,MOEX-110101-1301-Q043,醫學（一）,110,2021,110101,1301,43,moex_med1_remaining_detailed_v4_merged_001_1827.ts
MOEX-110101-1301-Q044,MOEX-110101-1301-Q044,醫學（一）,110,2021,110101,1301,44,anatomyQuestions.ts
MOEX-110101-1301-Q045,MOEX-110101-1301-Q045,醫學（一）,110,2021,110101,1301,45,moex_med1_remaining_detailed_v4_merged_001_1827.ts
MOEX-110101-1301-Q046,MOEX-110101-1301-Q046,醫學（一）,110,2021,110101,1301,46,anatomyQuestions.ts
MOEX-110101-1301-Q047,MOEX-110101-1301-Q047,醫學（一）,110,2021,110101,1301,47,moex_med1_remaining_detailed_v4_merged_001_1827.ts
MOEX-110101-1301-Q048,MOEX-110101-1301-Q048,醫學（一）,110,2021,110101,1301,48,moex_med1_remaining_detailed_v4_merged_001_1827.ts
MOEX-110101-1301-Q049,MOEX-110101-1301-Q049,醫學（一）,110,2021,110101,1301,49,moex_med1_remaining_detailed_v4_merged_001_1827.ts
MOEX-110101-1301-Q050,MOEX-110101-1301-Q050,醫學（一）,110,2021,110101,1301,50,anatomyQuestions.ts
MOEX-110101-1301-Q051,MOEX-110101-1301-Q051,醫學（一）,110,2021,110101,1301,51,moex_med1_remaining_detailed_v4_merged_001_1827.ts
MOEX-110101-1301-Q052,missing-2021-2-110101-1301-q052,醫學（一）,110,2021,110101,1301,52,moex_med1_missing_22_questions_detailed_v5.ts
MOEX-110101-1301-Q053,MOEX-110101-1301-Q053,醫學（一）,110,2021,110101,1301,53,moex_med1_remaining_detailed_v4_merged_001_1827.ts
MOEX-110101-1301-Q054,MOEX-110101-1301-Q054,醫學（一）,110,2021,110101,1301,54,moex_med1_remaining_detailed_v4_merged_001_1827.ts
MOEX-110101-1301-Q055,MOEX-110101-1301-Q055,醫學（一）,110,2021,110101,1301,55,moex_med1_remaining_detailed_v4_merged_001_1827.ts
MOEX-110101-1301-Q056,MOEX-110101-1301-Q056,醫學（一）,110,2021,110101,1301,56,moex_med1_remaining_detailed_v4_merged_001_1827.ts
MOEX-110101-1301-Q057,MOEX-110101-1301-Q057,醫學（一）,110,2021,110101,1301,57,anatomyQuestions.ts
MOEX-110101-1301-Q058,MOEX-110101-1301-Q058,醫學（一）,110,2021,110101,1301,58,anatomyQuestions.ts
MOEX-110101-1301-Q059,MOEX-110101-1301-Q059,醫學（一）,110,2021,110101,1301,59,moex_med1_remaining_detailed_v4_merged_001_1827.ts
MOEX-110101-1301-Q060,MOEX-110101-1301-Q060,醫學（一）,110,2021,110101,1301,60,moex_med1_remaining_detailed_v4_merged_001_1827.ts
MOEX-110101-1301-Q061,MOEX-110101-1301-Q061,醫學（一）,110,2021,110101,1301,61,moex_med1_remaining_detailed_v4_merged_001_1827.ts
MOEX-110101-1301-Q062,MOEX-110101-1301-Q062,醫學（一）,110,2021,110101,1301,62,anatomyQuestions.ts
MOEX-110101-1301-Q063,MOEX-110101-1301-Q063,醫學（一）,110,2021,110101,1301,63,moex_med1_remaining_detailed_v4_merged_001_1827.ts
MOEX-110101-1301-Q064,MOEX-110101-1301-Q064,醫學（一）,110,2021,110101,1301,64,moex_med1_remaining_detailed_v4_merged_001_1827.ts
MOEX-110101-1301-Q065,MOEX-110101-1301-Q065,醫學（一）,110,2021,110101,1301,65,moex_med1_remaining_detailed_v4_merged_001_1827.ts
MOEX-110101-1301-Q066,MOEX-110101-1301-Q066,醫學（一）,110,2021,110101,1301,66,moex_med1_remaining_detailed_v4_merged_001_1827.ts
MOEX-110101-1301-Q067,MOEX-110101-1301-Q067,醫學（一）,110,2021,110101,1301,67,moex_med1_remaining_detailed_v4_merged_001_1827.ts
MOEX-110101-1301-Q068,MOEX-110101-1301-Q068,醫學（一）,110,2021,110101,1301,68,moex_med1_remaining_detailed_v4_merged_001_1827.ts
MOEX-110101-1301-Q069,MOEX-110101-1301-Q069,醫學（一）,110,2021,110101,1301,69,anatomyQuestions.ts
MOEX-110101-1301-Q070,MOEX-110101-1301-Q070,醫學（一）,110,2021,110101,1301,70,anatomyQuestions.ts
MOEX-110101-1301-Q071,MOEX-110101-1301-Q071,醫學（一）,110,2021,110101,1301,71,moex_med1_remaining_detailed_v4_merged_001_1827.ts
MOEX-110101-1301-Q072,MOEX-110101-1301-Q072,醫學（一）,110,2021,110101,1301,72,anatomyQuestions.ts
MOEX-110101-1301-Q073,MOEX-110101-1301-Q073,醫學（一）,110,2021,110101,1301,73,anatomyQuestions.ts
MOEX-110101-1301-Q074,MOEX-110101-1301-Q074,醫學（一）,110,2021,110101,1301,74,moex_med1_remaining_detailed_v4_merged_001_1827.ts
MOEX-110101-1301-Q075,MOEX-110101-1301-Q075,醫學（一）,110,2021,110101,1301,75,moex_med1_remaining_detailed_v4_merged_001_1827.ts
MOEX-110101-1301-Q076,MOEX-110101-1301-Q076,醫學（一）,110,2021,110101,1301,76,moex_med1_remaining_detailed_v4_merged_001_1827.ts
MOEX-110101-1301-Q077,MOEX-110101-1301-Q077,醫學（一）,110,2021,110101,1301,77,moex_med1_remaining_detailed_v4_merged_001_1827.ts
MOEX-110101-1301-Q078,MOEX-110101-1301-Q078,醫學（一）,110,2021,110101,1301,78,moex_med1_remaining_detailed_v4_merged_001_1827.ts
MOEX-110101-1301-Q079,MOEX-110101-1301-Q079,醫學（一）,110,2021,110101,1301,79,moex_med1_remaining_detailed_v4_merged_001_1827.ts
MOEX-110101-1301-Q080,MOEX-110101-1301-Q080,醫學（一）,110,2021,110101,1301,80,moex_med1_remaining_detailed_v4_merged_001_1827.ts
MOEX-110101-1301-Q081,MOEX-110101-1301-Q081,醫學（一）,110,2021,110101,1301,81,moex_med1_remaining_detailed_v4_merged_001_1827.ts
MOEX-110101-1301-Q082,MOEX-110101-1301-Q082,醫學（一）,110,2021,110101,1301,82,moex_med1_remaining_detailed_v4_merged_001_1827.ts
MOEX-110101-1301-Q083,MOEX-110101-1301-Q083,醫學（一）,110,2021,110101,1301,83,moex_med1_remaining_detailed_v4_merged_001_1827.ts
MOEX-110101-1301-Q084,MOEX-110101-1301-Q084,醫學（一）,110,2021,110101,1301,84,moex_med1_remaining_detailed_v4_merged_001_1827.ts
MOEX-110101-1301-Q085,MOEX-110101-1301-Q085,醫學（一）,110,2021,110101,1301,85,moex_med1_remaining_detailed_v4_merged_001_1827.ts
MOEX-110101-1301-Q086,MOEX-110101-1301-Q086,醫學（一）,110,2021,110101,1301,86,moex_med1_remaining_detailed_v4_merged_001_1827.ts
MOEX-110101-1301-Q087,MOEX-110101-1301-Q087,醫學（一）,110,2021,110101,1301,87,moex_med1_remaining_detailed_v4_merged_001_1827.ts
MOEX-110101-1301-Q088,MOEX-110101-1301-Q088,醫學（一）,110,2021,110101,1301,88,moex_med1_remaining_detailed_v4_merged_001_1827.ts
MOEX-110101-1301-Q089,MOEX-110101-1301-Q089,醫學（一）,110,2021,110101,1301,89,moex_med1_remaining_detailed_v4_merged_001_1827.ts
MOEX-110101-1301-Q090,MOEX-110101-1301-Q090,醫學（一）,110,2021,110101,1301,90,moex_med1_remaining_detailed_v4_merged_001_1827.ts
MOEX-110101-1301-Q091,MOEX-110101-1301-Q091,醫學（一）,110,2021,110101,1301,91,anatomyQuestions.ts
MOEX-110101-1301-Q092,MOEX-110101-1301-Q092,醫學（一）,110,2021,110101,1301,92,moex_med1_remaining_detailed_v4_merged_001_1827.ts
MOEX-110101-1301-Q093,MOEX-110101-1301-Q093,醫學（一）,110,2021,110101,1301,93,moex_med1_remaining_detailed_v4_merged_001_1827.ts
MOEX-110101-1301-Q094,MOEX-110101-1301-Q094,醫學（一）,110,2021,110101,1301,94,moex_med1_remaining_detailed_v4_merged_001_1827.ts
MOEX-110101-1301-Q095,MOEX-110101-1301-Q095,醫學（一）,110,2021,110101,1301,95,moex_med1_remaining_detailed_v4_merged_001_1827.ts
MOEX-110101-1301-Q096,MOEX-110101-1301-Q096,醫學（一）,110,2021,110101,1301,96,moex_med1_remaining_detailed_v4_merged_001_1827.ts
MOEX-110101-1301-Q097,MOEX-110101-1301-Q097,醫學（一）,110,2021,110101,1301,97,moex_med1_remaining_detailed_v4_merged_001_1827.ts
MOEX-110101-1301-Q098,MOEX-110101-1301-Q098,醫學（一）,110,2021,110101,1301,98,moex_med1_remaining_detailed_v4_merged_001_1827.ts
MOEX-110101-1301-Q099,MOEX-110101-1301-Q099,醫學（一）,110,2021,110101,1301,99,moex_med1_remaining_detailed_v4_merged_001_1827.ts
MOEX-110101-1301-Q100,MOEX-110101-1301-Q100,醫學（一）,110,2021,110101,1301,100,moex_med1_remaining_detailed_v4_merged_001_1827.ts
MOEX-110020-2301-Q001,MOEX-110020-2301-Q001,醫學（二）,110,2021,110020,2301,1,moex_med_stage2_detailed_merged_001_3100_classified_v3.json
MOEX-110020-2301-Q002,MOEX-110020-2301-Q002,醫學（二）,110,2021,110020,2301,2,moex_med_stage2_detailed_merged_001_3100_classified_v3.json
MOEX-110020-2301-Q003,MOEX-110020-2301-Q003,醫學（二）,110,2021,110020,2301,3,moex_med_stage2_detailed_merged_001_3100_classified_v3.json
MOEX-110020-2301-Q004,MOEX-110020-2301-Q004,醫學（二）,110,2021,110020,2301,4,moex_med_stage2_detailed_merged_001_3100_classified_v3.json
MOEX-110020-2301-Q005,MOEX-110020-2301-Q005,醫學（二）,110,2021,110020,2301,5,moex_med_stage2_detailed_merged_001_3100_classified_v3.json
MOEX-110020-2301-Q006,MOEX-110020-2301-Q006,醫學（二）,110,2021,110020,2301,6,moex_med_stage2_detailed_merged_001_3100_classified_v3.json
MOEX-110020-2301-Q007,MOEX-110020-2301-Q007,醫學（二）,110,2021,110020,2301,7,moex_med_stage2_detailed_merged_001_3100_classified_v3.json
MOEX-110020-2301-Q008,MOEX-110020-2301-Q008,醫學（二）,110,2021,110020,2301,8,moex_med_stage2_detailed_merged_001_3100_classified_v3.json
MOEX-110020-2301-Q009,MOEX-110020-2301-Q009,醫學（二）,110,2021,110020,2301,9,moex_med_stage2_detailed_merged_001_3100_classified_v3.json
MOEX-110020-2301-Q010,MOEX-110020-2301-Q010,醫學（二）,110,2021,110020,2301,10,moex_med_stage2_detailed_merged_001_3100_classified_v3.json
MOEX-110020-2301-Q011,MOEX-110020-2301-Q011,醫學（二）,110,2021,110020,2301,11,moex_med_stage2_detailed_merged_001_3100_classified_v3.json
MOEX-110020-2301-Q012,MOEX-110020-2301-Q012,醫學（二）,110,2021,110020,2301,12,moex_med_stage2_detailed_merged_001_3100_classified_v3.json
MOEX-110020-2301-Q013,MOEX-110020-2301-Q013,醫學（二）,110,2021,110020,2301,13,moex_med_stage2_detailed_merged_001_3100_classified_v3.json
MOEX-110020-2301-Q014,MOEX-110020-2301-Q014,醫學（二）,110,2021,110020,2301,14,moex_med_stage2_detailed_merged_001_3100_classified_v3.json
MOEX-110020-2301-Q015,MOEX-110020-2301-Q015,醫學（二）,110,2021,110020,2301,15,moex_med_stage2_detailed_merged_001_3100_classified_v3.json
MOEX-110020-2301-Q016,MOEX-110020-2301-Q016,醫學（二）,110,2021,110020,2301,16,moex_med_stage2_detailed_merged_001_3100_classified_v3.json
MOEX-110020-2301-Q017,MOEX-110020-2301-Q017,醫學（二）,110,2021,110020,2301,17,moex_med_stage2_detailed_merged_001_3100_classified_v3.json
MOEX-110020-2301-Q018,MOEX-110020-2301-Q018,醫學（二）,110,2021,110020,2301,18,moex_med_stage2_detailed_merged_001_3100_classified_v3.json
MOEX-110020-2301-Q019,MOEX-110020-2301-Q019,醫學（二）,110,2021,110020,2301,19,moex_med_stage2_detailed_merged_001_3100_classified_v3.json
MOEX-110020-2301-Q020,MOEX-110020-2301-Q020,醫學（二）,110,2021,110020,2301,20,moex_med_stage2_detailed_merged_001_3100_classified_v3.json
MOEX-110020-2301-Q021,MOEX-110020-2301-Q021,醫學（二）,110,2021,110020,2301,21,moex_med_stage2_detailed_merged_001_3100_classified_v3.json
MOEX-110020-2301-Q022,MOEX-110020-2301-Q022,醫學（二）,110,2021,110020,2301,22,moex_med_stage2_detailed_merged_001_3100_classified_v3.json
MOEX-110020-2301-Q023,MOEX-110020-2301-Q023,醫學（二）,110,2021,110020,2301,23,moex_med_stage2_detailed_merged_001_3100_classified_v3.json
MOEX-110020-2301-Q024,MOEX-110020-2301-Q024,醫學（二）,110,2021,110020,2301,24,moex_med_stage2_detailed_merged_001_3100_classified_v3.json
MOEX-110020-2301-Q025,MOEX-110020-2301-Q025,醫學（二）,110,2021,110020,2301,25,moex_med_stage2_detailed_merged_001_3100_classified_v3.json
MOEX-110020-2301-Q026,MOEX-110020-2301-Q026,醫學（二）,110,2021,110020,2301,26,moex_med_stage2_detailed_merged_001_3100_classified_v3.json
MOEX-110020-2301-Q027,MOEX-110020-2301-Q027,醫學（二）,110,2021,110020,2301,27,moex_med_stage2_detailed_merged_001_3100_classified_v3.json
MOEX-110020-2301-Q028,MOEX-110020-2301-Q028,醫學（二）,110,2021,110020,2301,28,moex_med_stage2_detailed_merged_001_3100_classified_v3.json
MOEX-110020-2301-Q029,MOEX-110020-2301-Q029,醫學（二）,110,2021,110020,2301,29,moex_med_stage2_detailed_merged_001_3100_classified_v3.json
MOEX-110020-2301-Q030,MOEX-110020-2301-Q030,醫學（二）,110,2021,110020,2301,30,moex_med_stage2_detailed_merged_001_3100_classified_v3.json
MOEX-110020-2301-Q031,MOEX-110020-2301-Q031,醫學（二）,110,2021,110020,2301,31,moex_med_stage2_detailed_merged_001_3100_classified_v3.json
MOEX-110020-2301-Q032,MOEX-110020-2301-Q032,醫學（二）,110,2021,110020,2301,32,moex_med_stage2_detailed_merged_001_3100_classified_v3.json
MOEX-110020-2301-Q033,MOEX-110020-2301-Q033,醫學（二）,110,2021,110020,2301,33,moex_med_stage2_detailed_merged_001_3100_classified_v3.json
MOEX-110020-2301-Q034,MOEX-110020-2301-Q034,醫學（二）,110,2021,110020,2301,34,moex_med_stage2_detailed_merged_001_3100_classified_v3.json
MOEX-110020-2301-Q035,MOEX-110020-2301-Q035,醫學（二）,110,2021,110020,2301,35,moex_med_stage2_detailed_merged_001_3100_classified_v3.json
MOEX-110020-2301-Q036,MOEX-110020-2301-Q036,醫學（二）,110,2021,110020,2301,36,moex_med_stage2_detailed_merged_001_3100_classified_v3.json
MOEX-110020-2301-Q037,MOEX-110020-2301-Q037,醫學（二）,110,2021,110020,2301,37,moex_med_stage2_detailed_merged_001_3100_classified_v3.json
MOEX-110020-2301-Q038,MOEX-110020-2301-Q038,醫學（二）,110,2021,110020,2301,38,moex_med_stage2_detailed_merged_001_3100_classified_v3.json
MOEX-110020-2301-Q039,MOEX-110020-2301-Q039,醫學（二）,110,2021,110020,2301,39,moex_med_stage2_detailed_merged_001_3100_classified_v3.json
MOEX-110020-2301-Q040,MOEX-110020-2301-Q040,醫學（二）,110,2021,110020,2301,40,moex_med_stage2_detailed_merged_001_3100_classified_v3.json
MOEX-110020-2301-Q041,MOEX-110020-2301-Q041,醫學（二）,110,2021,110020,2301,41,moex_med_stage2_detailed_merged_001_3100_classified_v3.json
MOEX-110020-2301-Q042,MOEX-110020-2301-Q042,醫學（二）,110,2021,110020,2301,42,moex_med_stage2_detailed_merged_001_3100_classified_v3.json
MOEX-110020-2301-Q043,MOEX-110020-2301-Q043,醫學（二）,110,2021,110020,2301,43,moex_med_stage2_detailed_merged_001_3100_classified_v3.json
MOEX-110020-2301-Q044,MOEX-110020-2301-Q044,醫學（二）,110,2021,110020,2301,44,moex_med_stage2_detailed_merged_001_3100_classified_v3.json
MOEX-110020-2301-Q045,MOEX-110020-2301-Q045,醫學（二）,110,2021,110020,2301,45,moex_med_stage2_detailed_merged_001_3100_classified_v3.json
MOEX-110020-2301-Q046,MOEX-110020-2301-Q046,醫學（二）,110,2021,110020,2301,46,moex_med_stage2_detailed_merged_001_3100_classified_v3.json
MOEX-110020-2301-Q047,MOEX-110020-2301-Q047,醫學（二）,110,2021,110020,2301,47,moex_med_stage2_detailed_merged_001_3100_classified_v3.json
MOEX-110020-2301-Q048,MOEX-110020-2301-Q048,醫學（二）,110,2021,110020,2301,48,moex_med_stage2_detailed_merged_001_3100_classified_v3.json
MOEX-110020-2301-Q049,MOEX-110020-2301-Q049,醫學（二）,110,2021,110020,2301,49,moex_med_stage2_detailed_merged_001_3100_classified_v3.json
MOEX-110020-2301-Q050,MOEX-110020-2301-Q050,醫學（二）,110,2021,110020,2301,50,moex_med_stage2_detailed_merged_001_3100_classified_v3.json
MOEX-110020-2301-Q051,MOEX-110020-2301-Q051,醫學（二）,110,2021,110020,2301,51,moex_med_stage2_detailed_merged_001_3100_classified_v3.json
MOEX-110020-2301-Q052,MOEX-110020-2301-Q052,醫學（二）,110,2021,110020,2301,52,moex_med_stage2_detailed_merged_001_3100_classified_v3.json
MOEX-110020-2301-Q053,MOEX-110020-2301-Q053,醫學（二）,110,2021,110020,2301,53,moex_med_stage2_detailed_merged_001_3100_classified_v3.json
MOEX-110020-2301-Q054,MOEX-110020-2301-Q054,醫學（二）,110,2021,110020,2301,54,moex_med_stage2_detailed_merged_001_3100_classified_v3.json
MOEX-110020-2301-Q055,MOEX-110020-2301-Q055,醫學（二）,110,2021,110020,2301,55,moex_med_stage2_detailed_merged_001_3100_classified_v3.json
MOEX-110020-2301-Q056,MOEX-110020-2301-Q056,醫學（二）,110,2021,110020,2301,56,moex_med_stage2_detailed_merged_001_3100_classified_v3.json
MOEX-110020-2301-Q057,MOEX-110020-2301-Q057,醫學（二）,110,2021,110020,2301,57,moex_med_stage2_detailed_merged_001_3100_classified_v3.json
MOEX-110020-2301-Q058,MOEX-110020-2301-Q058,醫學（二）,110,2021,110020,2301,58,moex_med_stage2_detailed_merged_001_3100_classified_v3.json
MOEX-110020-2301-Q059,MOEX-110020-2301-Q059,醫學（二）,110,2021,110020,2301,59,moex_med_stage2_detailed_merged_001_3100_classified_v3.json
MOEX-110020-2301-Q060,MOEX-110020-2301-Q060,醫學（二）,110,2021,110020,2301,60,moex_med_stage2_detailed_merged_001_3100_classified_v3.json
MOEX-110020-2301-Q061,MOEX-110020-2301-Q061,醫學（二）,110,2021,110020,2301,61,moex_med_stage2_detailed_merged_001_3100_classified_v3.json
MOEX-110020-2301-Q062,MOEX-110020-2301-Q062,醫學（二）,110,2021,110020,2301,62,moex_med_stage2_detailed_merged_001_3100_classified_v3.json
MOEX-110020-2301-Q063,MOEX-110020-2301-Q063,醫學（二）,110,2021,110020,2301,63,moex_med_stage2_detailed_merged_001_3100_classified_v3.json
MOEX-110020-2301-Q064,MOEX-110020-2301-Q064,醫學（二）,110,2021,110020,2301,64,moex_med_stage2_detailed_merged_001_3100_classified_v3.json
MOEX-110020-2301-Q065,MOEX-110020-2301-Q065,醫學（二）,110,2021,110020,2301,65,moex_med_stage2_detailed_merged_001_3100_classified_v3.json
MOEX-110020-2301-Q066,MOEX-110020-2301-Q066,醫學（二）,110,2021,110020,2301,66,moex_med_stage2_detailed_merged_001_3100_classified_v3.json
MOEX-110020-2301-Q067,MOEX-110020-2301-Q067,醫學（二）,110,2021,110020,2301,67,moex_med_stage2_detailed_merged_001_3100_classified_v3.json
MOEX-110020-2301-Q068,MOEX-110020-2301-Q068,醫學（二）,110,2021,110020,2301,68,moex_med_stage2_detailed_merged_001_3100_classified_v3.json
MOEX-110020-2301-Q069,MOEX-110020-2301-Q069,醫學（二）,110,2021,110020,2301,69,moex_med_stage2_detailed_merged_001_3100_classified_v3.json
MOEX-110020-2301-Q070,MOEX-110020-2301-Q070,醫學（二）,110,2021,110020,2301,70,moex_med_stage2_detailed_merged_001_3100_classified_v3.json
MOEX-110020-2301-Q071,MOEX-110020-2301-Q071,醫學（二）,110,2021,110020,2301,71,moex_med_stage2_detailed_merged_001_3100_classified_v3.json
MOEX-110020-2301-Q072,MOEX-110020-2301-Q072,醫學（二）,110,2021,110020,2301,72,moex_med_stage2_detailed_merged_001_3100_classified_v3.json
MOEX-110020-2301-Q073,MOEX-110020-2301-Q073,醫學（二）,110,2021,110020,2301,73,moex_med_stage2_detailed_merged_001_3100_classified_v3.json
MOEX-110020-2301-Q074,MOEX-110020-2301-Q074,醫學（二）,110,2021,110020,2301,74,moex_med_stage2_detailed_merged_001_3100_classified_v3.json
MOEX-110020-2301-Q075,MOEX-110020-2301-Q075,醫學（二）,110,2021,110020,2301,75,moex_med_stage2_detailed_merged_001_3100_classified_v3.json
MOEX-110020-2301-Q076,MOEX-110020-2301-Q076,醫學（二）,110,2021,110020,2301,76,moex_med_stage2_detailed_merged_001_3100_classified_v3.json
MOEX-110020-2301-Q077,MOEX-110020-2301-Q077,醫學（二）,110,2021,110020,2301,77,moex_med_stage2_detailed_merged_001_3100_classified_v3.json
MOEX-110020-2301-Q078,MOEX-110020-2301-Q078,醫學（二）,110,2021,110020,2301,78,moex_med_stage2_detailed_merged_001_3100_classified_v3.json
MOEX-110020-2301-Q079,MOEX-110020-2301-Q079,醫學（二）,110,2021,110020,2301,79,moex_med_stage2_detailed_merged_001_3100_classified_v3.json
MOEX-110020-2301-Q080,MOEX-110020-2301-Q080,醫學（二）,110,2021,110020,2301,80,moex_med_stage2_detailed_merged_001_3100_classified_v3.json
MOEX-110020-2301-Q081,MOEX-110020-2301-Q081,醫學（二）,110,2021,110020,2301,81,moex_med_stage2_detailed_merged_001_3100_classified_v3.json
MOEX-110020-2301-Q082,MOEX-110020-2301-Q082,醫學（二）,110,2021,110020,2301,82,moex_med_stage2_detailed_merged_001_3100_classified_v3.json
MOEX-110020-2301-Q083,MOEX-110020-2301-Q083,醫學（二）,110,2021,110020,2301,83,moex_med_stage2_detailed_merged_001_3100_classified_v3.json
MOEX-110020-2301-Q084,MOEX-110020-2301-Q084,醫學（二）,110,2021,110020,2301,84,moex_med_stage2_detailed_merged_001_3100_classified_v3.json
MOEX-110020-2301-Q085,MOEX-110020-2301-Q085,醫學（二）,110,2021,110020,2301,85,moex_med_stage2_detailed_merged_001_3100_classified_v3.json
MOEX-110020-2301-Q086,MOEX-110020-2301-Q086,醫學（二）,110,2021,110020,2301,86,moex_med_stage2_detailed_merged_001_3100_classified_v3.json
MOEX-110020-2301-Q087,MOEX-110020-2301-Q087,醫學（二）,110,2021,110020,2301,87,moex_med_stage2_detailed_merged_001_3100_classified_v3.json
MOEX-110020-2301-Q088,MOEX-110020-2301-Q088,醫學（二）,110,2021,110020,2301,88,moex_med_stage2_detailed_merged_001_3100_classified_v3.json
MOEX-110020-2301-Q089,MOEX-110020-2301-Q089,醫學（二）,110,2021,110020,2301,89,moex_med_stage2_detailed_merged_001_3100_classified_v3.json
MOEX-110020-2301-Q090,MOEX-110020-2301-Q090,醫學（二）,110,2021,110020,2301,90,moex_med_stage2_detailed_merged_001_3100_classified_v3.json
MOEX-110020-2301-Q091,MOEX-110020-2301-Q091,醫學（二）,110,2021,110020,2301,91,moex_med_stage2_detailed_merged_001_3100_classified_v3.json
MOEX-110020-2301-Q092,MOEX-110020-2301-Q092,醫學（二）,110,2021,110020,2301,92,moex_med_stage2_detailed_merged_001_3100_classified_v3.json
MOEX-110020-2301-Q093,MOEX-110020-2301-Q093,醫學（二）,110,2021,110020,2301,93,moex_med_stage2_detailed_merged_001_3100_classified_v3.json
MOEX-110020-2301-Q094,MOEX-110020-2301-Q094,醫學（二）,110,2021,110020,2301,94,moex_med_stage2_detailed_merged_001_3100_classified_v3.json
MOEX-110020-2301-Q095,MOEX-110020-2301-Q095,醫學（二）,110,2021,110020,2301,95,moex_med_stage2_detailed_merged_001_3100_classified_v3.json
MOEX-110020-2301-Q096,MOEX-110020-2301-Q096,醫學（二）,110,2021,110020,2301,96,moex_med_stage2_detailed_merged_001_3100_classified_v3.json
MOEX-110020-2301-Q097,MOEX-110020-2301-Q097,醫學（二）,110,2021,110020,2301,97,moex_med_stage2_detailed_merged_001_3100_classified_v3.json
MOEX-110020-2301-Q098,MOEX-110020-2301-Q098,醫學（二）,110,2021,110020,2301,98,moex_med_stage2_detailed_merged_001_3100_classified_v3.json
MOEX-110020-2301-Q099,MOEX-110020-2301-Q099,醫學（二）,110,2021,110020,2301,99,moex_med_stage2_detailed_merged_001_3100_classified_v3.json
MOEX-110020-2301-Q100,MOEX-110020-2301-Q100,醫學（二）,110,2021,110020,2301,100,moex_med_stage2_detailed_merged_001_3100_classified_v3.json
MOEX-110101-2301-Q001,MOEX-110101_2301-Q001,醫學（二）,110,2021,110101,2301,1,moex_med_stage2_detailed_merged_001_3100_classified_v3.json
MOEX-110101-2301-Q002,MOEX-110101_2301-Q002,醫學（二）,110,2021,110101,2301,2,moex_med_stage2_detailed_merged_001_3100_classified_v3.json
MOEX-110101-2301-Q003,MOEX-110101_2301-Q003,醫學（二）,110,2021,110101,2301,3,moex_med_stage2_detailed_merged_001_3100_classified_v3.json
MOEX-110101-2301-Q004,MOEX-110101_2301-Q004,醫學（二）,110,2021,110101,2301,4,moex_med_stage2_detailed_merged_001_3100_classified_v3.json
MOEX-110101-2301-Q005,MOEX-110101_2301-Q005,醫學（二）,110,2021,110101,2301,5,moex_med_stage2_detailed_merged_001_3100_classified_v3.json
MOEX-110101-2301-Q006,MOEX-110101_2301-Q006,醫學（二）,110,2021,110101,2301,6,moex_med_stage2_detailed_merged_001_3100_classified_v3.json
MOEX-110101-2301-Q007,MOEX-110101_2301-Q007,醫學（二）,110,2021,110101,2301,7,moex_med_stage2_detailed_merged_001_3100_classified_v3.json
MOEX-110101-2301-Q008,MOEX-110101_2301-Q008,醫學（二）,110,2021,110101,2301,8,moex_med_stage2_detailed_merged_001_3100_classified_v3.json
MOEX-110101-2301-Q009,MOEX-110101_2301-Q009,醫學（二）,110,2021,110101,2301,9,moex_med_stage2_detailed_merged_001_3100_classified_v3.json
MOEX-110101-2301-Q010,MOEX-110101_2301-Q010,醫學（二）,110,2021,110101,2301,10,moex_med_stage2_detailed_merged_001_3100_classified_v3.json
MOEX-110101-2301-Q011,MOEX-110101_2301-Q011,醫學（二）,110,2021,110101,2301,11,moex_med_stage2_detailed_merged_001_3100_classified_v3.json
MOEX-110101-2301-Q012,MOEX-110101_2301-Q012,醫學（二）,110,2021,110101,2301,12,moex_med_stage2_detailed_merged_001_3100_classified_v3.json
MOEX-110101-2301-Q013,MOEX-110101_2301-Q013,醫學（二）,110,2021,110101,2301,13,moex_med_stage2_detailed_merged_001_3100_classified_v3.json
MOEX-110101-2301-Q014,MOEX-110101_2301-Q014,醫學（二）,110,2021,110101,2301,14,moex_med_stage2_detailed_merged_001_3100_classified_v3.json
MOEX-110101-2301-Q015,MOEX-110101_2301-Q015,醫學（二）,110,2021,110101,2301,15,moex_med_stage2_detailed_merged_001_3100_classified_v3.json
MOEX-110101-2301-Q016,MOEX-110101_2301-Q016,醫學（二）,110,2021,110101,2301,16,moex_med_stage2_detailed_merged_001_3100_classified_v3.json
MOEX-110101-2301-Q017,MOEX-110101_2301-Q017,醫學（二）,110,2021,110101,2301,17,moex_med_stage2_detailed_merged_001_3100_classified_v3.json
MOEX-110101-2301-Q018,MOEX-110101_2301-Q018,醫學（二）,110,2021,110101,2301,18,moex_med_stage2_detailed_merged_001_3100_classified_v3.json
MOEX-110101-2301-Q019,MOEX-110101_2301-Q019,醫學（二）,110,2021,110101,2301,19,moex_med_stage2_detailed_merged_001_3100_classified_v3.json
MOEX-110101-2301-Q020,MOEX-110101_2301-Q020,醫學（二）,110,2021,110101,2301,20,moex_med_stage2_detailed_merged_001_3100_classified_v3.json
MOEX-110101-2301-Q021,MOEX-110101_2301-Q021,醫學（二）,110,2021,110101,2301,21,moex_med_stage2_detailed_merged_001_3100_classified_v3.json
MOEX-110101-2301-Q022,MOEX-110101_2301-Q022,醫學（二）,110,2021,110101,2301,22,moex_med_stage2_detailed_merged_001_3100_classified_v3.json
MOEX-110101-2301-Q023,MOEX-110101_2301-Q023,醫學（二）,110,2021,110101,2301,23,moex_med_stage2_detailed_merged_001_3100_classified_v3.json
MOEX-110101-2301-Q024,MOEX-110101_2301-Q024,醫學（二）,110,2021,110101,2301,24,moex_med_stage2_detailed_merged_001_3100_classified_v3.json
MOEX-110101-2301-Q025,MOEX-110101_2301-Q025,醫學（二）,110,2021,110101,2301,25,moex_med_stage2_detailed_merged_001_3100_classified_v3.json
MOEX-110101-2301-Q026,MOEX-110101_2301-Q026,醫學（二）,110,2021,110101,2301,26,moex_med_stage2_detailed_merged_001_3100_classified_v3.json
MOEX-110101-2301-Q027,MOEX-110101_2301-Q027,醫學（二）,110,2021,110101,2301,27,moex_med_stage2_detailed_merged_001_3100_classified_v3.json
MOEX-110101-2301-Q028,MOEX-110101_2301-Q028,醫學（二）,110,2021,110101,2301,28,moex_med_stage2_detailed_merged_001_3100_classified_v3.json
MOEX-110101-2301-Q029,MOEX-110101_2301-Q029,醫學（二）,110,2021,110101,2301,29,moex_med_stage2_detailed_merged_001_3100_classified_v3.json
MOEX-110101-2301-Q030,MOEX-110101_2301-Q030,醫學（二）,110,2021,110101,2301,30,moex_med_stage2_detailed_merged_001_3100_classified_v3.json
MOEX-110101-2301-Q031,MOEX-110101_2301-Q031,醫學（二）,110,2021,110101,2301,31,moex_med_stage2_detailed_merged_001_3100_classified_v3.json
MOEX-110101-2301-Q032,MOEX-110101_2301-Q032,醫學（二）,110,2021,110101,2301,32,moex_med_stage2_detailed_merged_001_3100_classified_v3.json
MOEX-110101-2301-Q033,MOEX-110101_2301-Q033,醫學（二）,110,2021,110101,2301,33,moex_med_stage2_detailed_merged_001_3100_classified_v3.json
MOEX-110101-2301-Q034,MOEX-110101_2301-Q034,醫學（二）,110,2021,110101,2301,34,moex_med_stage2_detailed_merged_001_3100_classified_v3.json
MOEX-110101-2301-Q035,MOEX-110101_2301-Q035,醫學（二）,110,2021,110101,2301,35,moex_med_stage2_detailed_merged_001_3100_classified_v3.json
MOEX-110101-2301-Q036,MOEX-110101_2301-Q036,醫學（二）,110,2021,110101,2301,36,moex_med_stage2_detailed_merged_001_3100_classified_v3.json
MOEX-110101-2301-Q037,MOEX-110101_2301-Q037,醫學（二）,110,2021,110101,2301,37,moex_med_stage2_detailed_merged_001_3100_classified_v3.json
MOEX-110101-2301-Q038,MOEX-110101_2301-Q038,醫學（二）,110,2021,110101,2301,38,moex_med_stage2_detailed_merged_001_3100_classified_v3.json
MOEX-110101-2301-Q039,MOEX-110101_2301-Q039,醫學（二）,110,2021,110101,2301,39,moex_med_stage2_detailed_merged_001_3100_classified_v3.json
MOEX-110101-2301-Q040,MOEX-110101_2301-Q040,醫學（二）,110,2021,110101,2301,40,moex_med_stage2_detailed_merged_001_3100_classified_v3.json
MOEX-110101-2301-Q041,MOEX-110101_2301-Q041,醫學（二）,110,2021,110101,2301,41,moex_med_stage2_detailed_merged_001_3100_classified_v3.json
MOEX-110101-2301-Q042,MOEX-110101_2301-Q042,醫學（二）,110,2021,110101,2301,42,moex_med_stage2_detailed_merged_001_3100_classified_v3.json
MOEX-110101-2301-Q043,MOEX-110101_2301-Q043,醫學（二）,110,2021,110101,2301,43,moex_med_stage2_detailed_merged_001_3100_classified_v3.json
MOEX-110101-2301-Q044,MOEX-110101_2301-Q044,醫學（二）,110,2021,110101,2301,44,moex_med_stage2_detailed_merged_001_3100_classified_v3.json
MOEX-110101-2301-Q045,MOEX-110101_2301-Q045,醫學（二）,110,2021,110101,2301,45,moex_med_stage2_detailed_merged_001_3100_classified_v3.json
MOEX-110101-2301-Q046,MOEX-110101_2301-Q046,醫學（二）,110,2021,110101,2301,46,moex_med_stage2_detailed_merged_001_3100_classified_v3.json
MOEX-110101-2301-Q047,MOEX-110101_2301-Q047,醫學（二）,110,2021,110101,2301,47,moex_med_stage2_detailed_merged_001_3100_classified_v3.json
MOEX-110101-2301-Q048,MOEX-110101_2301-Q048,醫學（二）,110,2021,110101,2301,48,moex_med_stage2_detailed_merged_001_3100_classified_v3.json
MOEX-110101-2301-Q049,MOEX-110101_2301-Q049,醫學（二）,110,2021,110101,2301,49,moex_med_stage2_detailed_merged_001_3100_classified_v3.json
MOEX-110101-2301-Q050,MOEX-110101_2301-Q050,醫學（二）,110,2021,110101,2301,50,moex_med_stage2_detailed_merged_001_3100_classified_v3.json
MOEX-110101-2301-Q051,MOEX-110101_2301-Q051,醫學（二）,110,2021,110101,2301,51,moex_med_stage2_detailed_merged_001_3100_classified_v3.json
MOEX-110101-2301-Q052,MOEX-110101_2301-Q052,醫學（二）,110,2021,110101,2301,52,moex_med_stage2_detailed_merged_001_3100_classified_v3.json
MOEX-110101-2301-Q053,MOEX-110101_2301-Q053,醫學（二）,110,2021,110101,2301,53,moex_med_stage2_detailed_merged_001_3100_classified_v3.json
MOEX-110101-2301-Q054,MOEX-110101_2301-Q054,醫學（二）,110,2021,110101,2301,54,moex_med_stage2_detailed_merged_001_3100_classified_v3.json
MOEX-110101-2301-Q055,MOEX-110101_2301-Q055,醫學（二）,110,2021,110101,2301,55,moex_med_stage2_detailed_merged_001_3100_classified_v3.json
MOEX-110101-2301-Q056,MOEX-110101_2301-Q056,醫學（二）,110,2021,110101,2301,56,moex_med_stage2_detailed_merged_001_3100_classified_v3.json
MOEX-110101-2301-Q057,MOEX-110101_2301-Q057,醫學（二）,110,2021,110101,2301,57,moex_med_stage2_detailed_merged_001_3100_classified_v3.json
MOEX-110101-2301-Q058,MOEX-110101_2301-Q058,醫學（二）,110,2021,110101,2301,58,moex_med_stage2_detailed_merged_001_3100_classified_v3.json
MOEX-110101-2301-Q059,MOEX-110101_2301-Q059,醫學（二）,110,2021,110101,2301,59,moex_med_stage2_detailed_merged_001_3100_classified_v3.json
MOEX-110101-2301-Q060,MOEX-110101_2301-Q060,醫學（二）,110,2021,110101,2301,60,moex_med_stage2_detailed_merged_001_3100_classified_v3.json
MOEX-110101-2301-Q061,MOEX-110101_2301-Q061,醫學（二）,110,2021,110101,2301,61,moex_med_stage2_detailed_merged_001_3100_classified_v3.json
MOEX-110101-2301-Q062,MOEX-110101_2301-Q062,醫學（二）,110,2021,110101,2301,62,moex_med_stage2_detailed_merged_001_3100_classified_v3.json
MOEX-110101-2301-Q063,MOEX-110101_2301-Q063,醫學（二）,110,2021,110101,2301,63,moex_med_stage2_detailed_merged_001_3100_classified_v3.json
MOEX-110101-2301-Q064,MOEX-110101_2301-Q064,醫學（二）,110,2021,110101,2301,64,moex_med_stage2_detailed_merged_001_3100_classified_v3.json
MOEX-110101-2301-Q065,MOEX-110101_2301-Q065,醫學（二）,110,2021,110101,2301,65,moex_med_stage2_detailed_merged_001_3100_classified_v3.json
MOEX-110101-2301-Q066,MOEX-110101_2301-Q066,醫學（二）,110,2021,110101,2301,66,moex_med_stage2_detailed_merged_001_3100_classified_v3.json
MOEX-110101-2301-Q067,MOEX-110101_2301-Q067,醫學（二）,110,2021,110101,2301,67,moex_med_stage2_detailed_merged_001_3100_classified_v3.json
MOEX-110101-2301-Q068,MOEX-110101_2301-Q068,醫學（二）,110,2021,110101,2301,68,moex_med_stage2_detailed_merged_001_3100_classified_v3.json
MOEX-110101-2301-Q069,MOEX-110101_2301-Q069,醫學（二）,110,2021,110101,2301,69,moex_med_stage2_detailed_merged_001_3100_classified_v3.json
MOEX-110101-2301-Q070,MOEX-110101_2301-Q070,醫學（二）,110,2021,110101,2301,70,moex_med_stage2_detailed_merged_001_3100_classified_v3.json
MOEX-110101-2301-Q071,MOEX-110101_2301-Q071,醫學（二）,110,2021,110101,2301,71,moex_med_stage2_detailed_merged_001_3100_classified_v3.json
MOEX-110101-2301-Q072,MOEX-110101_2301-Q072,醫學（二）,110,2021,110101,2301,72,moex_med_stage2_detailed_merged_001_3100_classified_v3.json
MOEX-110101-2301-Q073,MOEX-110101_2301-Q073,醫學（二）,110,2021,110101,2301,73,moex_med_stage2_detailed_merged_001_3100_classified_v3.json
MOEX-110101-2301-Q074,MOEX-110101_2301-Q074,醫學（二）,110,2021,110101,2301,74,moex_med_stage2_detailed_merged_001_3100_classified_v3.json
MOEX-110101-2301-Q075,MOEX-110101_2301-Q075,醫學（二）,110,2021,110101,2301,75,moex_med_stage2_detailed_merged_001_3100_classified_v3.json
MOEX-110101-2301-Q076,MOEX-110101_2301-Q076,醫學（二）,110,2021,110101,2301,76,moex_med_stage2_detailed_merged_001_3100_classified_v3.json
MOEX-110101-2301-Q077,MOEX-110101_2301-Q077,醫學（二）,110,2021,110101,2301,77,moex_med_stage2_detailed_merged_001_3100_classified_v3.json
MOEX-110101-2301-Q078,MOEX-110101_2301-Q078,醫學（二）,110,2021,110101,2301,78,moex_med_stage2_detailed_merged_001_3100_classified_v3.json
MOEX-110101-2301-Q079,MOEX-110101_2301-Q079,醫學（二）,110,2021,110101,2301,79,moex_med_stage2_detailed_merged_001_3100_classified_v3.json
MOEX-110101-2301-Q080,MOEX-110101_2301-Q080,醫學（二）,110,2021,110101,2301,80,moex_med_stage2_detailed_merged_001_3100_classified_v3.json
MOEX-110101-2301-Q081,MOEX-110101_2301-Q081,醫學（二）,110,2021,110101,2301,81,moex_med_stage2_detailed_merged_001_3100_classified_v3.json
MOEX-110101-2301-Q082,MOEX-110101_2301-Q082,醫學（二）,110,2021,110101,2301,82,moex_med_stage2_detailed_merged_001_3100_classified_v3.json
MOEX-110101-2301-Q083,MOEX-110101_2301-Q083,醫學（二）,110,2021,110101,2301,83,moex_med_stage2_detailed_merged_001_3100_classified_v3.json
MOEX-110101-2301-Q084,MOEX-110101_2301-Q084,醫學（二）,110,2021,110101,2301,84,moex_med_stage2_detailed_merged_001_3100_classified_v3.json
MOEX-110101-2301-Q085,MOEX-110101_2301-Q085,醫學（二）,110,2021,110101,2301,85,moex_med_stage2_detailed_merged_001_3100_classified_v3.json
MOEX-110101-2301-Q086,MOEX-110101_2301-Q086,醫學（二）,110,2021,110101,2301,86,moex_med_stage2_detailed_merged_001_3100_classified_v3.json
MOEX-110101-2301-Q087,MOEX-110101_2301-Q087,醫學（二）,110,2021,110101,2301,87,moex_med_stage2_detailed_merged_001_3100_classified_v3.json
MOEX-110101-2301-Q088,MOEX-110101_2301-Q088,醫學（二）,110,2021,110101,2301,88,moex_med_stage2_detailed_merged_001_3100_classified_v3.json
MOEX-110101-2301-Q089,MOEX-110101_2301-Q089,醫學（二）,110,2021,110101,2301,89,moex_med_stage2_detailed_merged_001_3100_classified_v3.json
MOEX-110101-2301-Q090,MOEX-110101_2301-Q090,醫學（二）,110,2021,110101,2301,90,moex_med_stage2_detailed_merged_001_3100_classified_v3.json
MOEX-110101-2301-Q091,MOEX-110101_2301-Q091,醫學（二）,110,2021,110101,2301,91,moex_med_stage2_detailed_merged_001_3100_classified_v3.json
MOEX-110101-2301-Q092,MOEX-110101_2301-Q092,醫學（二）,110,2021,110101,2301,92,moex_med_stage2_detailed_merged_001_3100_classified_v3.json
MOEX-110101-2301-Q093,MOEX-110101_2301-Q093,醫學（二）,110,2021,110101,2301,93,moex_med_stage2_detailed_merged_001_3100_classified_v3.json
MOEX-110101-2301-Q094,MOEX-110101_2301-Q094,醫學（二）,110,2021,110101,2301,94,moex_med_stage2_detailed_merged_001_3100_classified_v3.json
MOEX-110101-2301-Q095,MOEX-110101_2301-Q095,醫學（二）,110,2021,110101,2301,95,moex_med_stage2_detailed_merged_001_3100_classified_v3.json
MOEX-110101-2301-Q096,MOEX-110101_2301-Q096,醫學（二）,110,2021,110101,2301,96,moex_med_stage2_detailed_merged_001_3100_classified_v3.json
MOEX-110101-2301-Q097,MOEX-110101_2301-Q097,醫學（二）,110,2021,110101,2301,97,moex_med_stage2_detailed_merged_001_3100_classified_v3.json
MOEX-110101-2301-Q098,MOEX-110101_2301-Q098,醫學（二）,110,2021,110101,2301,98,moex_med_stage2_detailed_merged_001_3100_classified_v3.json
MOEX-110101-2301-Q099,MOEX-110101_2301-Q099,醫學（二）,110,2021,110101,2301,99,moex_med_stage2_detailed_merged_001_3100_classified_v3.json
MOEX-110101-2301-Q100,MOEX-110101_2301-Q100,醫學（二）,110,2021,110101,2301,100,moex_med_stage2_detailed_merged_001_3100_classified_v3.json
MOEX-111020-1301-Q001,MOEX-111020-1301-Q001,醫學（一）,111,2022,111020,1301,1,anatomyQuestions.ts
MOEX-111020-1301-Q002,MOEX-111020-1301-Q002,醫學（一）,111,2022,111020,1301,2,anatomyQuestions.ts
MOEX-111020-1301-Q003,MOEX-111020-1301-Q003,醫學（一）,111,2022,111020,1301,3,anatomyQuestions.ts
MOEX-111020-1301-Q004,MOEX-111020-1301-Q004,醫學（一）,111,2022,111020,1301,4,anatomyQuestions.ts
MOEX-111020-1301-Q005,MOEX-111020-1301-Q005,醫學（一）,111,2022,111020,1301,5,moex_med1_remaining_detailed_v4_merged_001_1827.ts
MOEX-111020-1301-Q006,MOEX-111020-1301-Q006,醫學（一）,111,2022,111020,1301,6,anatomyQuestions.ts
MOEX-111020-1301-Q007,MOEX-111020-1301-Q007,醫學（一）,111,2022,111020,1301,7,anatomyQuestions.ts
MOEX-111020-1301-Q008,MOEX-111020-1301-Q008,醫學（一）,111,2022,111020,1301,8,anatomyQuestions.ts
MOEX-111020-1301-Q009,MOEX-111020-1301-Q009,醫學（一）,111,2022,111020,1301,9,anatomyQuestions.ts
MOEX-111020-1301-Q010,MOEX-111020-1301-Q010,醫學（一）,111,2022,111020,1301,10,anatomyQuestions.ts
MOEX-111020-1301-Q011,MOEX-111020-1301-Q011,醫學（一）,111,2022,111020,1301,11,anatomyQuestions.ts
MOEX-111020-1301-Q012,MOEX-111020-1301-Q012,醫學（一）,111,2022,111020,1301,12,anatomyQuestions.ts
MOEX-111020-1301-Q013,MOEX-111020-1301-Q013,醫學（一）,111,2022,111020,1301,13,anatomyQuestions.ts
MOEX-111020-1301-Q014,MOEX-111020-1301-Q014,醫學（一）,111,2022,111020,1301,14,anatomyQuestions.ts
MOEX-111020-1301-Q015,MOEX-111020-1301-Q015,醫學（一）,111,2022,111020,1301,15,anatomyQuestions.ts
MOEX-111020-1301-Q016,MOEX-111020-1301-Q016,醫學（一）,111,2022,111020,1301,16,anatomyQuestions.ts
MOEX-111020-1301-Q017,MOEX-111020-1301-Q017,醫學（一）,111,2022,111020,1301,17,anatomyQuestions.ts
MOEX-111020-1301-Q018,MOEX-111020-1301-Q018,醫學（一）,111,2022,111020,1301,18,anatomyQuestions.ts
MOEX-111020-1301-Q019,MOEX-111020-1301-Q019,醫學（一）,111,2022,111020,1301,19,anatomyQuestions.ts
MOEX-111020-1301-Q020,MOEX-111020-1301-Q020,醫學（一）,111,2022,111020,1301,20,anatomyQuestions.ts
MOEX-111020-1301-Q021,MOEX-111020-1301-Q021,醫學（一）,111,2022,111020,1301,21,anatomyQuestions.ts
MOEX-111020-1301-Q022,MOEX-111020-1301-Q022,醫學（一）,111,2022,111020,1301,22,anatomyQuestions.ts
MOEX-111020-1301-Q023,MOEX-111020-1301-Q023,醫學（一）,111,2022,111020,1301,23,anatomyQuestions.ts
MOEX-111020-1301-Q024,MOEX-111020-1301-Q024,醫學（一）,111,2022,111020,1301,24,anatomyQuestions.ts
MOEX-111020-1301-Q025,MOEX-111020-1301-Q025,醫學（一）,111,2022,111020,1301,25,anatomyQuestions.ts
MOEX-111020-1301-Q026,MOEX-111020-1301-Q026,醫學（一）,111,2022,111020,1301,26,anatomyQuestions.ts
MOEX-111020-1301-Q027,MOEX-111020-1301-Q027,醫學（一）,111,2022,111020,1301,27,anatomyQuestions.ts
MOEX-111020-1301-Q028,MOEX-111020-1301-Q028,醫學（一）,111,2022,111020,1301,28,anatomyQuestions.ts
MOEX-111020-1301-Q029,MOEX-111020-1301-Q029,醫學（一）,111,2022,111020,1301,29,anatomyQuestions.ts
MOEX-111020-1301-Q030,MOEX-111020-1301-Q030,醫學（一）,111,2022,111020,1301,30,anatomyQuestions.ts
MOEX-111020-1301-Q031,MOEX-111020-1301-Q031,醫學（一）,111,2022,111020,1301,31,anatomyQuestions.ts
MOEX-111020-1301-Q032,MOEX-111020-1301-Q032,醫學（一）,111,2022,111020,1301,32,moex_med1_remaining_detailed_v4_merged_001_1827.ts
MOEX-111020-1301-Q033,MOEX-111020-1301-Q033,醫學（一）,111,2022,111020,1301,33,moex_med1_remaining_detailed_v4_merged_001_1827.ts
MOEX-111020-1301-Q034,MOEX-111020-1301-Q034,醫學（一）,111,2022,111020,1301,34,anatomyQuestions.ts
MOEX-111020-1301-Q035,MOEX-111020-1301-Q035,醫學（一）,111,2022,111020,1301,35,moex_med1_remaining_detailed_v4_merged_001_1827.ts
MOEX-111020-1301-Q036,MOEX-111020-1301-Q036,醫學（一）,111,2022,111020,1301,36,moex_med1_remaining_detailed_v4_merged_001_1827.ts
MOEX-111020-1301-Q037,MOEX-111020-1301-Q037,醫學（一）,111,2022,111020,1301,37,moex_med1_remaining_detailed_v4_merged_001_1827.ts
MOEX-111020-1301-Q038,MOEX-111020-1301-Q038,醫學（一）,111,2022,111020,1301,38,moex_med1_remaining_detailed_v4_merged_001_1827.ts
MOEX-111020-1301-Q039,MOEX-111020-1301-Q039,醫學（一）,111,2022,111020,1301,39,moex_med1_remaining_detailed_v4_merged_001_1827.ts
MOEX-111020-1301-Q040,MOEX-111020-1301-Q040,醫學（一）,111,2022,111020,1301,40,moex_med1_remaining_detailed_v4_merged_001_1827.ts
MOEX-111020-1301-Q041,MOEX-111020-1301-Q041,醫學（一）,111,2022,111020,1301,41,moex_med1_remaining_detailed_v4_merged_001_1827.ts
MOEX-111020-1301-Q042,MOEX-111020-1301-Q042,醫學（一）,111,2022,111020,1301,42,anatomyQuestions.ts
MOEX-111020-1301-Q043,MOEX-111020-1301-Q043,醫學（一）,111,2022,111020,1301,43,moex_med1_remaining_detailed_v4_merged_001_1827.ts
MOEX-111020-1301-Q044,MOEX-111020-1301-Q044,醫學（一）,111,2022,111020,1301,44,moex_med1_remaining_detailed_v4_merged_001_1827.ts
MOEX-111020-1301-Q045,MOEX-111020-1301-Q045,醫學（一）,111,2022,111020,1301,45,moex_med1_remaining_detailed_v4_merged_001_1827.ts
MOEX-111020-1301-Q046,MOEX-111020-1301-Q046,醫學（一）,111,2022,111020,1301,46,moex_med1_remaining_detailed_v4_merged_001_1827.ts
MOEX-111020-1301-Q047,MOEX-111020-1301-Q047,醫學（一）,111,2022,111020,1301,47,moex_med1_remaining_detailed_v4_merged_001_1827.ts
MOEX-111020-1301-Q048,MOEX-111020-1301-Q048,醫學（一）,111,2022,111020,1301,48,moex_med1_remaining_detailed_v4_merged_001_1827.ts
MOEX-111020-1301-Q049,MOEX-111020-1301-Q049,醫學（一）,111,2022,111020,1301,49,anatomyQuestions.ts
MOEX-111020-1301-Q050,MOEX-111020-1301-Q050,醫學（一）,111,2022,111020,1301,50,anatomyQuestions.ts
MOEX-111020-1301-Q051,MOEX-111020-1301-Q051,醫學（一）,111,2022,111020,1301,51,anatomyQuestions.ts
MOEX-111020-1301-Q052,MOEX-111020-1301-Q052,醫學（一）,111,2022,111020,1301,52,anatomyQuestions.ts
MOEX-111020-1301-Q053,MOEX-111020-1301-Q053,醫學（一）,111,2022,111020,1301,53,moex_med1_remaining_detailed_v4_merged_001_1827.ts
MOEX-111020-1301-Q054,MOEX-111020-1301-Q054,醫學（一）,111,2022,111020,1301,54,moex_med1_remaining_detailed_v4_merged_001_1827.ts
MOEX-111020-1301-Q055,MOEX-111020-1301-Q055,醫學（一）,111,2022,111020,1301,55,moex_med1_remaining_detailed_v4_merged_001_1827.ts
MOEX-111020-1301-Q056,MOEX-111020-1301-Q056,醫學（一）,111,2022,111020,1301,56,moex_med1_remaining_detailed_v4_merged_001_1827.ts
MOEX-111020-1301-Q057,MOEX-111020-1301-Q057,醫學（一）,111,2022,111020,1301,57,moex_med1_remaining_detailed_v4_merged_001_1827.ts
MOEX-111020-1301-Q058,MOEX-111020-1301-Q058,醫學（一）,111,2022,111020,1301,58,moex_med1_remaining_detailed_v4_merged_001_1827.ts
MOEX-111020-1301-Q059,MOEX-111020-1301-Q059,醫學（一）,111,2022,111020,1301,59,moex_med1_remaining_detailed_v4_merged_001_1827.ts
MOEX-111020-1301-Q060,MOEX-111020-1301-Q060,醫學（一）,111,2022,111020,1301,60,anatomyQuestions.ts
MOEX-111020-1301-Q061,missing-2022-1-111020-1301-q061,醫學（一）,111,2022,111020,1301,61,moex_med1_missing_22_questions_detailed_v5.ts
MOEX-111020-1301-Q062,MOEX-111020-1301-Q062,醫學（一）,111,2022,111020,1301,62,anatomyQuestions.ts
MOEX-111020-1301-Q063,MOEX-111020-1301-Q063,醫學（一）,111,2022,111020,1301,63,anatomyQuestions.ts
MOEX-111020-1301-Q064,MOEX-111020-1301-Q064,醫學（一）,111,2022,111020,1301,64,anatomyQuestions.ts
MOEX-111020-1301-Q065,MOEX-111020-1301-Q065,醫學（一）,111,2022,111020,1301,65,anatomyQuestions.ts
MOEX-111020-1301-Q066,MOEX-111020-1301-Q066,醫學（一）,111,2022,111020,1301,66,anatomyQuestions.ts
MOEX-111020-1301-Q067,MOEX-111020-1301-Q067,醫學（一）,111,2022,111020,1301,67,moex_med1_remaining_detailed_v4_merged_001_1827.ts
MOEX-111020-1301-Q068,MOEX-111020-1301-Q068,醫學（一）,111,2022,111020,1301,68,moex_med1_remaining_detailed_v4_merged_001_1827.ts
MOEX-111020-1301-Q069,MOEX-111020-1301-Q069,醫學（一）,111,2022,111020,1301,69,anatomyQuestions.ts
MOEX-111020-1301-Q070,MOEX-111020-1301-Q070,醫學（一）,111,2022,111020,1301,70,moex_med1_remaining_detailed_v4_merged_001_1827.ts
MOEX-111020-1301-Q071,MOEX-111020-1301-Q071,醫學（一）,111,2022,111020,1301,71,moex_med1_remaining_detailed_v4_merged_001_1827.ts
MOEX-111020-1301-Q072,MOEX-111020-1301-Q072,醫學（一）,111,2022,111020,1301,72,moex_med1_remaining_detailed_v4_merged_001_1827.ts
MOEX-111020-1301-Q073,MOEX-111020-1301-Q073,醫學（一）,111,2022,111020,1301,73,moex_med1_remaining_detailed_v4_merged_001_1827.ts
MOEX-111020-1301-Q074,MOEX-111020-1301-Q074,醫學（一）,111,2022,111020,1301,74,moex_med1_remaining_detailed_v4_merged_001_1827.ts
MOEX-111020-1301-Q075,MOEX-111020-1301-Q075,醫學（一）,111,2022,111020,1301,75,moex_med1_remaining_detailed_v4_merged_001_1827.ts
MOEX-111020-1301-Q076,MOEX-111020-1301-Q076,醫學（一）,111,2022,111020,1301,76,moex_med1_remaining_detailed_v4_merged_001_1827.ts
MOEX-111020-1301-Q077,MOEX-111020-1301-Q077,醫學（一）,111,2022,111020,1301,77,moex_med1_remaining_detailed_v4_merged_001_1827.ts
MOEX-111020-1301-Q078,MOEX-111020-1301-Q078,醫學（一）,111,2022,111020,1301,78,anatomyQuestions.ts
MOEX-111020-1301-Q079,MOEX-111020-1301-Q079,醫學（一）,111,2022,111020,1301,79,anatomyQuestions.ts
MOEX-111020-1301-Q080,MOEX-111020-1301-Q080,醫學（一）,111,2022,111020,1301,80,moex_med1_remaining_detailed_v4_merged_001_1827.ts
MOEX-111020-1301-Q081,MOEX-111020-1301-Q081,醫學（一）,111,2022,111020,1301,81,anatomyQuestions.ts
MOEX-111020-1301-Q082,MOEX-111020-1301-Q082,醫學（一）,111,2022,111020,1301,82,moex_med1_remaining_detailed_v4_merged_001_1827.ts
MOEX-111020-1301-Q083,MOEX-111020-1301-Q083,醫學（一）,111,2022,111020,1301,83,moex_med1_remaining_detailed_v4_merged_001_1827.ts
MOEX-111020-1301-Q084,MOEX-111020-1301-Q084,醫學（一）,111,2022,111020,1301,84,anatomyQuestions.ts
MOEX-111020-1301-Q085,MOEX-111020-1301-Q085,醫學（一）,111,2022,111020,1301,85,moex_med1_remaining_detailed_v4_merged_001_1827.ts
MOEX-111020-1301-Q086,MOEX-111020-1301-Q086,醫學（一）,111,2022,111020,1301,86,moex_med1_remaining_detailed_v4_merged_001_1827.ts
MOEX-111020-1301-Q087,MOEX-111020-1301-Q087,醫學（一）,111,2022,111020,1301,87,moex_med1_remaining_detailed_v4_merged_001_1827.ts
MOEX-111020-1301-Q088,MOEX-111020-1301-Q088,醫學（一）,111,2022,111020,1301,88,moex_med1_remaining_detailed_v4_merged_001_1827.ts
MOEX-111020-1301-Q089,MOEX-111020-1301-Q089,醫學（一）,111,2022,111020,1301,89,moex_med1_remaining_detailed_v4_merged_001_1827.ts
MOEX-111020-1301-Q090,MOEX-111020-1301-Q090,醫學（一）,111,2022,111020,1301,90,moex_med1_remaining_detailed_v4_merged_001_1827.ts
MOEX-111020-1301-Q091,MOEX-111020-1301-Q091,醫學（一）,111,2022,111020,1301,91,moex_med1_remaining_detailed_v4_merged_001_1827.ts
MOEX-111020-1301-Q092,MOEX-111020-1301-Q092,醫學（一）,111,2022,111020,1301,92,moex_med1_remaining_detailed_v4_merged_001_1827.ts
MOEX-111020-1301-Q093,MOEX-111020-1301-Q093,醫學（一）,111,2022,111020,1301,93,moex_med1_remaining_detailed_v4_merged_001_1827.ts
MOEX-111020-1301-Q094,MOEX-111020-1301-Q094,醫學（一）,111,2022,111020,1301,94,moex_med1_remaining_detailed_v4_merged_001_1827.ts
MOEX-111020-1301-Q095,MOEX-111020-1301-Q095,醫學（一）,111,2022,111020,1301,95,moex_med1_remaining_detailed_v4_merged_001_1827.ts
MOEX-111020-1301-Q096,MOEX-111020-1301-Q096,醫學（一）,111,2022,111020,1301,96,moex_med1_remaining_detailed_v4_merged_001_1827.ts
MOEX-111020-1301-Q097,MOEX-111020-1301-Q097,醫學（一）,111,2022,111020,1301,97,anatomyQuestions.ts
MOEX-111020-1301-Q098,MOEX-111020-1301-Q098,醫學（一）,111,2022,111020,1301,98,moex_med1_remaining_detailed_v4_merged_001_1827.ts
MOEX-111020-1301-Q099,MOEX-111020-1301-Q099,醫學（一）,111,2022,111020,1301,99,moex_med1_remaining_detailed_v4_merged_001_1827.ts
MOEX-111020-1301-Q100,MOEX-111020-1301-Q100,醫學（一）,111,2022,111020,1301,100,moex_med1_remaining_detailed_v4_merged_001_1827.ts
MOEX-111100-1301-Q001,MOEX-111100-1301-Q001,醫學（一）,111,2022,111100,1301,1,anatomyQuestions.ts
MOEX-111100-1301-Q002,MOEX-111100-1301-Q002,醫學（一）,111,2022,111100,1301,2,anatomyQuestions.ts
MOEX-111100-1301-Q003,MOEX-111100-1301-Q003,醫學（一）,111,2022,111100,1301,3,anatomyQuestions.ts
MOEX-111100-1301-Q004,MOEX-111100-1301-Q004,醫學（一）,111,2022,111100,1301,4,anatomyQuestions.ts
MOEX-111100-1301-Q005,MOEX-111100-1301-Q005,醫學（一）,111,2022,111100,1301,5,moex_med1_remaining_detailed_v4_merged_001_1827.ts
MOEX-111100-1301-Q006,MOEX-111100-1301-Q006,醫學（一）,111,2022,111100,1301,6,anatomyQuestions.ts
MOEX-111100-1301-Q007,MOEX-111100-1301-Q007,醫學（一）,111,2022,111100,1301,7,anatomyQuestions.ts
MOEX-111100-1301-Q008,MOEX-111100-1301-Q008,醫學（一）,111,2022,111100,1301,8,anatomyQuestions.ts
MOEX-111100-1301-Q009,MOEX-111100-1301-Q009,醫學（一）,111,2022,111100,1301,9,anatomyQuestions.ts
MOEX-111100-1301-Q010,MOEX-111100-1301-Q010,醫學（一）,111,2022,111100,1301,10,anatomyQuestions.ts
MOEX-111100-1301-Q011,MOEX-111100-1301-Q011,醫學（一）,111,2022,111100,1301,11,moex_med1_remaining_detailed_v4_merged_001_1827.ts
MOEX-111100-1301-Q012,MOEX-111100-1301-Q012,醫學（一）,111,2022,111100,1301,12,moex_med1_remaining_detailed_v4_merged_001_1827.ts
MOEX-111100-1301-Q013,MOEX-111100-1301-Q013,醫學（一）,111,2022,111100,1301,13,anatomyQuestions.ts
MOEX-111100-1301-Q014,MOEX-111100-1301-Q014,醫學（一）,111,2022,111100,1301,14,anatomyQuestions.ts
MOEX-111100-1301-Q015,MOEX-111100-1301-Q015,醫學（一）,111,2022,111100,1301,15,anatomyQuestions.ts
MOEX-111100-1301-Q016,MOEX-111100-1301-Q016,醫學（一）,111,2022,111100,1301,16,anatomyQuestions.ts
MOEX-111100-1301-Q017,MOEX-111100-1301-Q017,醫學（一）,111,2022,111100,1301,17,anatomyQuestions.ts
MOEX-111100-1301-Q018,MOEX-111100-1301-Q018,醫學（一）,111,2022,111100,1301,18,anatomyQuestions.ts
MOEX-111100-1301-Q019,MOEX-111100-1301-Q019,醫學（一）,111,2022,111100,1301,19,anatomyQuestions.ts
MOEX-111100-1301-Q020,MOEX-111100-1301-Q020,醫學（一）,111,2022,111100,1301,20,anatomyQuestions.ts
MOEX-111100-1301-Q021,MOEX-111100-1301-Q021,醫學（一）,111,2022,111100,1301,21,anatomyQuestions.ts
MOEX-111100-1301-Q022,MOEX-111100-1301-Q022,醫學（一）,111,2022,111100,1301,22,anatomyQuestions.ts
MOEX-111100-1301-Q023,MOEX-111100-1301-Q023,醫學（一）,111,2022,111100,1301,23,anatomyQuestions.ts
MOEX-111100-1301-Q024,MOEX-111100-1301-Q024,醫學（一）,111,2022,111100,1301,24,anatomyQuestions.ts
MOEX-111100-1301-Q025,MOEX-111100-1301-Q025,醫學（一）,111,2022,111100,1301,25,anatomyQuestions.ts
MOEX-111100-1301-Q026,MOEX-111100-1301-Q026,醫學（一）,111,2022,111100,1301,26,anatomyQuestions.ts
MOEX-111100-1301-Q027,MOEX-111100-1301-Q027,醫學（一）,111,2022,111100,1301,27,anatomyQuestions.ts
MOEX-111100-1301-Q028,MOEX-111100-1301-Q028,醫學（一）,111,2022,111100,1301,28,anatomyQuestions.ts
MOEX-111100-1301-Q029,MOEX-111100-1301-Q029,醫學（一）,111,2022,111100,1301,29,moex_med1_remaining_detailed_v4_merged_001_1827.ts
MOEX-111100-1301-Q030,MOEX-111100-1301-Q030,醫學（一）,111,2022,111100,1301,30,anatomyQuestions.ts
MOEX-111100-1301-Q031,MOEX-111100-1301-Q031,醫學（一）,111,2022,111100,1301,31,moex_med1_remaining_detailed_v4_merged_001_1827.ts
MOEX-111100-1301-Q032,MOEX-111100-1301-Q032,醫學（一）,111,2022,111100,1301,32,anatomyQuestions.ts
MOEX-111100-1301-Q033,MOEX-111100-1301-Q033,醫學（一）,111,2022,111100,1301,33,anatomyQuestions.ts
MOEX-111100-1301-Q034,MOEX-111100-1301-Q034,醫學（一）,111,2022,111100,1301,34,anatomyQuestions.ts
MOEX-111100-1301-Q035,MOEX-111100-1301-Q035,醫學（一）,111,2022,111100,1301,35,moex_med1_remaining_detailed_v4_merged_001_1827.ts
MOEX-111100-1301-Q036,MOEX-111100-1301-Q036,醫學（一）,111,2022,111100,1301,36,moex_med1_remaining_detailed_v4_merged_001_1827.ts
MOEX-111100-1301-Q037,MOEX-111100-1301-Q037,醫學（一）,111,2022,111100,1301,37,moex_med1_remaining_detailed_v4_merged_001_1827.ts
MOEX-111100-1301-Q038,MOEX-111100-1301-Q038,醫學（一）,111,2022,111100,1301,38,moex_med1_remaining_detailed_v4_merged_001_1827.ts
MOEX-111100-1301-Q039,MOEX-111100-1301-Q039,醫學（一）,111,2022,111100,1301,39,moex_med1_remaining_detailed_v4_merged_001_1827.ts
MOEX-111100-1301-Q040,MOEX-111100-1301-Q040,醫學（一）,111,2022,111100,1301,40,manual_question_override
MOEX-111100-1301-Q041,MOEX-111100-1301-Q041,醫學（一）,111,2022,111100,1301,41,moex_med1_remaining_detailed_v4_merged_001_1827.ts
MOEX-111100-1301-Q042,MOEX-111100-1301-Q042,醫學（一）,111,2022,111100,1301,42,anatomyQuestions.ts
MOEX-111100-1301-Q043,MOEX-111100-1301-Q043,醫學（一）,111,2022,111100,1301,43,moex_med1_remaining_detailed_v4_merged_001_1827.ts
MOEX-111100-1301-Q044,MOEX-111100-1301-Q044,醫學（一）,111,2022,111100,1301,44,moex_med1_remaining_detailed_v4_merged_001_1827.ts
MOEX-111100-1301-Q045,MOEX-111100-1301-Q045,醫學（一）,111,2022,111100,1301,45,moex_med1_remaining_detailed_v4_merged_001_1827.ts
MOEX-111100-1301-Q046,MOEX-111100-1301-Q046,醫學（一）,111,2022,111100,1301,46,moex_med1_remaining_detailed_v4_merged_001_1827.ts
MOEX-111100-1301-Q047,MOEX-111100-1301-Q047,醫學（一）,111,2022,111100,1301,47,moex_med1_remaining_detailed_v4_merged_001_1827.ts
MOEX-111100-1301-Q048,MOEX-111100-1301-Q048,醫學（一）,111,2022,111100,1301,48,anatomyQuestions.ts
MOEX-111100-1301-Q049,MOEX-111100-1301-Q049,醫學（一）,111,2022,111100,1301,49,moex_med1_remaining_detailed_v4_merged_001_1827.ts
MOEX-111100-1301-Q050,missing-2022-2-111100-1301-q050,醫學（一）,111,2022,111100,1301,50,moex_med1_missing_22_questions_detailed_v5.ts
MOEX-111100-1301-Q051,MOEX-111100-1301-Q051,醫學（一）,111,2022,111100,1301,51,anatomyQuestions.ts
MOEX-111100-1301-Q052,MOEX-111100-1301-Q052,醫學（一）,111,2022,111100,1301,52,moex_med1_remaining_detailed_v4_merged_001_1827.ts
MOEX-111100-1301-Q053,MOEX-111100-1301-Q053,醫學（一）,111,2022,111100,1301,53,moex_med1_remaining_detailed_v4_merged_001_1827.ts
MOEX-111100-1301-Q054,MOEX-111100-1301-Q054,醫學（一）,111,2022,111100,1301,54,anatomyQuestions.ts
MOEX-111100-1301-Q055,MOEX-111100-1301-Q055,醫學（一）,111,2022,111100,1301,55,moex_med1_remaining_detailed_v4_merged_001_1827.ts
MOEX-111100-1301-Q056,MOEX-111100-1301-Q056,醫學（一）,111,2022,111100,1301,56,moex_med1_remaining_detailed_v4_merged_001_1827.ts
MOEX-111100-1301-Q057,MOEX-111100-1301-Q057,醫學（一）,111,2022,111100,1301,57,anatomyQuestions.ts
MOEX-111100-1301-Q058,MOEX-111100-1301-Q058,醫學（一）,111,2022,111100,1301,58,anatomyQuestions.ts
MOEX-111100-1301-Q059,MOEX-111100-1301-Q059,醫學（一）,111,2022,111100,1301,59,moex_med1_remaining_detailed_v4_merged_001_1827.ts
MOEX-111100-1301-Q060,MOEX-111100-1301-Q060,醫學（一）,111,2022,111100,1301,60,anatomyQuestions.ts
MOEX-111100-1301-Q061,MOEX-111100-1301-Q061,醫學（一）,111,2022,111100,1301,61,anatomyQuestions.ts
MOEX-111100-1301-Q062,MOEX-111100-1301-Q062,醫學（一）,111,2022,111100,1301,62,moex_med1_remaining_detailed_v4_merged_001_1827.ts
MOEX-111100-1301-Q063,MOEX-111100-1301-Q063,醫學（一）,111,2022,111100,1301,63,anatomyQuestions.ts
MOEX-111100-1301-Q064,MOEX-111100-1301-Q064,醫學（一）,111,2022,111100,1301,64,moex_med1_remaining_detailed_v4_merged_001_1827.ts
MOEX-111100-1301-Q065,MOEX-111100-1301-Q065,醫學（一）,111,2022,111100,1301,65,moex_med1_remaining_detailed_v4_merged_001_1827.ts
MOEX-111100-1301-Q066,MOEX-111100-1301-Q066,醫學（一）,111,2022,111100,1301,66,moex_med1_remaining_detailed_v4_merged_001_1827.ts
MOEX-111100-1301-Q067,MOEX-111100-1301-Q067,醫學（一）,111,2022,111100,1301,67,moex_med1_remaining_detailed_v4_merged_001_1827.ts
MOEX-111100-1301-Q068,MOEX-111100-1301-Q068,醫學（一）,111,2022,111100,1301,68,moex_med1_remaining_detailed_v4_merged_001_1827.ts
MOEX-111100-1301-Q069,MOEX-111100-1301-Q069,醫學（一）,111,2022,111100,1301,69,moex_med1_remaining_detailed_v4_merged_001_1827.ts
MOEX-111100-1301-Q070,MOEX-111100-1301-Q070,醫學（一）,111,2022,111100,1301,70,anatomyQuestions.ts
MOEX-111100-1301-Q071,MOEX-111100-1301-Q071,醫學（一）,111,2022,111100,1301,71,moex_med1_remaining_detailed_v4_merged_001_1827.ts
MOEX-111100-1301-Q072,MOEX-111100-1301-Q072,醫學（一）,111,2022,111100,1301,72,moex_med1_remaining_detailed_v4_merged_001_1827.ts
MOEX-111100-1301-Q073,MOEX-111100-1301-Q073,醫學（一）,111,2022,111100,1301,73,moex_med1_remaining_detailed_v4_merged_001_1827.ts
MOEX-111100-1301-Q074,MOEX-111100-1301-Q074,醫學（一）,111,2022,111100,1301,74,moex_med1_remaining_detailed_v4_merged_001_1827.ts
MOEX-111100-1301-Q075,MOEX-111100-1301-Q075,醫學（一）,111,2022,111100,1301,75,moex_med1_remaining_detailed_v4_merged_001_1827.ts
MOEX-111100-1301-Q076,MOEX-111100-1301-Q076,醫學（一）,111,2022,111100,1301,76,moex_med1_remaining_detailed_v4_merged_001_1827.ts
MOEX-111100-1301-Q077,MOEX-111100-1301-Q077,醫學（一）,111,2022,111100,1301,77,anatomyQuestions.ts
MOEX-111100-1301-Q078,MOEX-111100-1301-Q078,醫學（一）,111,2022,111100,1301,78,moex_med1_remaining_detailed_v4_merged_001_1827.ts
MOEX-111100-1301-Q079,MOEX-111100-1301-Q079,醫學（一）,111,2022,111100,1301,79,moex_med1_remaining_detailed_v4_merged_001_1827.ts
MOEX-111100-1301-Q080,MOEX-111100-1301-Q080,醫學（一）,111,2022,111100,1301,80,moex_med1_remaining_detailed_v4_merged_001_1827.ts
MOEX-111100-1301-Q081,MOEX-111100-1301-Q081,醫學（一）,111,2022,111100,1301,81,moex_med1_remaining_detailed_v4_merged_001_1827.ts
MOEX-111100-1301-Q082,MOEX-111100-1301-Q082,醫學（一）,111,2022,111100,1301,82,moex_med1_remaining_detailed_v4_merged_001_1827.ts
MOEX-111100-1301-Q083,MOEX-111100-1301-Q083,醫學（一）,111,2022,111100,1301,83,moex_med1_remaining_detailed_v4_merged_001_1827.ts
MOEX-111100-1301-Q084,MOEX-111100-1301-Q084,醫學（一）,111,2022,111100,1301,84,moex_med1_remaining_detailed_v4_merged_001_1827.ts
MOEX-111100-1301-Q085,MOEX-111100-1301-Q085,醫學（一）,111,2022,111100,1301,85,moex_med1_remaining_detailed_v4_merged_001_1827.ts
MOEX-111100-1301-Q086,MOEX-111100-1301-Q086,醫學（一）,111,2022,111100,1301,86,moex_med1_remaining_detailed_v4_merged_001_1827.ts
MOEX-111100-1301-Q087,MOEX-111100-1301-Q087,醫學（一）,111,2022,111100,1301,87,moex_med1_remaining_detailed_v4_merged_001_1827.ts
MOEX-111100-1301-Q088,MOEX-111100-1301-Q088,醫學（一）,111,2022,111100,1301,88,moex_med1_remaining_detailed_v4_merged_001_1827.ts
MOEX-111100-1301-Q089,MOEX-111100-1301-Q089,醫學（一）,111,2022,111100,1301,89,moex_med1_remaining_detailed_v4_merged_001_1827.ts
MOEX-111100-1301-Q090,MOEX-111100-1301-Q090,醫學（一）,111,2022,111100,1301,90,moex_med1_remaining_detailed_v4_merged_001_1827.ts
MOEX-111100-1301-Q091,MOEX-111100-1301-Q091,醫學（一）,111,2022,111100,1301,91,moex_med1_remaining_detailed_v4_merged_001_1827.ts
MOEX-111100-1301-Q092,MOEX-111100-1301-Q092,醫學（一）,111,2022,111100,1301,92,moex_med1_remaining_detailed_v4_merged_001_1827.ts
MOEX-111100-1301-Q093,MOEX-111100-1301-Q093,醫學（一）,111,2022,111100,1301,93,moex_med1_remaining_detailed_v4_merged_001_1827.ts
MOEX-111100-1301-Q094,MOEX-111100-1301-Q094,醫學（一）,111,2022,111100,1301,94,moex_med1_remaining_detailed_v4_merged_001_1827.ts
MOEX-111100-1301-Q095,MOEX-111100-1301-Q095,醫學（一）,111,2022,111100,1301,95,moex_med1_remaining_detailed_v4_merged_001_1827.ts
MOEX-111100-1301-Q096,MOEX-111100-1301-Q096,醫學（一）,111,2022,111100,1301,96,moex_med1_remaining_detailed_v4_merged_001_1827.ts
MOEX-111100-1301-Q097,MOEX-111100-1301-Q097,醫學（一）,111,2022,111100,1301,97,moex_med1_remaining_detailed_v4_merged_001_1827.ts
MOEX-111100-1301-Q098,MOEX-111100-1301-Q098,醫學（一）,111,2022,111100,1301,98,moex_med1_remaining_detailed_v4_merged_001_1827.ts
MOEX-111100-1301-Q099,MOEX-111100-1301-Q099,醫學（一）,111,2022,111100,1301,99,moex_med1_remaining_detailed_v4_merged_001_1827.ts
MOEX-111100-1301-Q100,MOEX-111100-1301-Q100,醫學（一）,111,2022,111100,1301,100,moex_med1_remaining_detailed_v4_merged_001_1827.ts
MOEX-111020-2301-Q001,MOEX-111020_2301-Q001,醫學（二）,111,2022,111020,2301,1,moex_med_stage2_detailed_merged_001_3100_classified_v3.json
MOEX-111020-2301-Q002,MOEX-111020_2301-Q002,醫學（二）,111,2022,111020,2301,2,moex_med_stage2_detailed_merged_001_3100_classified_v3.json
MOEX-111020-2301-Q003,MOEX-111020_2301-Q003,醫學（二）,111,2022,111020,2301,3,moex_med_stage2_detailed_merged_001_3100_classified_v3.json
MOEX-111020-2301-Q004,MOEX-111020_2301-Q004,醫學（二）,111,2022,111020,2301,4,moex_med_stage2_detailed_merged_001_3100_classified_v3.json
MOEX-111020-2301-Q005,MOEX-111020_2301-Q005,醫學（二）,111,2022,111020,2301,5,moex_med_stage2_detailed_merged_001_3100_classified_v3.json
MOEX-111020-2301-Q006,MOEX-111020_2301-Q006,醫學（二）,111,2022,111020,2301,6,moex_med_stage2_detailed_merged_001_3100_classified_v3.json
MOEX-111020-2301-Q007,MOEX-111020_2301-Q007,醫學（二）,111,2022,111020,2301,7,moex_med_stage2_detailed_merged_001_3100_classified_v3.json
MOEX-111020-2301-Q008,MOEX-111020_2301-Q008,醫學（二）,111,2022,111020,2301,8,moex_med_stage2_detailed_merged_001_3100_classified_v3.json
MOEX-111020-2301-Q009,MOEX-111020_2301-Q009,醫學（二）,111,2022,111020,2301,9,moex_med_stage2_detailed_merged_001_3100_classified_v3.json
MOEX-111020-2301-Q010,MOEX-111020_2301-Q010,醫學（二）,111,2022,111020,2301,10,moex_med_stage2_detailed_merged_001_3100_classified_v3.json
MOEX-111020-2301-Q011,MOEX-111020_2301-Q011,醫學（二）,111,2022,111020,2301,11,moex_med_stage2_detailed_merged_001_3100_classified_v3.json
MOEX-111020-2301-Q012,MOEX-111020_2301-Q012,醫學（二）,111,2022,111020,2301,12,moex_med_stage2_detailed_merged_001_3100_classified_v3.json
MOEX-111020-2301-Q013,MOEX-111020_2301-Q013,醫學（二）,111,2022,111020,2301,13,moex_med_stage2_detailed_merged_001_3100_classified_v3.json
MOEX-111020-2301-Q014,MOEX-111020_2301-Q014,醫學（二）,111,2022,111020,2301,14,moex_med_stage2_detailed_merged_001_3100_classified_v3.json
MOEX-111020-2301-Q015,MOEX-111020_2301-Q015,醫學（二）,111,2022,111020,2301,15,moex_med_stage2_detailed_merged_001_3100_classified_v3.json
MOEX-111020-2301-Q016,MOEX-111020_2301-Q016,醫學（二）,111,2022,111020,2301,16,moex_med_stage2_detailed_merged_001_3100_classified_v3.json
MOEX-111020-2301-Q017,MOEX-111020_2301-Q017,醫學（二）,111,2022,111020,2301,17,moex_med_stage2_detailed_merged_001_3100_classified_v3.json
MOEX-111020-2301-Q018,MOEX-111020_2301-Q018,醫學（二）,111,2022,111020,2301,18,moex_med_stage2_detailed_merged_001_3100_classified_v3.json
MOEX-111020-2301-Q019,MOEX-111020_2301-Q019,醫學（二）,111,2022,111020,2301,19,moex_med_stage2_detailed_merged_001_3100_classified_v3.json
MOEX-111020-2301-Q020,MOEX-111020_2301-Q020,醫學（二）,111,2022,111020,2301,20,moex_med_stage2_detailed_merged_001_3100_classified_v3.json
MOEX-111020-2301-Q021,MOEX-111020_2301-Q021,醫學（二）,111,2022,111020,2301,21,moex_med_stage2_detailed_merged_001_3100_classified_v3.json
MOEX-111020-2301-Q022,MOEX-111020_2301-Q022,醫學（二）,111,2022,111020,2301,22,moex_med_stage2_detailed_merged_001_3100_classified_v3.json
MOEX-111020-2301-Q023,MOEX-111020_2301-Q023,醫學（二）,111,2022,111020,2301,23,moex_med_stage2_detailed_merged_001_3100_classified_v3.json
MOEX-111020-2301-Q024,MOEX-111020_2301-Q024,醫學（二）,111,2022,111020,2301,24,moex_med_stage2_detailed_merged_001_3100_classified_v3.json
MOEX-111020-2301-Q025,MOEX-111020_2301-Q025,醫學（二）,111,2022,111020,2301,25,moex_med_stage2_detailed_merged_001_3100_classified_v3.json
MOEX-111020-2301-Q026,MOEX-111020_2301-Q026,醫學（二）,111,2022,111020,2301,26,moex_med_stage2_detailed_merged_001_3100_classified_v3.json
MOEX-111020-2301-Q027,MOEX-111020_2301-Q027,醫學（二）,111,2022,111020,2301,27,moex_med_stage2_detailed_merged_001_3100_classified_v3.json
MOEX-111020-2301-Q028,MOEX-111020_2301-Q028,醫學（二）,111,2022,111020,2301,28,moex_med_stage2_detailed_merged_001_3100_classified_v3.json
MOEX-111020-2301-Q029,MOEX-111020_2301-Q029,醫學（二）,111,2022,111020,2301,29,moex_med_stage2_detailed_merged_001_3100_classified_v3.json
MOEX-111020-2301-Q030,MOEX-111020_2301-Q030,醫學（二）,111,2022,111020,2301,30,moex_med_stage2_detailed_merged_001_3100_classified_v3.json
MOEX-111020-2301-Q031,MOEX-111020_2301-Q031,醫學（二）,111,2022,111020,2301,31,moex_med_stage2_detailed_merged_001_3100_classified_v3.json
MOEX-111020-2301-Q032,MOEX-111020_2301-Q032,醫學（二）,111,2022,111020,2301,32,moex_med_stage2_detailed_merged_001_3100_classified_v3.json
MOEX-111020-2301-Q033,MOEX-111020_2301-Q033,醫學（二）,111,2022,111020,2301,33,moex_med_stage2_detailed_merged_001_3100_classified_v3.json
MOEX-111020-2301-Q034,MOEX-111020_2301-Q034,醫學（二）,111,2022,111020,2301,34,moex_med_stage2_detailed_merged_001_3100_classified_v3.json
MOEX-111020-2301-Q035,MOEX-111020_2301-Q035,醫學（二）,111,2022,111020,2301,35,moex_med_stage2_detailed_merged_001_3100_classified_v3.json
MOEX-111020-2301-Q036,MOEX-111020_2301-Q036,醫學（二）,111,2022,111020,2301,36,moex_med_stage2_detailed_merged_001_3100_classified_v3.json
MOEX-111020-2301-Q037,MOEX-111020_2301-Q037,醫學（二）,111,2022,111020,2301,37,moex_med_stage2_detailed_merged_001_3100_classified_v3.json
MOEX-111020-2301-Q038,MOEX-111020_2301-Q038,醫學（二）,111,2022,111020,2301,38,moex_med_stage2_detailed_merged_001_3100_classified_v3.json
MOEX-111020-2301-Q039,MOEX-111020_2301-Q039,醫學（二）,111,2022,111020,2301,39,moex_med_stage2_detailed_merged_001_3100_classified_v3.json
MOEX-111020-2301-Q040,MOEX-111020_2301-Q040,醫學（二）,111,2022,111020,2301,40,moex_med_stage2_detailed_merged_001_3100_classified_v3.json
MOEX-111020-2301-Q041,MOEX-111020_2301-Q041,醫學（二）,111,2022,111020,2301,41,moex_med_stage2_detailed_merged_001_3100_classified_v3.json
MOEX-111020-2301-Q042,MOEX-111020_2301-Q042,醫學（二）,111,2022,111020,2301,42,moex_med_stage2_detailed_merged_001_3100_classified_v3.json
MOEX-111020-2301-Q043,MOEX-111020_2301-Q043,醫學（二）,111,2022,111020,2301,43,moex_med_stage2_detailed_merged_001_3100_classified_v3.json
MOEX-111020-2301-Q044,MOEX-111020_2301-Q044,醫學（二）,111,2022,111020,2301,44,moex_med_stage2_detailed_merged_001_3100_classified_v3.json
MOEX-111020-2301-Q045,MOEX-111020_2301-Q045,醫學（二）,111,2022,111020,2301,45,moex_med_stage2_detailed_merged_001_3100_classified_v3.json
MOEX-111020-2301-Q046,MOEX-111020_2301-Q046,醫學（二）,111,2022,111020,2301,46,moex_med_stage2_detailed_merged_001_3100_classified_v3.json
MOEX-111020-2301-Q047,MOEX-111020_2301-Q047,醫學（二）,111,2022,111020,2301,47,moex_med_stage2_detailed_merged_001_3100_classified_v3.json
MOEX-111020-2301-Q048,MOEX-111020_2301-Q048,醫學（二）,111,2022,111020,2301,48,moex_med_stage2_detailed_merged_001_3100_classified_v3.json
MOEX-111020-2301-Q049,MOEX-111020_2301-Q049,醫學（二）,111,2022,111020,2301,49,moex_med_stage2_detailed_merged_001_3100_classified_v3.json
MOEX-111020-2301-Q050,MOEX-111020_2301-Q050,醫學（二）,111,2022,111020,2301,50,moex_med_stage2_detailed_merged_001_3100_classified_v3.json
MOEX-111020-2301-Q051,MOEX-111020_2301-Q051,醫學（二）,111,2022,111020,2301,51,moex_med_stage2_detailed_merged_001_3100_classified_v3.json
MOEX-111020-2301-Q052,MOEX-111020_2301-Q052,醫學（二）,111,2022,111020,2301,52,moex_med_stage2_detailed_merged_001_3100_classified_v3.json
MOEX-111020-2301-Q053,MOEX-111020_2301-Q053,醫學（二）,111,2022,111020,2301,53,moex_med_stage2_detailed_merged_001_3100_classified_v3.json
MOEX-111020-2301-Q054,MOEX-111020_2301-Q054,醫學（二）,111,2022,111020,2301,54,moex_med_stage2_detailed_merged_001_3100_classified_v3.json
MOEX-111020-2301-Q055,MOEX-111020_2301-Q055,醫學（二）,111,2022,111020,2301,55,moex_med_stage2_detailed_merged_001_3100_classified_v3.json
MOEX-111020-2301-Q056,MOEX-111020_2301-Q056,醫學（二）,111,2022,111020,2301,56,moex_med_stage2_detailed_merged_001_3100_classified_v3.json
MOEX-111020-2301-Q057,MOEX-111020_2301-Q057,醫學（二）,111,2022,111020,2301,57,moex_med_stage2_detailed_merged_001_3100_classified_v3.json
MOEX-111020-2301-Q058,MOEX-111020_2301-Q058,醫學（二）,111,2022,111020,2301,58,moex_med_stage2_detailed_merged_001_3100_classified_v3.json
MOEX-111020-2301-Q059,MOEX-111020_2301-Q059,醫學（二）,111,2022,111020,2301,59,moex_med_stage2_detailed_merged_001_3100_classified_v3.json
MOEX-111020-2301-Q060,MOEX-111020_2301-Q060,醫學（二）,111,2022,111020,2301,60,moex_med_stage2_detailed_merged_001_3100_classified_v3.json
MOEX-111020-2301-Q061,MOEX-111020_2301-Q061,醫學（二）,111,2022,111020,2301,61,moex_med_stage2_detailed_merged_001_3100_classified_v3.json
MOEX-111020-2301-Q062,MOEX-111020_2301-Q062,醫學（二）,111,2022,111020,2301,62,moex_med_stage2_detailed_merged_001_3100_classified_v3.json
MOEX-111020-2301-Q063,MOEX-111020_2301-Q063,醫學（二）,111,2022,111020,2301,63,moex_med_stage2_detailed_merged_001_3100_classified_v3.json
MOEX-111020-2301-Q064,MOEX-111020_2301-Q064,醫學（二）,111,2022,111020,2301,64,moex_med_stage2_detailed_merged_001_3100_classified_v3.json
MOEX-111020-2301-Q065,MOEX-111020_2301-Q065,醫學（二）,111,2022,111020,2301,65,moex_med_stage2_detailed_merged_001_3100_classified_v3.json
MOEX-111020-2301-Q066,MOEX-111020_2301-Q066,醫學（二）,111,2022,111020,2301,66,moex_med_stage2_detailed_merged_001_3100_classified_v3.json
MOEX-111020-2301-Q067,MOEX-111020_2301-Q067,醫學（二）,111,2022,111020,2301,67,moex_med_stage2_detailed_merged_001_3100_classified_v3.json
MOEX-111020-2301-Q068,MOEX-111020_2301-Q068,醫學（二）,111,2022,111020,2301,68,moex_med_stage2_detailed_merged_001_3100_classified_v3.json
MOEX-111020-2301-Q069,MOEX-111020_2301-Q069,醫學（二）,111,2022,111020,2301,69,moex_med_stage2_detailed_merged_001_3100_classified_v3.json
MOEX-111020-2301-Q070,MOEX-111020_2301-Q070,醫學（二）,111,2022,111020,2301,70,moex_med_stage2_detailed_merged_001_3100_classified_v3.json
MOEX-111020-2301-Q071,MOEX-111020_2301-Q071,醫學（二）,111,2022,111020,2301,71,moex_med_stage2_detailed_merged_001_3100_classified_v3.json
MOEX-111020-2301-Q072,MOEX-111020_2301-Q072,醫學（二）,111,2022,111020,2301,72,moex_med_stage2_detailed_merged_001_3100_classified_v3.json
MOEX-111020-2301-Q073,MOEX-111020_2301-Q073,醫學（二）,111,2022,111020,2301,73,moex_med_stage2_detailed_merged_001_3100_classified_v3.json
MOEX-111020-2301-Q074,MOEX-111020_2301-Q074,醫學（二）,111,2022,111020,2301,74,moex_med_stage2_detailed_merged_001_3100_classified_v3.json
MOEX-111020-2301-Q075,MOEX-111020_2301-Q075,醫學（二）,111,2022,111020,2301,75,moex_med_stage2_detailed_merged_001_3100_classified_v3.json
MOEX-111020-2301-Q076,MOEX-111020_2301-Q076,醫學（二）,111,2022,111020,2301,76,moex_med_stage2_detailed_merged_001_3100_classified_v3.json
MOEX-111020-2301-Q077,MOEX-111020_2301-Q077,醫學（二）,111,2022,111020,2301,77,moex_med_stage2_detailed_merged_001_3100_classified_v3.json
MOEX-111020-2301-Q078,MOEX-111020_2301-Q078,醫學（二）,111,2022,111020,2301,78,moex_med_stage2_detailed_merged_001_3100_classified_v3.json
MOEX-111020-2301-Q079,MOEX-111020_2301-Q079,醫學（二）,111,2022,111020,2301,79,moex_med_stage2_detailed_merged_001_3100_classified_v3.json
MOEX-111020-2301-Q080,MOEX-111020_2301-Q080,醫學（二）,111,2022,111020,2301,80,moex_med_stage2_detailed_merged_001_3100_classified_v3.json
MOEX-111020-2301-Q081,MOEX-111020_2301-Q081,醫學（二）,111,2022,111020,2301,81,moex_med_stage2_detailed_merged_001_3100_classified_v3.json
MOEX-111020-2301-Q082,MOEX-111020_2301-Q082,醫學（二）,111,2022,111020,2301,82,moex_med_stage2_detailed_merged_001_3100_classified_v3.json
MOEX-111020-2301-Q083,MOEX-111020_2301-Q083,醫學（二）,111,2022,111020,2301,83,moex_med_stage2_detailed_merged_001_3100_classified_v3.json
MOEX-111020-2301-Q084,MOEX-111020_2301-Q084,醫學（二）,111,2022,111020,2301,84,moex_med_stage2_detailed_merged_001_3100_classified_v3.json
MOEX-111020-2301-Q085,MOEX-111020_2301-Q085,醫學（二）,111,2022,111020,2301,85,moex_med_stage2_detailed_merged_001_3100_classified_v3.json
MOEX-111020-2301-Q086,MOEX-111020_2301-Q086,醫學（二）,111,2022,111020,2301,86,moex_med_stage2_detailed_merged_001_3100_classified_v3.json
MOEX-111020-2301-Q087,MOEX-111020_2301-Q087,醫學（二）,111,2022,111020,2301,87,moex_med_stage2_detailed_merged_001_3100_classified_v3.json
MOEX-111020-2301-Q088,MOEX-111020_2301-Q088,醫學（二）,111,2022,111020,2301,88,moex_med_stage2_detailed_merged_001_3100_classified_v3.json
MOEX-111020-2301-Q089,MOEX-111020_2301-Q089,醫學（二）,111,2022,111020,2301,89,moex_med_stage2_detailed_merged_001_3100_classified_v3.json
MOEX-111020-2301-Q090,MOEX-111020_2301-Q090,醫學（二）,111,2022,111020,2301,90,moex_med_stage2_detailed_merged_001_3100_classified_v3.json
MOEX-111020-2301-Q091,MOEX-111020_2301-Q091,醫學（二）,111,2022,111020,2301,91,moex_med_stage2_detailed_merged_001_3100_classified_v3.json
MOEX-111020-2301-Q092,MOEX-111020_2301-Q092,醫學（二）,111,2022,111020,2301,92,moex_med_stage2_detailed_merged_001_3100_classified_v3.json
MOEX-111020-2301-Q093,MOEX-111020_2301-Q093,醫學（二）,111,2022,111020,2301,93,moex_med_stage2_detailed_merged_001_3100_classified_v3.json
MOEX-111020-2301-Q094,MOEX-111020_2301-Q094,醫學（二）,111,2022,111020,2301,94,moex_med_stage2_detailed_merged_001_3100_classified_v3.json
MOEX-111020-2301-Q095,MOEX-111020_2301-Q095,醫學（二）,111,2022,111020,2301,95,moex_med_stage2_detailed_merged_001_3100_classified_v3.json
MOEX-111020-2301-Q096,MOEX-111020_2301-Q096,醫學（二）,111,2022,111020,2301,96,moex_med_stage2_detailed_merged_001_3100_classified_v3.json
MOEX-111020-2301-Q097,MOEX-111020_2301-Q097,醫學（二）,111,2022,111020,2301,97,moex_med_stage2_detailed_merged_001_3100_classified_v3.json
MOEX-111020-2301-Q098,MOEX-111020_2301-Q098,醫學（二）,111,2022,111020,2301,98,moex_med_stage2_detailed_merged_001_3100_classified_v3.json
MOEX-111020-2301-Q099,MOEX-111020_2301-Q099,醫學（二）,111,2022,111020,2301,99,moex_med_stage2_detailed_merged_001_3100_classified_v3.json
MOEX-111020-2301-Q100,MOEX-111020_2301-Q100,醫學（二）,111,2022,111020,2301,100,moex_med_stage2_detailed_merged_001_3100_classified_v3.json
MOEX-111100-2301-Q001,MOEX-111100-2301-Q001,醫學（二）,111,2022,111100,2301,1,moex_med_stage2_detailed_merged_001_3100_classified_v3.json
MOEX-111100-2301-Q002,MOEX-111100-2301-Q002,醫學（二）,111,2022,111100,2301,2,moex_med_stage2_detailed_merged_001_3100_classified_v3.json
MOEX-111100-2301-Q003,MOEX-111100-2301-Q003,醫學（二）,111,2022,111100,2301,3,moex_med_stage2_detailed_merged_001_3100_classified_v3.json
MOEX-111100-2301-Q004,MOEX-111100-2301-Q004,醫學（二）,111,2022,111100,2301,4,moex_med_stage2_detailed_merged_001_3100_classified_v3.json
MOEX-111100-2301-Q005,MOEX-111100-2301-Q005,醫學（二）,111,2022,111100,2301,5,moex_med_stage2_detailed_merged_001_3100_classified_v3.json
MOEX-111100-2301-Q006,MOEX-111100-2301-Q006,醫學（二）,111,2022,111100,2301,6,moex_med_stage2_detailed_merged_001_3100_classified_v3.json
MOEX-111100-2301-Q007,MOEX-111100-2301-Q007,醫學（二）,111,2022,111100,2301,7,moex_med_stage2_detailed_merged_001_3100_classified_v3.json
MOEX-111100-2301-Q008,MOEX-111100-2301-Q008,醫學（二）,111,2022,111100,2301,8,moex_med_stage2_detailed_merged_001_3100_classified_v3.json
MOEX-111100-2301-Q009,MOEX-111100-2301-Q009,醫學（二）,111,2022,111100,2301,9,moex_med_stage2_detailed_merged_001_3100_classified_v3.json
MOEX-111100-2301-Q010,MOEX-111100-2301-Q010,醫學（二）,111,2022,111100,2301,10,moex_med_stage2_detailed_merged_001_3100_classified_v3.json
MOEX-111100-2301-Q011,MOEX-111100-2301-Q011,醫學（二）,111,2022,111100,2301,11,moex_med_stage2_detailed_merged_001_3100_classified_v3.json
MOEX-111100-2301-Q012,MOEX-111100-2301-Q012,醫學（二）,111,2022,111100,2301,12,moex_med_stage2_detailed_merged_001_3100_classified_v3.json
MOEX-111100-2301-Q013,MOEX-111100-2301-Q013,醫學（二）,111,2022,111100,2301,13,moex_med_stage2_detailed_merged_001_3100_classified_v3.json
MOEX-111100-2301-Q014,MOEX-111100-2301-Q014,醫學（二）,111,2022,111100,2301,14,moex_med_stage2_detailed_merged_001_3100_classified_v3.json
MOEX-111100-2301-Q015,MOEX-111100-2301-Q015,醫學（二）,111,2022,111100,2301,15,moex_med_stage2_detailed_merged_001_3100_classified_v3.json
MOEX-111100-2301-Q016,MOEX-111100-2301-Q016,醫學（二）,111,2022,111100,2301,16,moex_med_stage2_detailed_merged_001_3100_classified_v3.json
MOEX-111100-2301-Q017,MOEX-111100-2301-Q017,醫學（二）,111,2022,111100,2301,17,moex_med_stage2_detailed_merged_001_3100_classified_v3.json
MOEX-111100-2301-Q018,MOEX-111100-2301-Q018,醫學（二）,111,2022,111100,2301,18,moex_med_stage2_detailed_merged_001_3100_classified_v3.json
MOEX-111100-2301-Q019,MOEX-111100-2301-Q019,醫學（二）,111,2022,111100,2301,19,moex_med_stage2_detailed_merged_001_3100_classified_v3.json
MOEX-111100-2301-Q020,MOEX-111100-2301-Q020,醫學（二）,111,2022,111100,2301,20,moex_med_stage2_detailed_merged_001_3100_classified_v3.json
MOEX-111100-2301-Q021,MOEX-111100-2301-Q021,醫學（二）,111,2022,111100,2301,21,moex_med_stage2_detailed_merged_001_3100_classified_v3.json
MOEX-111100-2301-Q022,MOEX-111100-2301-Q022,醫學（二）,111,2022,111100,2301,22,moex_med_stage2_detailed_merged_001_3100_classified_v3.json
MOEX-111100-2301-Q023,MOEX-111100-2301-Q023,醫學（二）,111,2022,111100,2301,23,moex_med_stage2_detailed_merged_001_3100_classified_v3.json
MOEX-111100-2301-Q024,MOEX-111100-2301-Q024,醫學（二）,111,2022,111100,2301,24,moex_med_stage2_detailed_merged_001_3100_classified_v3.json
MOEX-111100-2301-Q025,MOEX-111100-2301-Q025,醫學（二）,111,2022,111100,2301,25,moex_med_stage2_detailed_merged_001_3100_classified_v3.json
MOEX-111100-2301-Q026,MOEX-111100-2301-Q026,醫學（二）,111,2022,111100,2301,26,moex_med_stage2_detailed_merged_001_3100_classified_v3.json
MOEX-111100-2301-Q027,MOEX-111100-2301-Q027,醫學（二）,111,2022,111100,2301,27,moex_med_stage2_detailed_merged_001_3100_classified_v3.json
MOEX-111100-2301-Q028,MOEX-111100-2301-Q028,醫學（二）,111,2022,111100,2301,28,moex_med_stage2_detailed_merged_001_3100_classified_v3.json
MOEX-111100-2301-Q029,MOEX-111100-2301-Q029,醫學（二）,111,2022,111100,2301,29,moex_med_stage2_detailed_merged_001_3100_classified_v3.json
MOEX-111100-2301-Q030,MOEX-111100-2301-Q030,醫學（二）,111,2022,111100,2301,30,moex_med_stage2_detailed_merged_001_3100_classified_v3.json
MOEX-111100-2301-Q031,MOEX-111100-2301-Q031,醫學（二）,111,2022,111100,2301,31,moex_med_stage2_detailed_merged_001_3100_classified_v3.json
MOEX-111100-2301-Q032,MOEX-111100-2301-Q032,醫學（二）,111,2022,111100,2301,32,moex_med_stage2_detailed_merged_001_3100_classified_v3.json
MOEX-111100-2301-Q033,MOEX-111100-2301-Q033,醫學（二）,111,2022,111100,2301,33,moex_med_stage2_detailed_merged_001_3100_classified_v3.json
MOEX-111100-2301-Q034,MOEX-111100-2301-Q034,醫學（二）,111,2022,111100,2301,34,moex_med_stage2_detailed_merged_001_3100_classified_v3.json
MOEX-111100-2301-Q035,MOEX-111100-2301-Q035,醫學（二）,111,2022,111100,2301,35,moex_med_stage2_detailed_merged_001_3100_classified_v3.json
MOEX-111100-2301-Q036,MOEX-111100-2301-Q036,醫學（二）,111,2022,111100,2301,36,moex_med_stage2_detailed_merged_001_3100_classified_v3.json
MOEX-111100-2301-Q037,MOEX-111100-2301-Q037,醫學（二）,111,2022,111100,2301,37,moex_med_stage2_detailed_merged_001_3100_classified_v3.json
MOEX-111100-2301-Q038,MOEX-111100-2301-Q038,醫學（二）,111,2022,111100,2301,38,moex_med_stage2_detailed_merged_001_3100_classified_v3.json
MOEX-111100-2301-Q039,MOEX-111100-2301-Q039,醫學（二）,111,2022,111100,2301,39,moex_med_stage2_detailed_merged_001_3100_classified_v3.json
MOEX-111100-2301-Q040,MOEX-111100-2301-Q040,醫學（二）,111,2022,111100,2301,40,moex_med_stage2_detailed_merged_001_3100_classified_v3.json
MOEX-111100-2301-Q041,MOEX-111100-2301-Q041,醫學（二）,111,2022,111100,2301,41,moex_med_stage2_detailed_merged_001_3100_classified_v3.json
MOEX-111100-2301-Q042,MOEX-111100-2301-Q042,醫學（二）,111,2022,111100,2301,42,moex_med_stage2_detailed_merged_001_3100_classified_v3.json
MOEX-111100-2301-Q043,MOEX-111100-2301-Q043,醫學（二）,111,2022,111100,2301,43,moex_med_stage2_detailed_merged_001_3100_classified_v3.json
MOEX-111100-2301-Q044,MOEX-111100-2301-Q044,醫學（二）,111,2022,111100,2301,44,moex_med_stage2_detailed_merged_001_3100_classified_v3.json
MOEX-111100-2301-Q045,MOEX-111100-2301-Q045,醫學（二）,111,2022,111100,2301,45,moex_med_stage2_detailed_merged_001_3100_classified_v3.json
MOEX-111100-2301-Q046,MOEX-111100-2301-Q046,醫學（二）,111,2022,111100,2301,46,moex_med_stage2_detailed_merged_001_3100_classified_v3.json
MOEX-111100-2301-Q047,MOEX-111100-2301-Q047,醫學（二）,111,2022,111100,2301,47,moex_med_stage2_detailed_merged_001_3100_classified_v3.json
MOEX-111100-2301-Q048,MOEX-111100-2301-Q048,醫學（二）,111,2022,111100,2301,48,moex_med_stage2_detailed_merged_001_3100_classified_v3.json
MOEX-111100-2301-Q049,MOEX-111100-2301-Q049,醫學（二）,111,2022,111100,2301,49,moex_med_stage2_detailed_merged_001_3100_classified_v3.json
MOEX-111100-2301-Q050,MOEX-111100-2301-Q050,醫學（二）,111,2022,111100,2301,50,moex_med_stage2_detailed_merged_001_3100_classified_v3.json
MOEX-111100-2301-Q051,MOEX-111100-2301-Q051,醫學（二）,111,2022,111100,2301,51,moex_med_stage2_detailed_merged_001_3100_classified_v3.json
MOEX-111100-2301-Q052,MOEX-111100-2301-Q052,醫學（二）,111,2022,111100,2301,52,moex_med_stage2_detailed_merged_001_3100_classified_v3.json
MOEX-111100-2301-Q053,MOEX-111100-2301-Q053,醫學（二）,111,2022,111100,2301,53,moex_med_stage2_detailed_merged_001_3100_classified_v3.json
MOEX-111100-2301-Q054,MOEX-111100-2301-Q054,醫學（二）,111,2022,111100,2301,54,moex_med_stage2_detailed_merged_001_3100_classified_v3.json
MOEX-111100-2301-Q055,MOEX-111100-2301-Q055,醫學（二）,111,2022,111100,2301,55,moex_med_stage2_detailed_merged_001_3100_classified_v3.json
MOEX-111100-2301-Q056,MOEX-111100-2301-Q056,醫學（二）,111,2022,111100,2301,56,moex_med_stage2_detailed_merged_001_3100_classified_v3.json
MOEX-111100-2301-Q057,MOEX-111100-2301-Q057,醫學（二）,111,2022,111100,2301,57,moex_med_stage2_detailed_merged_001_3100_classified_v3.json
MOEX-111100-2301-Q058,MOEX-111100-2301-Q058,醫學（二）,111,2022,111100,2301,58,moex_med_stage2_detailed_merged_001_3100_classified_v3.json
MOEX-111100-2301-Q059,MOEX-111100-2301-Q059,醫學（二）,111,2022,111100,2301,59,moex_med_stage2_detailed_merged_001_3100_classified_v3.json
MOEX-111100-2301-Q060,MOEX-111100-2301-Q060,醫學（二）,111,2022,111100,2301,60,moex_med_stage2_detailed_merged_001_3100_classified_v3.json
MOEX-111100-2301-Q061,MOEX-111100-2301-Q061,醫學（二）,111,2022,111100,2301,61,moex_med_stage2_detailed_merged_001_3100_classified_v3.json
MOEX-111100-2301-Q062,MOEX-111100-2301-Q062,醫學（二）,111,2022,111100,2301,62,moex_med_stage2_detailed_merged_001_3100_classified_v3.json
MOEX-111100-2301-Q063,MOEX-111100-2301-Q063,醫學（二）,111,2022,111100,2301,63,moex_med_stage2_detailed_merged_001_3100_classified_v3.json
MOEX-111100-2301-Q064,MOEX-111100-2301-Q064,醫學（二）,111,2022,111100,2301,64,moex_med_stage2_detailed_merged_001_3100_classified_v3.json
MOEX-111100-2301-Q065,MOEX-111100-2301-Q065,醫學（二）,111,2022,111100,2301,65,moex_med_stage2_detailed_merged_001_3100_classified_v3.json
MOEX-111100-2301-Q066,MOEX-111100-2301-Q066,醫學（二）,111,2022,111100,2301,66,moex_med_stage2_detailed_merged_001_3100_classified_v3.json
MOEX-111100-2301-Q067,MOEX-111100-2301-Q067,醫學（二）,111,2022,111100,2301,67,moex_med_stage2_detailed_merged_001_3100_classified_v3.json
MOEX-111100-2301-Q068,MOEX-111100-2301-Q068,醫學（二）,111,2022,111100,2301,68,moex_med_stage2_detailed_merged_001_3100_classified_v3.json
MOEX-111100-2301-Q069,MOEX-111100-2301-Q069,醫學（二）,111,2022,111100,2301,69,moex_med_stage2_detailed_merged_001_3100_classified_v3.json
MOEX-111100-2301-Q070,MOEX-111100-2301-Q070,醫學（二）,111,2022,111100,2301,70,moex_med_stage2_detailed_merged_001_3100_classified_v3.json
MOEX-111100-2301-Q071,MOEX-111100-2301-Q071,醫學（二）,111,2022,111100,2301,71,moex_med_stage2_detailed_merged_001_3100_classified_v3.json
MOEX-111100-2301-Q072,MOEX-111100-2301-Q072,醫學（二）,111,2022,111100,2301,72,moex_med_stage2_detailed_merged_001_3100_classified_v3.json
MOEX-111100-2301-Q073,MOEX-111100-2301-Q073,醫學（二）,111,2022,111100,2301,73,moex_med_stage2_detailed_merged_001_3100_classified_v3.json
MOEX-111100-2301-Q074,MOEX-111100-2301-Q074,醫學（二）,111,2022,111100,2301,74,moex_med_stage2_detailed_merged_001_3100_classified_v3.json
MOEX-111100-2301-Q075,MOEX-111100-2301-Q075,醫學（二）,111,2022,111100,2301,75,moex_med_stage2_detailed_merged_001_3100_classified_v3.json
MOEX-111100-2301-Q076,MOEX-111100-2301-Q076,醫學（二）,111,2022,111100,2301,76,moex_med_stage2_detailed_merged_001_3100_classified_v3.json
MOEX-111100-2301-Q077,MOEX-111100-2301-Q077,醫學（二）,111,2022,111100,2301,77,moex_med_stage2_detailed_merged_001_3100_classified_v3.json
MOEX-111100-2301-Q078,MOEX-111100-2301-Q078,醫學（二）,111,2022,111100,2301,78,moex_med_stage2_detailed_merged_001_3100_classified_v3.json
MOEX-111100-2301-Q079,MOEX-111100-2301-Q079,醫學（二）,111,2022,111100,2301,79,moex_med_stage2_detailed_merged_001_3100_classified_v3.json
MOEX-111100-2301-Q080,MOEX-111100-2301-Q080,醫學（二）,111,2022,111100,2301,80,moex_med_stage2_detailed_merged_001_3100_classified_v3.json
MOEX-111100-2301-Q081,MOEX-111100-2301-Q081,醫學（二）,111,2022,111100,2301,81,moex_med_stage2_detailed_merged_001_3100_classified_v3.json
MOEX-111100-2301-Q082,MOEX-111100-2301-Q082,醫學（二）,111,2022,111100,2301,82,moex_med_stage2_detailed_merged_001_3100_classified_v3.json
MOEX-111100-2301-Q083,MOEX-111100-2301-Q083,醫學（二）,111,2022,111100,2301,83,moex_med_stage2_detailed_merged_001_3100_classified_v3.json
MOEX-111100-2301-Q084,MOEX-111100-2301-Q084,醫學（二）,111,2022,111100,2301,84,moex_med_stage2_detailed_merged_001_3100_classified_v3.json
MOEX-111100-2301-Q085,MOEX-111100-2301-Q085,醫學（二）,111,2022,111100,2301,85,moex_med_stage2_detailed_merged_001_3100_classified_v3.json
MOEX-111100-2301-Q086,MOEX-111100-2301-Q086,醫學（二）,111,2022,111100,2301,86,moex_med_stage2_detailed_merged_001_3100_classified_v3.json
MOEX-111100-2301-Q087,MOEX-111100-2301-Q087,醫學（二）,111,2022,111100,2301,87,moex_med_stage2_detailed_merged_001_3100_classified_v3.json
MOEX-111100-2301-Q088,MOEX-111100-2301-Q088,醫學（二）,111,2022,111100,2301,88,moex_med_stage2_detailed_merged_001_3100_classified_v3.json
MOEX-111100-2301-Q089,MOEX-111100-2301-Q089,醫學（二）,111,2022,111100,2301,89,moex_med_stage2_detailed_merged_001_3100_classified_v3.json
MOEX-111100-2301-Q090,MOEX-111100-2301-Q090,醫學（二）,111,2022,111100,2301,90,moex_med_stage2_detailed_merged_001_3100_classified_v3.json
MOEX-111100-2301-Q091,MOEX-111100-2301-Q091,醫學（二）,111,2022,111100,2301,91,moex_med_stage2_detailed_merged_001_3100_classified_v3.json
MOEX-111100-2301-Q092,MOEX-111100-2301-Q092,醫學（二）,111,2022,111100,2301,92,moex_med_stage2_detailed_merged_001_3100_classified_v3.json
MOEX-111100-2301-Q093,MOEX-111100-2301-Q093,醫學（二）,111,2022,111100,2301,93,moex_med_stage2_detailed_merged_001_3100_classified_v3.json
MOEX-111100-2301-Q094,MOEX-111100-2301-Q094,醫學（二）,111,2022,111100,2301,94,moex_med_stage2_detailed_merged_001_3100_classified_v3.json
MOEX-111100-2301-Q095,MOEX-111100-2301-Q095,醫學（二）,111,2022,111100,2301,95,moex_med_stage2_detailed_merged_001_3100_classified_v3.json
MOEX-111100-2301-Q096,MOEX-111100-2301-Q096,醫學（二）,111,2022,111100,2301,96,moex_med_stage2_detailed_merged_001_3100_classified_v3.json
MOEX-111100-2301-Q097,MOEX-111100-2301-Q097,醫學（二）,111,2022,111100,2301,97,moex_med_stage2_detailed_merged_001_3100_classified_v3.json
MOEX-111100-2301-Q098,MOEX-111100-2301-Q098,醫學（二）,111,2022,111100,2301,98,moex_med_stage2_detailed_merged_001_3100_classified_v3.json
MOEX-111100-2301-Q099,MOEX-111100-2301-Q099,醫學（二）,111,2022,111100,2301,99,moex_med_stage2_detailed_merged_001_3100_classified_v3.json
MOEX-111100-2301-Q100,MOEX-111100-2301-Q100,醫學（二）,111,2022,111100,2301,100,moex_med_stage2_detailed_merged_001_3100_classified_v3.json
MOEX-112020-1301-Q001,MOEX-112020-1301-Q001,醫學（一）,112,2023,112020,1301,1,moex_med1_missing_batch3_112020_1301_detailed.json
MOEX-112020-1301-Q002,MOEX-112020-1301-Q002,醫學（一）,112,2023,112020,1301,2,moex_med1_missing_batch3_112020_1301_detailed.json
MOEX-112020-1301-Q003,MOEX-112020-1301-Q003,醫學（一）,112,2023,112020,1301,3,moex_med1_missing_batch3_112020_1301_detailed.json
MOEX-112020-1301-Q004,MOEX-112020-1301-Q004,醫學（一）,112,2023,112020,1301,4,moex_med1_missing_batch3_112020_1301_detailed.json
MOEX-112020-1301-Q005,MOEX-112020-1301-Q005,醫學（一）,112,2023,112020,1301,5,moex_med1_missing_batch3_112020_1301_detailed.json
MOEX-112020-1301-Q006,MOEX-112020-1301-Q006,醫學（一）,112,2023,112020,1301,6,moex_med1_missing_batch3_112020_1301_detailed.json
MOEX-112020-1301-Q007,MOEX-112020-1301-Q007,醫學（一）,112,2023,112020,1301,7,moex_med1_missing_batch3_112020_1301_detailed.json
MOEX-112020-1301-Q008,MOEX-112020-1301-Q008,醫學（一）,112,2023,112020,1301,8,moex_med1_missing_batch3_112020_1301_detailed.json
MOEX-112020-1301-Q009,MOEX-112020-1301-Q009,醫學（一）,112,2023,112020,1301,9,moex_med1_missing_batch3_112020_1301_detailed.json
MOEX-112020-1301-Q010,MOEX-112020-1301-Q010,醫學（一）,112,2023,112020,1301,10,moex_med1_missing_batch3_112020_1301_detailed.json
MOEX-112020-1301-Q011,MOEX-112020-1301-Q011,醫學（一）,112,2023,112020,1301,11,moex_med1_missing_batch3_112020_1301_detailed.json
MOEX-112020-1301-Q012,MOEX-112020-1301-Q012,醫學（一）,112,2023,112020,1301,12,moex_med1_missing_batch3_112020_1301_detailed.json
MOEX-112020-1301-Q013,MOEX-112020-1301-Q013,醫學（一）,112,2023,112020,1301,13,moex_med1_missing_batch3_112020_1301_detailed.json
MOEX-112020-1301-Q014,MOEX-112020-1301-Q014,醫學（一）,112,2023,112020,1301,14,moex_med1_missing_batch3_112020_1301_detailed.json
MOEX-112020-1301-Q015,MOEX-112020-1301-Q015,醫學（一）,112,2023,112020,1301,15,moex_med1_missing_batch3_112020_1301_detailed.json
MOEX-112020-1301-Q016,MOEX-112020-1301-Q016,醫學（一）,112,2023,112020,1301,16,moex_med1_missing_batch3_112020_1301_detailed.json
MOEX-112020-1301-Q017,MOEX-112020-1301-Q017,醫學（一）,112,2023,112020,1301,17,moex_med1_missing_batch3_112020_1301_detailed.json
MOEX-112020-1301-Q018,MOEX-112020-1301-Q018,醫學（一）,112,2023,112020,1301,18,moex_med1_missing_batch3_112020_1301_detailed.json
MOEX-112020-1301-Q019,MOEX-112020-1301-Q019,醫學（一）,112,2023,112020,1301,19,moex_med1_missing_batch3_112020_1301_detailed.json
MOEX-112020-1301-Q020,MOEX-112020-1301-Q020,醫學（一）,112,2023,112020,1301,20,moex_med1_missing_batch3_112020_1301_detailed.json
MOEX-112020-1301-Q021,MOEX-112020-1301-Q021,醫學（一）,112,2023,112020,1301,21,moex_med1_missing_batch3_112020_1301_detailed.json
MOEX-112020-1301-Q022,MOEX-112020-1301-Q022,醫學（一）,112,2023,112020,1301,22,moex_med1_missing_batch3_112020_1301_detailed.json
MOEX-112020-1301-Q023,MOEX-112020-1301-Q023,醫學（一）,112,2023,112020,1301,23,moex_med1_missing_batch3_112020_1301_detailed.json
MOEX-112020-1301-Q024,MOEX-112020-1301-Q024,醫學（一）,112,2023,112020,1301,24,moex_med1_missing_batch3_112020_1301_detailed.json
MOEX-112020-1301-Q025,MOEX-112020-1301-Q025,醫學（一）,112,2023,112020,1301,25,moex_med1_missing_batch3_112020_1301_detailed.json
MOEX-112020-1301-Q026,MOEX-112020-1301-Q026,醫學（一）,112,2023,112020,1301,26,moex_med1_missing_batch3_112020_1301_detailed.json
MOEX-112020-1301-Q027,MOEX-112020-1301-Q027,醫學（一）,112,2023,112020,1301,27,moex_med1_missing_batch3_112020_1301_detailed.json
MOEX-112020-1301-Q028,MOEX-112020-1301-Q028,醫學（一）,112,2023,112020,1301,28,moex_med1_missing_batch3_112020_1301_detailed.json
MOEX-112020-1301-Q029,MOEX-112020-1301-Q029,醫學（一）,112,2023,112020,1301,29,moex_med1_missing_batch3_112020_1301_detailed.json
MOEX-112020-1301-Q030,MOEX-112020-1301-Q030,醫學（一）,112,2023,112020,1301,30,moex_med1_missing_batch3_112020_1301_detailed.json
MOEX-112020-1301-Q031,MOEX-112020-1301-Q031,醫學（一）,112,2023,112020,1301,31,moex_med1_missing_batch3_112020_1301_detailed.json
MOEX-112020-1301-Q032,MOEX-112020-1301-Q032,醫學（一）,112,2023,112020,1301,32,moex_med1_missing_batch3_112020_1301_detailed.json
MOEX-112020-1301-Q033,MOEX-112020-1301-Q033,醫學（一）,112,2023,112020,1301,33,moex_med1_missing_batch3_112020_1301_detailed.json
MOEX-112020-1301-Q034,MOEX-112020-1301-Q034,醫學（一）,112,2023,112020,1301,34,moex_med1_missing_batch3_112020_1301_detailed.json
MOEX-112020-1301-Q035,MOEX-112020-1301-Q035,醫學（一）,112,2023,112020,1301,35,moex_med1_missing_batch3_112020_1301_detailed.json
MOEX-112020-1301-Q036,MOEX-112020-1301-Q036,醫學（一）,112,2023,112020,1301,36,moex_med1_missing_batch3_112020_1301_detailed.json
MOEX-112020-1301-Q037,MOEX-112020-1301-Q037,醫學（一）,112,2023,112020,1301,37,moex_med1_missing_batch3_112020_1301_detailed.json
MOEX-112020-1301-Q038,MOEX-112020-1301-Q038,醫學（一）,112,2023,112020,1301,38,moex_med1_missing_batch3_112020_1301_detailed.json
MOEX-112020-1301-Q039,MOEX-112020-1301-Q039,醫學（一）,112,2023,112020,1301,39,moex_med1_missing_batch3_112020_1301_detailed.json
MOEX-112020-1301-Q040,MOEX-112020-1301-Q040,醫學（一）,112,2023,112020,1301,40,moex_med1_missing_batch3_112020_1301_detailed.json
MOEX-112020-1301-Q041,MOEX-112020-1301-Q041,醫學（一）,112,2023,112020,1301,41,moex_med1_missing_batch3_112020_1301_detailed.json
MOEX-112020-1301-Q042,MOEX-112020-1301-Q042,醫學（一）,112,2023,112020,1301,42,moex_med1_missing_batch3_112020_1301_detailed.json
MOEX-112020-1301-Q043,MOEX-112020-1301-Q043,醫學（一）,112,2023,112020,1301,43,moex_med1_missing_batch3_112020_1301_detailed.json
MOEX-112020-1301-Q044,MOEX-112020-1301-Q044,醫學（一）,112,2023,112020,1301,44,moex_med1_missing_batch3_112020_1301_detailed.json
MOEX-112020-1301-Q045,MOEX-112020-1301-Q045,醫學（一）,112,2023,112020,1301,45,moex_med1_missing_batch3_112020_1301_detailed.json
MOEX-112020-1301-Q046,MOEX-112020-1301-Q046,醫學（一）,112,2023,112020,1301,46,moex_med1_missing_batch3_112020_1301_detailed.json
MOEX-112020-1301-Q047,MOEX-112020-1301-Q047,醫學（一）,112,2023,112020,1301,47,moex_med1_missing_batch3_112020_1301_detailed.json
MOEX-112020-1301-Q048,MOEX-112020-1301-Q048,醫學（一）,112,2023,112020,1301,48,moex_med1_missing_batch3_112020_1301_detailed.json
MOEX-112020-1301-Q049,MOEX-112020-1301-Q049,醫學（一）,112,2023,112020,1301,49,moex_med1_missing_batch3_112020_1301_detailed.json
MOEX-112020-1301-Q050,MOEX-112020-1301-Q050,醫學（一）,112,2023,112020,1301,50,moex_med1_missing_batch3_112020_1301_detailed.json
MOEX-112020-1301-Q051,MOEX-112020-1301-Q051,醫學（一）,112,2023,112020,1301,51,moex_med1_missing_batch3_112020_1301_detailed.json
MOEX-112020-1301-Q052,MOEX-112020-1301-Q052,醫學（一）,112,2023,112020,1301,52,moex_med1_missing_batch3_112020_1301_detailed.json
MOEX-112020-1301-Q053,MOEX-112020-1301-Q053,醫學（一）,112,2023,112020,1301,53,moex_med1_missing_batch3_112020_1301_detailed.json
MOEX-112020-1301-Q054,MOEX-112020-1301-Q054,醫學（一）,112,2023,112020,1301,54,moex_med1_missing_batch3_112020_1301_detailed.json
MOEX-112020-1301-Q055,MOEX-112020-1301-Q055,醫學（一）,112,2023,112020,1301,55,moex_med1_missing_batch3_112020_1301_detailed.json
MOEX-112020-1301-Q056,MOEX-112020-1301-Q056,醫學（一）,112,2023,112020,1301,56,moex_med1_missing_batch3_112020_1301_detailed.json
MOEX-112020-1301-Q057,MOEX-112020-1301-Q057,醫學（一）,112,2023,112020,1301,57,moex_med1_missing_batch3_112020_1301_detailed.json
MOEX-112020-1301-Q058,MOEX-112020-1301-Q058,醫學（一）,112,2023,112020,1301,58,moex_med1_missing_batch3_112020_1301_detailed.json
MOEX-112020-1301-Q059,MOEX-112020-1301-Q059,醫學（一）,112,2023,112020,1301,59,moex_med1_missing_batch3_112020_1301_detailed.json
MOEX-112020-1301-Q060,MOEX-112020-1301-Q060,醫學（一）,112,2023,112020,1301,60,moex_med1_missing_batch3_112020_1301_detailed.json
MOEX-112020-1301-Q061,MOEX-112020-1301-Q061,醫學（一）,112,2023,112020,1301,61,moex_med1_missing_batch3_112020_1301_detailed.json
MOEX-112020-1301-Q062,MOEX-112020-1301-Q062,醫學（一）,112,2023,112020,1301,62,moex_med1_missing_batch3_112020_1301_detailed.json
MOEX-112020-1301-Q063,MOEX-112020-1301-Q063,醫學（一）,112,2023,112020,1301,63,moex_med1_missing_batch3_112020_1301_detailed.json
MOEX-112020-1301-Q064,MOEX-112020-1301-Q064,醫學（一）,112,2023,112020,1301,64,moex_med1_missing_batch3_112020_1301_detailed.json
MOEX-112020-1301-Q065,MOEX-112020-1301-Q065,醫學（一）,112,2023,112020,1301,65,moex_med1_missing_batch3_112020_1301_detailed.json
MOEX-112020-1301-Q066,MOEX-112020-1301-Q066,醫學（一）,112,2023,112020,1301,66,moex_med1_missing_batch3_112020_1301_detailed.json
MOEX-112020-1301-Q067,MOEX-112020-1301-Q067,醫學（一）,112,2023,112020,1301,67,moex_med1_missing_batch3_112020_1301_detailed.json
MOEX-112020-1301-Q068,MOEX-112020-1301-Q068,醫學（一）,112,2023,112020,1301,68,moex_med1_missing_batch3_112020_1301_detailed.json
MOEX-112020-1301-Q069,MOEX-112020-1301-Q069,醫學（一）,112,2023,112020,1301,69,moex_med1_missing_batch3_112020_1301_detailed.json
MOEX-112020-1301-Q070,MOEX-112020-1301-Q070,醫學（一）,112,2023,112020,1301,70,moex_med1_missing_batch3_112020_1301_detailed.json
MOEX-112020-1301-Q071,MOEX-112020-1301-Q071,醫學（一）,112,2023,112020,1301,71,moex_med1_missing_batch3_112020_1301_detailed.json
MOEX-112020-1301-Q072,MOEX-112020-1301-Q072,醫學（一）,112,2023,112020,1301,72,moex_med1_missing_batch3_112020_1301_detailed.json
MOEX-112020-1301-Q073,MOEX-112020-1301-Q073,醫學（一）,112,2023,112020,1301,73,moex_med1_missing_batch3_112020_1301_detailed.json
MOEX-112020-1301-Q074,MOEX-112020-1301-Q074,醫學（一）,112,2023,112020,1301,74,moex_med1_missing_batch3_112020_1301_detailed.json
MOEX-112020-1301-Q075,MOEX-112020-1301-Q075,醫學（一）,112,2023,112020,1301,75,moex_med1_missing_batch3_112020_1301_detailed.json
MOEX-112020-1301-Q076,MOEX-112020-1301-Q076,醫學（一）,112,2023,112020,1301,76,moex_med1_missing_batch3_112020_1301_detailed.json
MOEX-112020-1301-Q077,MOEX-112020-1301-Q077,醫學（一）,112,2023,112020,1301,77,moex_med1_missing_batch3_112020_1301_detailed.json
MOEX-112020-1301-Q078,MOEX-112020-1301-Q078,醫學（一）,112,2023,112020,1301,78,moex_med1_missing_batch3_112020_1301_detailed.json
MOEX-112020-1301-Q079,MOEX-112020-1301-Q079,醫學（一）,112,2023,112020,1301,79,moex_med1_missing_batch3_112020_1301_detailed.json
MOEX-112020-1301-Q080,MOEX-112020-1301-Q080,醫學（一）,112,2023,112020,1301,80,moex_med1_missing_batch3_112020_1301_detailed.json
MOEX-112020-1301-Q081,MOEX-112020-1301-Q081,醫學（一）,112,2023,112020,1301,81,moex_med1_missing_batch3_112020_1301_detailed.json
MOEX-112020-1301-Q082,MOEX-112020-1301-Q082,醫學（一）,112,2023,112020,1301,82,moex_med1_missing_batch3_112020_1301_detailed.json
MOEX-112020-1301-Q083,MOEX-112020-1301-Q083,醫學（一）,112,2023,112020,1301,83,moex_med1_missing_batch3_112020_1301_detailed.json
MOEX-112020-1301-Q084,MOEX-112020-1301-Q084,醫學（一）,112,2023,112020,1301,84,moex_med1_missing_batch3_112020_1301_detailed.json
MOEX-112020-1301-Q085,MOEX-112020-1301-Q085,醫學（一）,112,2023,112020,1301,85,moex_med1_missing_batch3_112020_1301_detailed.json
MOEX-112020-1301-Q086,MOEX-112020-1301-Q086,醫學（一）,112,2023,112020,1301,86,moex_med1_missing_batch3_112020_1301_detailed.json
MOEX-112020-1301-Q087,MOEX-112020-1301-Q087,醫學（一）,112,2023,112020,1301,87,moex_med1_missing_batch3_112020_1301_detailed.json
MOEX-112020-1301-Q088,MOEX-112020-1301-Q088,醫學（一）,112,2023,112020,1301,88,moex_med1_missing_batch3_112020_1301_detailed.json
MOEX-112020-1301-Q089,MOEX-112020-1301-Q089,醫學（一）,112,2023,112020,1301,89,moex_med1_missing_batch3_112020_1301_detailed.json
MOEX-112020-1301-Q090,MOEX-112020-1301-Q090,醫學（一）,112,2023,112020,1301,90,moex_med1_missing_batch3_112020_1301_detailed.json
MOEX-112020-1301-Q091,MOEX-112020-1301-Q091,醫學（一）,112,2023,112020,1301,91,moex_med1_missing_batch3_112020_1301_detailed.json
MOEX-112020-1301-Q092,MOEX-112020-1301-Q092,醫學（一）,112,2023,112020,1301,92,moex_med1_missing_batch3_112020_1301_detailed.json
MOEX-112020-1301-Q093,MOEX-112020-1301-Q093,醫學（一）,112,2023,112020,1301,93,moex_med1_missing_batch3_112020_1301_detailed.json
MOEX-112020-1301-Q094,MOEX-112020-1301-Q094,醫學（一）,112,2023,112020,1301,94,moex_med1_missing_batch3_112020_1301_detailed.json
MOEX-112020-1301-Q095,MOEX-112020-1301-Q095,醫學（一）,112,2023,112020,1301,95,moex_med1_missing_batch3_112020_1301_detailed.json
MOEX-112020-1301-Q096,MOEX-112020-1301-Q096,醫學（一）,112,2023,112020,1301,96,moex_med1_missing_batch3_112020_1301_detailed.json
MOEX-112020-1301-Q097,MOEX-112020-1301-Q097,醫學（一）,112,2023,112020,1301,97,moex_med1_missing_batch3_112020_1301_detailed.json
MOEX-112020-1301-Q098,MOEX-112020-1301-Q098,醫學（一）,112,2023,112020,1301,98,moex_med1_missing_batch3_112020_1301_detailed.json
MOEX-112020-1301-Q099,MOEX-112020-1301-Q099,醫學（一）,112,2023,112020,1301,99,moex_med1_missing_batch3_112020_1301_detailed.json
MOEX-112020-1301-Q100,MOEX-112020-1301-Q100,醫學（一）,112,2023,112020,1301,100,moex_med1_missing_batch3_112020_1301_detailed.json
MOEX-112100-1301-Q001,MOEX-112100-1301-Q001,醫學（一）,112,2023,112100,1301,1,anatomyQuestions.ts
MOEX-112100-1301-Q002,MOEX-112100-1301-Q002,醫學（一）,112,2023,112100,1301,2,anatomyQuestions.ts
MOEX-112100-1301-Q003,MOEX-112100-1301-Q003,醫學（一）,112,2023,112100,1301,3,anatomyQuestions.ts
MOEX-112100-1301-Q004,MOEX-112100-1301-Q004,醫學（一）,112,2023,112100,1301,4,anatomyQuestions.ts
MOEX-112100-1301-Q005,MOEX-112100-1301-Q005,醫學（一）,112,2023,112100,1301,5,anatomyQuestions.ts
MOEX-112100-1301-Q006,MOEX-112100-1301-Q006,醫學（一）,112,2023,112100,1301,6,anatomyQuestions.ts
MOEX-112100-1301-Q007,MOEX-112100-1301-Q007,醫學（一）,112,2023,112100,1301,7,anatomyQuestions.ts
MOEX-112100-1301-Q008,MOEX-112100-1301-Q008,醫學（一）,112,2023,112100,1301,8,anatomyQuestions.ts
MOEX-112100-1301-Q009,MOEX-112100-1301-Q009,醫學（一）,112,2023,112100,1301,9,anatomyQuestions.ts
MOEX-112100-1301-Q010,MOEX-112100-1301-Q010,醫學（一）,112,2023,112100,1301,10,anatomyQuestions.ts
MOEX-112100-1301-Q011,MOEX-112100-1301-Q011,醫學（一）,112,2023,112100,1301,11,anatomyQuestions.ts
MOEX-112100-1301-Q012,MOEX-112100-1301-Q012,醫學（一）,112,2023,112100,1301,12,moex_med1_remaining_detailed_v4_merged_001_1827.ts
MOEX-112100-1301-Q013,MOEX-112100-1301-Q013,醫學（一）,112,2023,112100,1301,13,anatomyQuestions.ts
MOEX-112100-1301-Q014,MOEX-112100-1301-Q014,醫學（一）,112,2023,112100,1301,14,anatomyQuestions.ts
MOEX-112100-1301-Q015,MOEX-112100-1301-Q015,醫學（一）,112,2023,112100,1301,15,anatomyQuestions.ts
MOEX-112100-1301-Q016,MOEX-112100-1301-Q016,醫學（一）,112,2023,112100,1301,16,anatomyQuestions.ts
MOEX-112100-1301-Q017,MOEX-112100-1301-Q017,醫學（一）,112,2023,112100,1301,17,anatomyQuestions.ts
MOEX-112100-1301-Q018,MOEX-112100-1301-Q018,醫學（一）,112,2023,112100,1301,18,anatomyQuestions.ts
MOEX-112100-1301-Q019,MOEX-112100-1301-Q019,醫學（一）,112,2023,112100,1301,19,anatomyQuestions.ts
MOEX-112100-1301-Q020,MOEX-112100-1301-Q020,醫學（一）,112,2023,112100,1301,20,anatomyQuestions.ts
MOEX-112100-1301-Q021,MOEX-112100-1301-Q021,醫學（一）,112,2023,112100,1301,21,anatomyQuestions.ts
MOEX-112100-1301-Q022,MOEX-112100-1301-Q022,醫學（一）,112,2023,112100,1301,22,anatomyQuestions.ts
MOEX-112100-1301-Q023,MOEX-112100-1301-Q023,醫學（一）,112,2023,112100,1301,23,anatomyQuestions.ts
MOEX-112100-1301-Q024,MOEX-112100-1301-Q024,醫學（一）,112,2023,112100,1301,24,anatomyQuestions.ts
MOEX-112100-1301-Q025,MOEX-112100-1301-Q025,醫學（一）,112,2023,112100,1301,25,anatomyQuestions.ts
MOEX-112100-1301-Q026,MOEX-112100-1301-Q026,醫學（一）,112,2023,112100,1301,26,anatomyQuestions.ts
MOEX-112100-1301-Q027,MOEX-112100-1301-Q027,醫學（一）,112,2023,112100,1301,27,anatomyQuestions.ts
MOEX-112100-1301-Q028,MOEX-112100-1301-Q028,醫學（一）,112,2023,112100,1301,28,anatomyQuestions.ts
MOEX-112100-1301-Q029,MOEX-112100-1301-Q029,醫學（一）,112,2023,112100,1301,29,anatomyQuestions.ts
MOEX-112100-1301-Q030,MOEX-112100-1301-Q030,醫學（一）,112,2023,112100,1301,30,anatomyQuestions.ts
MOEX-112100-1301-Q031,MOEX-112100-1301-Q031,醫學（一）,112,2023,112100,1301,31,anatomyQuestions.ts
MOEX-112100-1301-Q032,MOEX-112100-1301-Q032,醫學（一）,112,2023,112100,1301,32,moex_med1_remaining_detailed_v4_merged_001_1827.ts
MOEX-112100-1301-Q033,MOEX-112100-1301-Q033,醫學（一）,112,2023,112100,1301,33,anatomyQuestions.ts
MOEX-112100-1301-Q034,MOEX-112100-1301-Q034,醫學（一）,112,2023,112100,1301,34,anatomyQuestions.ts
MOEX-112100-1301-Q035,MOEX-112100-1301-Q035,醫學（一）,112,2023,112100,1301,35,moex_med1_remaining_detailed_v4_merged_001_1827.ts
MOEX-112100-1301-Q036,MOEX-112100-1301-Q036,醫學（一）,112,2023,112100,1301,36,anatomyQuestions.ts
MOEX-112100-1301-Q037,MOEX-112100-1301-Q037,醫學（一）,112,2023,112100,1301,37,moex_med1_remaining_detailed_v4_merged_001_1827.ts
MOEX-112100-1301-Q038,MOEX-112100-1301-Q038,醫學（一）,112,2023,112100,1301,38,moex_med1_remaining_detailed_v4_merged_001_1827.ts
MOEX-112100-1301-Q039,MOEX-112100-1301-Q039,醫學（一）,112,2023,112100,1301,39,moex_med1_remaining_detailed_v4_merged_001_1827.ts
MOEX-112100-1301-Q040,MOEX-112100-1301-Q040,醫學（一）,112,2023,112100,1301,40,moex_med1_remaining_detailed_v4_merged_001_1827.ts
MOEX-112100-1301-Q041,MOEX-112100-1301-Q041,醫學（一）,112,2023,112100,1301,41,moex_med1_remaining_detailed_v4_merged_001_1827.ts
MOEX-112100-1301-Q042,MOEX-112100-1301-Q042,醫學（一）,112,2023,112100,1301,42,moex_med1_remaining_detailed_v4_merged_001_1827.ts
MOEX-112100-1301-Q043,MOEX-112100-1301-Q043,醫學（一）,112,2023,112100,1301,43,moex_med1_remaining_detailed_v4_merged_001_1827.ts
MOEX-112100-1301-Q044,MOEX-112100-1301-Q044,醫學（一）,112,2023,112100,1301,44,moex_med1_remaining_detailed_v4_merged_001_1827.ts
MOEX-112100-1301-Q045,MOEX-112100-1301-Q045,醫學（一）,112,2023,112100,1301,45,anatomyQuestions.ts
MOEX-112100-1301-Q046,MOEX-112100-1301-Q046,醫學（一）,112,2023,112100,1301,46,moex_med1_remaining_detailed_v4_merged_001_1827.ts
MOEX-112100-1301-Q047,MOEX-112100-1301-Q047,醫學（一）,112,2023,112100,1301,47,moex_med1_remaining_detailed_v4_merged_001_1827.ts
MOEX-112100-1301-Q048,MOEX-112100-1301-Q048,醫學（一）,112,2023,112100,1301,48,anatomyQuestions.ts
MOEX-112100-1301-Q049,MOEX-112100-1301-Q049,醫學（一）,112,2023,112100,1301,49,anatomyQuestions.ts
MOEX-112100-1301-Q050,MOEX-112100-1301-Q050,醫學（一）,112,2023,112100,1301,50,moex_med1_remaining_detailed_v4_merged_001_1827.ts
MOEX-112100-1301-Q051,MOEX-112100-1301-Q051,醫學（一）,112,2023,112100,1301,51,anatomyQuestions.ts
MOEX-112100-1301-Q052,MOEX-112100-1301-Q052,醫學（一）,112,2023,112100,1301,52,moex_med1_remaining_detailed_v4_merged_001_1827.ts
MOEX-112100-1301-Q053,MOEX-112100-1301-Q053,醫學（一）,112,2023,112100,1301,53,anatomyQuestions.ts
MOEX-112100-1301-Q054,MOEX-112100-1301-Q054,醫學（一）,112,2023,112100,1301,54,moex_med1_remaining_detailed_v4_merged_001_1827.ts
MOEX-112100-1301-Q055,MOEX-112100-1301-Q055,醫學（一）,112,2023,112100,1301,55,moex_med1_remaining_detailed_v4_merged_001_1827.ts
MOEX-112100-1301-Q056,MOEX-112100-1301-Q056,醫學（一）,112,2023,112100,1301,56,moex_med1_remaining_detailed_v4_merged_001_1827.ts
MOEX-112100-1301-Q057,MOEX-112100-1301-Q057,醫學（一）,112,2023,112100,1301,57,moex_med1_remaining_detailed_v4_merged_001_1827.ts
MOEX-112100-1301-Q058,MOEX-112100-1301-Q058,醫學（一）,112,2023,112100,1301,58,anatomyQuestions.ts
MOEX-112100-1301-Q059,MOEX-112100-1301-Q059,醫學（一）,112,2023,112100,1301,59,anatomyQuestions.ts
MOEX-112100-1301-Q060,MOEX-112100-1301-Q060,醫學（一）,112,2023,112100,1301,60,moex_med1_remaining_detailed_v4_merged_001_1827.ts
MOEX-112100-1301-Q061,MOEX-112100-1301-Q061,醫學（一）,112,2023,112100,1301,61,moex_med1_remaining_detailed_v4_merged_001_1827.ts
MOEX-112100-1301-Q062,MOEX-112100-1301-Q062,醫學（一）,112,2023,112100,1301,62,moex_med1_remaining_detailed_v4_merged_001_1827.ts
MOEX-112100-1301-Q063,MOEX-112100-1301-Q063,醫學（一）,112,2023,112100,1301,63,moex_med1_remaining_detailed_v4_merged_001_1827.ts
MOEX-112100-1301-Q064,MOEX-112100-1301-Q064,醫學（一）,112,2023,112100,1301,64,moex_med1_remaining_detailed_v4_merged_001_1827.ts
MOEX-112100-1301-Q065,MOEX-112100-1301-Q065,醫學（一）,112,2023,112100,1301,65,moex_med1_remaining_detailed_v4_merged_001_1827.ts
MOEX-112100-1301-Q066,MOEX-112100-1301-Q066,醫學（一）,112,2023,112100,1301,66,moex_med1_remaining_detailed_v4_merged_001_1827.ts
MOEX-112100-1301-Q067,MOEX-112100-1301-Q067,醫學（一）,112,2023,112100,1301,67,moex_med1_remaining_detailed_v4_merged_001_1827.ts
MOEX-112100-1301-Q068,MOEX-112100-1301-Q068,醫學（一）,112,2023,112100,1301,68,moex_med1_remaining_detailed_v4_merged_001_1827.ts
MOEX-112100-1301-Q069,MOEX-112100-1301-Q069,醫學（一）,112,2023,112100,1301,69,anatomyQuestions.ts
MOEX-112100-1301-Q070,MOEX-112100-1301-Q070,醫學（一）,112,2023,112100,1301,70,moex_med1_remaining_detailed_v4_merged_001_1827.ts
MOEX-112100-1301-Q071,MOEX-112100-1301-Q071,醫學（一）,112,2023,112100,1301,71,anatomyQuestions.ts
MOEX-112100-1301-Q072,MOEX-112100-1301-Q072,醫學（一）,112,2023,112100,1301,72,moex_med1_remaining_detailed_v4_merged_001_1827.ts
MOEX-112100-1301-Q073,MOEX-112100-1301-Q073,醫學（一）,112,2023,112100,1301,73,moex_med1_remaining_detailed_v4_merged_001_1827.ts
MOEX-112100-1301-Q074,MOEX-112100-1301-Q074,醫學（一）,112,2023,112100,1301,74,anatomyQuestions.ts
MOEX-112100-1301-Q075,MOEX-112100-1301-Q075,醫學（一）,112,2023,112100,1301,75,moex_med1_remaining_detailed_v4_merged_001_1827.ts
MOEX-112100-1301-Q076,MOEX-112100-1301-Q076,醫學（一）,112,2023,112100,1301,76,moex_med1_remaining_detailed_v4_merged_001_1827.ts
MOEX-112100-1301-Q077,MOEX-112100-1301-Q077,醫學（一）,112,2023,112100,1301,77,moex_med1_remaining_detailed_v4_merged_001_1827.ts
MOEX-112100-1301-Q078,MOEX-112100-1301-Q078,醫學（一）,112,2023,112100,1301,78,anatomyQuestions.ts
MOEX-112100-1301-Q079,MOEX-112100-1301-Q079,醫學（一）,112,2023,112100,1301,79,moex_med1_remaining_detailed_v4_merged_001_1827.ts
MOEX-112100-1301-Q080,MOEX-112100-1301-Q080,醫學（一）,112,2023,112100,1301,80,moex_med1_remaining_detailed_v4_merged_001_1827.ts
MOEX-112100-1301-Q081,MOEX-112100-1301-Q081,醫學（一）,112,2023,112100,1301,81,moex_med1_remaining_detailed_v4_merged_001_1827.ts
MOEX-112100-1301-Q082,MOEX-112100-1301-Q082,醫學（一）,112,2023,112100,1301,82,anatomyQuestions.ts
MOEX-112100-1301-Q083,MOEX-112100-1301-Q083,醫學（一）,112,2023,112100,1301,83,moex_med1_remaining_detailed_v4_merged_001_1827.ts
MOEX-112100-1301-Q084,MOEX-112100-1301-Q084,醫學（一）,112,2023,112100,1301,84,moex_med1_remaining_detailed_v4_merged_001_1827.ts
MOEX-112100-1301-Q085,MOEX-112100-1301-Q085,醫學（一）,112,2023,112100,1301,85,moex_med1_remaining_detailed_v4_merged_001_1827.ts
MOEX-112100-1301-Q086,MOEX-112100-1301-Q086,醫學（一）,112,2023,112100,1301,86,moex_med1_remaining_detailed_v4_merged_001_1827.ts
MOEX-112100-1301-Q087,MOEX-112100-1301-Q087,醫學（一）,112,2023,112100,1301,87,moex_med1_remaining_detailed_v4_merged_001_1827.ts
MOEX-112100-1301-Q088,MOEX-112100-1301-Q088,醫學（一）,112,2023,112100,1301,88,moex_med1_remaining_detailed_v4_merged_001_1827.ts
MOEX-112100-1301-Q089,MOEX-112100-1301-Q089,醫學（一）,112,2023,112100,1301,89,moex_med1_remaining_detailed_v4_merged_001_1827.ts
MOEX-112100-1301-Q090,MOEX-112100-1301-Q090,醫學（一）,112,2023,112100,1301,90,moex_med1_remaining_detailed_v4_merged_001_1827.ts
MOEX-112100-1301-Q091,MOEX-112100-1301-Q091,醫學（一）,112,2023,112100,1301,91,moex_med1_remaining_detailed_v4_merged_001_1827.ts
MOEX-112100-1301-Q092,MOEX-112100-1301-Q092,醫學（一）,112,2023,112100,1301,92,moex_med1_remaining_detailed_v4_merged_001_1827.ts
MOEX-112100-1301-Q093,MOEX-112100-1301-Q093,醫學（一）,112,2023,112100,1301,93,moex_med1_remaining_detailed_v4_merged_001_1827.ts
MOEX-112100-1301-Q094,MOEX-112100-1301-Q094,醫學（一）,112,2023,112100,1301,94,moex_med1_remaining_detailed_v4_merged_001_1827.ts
MOEX-112100-1301-Q095,MOEX-112100-1301-Q095,醫學（一）,112,2023,112100,1301,95,moex_med1_remaining_detailed_v4_merged_001_1827.ts
MOEX-112100-1301-Q096,MOEX-112100-1301-Q096,醫學（一）,112,2023,112100,1301,96,moex_med1_remaining_detailed_v4_merged_001_1827.ts
MOEX-112100-1301-Q097,MOEX-112100-1301-Q097,醫學（一）,112,2023,112100,1301,97,moex_med1_remaining_detailed_v4_merged_001_1827.ts
MOEX-112100-1301-Q098,MOEX-112100-1301-Q098,醫學（一）,112,2023,112100,1301,98,moex_med1_remaining_detailed_v4_merged_001_1827.ts
MOEX-112100-1301-Q099,MOEX-112100-1301-Q099,醫學（一）,112,2023,112100,1301,99,moex_med1_remaining_detailed_v4_merged_001_1827.ts
MOEX-112100-1301-Q100,MOEX-112100-1301-Q100,醫學（一）,112,2023,112100,1301,100,moex_med1_remaining_detailed_v4_merged_001_1827.ts
MOEX-112020-2301-Q001,MOEX-112020_2301-Q001,醫學（二）,112,2023,112020,2301,1,moex_med_stage2_detailed_merged_001_3100_classified_v3.json
MOEX-112020-2301-Q002,MOEX-112020_2301-Q002,醫學（二）,112,2023,112020,2301,2,moex_med_stage2_detailed_merged_001_3100_classified_v3.json
MOEX-112020-2301-Q003,MOEX-112020_2301-Q003,醫學（二）,112,2023,112020,2301,3,moex_med_stage2_detailed_merged_001_3100_classified_v3.json
MOEX-112020-2301-Q004,MOEX-112020_2301-Q004,醫學（二）,112,2023,112020,2301,4,moex_med_stage2_detailed_merged_001_3100_classified_v3.json
MOEX-112020-2301-Q005,MOEX-112020_2301-Q005,醫學（二）,112,2023,112020,2301,5,moex_med_stage2_detailed_merged_001_3100_classified_v3.json
MOEX-112020-2301-Q006,MOEX-112020_2301-Q006,醫學（二）,112,2023,112020,2301,6,moex_med_stage2_detailed_merged_001_3100_classified_v3.json
MOEX-112020-2301-Q007,MOEX-112020_2301-Q007,醫學（二）,112,2023,112020,2301,7,moex_med_stage2_detailed_merged_001_3100_classified_v3.json
MOEX-112020-2301-Q008,MOEX-112020_2301-Q008,醫學（二）,112,2023,112020,2301,8,moex_med_stage2_detailed_merged_001_3100_classified_v3.json
MOEX-112020-2301-Q009,MOEX-112020_2301-Q009,醫學（二）,112,2023,112020,2301,9,moex_med_stage2_detailed_merged_001_3100_classified_v3.json
MOEX-112020-2301-Q010,MOEX-112020_2301-Q010,醫學（二）,112,2023,112020,2301,10,moex_med_stage2_detailed_merged_001_3100_classified_v3.json
MOEX-112020-2301-Q011,MOEX-112020_2301-Q011,醫學（二）,112,2023,112020,2301,11,moex_med_stage2_detailed_merged_001_3100_classified_v3.json
MOEX-112020-2301-Q012,MOEX-112020_2301-Q012,醫學（二）,112,2023,112020,2301,12,moex_med_stage2_detailed_merged_001_3100_classified_v3.json
MOEX-112020-2301-Q013,MOEX-112020_2301-Q013,醫學（二）,112,2023,112020,2301,13,moex_med_stage2_detailed_merged_001_3100_classified_v3.json
MOEX-112020-2301-Q014,MOEX-112020_2301-Q014,醫學（二）,112,2023,112020,2301,14,moex_med_stage2_detailed_merged_001_3100_classified_v3.json
MOEX-112020-2301-Q015,MOEX-112020_2301-Q015,醫學（二）,112,2023,112020,2301,15,moex_med_stage2_detailed_merged_001_3100_classified_v3.json
MOEX-112020-2301-Q016,MOEX-112020_2301-Q016,醫學（二）,112,2023,112020,2301,16,moex_med_stage2_detailed_merged_001_3100_classified_v3.json
MOEX-112020-2301-Q017,MOEX-112020_2301-Q017,醫學（二）,112,2023,112020,2301,17,moex_med_stage2_detailed_merged_001_3100_classified_v3.json
MOEX-112020-2301-Q018,MOEX-112020_2301-Q018,醫學（二）,112,2023,112020,2301,18,moex_med_stage2_detailed_merged_001_3100_classified_v3.json
MOEX-112020-2301-Q019,MOEX-112020_2301-Q019,醫學（二）,112,2023,112020,2301,19,moex_med_stage2_detailed_merged_001_3100_classified_v3.json
MOEX-112020-2301-Q020,MOEX-112020_2301-Q020,醫學（二）,112,2023,112020,2301,20,moex_med_stage2_detailed_merged_001_3100_classified_v3.json
MOEX-112020-2301-Q021,MOEX-112020_2301-Q021,醫學（二）,112,2023,112020,2301,21,moex_med_stage2_detailed_merged_001_3100_classified_v3.json
MOEX-112020-2301-Q022,MOEX-112020_2301-Q022,醫學（二）,112,2023,112020,2301,22,moex_med_stage2_detailed_merged_001_3100_classified_v3.json
MOEX-112020-2301-Q023,MOEX-112020_2301-Q023,醫學（二）,112,2023,112020,2301,23,moex_med_stage2_detailed_merged_001_3100_classified_v3.json
MOEX-112020-2301-Q024,MOEX-112020_2301-Q024,醫學（二）,112,2023,112020,2301,24,moex_med_stage2_detailed_merged_001_3100_classified_v3.json
MOEX-112020-2301-Q025,MOEX-112020_2301-Q025,醫學（二）,112,2023,112020,2301,25,moex_med_stage2_detailed_merged_001_3100_classified_v3.json
MOEX-112020-2301-Q026,MOEX-112020_2301-Q026,醫學（二）,112,2023,112020,2301,26,moex_med_stage2_detailed_merged_001_3100_classified_v3.json
MOEX-112020-2301-Q027,MOEX-112020_2301-Q027,醫學（二）,112,2023,112020,2301,27,moex_med_stage2_detailed_merged_001_3100_classified_v3.json
MOEX-112020-2301-Q028,MOEX-112020_2301-Q028,醫學（二）,112,2023,112020,2301,28,moex_med_stage2_detailed_merged_001_3100_classified_v3.json
MOEX-112020-2301-Q029,MOEX-112020_2301-Q029,醫學（二）,112,2023,112020,2301,29,moex_med_stage2_detailed_merged_001_3100_classified_v3.json
MOEX-112020-2301-Q030,MOEX-112020_2301-Q030,醫學（二）,112,2023,112020,2301,30,moex_med_stage2_detailed_merged_001_3100_classified_v3.json
MOEX-112020-2301-Q031,MOEX-112020_2301-Q031,醫學（二）,112,2023,112020,2301,31,moex_med_stage2_detailed_merged_001_3100_classified_v3.json
MOEX-112020-2301-Q032,MOEX-112020_2301-Q032,醫學（二）,112,2023,112020,2301,32,moex_med_stage2_detailed_merged_001_3100_classified_v3.json
MOEX-112020-2301-Q033,MOEX-112020_2301-Q033,醫學（二）,112,2023,112020,2301,33,moex_med_stage2_detailed_merged_001_3100_classified_v3.json
MOEX-112020-2301-Q034,MOEX-112020_2301-Q034,醫學（二）,112,2023,112020,2301,34,moex_med_stage2_detailed_merged_001_3100_classified_v3.json
MOEX-112020-2301-Q035,MOEX-112020_2301-Q035,醫學（二）,112,2023,112020,2301,35,moex_med_stage2_detailed_merged_001_3100_classified_v3.json
MOEX-112020-2301-Q036,MOEX-112020_2301-Q036,醫學（二）,112,2023,112020,2301,36,moex_med_stage2_detailed_merged_001_3100_classified_v3.json
MOEX-112020-2301-Q037,MOEX-112020_2301-Q037,醫學（二）,112,2023,112020,2301,37,moex_med_stage2_detailed_merged_001_3100_classified_v3.json
MOEX-112020-2301-Q038,MOEX-112020_2301-Q038,醫學（二）,112,2023,112020,2301,38,moex_med_stage2_detailed_merged_001_3100_classified_v3.json
MOEX-112020-2301-Q039,MOEX-112020_2301-Q039,醫學（二）,112,2023,112020,2301,39,moex_med_stage2_detailed_merged_001_3100_classified_v3.json
MOEX-112020-2301-Q040,MOEX-112020_2301-Q040,醫學（二）,112,2023,112020,2301,40,moex_med_stage2_detailed_merged_001_3100_classified_v3.json
MOEX-112020-2301-Q041,MOEX-112020_2301-Q041,醫學（二）,112,2023,112020,2301,41,moex_med_stage2_detailed_merged_001_3100_classified_v3.json
MOEX-112020-2301-Q042,MOEX-112020_2301-Q042,醫學（二）,112,2023,112020,2301,42,moex_med_stage2_detailed_merged_001_3100_classified_v3.json
MOEX-112020-2301-Q043,MOEX-112020_2301-Q043,醫學（二）,112,2023,112020,2301,43,moex_med_stage2_detailed_merged_001_3100_classified_v3.json
MOEX-112020-2301-Q044,MOEX-112020_2301-Q044,醫學（二）,112,2023,112020,2301,44,moex_med_stage2_detailed_merged_001_3100_classified_v3.json
MOEX-112020-2301-Q045,MOEX-112020_2301-Q045,醫學（二）,112,2023,112020,2301,45,moex_med_stage2_detailed_merged_001_3100_classified_v3.json
MOEX-112020-2301-Q046,MOEX-112020_2301-Q046,醫學（二）,112,2023,112020,2301,46,moex_med_stage2_detailed_merged_001_3100_classified_v3.json
MOEX-112020-2301-Q047,MOEX-112020_2301-Q047,醫學（二）,112,2023,112020,2301,47,moex_med_stage2_detailed_merged_001_3100_classified_v3.json
MOEX-112020-2301-Q048,MOEX-112020_2301-Q048,醫學（二）,112,2023,112020,2301,48,moex_med_stage2_detailed_merged_001_3100_classified_v3.json
MOEX-112020-2301-Q049,MOEX-112020_2301-Q049,醫學（二）,112,2023,112020,2301,49,moex_med_stage2_detailed_merged_001_3100_classified_v3.json
MOEX-112020-2301-Q050,MOEX-112020_2301-Q050,醫學（二）,112,2023,112020,2301,50,moex_med_stage2_detailed_merged_001_3100_classified_v3.json
MOEX-112020-2301-Q051,MOEX-112020_2301-Q051,醫學（二）,112,2023,112020,2301,51,moex_med_stage2_detailed_merged_001_3100_classified_v3.json
MOEX-112020-2301-Q052,MOEX-112020_2301-Q052,醫學（二）,112,2023,112020,2301,52,moex_med_stage2_detailed_merged_001_3100_classified_v3.json
MOEX-112020-2301-Q053,MOEX-112020_2301-Q053,醫學（二）,112,2023,112020,2301,53,moex_med_stage2_detailed_merged_001_3100_classified_v3.json
MOEX-112020-2301-Q054,MOEX-112020_2301-Q054,醫學（二）,112,2023,112020,2301,54,moex_med_stage2_detailed_merged_001_3100_classified_v3.json
MOEX-112020-2301-Q055,MOEX-112020_2301-Q055,醫學（二）,112,2023,112020,2301,55,moex_med_stage2_detailed_merged_001_3100_classified_v3.json
MOEX-112020-2301-Q056,MOEX-112020_2301-Q056,醫學（二）,112,2023,112020,2301,56,moex_med_stage2_detailed_merged_001_3100_classified_v3.json
MOEX-112020-2301-Q057,MOEX-112020_2301-Q057,醫學（二）,112,2023,112020,2301,57,moex_med_stage2_detailed_merged_001_3100_classified_v3.json
MOEX-112020-2301-Q058,MOEX-112020_2301-Q058,醫學（二）,112,2023,112020,2301,58,moex_med_stage2_detailed_merged_001_3100_classified_v3.json
MOEX-112020-2301-Q059,MOEX-112020_2301-Q059,醫學（二）,112,2023,112020,2301,59,moex_med_stage2_detailed_merged_001_3100_classified_v3.json
MOEX-112020-2301-Q060,MOEX-112020_2301-Q060,醫學（二）,112,2023,112020,2301,60,moex_med_stage2_detailed_merged_001_3100_classified_v3.json
MOEX-112020-2301-Q061,MOEX-112020_2301-Q061,醫學（二）,112,2023,112020,2301,61,moex_med_stage2_detailed_merged_001_3100_classified_v3.json
MOEX-112020-2301-Q062,MOEX-112020_2301-Q062,醫學（二）,112,2023,112020,2301,62,moex_med_stage2_detailed_merged_001_3100_classified_v3.json
MOEX-112020-2301-Q063,MOEX-112020_2301-Q063,醫學（二）,112,2023,112020,2301,63,moex_med_stage2_detailed_merged_001_3100_classified_v3.json
MOEX-112020-2301-Q064,MOEX-112020_2301-Q064,醫學（二）,112,2023,112020,2301,64,moex_med_stage2_detailed_merged_001_3100_classified_v3.json
MOEX-112020-2301-Q065,MOEX-112020_2301-Q065,醫學（二）,112,2023,112020,2301,65,moex_med_stage2_detailed_merged_001_3100_classified_v3.json
MOEX-112020-2301-Q066,MOEX-112020_2301-Q066,醫學（二）,112,2023,112020,2301,66,moex_med_stage2_detailed_merged_001_3100_classified_v3.json
MOEX-112020-2301-Q067,MOEX-112020_2301-Q067,醫學（二）,112,2023,112020,2301,67,moex_med_stage2_detailed_merged_001_3100_classified_v3.json
MOEX-112020-2301-Q068,MOEX-112020_2301-Q068,醫學（二）,112,2023,112020,2301,68,moex_med_stage2_detailed_merged_001_3100_classified_v3.json
MOEX-112020-2301-Q069,MOEX-112020_2301-Q069,醫學（二）,112,2023,112020,2301,69,moex_med_stage2_detailed_merged_001_3100_classified_v3.json
MOEX-112020-2301-Q070,MOEX-112020_2301-Q070,醫學（二）,112,2023,112020,2301,70,moex_med_stage2_detailed_merged_001_3100_classified_v3.json
MOEX-112020-2301-Q071,MOEX-112020_2301-Q071,醫學（二）,112,2023,112020,2301,71,moex_med_stage2_detailed_merged_001_3100_classified_v3.json
MOEX-112020-2301-Q072,MOEX-112020_2301-Q072,醫學（二）,112,2023,112020,2301,72,moex_med_stage2_detailed_merged_001_3100_classified_v3.json
MOEX-112020-2301-Q073,MOEX-112020_2301-Q073,醫學（二）,112,2023,112020,2301,73,moex_med_stage2_detailed_merged_001_3100_classified_v3.json
MOEX-112020-2301-Q074,MOEX-112020_2301-Q074,醫學（二）,112,2023,112020,2301,74,moex_med_stage2_detailed_merged_001_3100_classified_v3.json
MOEX-112020-2301-Q075,MOEX-112020_2301-Q075,醫學（二）,112,2023,112020,2301,75,moex_med_stage2_detailed_merged_001_3100_classified_v3.json
MOEX-112020-2301-Q076,MOEX-112020_2301-Q076,醫學（二）,112,2023,112020,2301,76,moex_med_stage2_detailed_merged_001_3100_classified_v3.json
MOEX-112020-2301-Q077,MOEX-112020_2301-Q077,醫學（二）,112,2023,112020,2301,77,moex_med_stage2_detailed_merged_001_3100_classified_v3.json
MOEX-112020-2301-Q078,MOEX-112020_2301-Q078,醫學（二）,112,2023,112020,2301,78,moex_med_stage2_detailed_merged_001_3100_classified_v3.json
MOEX-112020-2301-Q079,MOEX-112020_2301-Q079,醫學（二）,112,2023,112020,2301,79,moex_med_stage2_detailed_merged_001_3100_classified_v3.json
MOEX-112020-2301-Q080,MOEX-112020_2301-Q080,醫學（二）,112,2023,112020,2301,80,moex_med_stage2_detailed_merged_001_3100_classified_v3.json
MOEX-112020-2301-Q081,MOEX-112020_2301-Q081,醫學（二）,112,2023,112020,2301,81,moex_med_stage2_detailed_merged_001_3100_classified_v3.json
MOEX-112020-2301-Q082,MOEX-112020_2301-Q082,醫學（二）,112,2023,112020,2301,82,moex_med_stage2_detailed_merged_001_3100_classified_v3.json
MOEX-112020-2301-Q083,MOEX-112020_2301-Q083,醫學（二）,112,2023,112020,2301,83,moex_med_stage2_detailed_merged_001_3100_classified_v3.json
MOEX-112020-2301-Q084,MOEX-112020_2301-Q084,醫學（二）,112,2023,112020,2301,84,moex_med_stage2_detailed_merged_001_3100_classified_v3.json
MOEX-112020-2301-Q085,MOEX-112020_2301-Q085,醫學（二）,112,2023,112020,2301,85,moex_med_stage2_detailed_merged_001_3100_classified_v3.json
MOEX-112020-2301-Q086,MOEX-112020_2301-Q086,醫學（二）,112,2023,112020,2301,86,moex_med_stage2_detailed_merged_001_3100_classified_v3.json
MOEX-112020-2301-Q087,MOEX-112020_2301-Q087,醫學（二）,112,2023,112020,2301,87,moex_med_stage2_detailed_merged_001_3100_classified_v3.json
MOEX-112020-2301-Q088,MOEX-112020_2301-Q088,醫學（二）,112,2023,112020,2301,88,moex_med_stage2_detailed_merged_001_3100_classified_v3.json
MOEX-112020-2301-Q089,MOEX-112020_2301-Q089,醫學（二）,112,2023,112020,2301,89,moex_med_stage2_detailed_merged_001_3100_classified_v3.json
MOEX-112020-2301-Q090,MOEX-112020_2301-Q090,醫學（二）,112,2023,112020,2301,90,moex_med_stage2_detailed_merged_001_3100_classified_v3.json
MOEX-112020-2301-Q091,MOEX-112020_2301-Q091,醫學（二）,112,2023,112020,2301,91,moex_med_stage2_detailed_merged_001_3100_classified_v3.json
MOEX-112020-2301-Q092,MOEX-112020_2301-Q092,醫學（二）,112,2023,112020,2301,92,moex_med_stage2_detailed_merged_001_3100_classified_v3.json
MOEX-112020-2301-Q093,MOEX-112020_2301-Q093,醫學（二）,112,2023,112020,2301,93,moex_med_stage2_detailed_merged_001_3100_classified_v3.json
MOEX-112020-2301-Q094,MOEX-112020_2301-Q094,醫學（二）,112,2023,112020,2301,94,moex_med_stage2_detailed_merged_001_3100_classified_v3.json
MOEX-112020-2301-Q095,MOEX-112020_2301-Q095,醫學（二）,112,2023,112020,2301,95,moex_med_stage2_detailed_merged_001_3100_classified_v3.json
MOEX-112020-2301-Q096,MOEX-112020_2301-Q096,醫學（二）,112,2023,112020,2301,96,moex_med_stage2_detailed_merged_001_3100_classified_v3.json
MOEX-112020-2301-Q097,MOEX-112020_2301-Q097,醫學（二）,112,2023,112020,2301,97,moex_med_stage2_detailed_merged_001_3100_classified_v3.json
MOEX-112020-2301-Q098,MOEX-112020_2301-Q098,醫學（二）,112,2023,112020,2301,98,moex_med_stage2_detailed_merged_001_3100_classified_v3.json
MOEX-112020-2301-Q099,MOEX-112020_2301-Q099,醫學（二）,112,2023,112020,2301,99,moex_med_stage2_detailed_merged_001_3100_classified_v3.json
MOEX-112020-2301-Q100,MOEX-112020_2301-Q100,醫學（二）,112,2023,112020,2301,100,moex_med_stage2_detailed_merged_001_3100_classified_v3.json
MOEX-112100-2301-Q001,MOEX-112100-2301-Q001,醫學（二）,112,2023,112100,2301,1,moex_med_stage2_detailed_merged_001_3100_classified_v3.json
MOEX-112100-2301-Q002,MOEX-112100-2301-Q002,醫學（二）,112,2023,112100,2301,2,moex_med_stage2_detailed_merged_001_3100_classified_v3.json
MOEX-112100-2301-Q003,MOEX-112100-2301-Q003,醫學（二）,112,2023,112100,2301,3,moex_med_stage2_detailed_merged_001_3100_classified_v3.json
MOEX-112100-2301-Q004,MOEX-112100-2301-Q004,醫學（二）,112,2023,112100,2301,4,moex_med_stage2_detailed_merged_001_3100_classified_v3.json
MOEX-112100-2301-Q005,MOEX-112100-2301-Q005,醫學（二）,112,2023,112100,2301,5,moex_med_stage2_detailed_merged_001_3100_classified_v3.json
MOEX-112100-2301-Q006,MOEX-112100-2301-Q006,醫學（二）,112,2023,112100,2301,6,moex_med_stage2_detailed_merged_001_3100_classified_v3.json
MOEX-112100-2301-Q007,MOEX-112100-2301-Q007,醫學（二）,112,2023,112100,2301,7,moex_med_stage2_detailed_merged_001_3100_classified_v3.json
MOEX-112100-2301-Q008,MOEX-112100-2301-Q008,醫學（二）,112,2023,112100,2301,8,moex_med_stage2_detailed_merged_001_3100_classified_v3.json
MOEX-112100-2301-Q009,MOEX-112100-2301-Q009,醫學（二）,112,2023,112100,2301,9,moex_med_stage2_detailed_merged_001_3100_classified_v3.json
MOEX-112100-2301-Q010,MOEX-112100-2301-Q010,醫學（二）,112,2023,112100,2301,10,moex_med_stage2_detailed_merged_001_3100_classified_v3.json
MOEX-112100-2301-Q011,MOEX-112100-2301-Q011,醫學（二）,112,2023,112100,2301,11,moex_med_stage2_detailed_merged_001_3100_classified_v3.json
MOEX-112100-2301-Q012,MOEX-112100-2301-Q012,醫學（二）,112,2023,112100,2301,12,moex_med_stage2_detailed_merged_001_3100_classified_v3.json
MOEX-112100-2301-Q013,MOEX-112100-2301-Q013,醫學（二）,112,2023,112100,2301,13,moex_med_stage2_detailed_merged_001_3100_classified_v3.json
MOEX-112100-2301-Q014,MOEX-112100-2301-Q014,醫學（二）,112,2023,112100,2301,14,moex_med_stage2_detailed_merged_001_3100_classified_v3.json
MOEX-112100-2301-Q015,MOEX-112100-2301-Q015,醫學（二）,112,2023,112100,2301,15,moex_med_stage2_detailed_merged_001_3100_classified_v3.json
MOEX-112100-2301-Q016,MOEX-112100-2301-Q016,醫學（二）,112,2023,112100,2301,16,moex_med_stage2_detailed_merged_001_3100_classified_v3.json
MOEX-112100-2301-Q017,MOEX-112100-2301-Q017,醫學（二）,112,2023,112100,2301,17,moex_med_stage2_detailed_merged_001_3100_classified_v3.json
MOEX-112100-2301-Q018,MOEX-112100-2301-Q018,醫學（二）,112,2023,112100,2301,18,moex_med_stage2_detailed_merged_001_3100_classified_v3.json
MOEX-112100-2301-Q019,MOEX-112100-2301-Q019,醫學（二）,112,2023,112100,2301,19,moex_med_stage2_detailed_merged_001_3100_classified_v3.json
MOEX-112100-2301-Q020,MOEX-112100-2301-Q020,醫學（二）,112,2023,112100,2301,20,moex_med_stage2_detailed_merged_001_3100_classified_v3.json
MOEX-112100-2301-Q021,MOEX-112100-2301-Q021,醫學（二）,112,2023,112100,2301,21,moex_med_stage2_detailed_merged_001_3100_classified_v3.json
MOEX-112100-2301-Q022,MOEX-112100-2301-Q022,醫學（二）,112,2023,112100,2301,22,moex_med_stage2_detailed_merged_001_3100_classified_v3.json
MOEX-112100-2301-Q023,MOEX-112100-2301-Q023,醫學（二）,112,2023,112100,2301,23,moex_med_stage2_detailed_merged_001_3100_classified_v3.json
MOEX-112100-2301-Q024,MOEX-112100-2301-Q024,醫學（二）,112,2023,112100,2301,24,moex_med_stage2_detailed_merged_001_3100_classified_v3.json
MOEX-112100-2301-Q025,MOEX-112100-2301-Q025,醫學（二）,112,2023,112100,2301,25,moex_med_stage2_detailed_merged_001_3100_classified_v3.json
MOEX-112100-2301-Q026,MOEX-112100-2301-Q026,醫學（二）,112,2023,112100,2301,26,moex_med_stage2_detailed_merged_001_3100_classified_v3.json
MOEX-112100-2301-Q027,MOEX-112100-2301-Q027,醫學（二）,112,2023,112100,2301,27,moex_med_stage2_detailed_merged_001_3100_classified_v3.json
MOEX-112100-2301-Q028,MOEX-112100-2301-Q028,醫學（二）,112,2023,112100,2301,28,moex_med_stage2_detailed_merged_001_3100_classified_v3.json
MOEX-112100-2301-Q029,MOEX-112100-2301-Q029,醫學（二）,112,2023,112100,2301,29,moex_med_stage2_detailed_merged_001_3100_classified_v3.json
MOEX-112100-2301-Q030,MOEX-112100-2301-Q030,醫學（二）,112,2023,112100,2301,30,moex_med_stage2_detailed_merged_001_3100_classified_v3.json
MOEX-112100-2301-Q031,MOEX-112100-2301-Q031,醫學（二）,112,2023,112100,2301,31,moex_med_stage2_detailed_merged_001_3100_classified_v3.json
MOEX-112100-2301-Q032,MOEX-112100-2301-Q032,醫學（二）,112,2023,112100,2301,32,moex_med_stage2_detailed_merged_001_3100_classified_v3.json
MOEX-112100-2301-Q033,MOEX-112100-2301-Q033,醫學（二）,112,2023,112100,2301,33,moex_med_stage2_detailed_merged_001_3100_classified_v3.json
MOEX-112100-2301-Q034,MOEX-112100-2301-Q034,醫學（二）,112,2023,112100,2301,34,moex_med_stage2_detailed_merged_001_3100_classified_v3.json
MOEX-112100-2301-Q035,MOEX-112100-2301-Q035,醫學（二）,112,2023,112100,2301,35,moex_med_stage2_detailed_merged_001_3100_classified_v3.json
MOEX-112100-2301-Q036,MOEX-112100-2301-Q036,醫學（二）,112,2023,112100,2301,36,moex_med_stage2_detailed_merged_001_3100_classified_v3.json
MOEX-112100-2301-Q037,MOEX-112100-2301-Q037,醫學（二）,112,2023,112100,2301,37,moex_med_stage2_detailed_merged_001_3100_classified_v3.json
MOEX-112100-2301-Q038,MOEX-112100-2301-Q038,醫學（二）,112,2023,112100,2301,38,moex_med_stage2_detailed_merged_001_3100_classified_v3.json
MOEX-112100-2301-Q039,MOEX-112100-2301-Q039,醫學（二）,112,2023,112100,2301,39,moex_med_stage2_detailed_merged_001_3100_classified_v3.json
MOEX-112100-2301-Q040,MOEX-112100-2301-Q040,醫學（二）,112,2023,112100,2301,40,moex_med_stage2_detailed_merged_001_3100_classified_v3.json
MOEX-112100-2301-Q041,MOEX-112100-2301-Q041,醫學（二）,112,2023,112100,2301,41,moex_med_stage2_detailed_merged_001_3100_classified_v3.json
MOEX-112100-2301-Q042,MOEX-112100-2301-Q042,醫學（二）,112,2023,112100,2301,42,moex_med_stage2_detailed_merged_001_3100_classified_v3.json
MOEX-112100-2301-Q043,MOEX-112100-2301-Q043,醫學（二）,112,2023,112100,2301,43,moex_med_stage2_detailed_merged_001_3100_classified_v3.json
MOEX-112100-2301-Q044,MOEX-112100-2301-Q044,醫學（二）,112,2023,112100,2301,44,moex_med_stage2_detailed_merged_001_3100_classified_v3.json
MOEX-112100-2301-Q045,MOEX-112100-2301-Q045,醫學（二）,112,2023,112100,2301,45,moex_med_stage2_detailed_merged_001_3100_classified_v3.json
MOEX-112100-2301-Q046,MOEX-112100-2301-Q046,醫學（二）,112,2023,112100,2301,46,moex_med_stage2_detailed_merged_001_3100_classified_v3.json
MOEX-112100-2301-Q047,MOEX-112100-2301-Q047,醫學（二）,112,2023,112100,2301,47,moex_med_stage2_detailed_merged_001_3100_classified_v3.json
MOEX-112100-2301-Q048,MOEX-112100-2301-Q048,醫學（二）,112,2023,112100,2301,48,moex_med_stage2_detailed_merged_001_3100_classified_v3.json
MOEX-112100-2301-Q049,MOEX-112100-2301-Q049,醫學（二）,112,2023,112100,2301,49,moex_med_stage2_detailed_merged_001_3100_classified_v3.json
MOEX-112100-2301-Q050,MOEX-112100-2301-Q050,醫學（二）,112,2023,112100,2301,50,moex_med_stage2_detailed_merged_001_3100_classified_v3.json
MOEX-112100-2301-Q051,MOEX-112100-2301-Q051,醫學（二）,112,2023,112100,2301,51,moex_med_stage2_detailed_merged_001_3100_classified_v3.json
MOEX-112100-2301-Q052,MOEX-112100-2301-Q052,醫學（二）,112,2023,112100,2301,52,moex_med_stage2_detailed_merged_001_3100_classified_v3.json
MOEX-112100-2301-Q053,MOEX-112100-2301-Q053,醫學（二）,112,2023,112100,2301,53,moex_med_stage2_detailed_merged_001_3100_classified_v3.json
MOEX-112100-2301-Q054,MOEX-112100-2301-Q054,醫學（二）,112,2023,112100,2301,54,moex_med_stage2_detailed_merged_001_3100_classified_v3.json
MOEX-112100-2301-Q055,MOEX-112100-2301-Q055,醫學（二）,112,2023,112100,2301,55,moex_med_stage2_detailed_merged_001_3100_classified_v3.json
MOEX-112100-2301-Q056,MOEX-112100-2301-Q056,醫學（二）,112,2023,112100,2301,56,moex_med_stage2_detailed_merged_001_3100_classified_v3.json
MOEX-112100-2301-Q057,MOEX-112100-2301-Q057,醫學（二）,112,2023,112100,2301,57,moex_med_stage2_detailed_merged_001_3100_classified_v3.json
MOEX-112100-2301-Q058,MOEX-112100-2301-Q058,醫學（二）,112,2023,112100,2301,58,moex_med_stage2_detailed_merged_001_3100_classified_v3.json
MOEX-112100-2301-Q059,MOEX-112100-2301-Q059,醫學（二）,112,2023,112100,2301,59,moex_med_stage2_detailed_merged_001_3100_classified_v3.json
MOEX-112100-2301-Q060,MOEX-112100-2301-Q060,醫學（二）,112,2023,112100,2301,60,moex_med_stage2_detailed_merged_001_3100_classified_v3.json
MOEX-112100-2301-Q061,MOEX-112100-2301-Q061,醫學（二）,112,2023,112100,2301,61,moex_med_stage2_detailed_merged_001_3100_classified_v3.json
MOEX-112100-2301-Q062,MOEX-112100-2301-Q062,醫學（二）,112,2023,112100,2301,62,moex_med_stage2_detailed_merged_001_3100_classified_v3.json
MOEX-112100-2301-Q063,MOEX-112100-2301-Q063,醫學（二）,112,2023,112100,2301,63,moex_med_stage2_detailed_merged_001_3100_classified_v3.json
MOEX-112100-2301-Q064,MOEX-112100-2301-Q064,醫學（二）,112,2023,112100,2301,64,moex_med_stage2_detailed_merged_001_3100_classified_v3.json
MOEX-112100-2301-Q065,MOEX-112100-2301-Q065,醫學（二）,112,2023,112100,2301,65,moex_med_stage2_detailed_merged_001_3100_classified_v3.json
MOEX-112100-2301-Q066,MOEX-112100-2301-Q066,醫學（二）,112,2023,112100,2301,66,moex_med_stage2_detailed_merged_001_3100_classified_v3.json
MOEX-112100-2301-Q067,MOEX-112100-2301-Q067,醫學（二）,112,2023,112100,2301,67,moex_med_stage2_detailed_merged_001_3100_classified_v3.json
MOEX-112100-2301-Q068,MOEX-112100-2301-Q068,醫學（二）,112,2023,112100,2301,68,moex_med_stage2_detailed_merged_001_3100_classified_v3.json
MOEX-112100-2301-Q069,MOEX-112100-2301-Q069,醫學（二）,112,2023,112100,2301,69,moex_med_stage2_detailed_merged_001_3100_classified_v3.json
MOEX-112100-2301-Q070,MOEX-112100-2301-Q070,醫學（二）,112,2023,112100,2301,70,moex_med_stage2_detailed_merged_001_3100_classified_v3.json
MOEX-112100-2301-Q071,MOEX-112100-2301-Q071,醫學（二）,112,2023,112100,2301,71,moex_med_stage2_detailed_merged_001_3100_classified_v3.json
MOEX-112100-2301-Q072,MOEX-112100-2301-Q072,醫學（二）,112,2023,112100,2301,72,moex_med_stage2_detailed_merged_001_3100_classified_v3.json
MOEX-112100-2301-Q073,MOEX-112100-2301-Q073,醫學（二）,112,2023,112100,2301,73,moex_med_stage2_detailed_merged_001_3100_classified_v3.json
MOEX-112100-2301-Q074,MOEX-112100-2301-Q074,醫學（二）,112,2023,112100,2301,74,moex_med_stage2_detailed_merged_001_3100_classified_v3.json
MOEX-112100-2301-Q075,MOEX-112100-2301-Q075,醫學（二）,112,2023,112100,2301,75,moex_med_stage2_detailed_merged_001_3100_classified_v3.json
MOEX-112100-2301-Q076,MOEX-112100-2301-Q076,醫學（二）,112,2023,112100,2301,76,moex_med_stage2_detailed_merged_001_3100_classified_v3.json
MOEX-112100-2301-Q077,MOEX-112100-2301-Q077,醫學（二）,112,2023,112100,2301,77,moex_med_stage2_detailed_merged_001_3100_classified_v3.json
MOEX-112100-2301-Q078,MOEX-112100-2301-Q078,醫學（二）,112,2023,112100,2301,78,moex_med_stage2_detailed_merged_001_3100_classified_v3.json
MOEX-112100-2301-Q079,MOEX-112100-2301-Q079,醫學（二）,112,2023,112100,2301,79,moex_med_stage2_detailed_merged_001_3100_classified_v3.json
MOEX-112100-2301-Q080,MOEX-112100-2301-Q080,醫學（二）,112,2023,112100,2301,80,moex_med_stage2_detailed_merged_001_3100_classified_v3.json
MOEX-112100-2301-Q081,MOEX-112100-2301-Q081,醫學（二）,112,2023,112100,2301,81,moex_med_stage2_detailed_merged_001_3100_classified_v3.json
MOEX-112100-2301-Q082,MOEX-112100-2301-Q082,醫學（二）,112,2023,112100,2301,82,moex_med_stage2_detailed_merged_001_3100_classified_v3.json
MOEX-112100-2301-Q083,MOEX-112100-2301-Q083,醫學（二）,112,2023,112100,2301,83,moex_med_stage2_detailed_merged_001_3100_classified_v3.json
MOEX-112100-2301-Q084,MOEX-112100-2301-Q084,醫學（二）,112,2023,112100,2301,84,moex_med_stage2_detailed_merged_001_3100_classified_v3.json
MOEX-112100-2301-Q085,MOEX-112100-2301-Q085,醫學（二）,112,2023,112100,2301,85,moex_med_stage2_detailed_merged_001_3100_classified_v3.json
MOEX-112100-2301-Q086,MOEX-112100-2301-Q086,醫學（二）,112,2023,112100,2301,86,moex_med_stage2_detailed_merged_001_3100_classified_v3.json
MOEX-112100-2301-Q087,MOEX-112100-2301-Q087,醫學（二）,112,2023,112100,2301,87,moex_med_stage2_detailed_merged_001_3100_classified_v3.json
MOEX-112100-2301-Q088,MOEX-112100-2301-Q088,醫學（二）,112,2023,112100,2301,88,moex_med_stage2_detailed_merged_001_3100_classified_v3.json
MOEX-112100-2301-Q089,MOEX-112100-2301-Q089,醫學（二）,112,2023,112100,2301,89,moex_med_stage2_detailed_merged_001_3100_classified_v3.json
MOEX-112100-2301-Q090,MOEX-112100-2301-Q090,醫學（二）,112,2023,112100,2301,90,moex_med_stage2_detailed_merged_001_3100_classified_v3.json
MOEX-112100-2301-Q091,MOEX-112100-2301-Q091,醫學（二）,112,2023,112100,2301,91,moex_med_stage2_detailed_merged_001_3100_classified_v3.json
MOEX-112100-2301-Q092,MOEX-112100-2301-Q092,醫學（二）,112,2023,112100,2301,92,moex_med_stage2_detailed_merged_001_3100_classified_v3.json
MOEX-112100-2301-Q093,MOEX-112100-2301-Q093,醫學（二）,112,2023,112100,2301,93,moex_med_stage2_detailed_merged_001_3100_classified_v3.json
MOEX-112100-2301-Q094,MOEX-112100-2301-Q094,醫學（二）,112,2023,112100,2301,94,moex_med_stage2_detailed_merged_001_3100_classified_v3.json
MOEX-112100-2301-Q095,MOEX-112100-2301-Q095,醫學（二）,112,2023,112100,2301,95,moex_med_stage2_detailed_merged_001_3100_classified_v3.json
MOEX-112100-2301-Q096,MOEX-112100-2301-Q096,醫學（二）,112,2023,112100,2301,96,moex_med_stage2_detailed_merged_001_3100_classified_v3.json
MOEX-112100-2301-Q097,MOEX-112100-2301-Q097,醫學（二）,112,2023,112100,2301,97,moex_med_stage2_detailed_merged_001_3100_classified_v3.json
MOEX-112100-2301-Q098,MOEX-112100-2301-Q098,醫學（二）,112,2023,112100,2301,98,moex_med_stage2_detailed_merged_001_3100_classified_v3.json
MOEX-112100-2301-Q099,MOEX-112100-2301-Q099,醫學（二）,112,2023,112100,2301,99,moex_med_stage2_detailed_merged_001_3100_classified_v3.json
MOEX-112100-2301-Q100,MOEX-112100-2301-Q100,醫學（二）,112,2023,112100,2301,100,moex_med_stage2_detailed_merged_001_3100_classified_v3.json
MOEX-113020-1301-Q001,MOEX-113020-1301-Q001,醫學（一）,113,2024,113020,1301,1,anatomyQuestions.ts
MOEX-113020-1301-Q002,MOEX-113020-1301-Q002,醫學（一）,113,2024,113020,1301,2,anatomyQuestions.ts
MOEX-113020-1301-Q003,moex-med1-supplement-v5-113020-1301-003,醫學（一）,113,2024,113020,1301,3,moex_med1_requested_71_questions_detailed_patch_v5.ts
MOEX-113020-1301-Q004,MOEX-113020-1301-Q004,醫學（一）,113,2024,113020,1301,4,moex_med1_remaining_detailed_v4_merged_001_1827.ts
MOEX-113020-1301-Q005,MOEX-113020-1301-Q005,醫學（一）,113,2024,113020,1301,5,anatomyQuestions.ts
MOEX-113020-1301-Q006,MOEX-113020-1301-Q006,醫學（一）,113,2024,113020,1301,6,anatomyQuestions.ts
MOEX-113020-1301-Q007,MOEX-113020-1301-Q007,醫學（一）,113,2024,113020,1301,7,anatomyQuestions.ts
MOEX-113020-1301-Q008,MOEX-113020-1301-Q008,醫學（一）,113,2024,113020,1301,8,moex_med1_remaining_detailed_v4_merged_001_1827.ts
MOEX-113020-1301-Q009,MOEX-113020-1301-Q009,醫學（一）,113,2024,113020,1301,9,anatomyQuestions.ts
MOEX-113020-1301-Q010,MOEX-113020-1301-Q010,醫學（一）,113,2024,113020,1301,10,anatomyQuestions.ts
MOEX-113020-1301-Q011,MOEX-113020-1301-Q011,醫學（一）,113,2024,113020,1301,11,moex_med1_remaining_detailed_v4_merged_001_1827.ts
MOEX-113020-1301-Q012,MOEX-113020-1301-Q012,醫學（一）,113,2024,113020,1301,12,anatomyQuestions.ts
MOEX-113020-1301-Q013,MOEX-113020-1301-Q013,醫學（一）,113,2024,113020,1301,13,anatomyQuestions.ts
MOEX-113020-1301-Q014,MOEX-113020-1301-Q014,醫學（一）,113,2024,113020,1301,14,anatomyQuestions.ts
MOEX-113020-1301-Q015,MOEX-113020-1301-Q015,醫學（一）,113,2024,113020,1301,15,anatomyQuestions.ts
MOEX-113020-1301-Q016,MOEX-113020-1301-Q016,醫學（一）,113,2024,113020,1301,16,anatomyQuestions.ts
MOEX-113020-1301-Q017,MOEX-113020-1301-Q017,醫學（一）,113,2024,113020,1301,17,anatomyQuestions.ts
MOEX-113020-1301-Q018,MOEX-113020-1301-Q018,醫學（一）,113,2024,113020,1301,18,anatomyQuestions.ts
MOEX-113020-1301-Q019,MOEX-113020-1301-Q019,醫學（一）,113,2024,113020,1301,19,anatomyQuestions.ts
MOEX-113020-1301-Q020,MOEX-113020-1301-Q020,醫學（一）,113,2024,113020,1301,20,anatomyQuestions.ts
MOEX-113020-1301-Q021,MOEX-113020-1301-Q021,醫學（一）,113,2024,113020,1301,21,anatomyQuestions.ts
MOEX-113020-1301-Q022,MOEX-113020-1301-Q022,醫學（一）,113,2024,113020,1301,22,anatomyQuestions.ts
MOEX-113020-1301-Q023,MOEX-113020-1301-Q023,醫學（一）,113,2024,113020,1301,23,anatomyQuestions.ts
MOEX-113020-1301-Q024,MOEX-113020-1301-Q024,醫學（一）,113,2024,113020,1301,24,anatomyQuestions.ts
MOEX-113020-1301-Q025,MOEX-113020-1301-Q025,醫學（一）,113,2024,113020,1301,25,anatomyQuestions.ts
MOEX-113020-1301-Q026,MOEX-113020-1301-Q026,醫學（一）,113,2024,113020,1301,26,anatomyQuestions.ts
MOEX-113020-1301-Q027,MOEX-113020-1301-Q027,醫學（一）,113,2024,113020,1301,27,anatomyQuestions.ts
MOEX-113020-1301-Q028,MOEX-113020-1301-Q028,醫學（一）,113,2024,113020,1301,28,anatomyQuestions.ts
MOEX-113020-1301-Q029,MOEX-113020-1301-Q029,醫學（一）,113,2024,113020,1301,29,anatomyQuestions.ts
MOEX-113020-1301-Q030,MOEX-113020-1301-Q030,醫學（一）,113,2024,113020,1301,30,anatomyQuestions.ts
MOEX-113020-1301-Q031,MOEX-113020-1301-Q031,醫學（一）,113,2024,113020,1301,31,anatomyQuestions.ts
MOEX-113020-1301-Q032,MOEX-113020-1301-Q032,醫學（一）,113,2024,113020,1301,32,moex_med1_remaining_detailed_v4_merged_001_1827.ts
MOEX-113020-1301-Q033,MOEX-113020-1301-Q033,醫學（一）,113,2024,113020,1301,33,anatomyQuestions.ts
MOEX-113020-1301-Q034,MOEX-113020-1301-Q034,醫學（一）,113,2024,113020,1301,34,anatomyQuestions.ts
MOEX-113020-1301-Q035,MOEX-113020-1301-Q035,醫學（一）,113,2024,113020,1301,35,anatomyQuestions.ts
MOEX-113020-1301-Q036,MOEX-113020-1301-Q036,醫學（一）,113,2024,113020,1301,36,anatomyQuestions.ts
MOEX-113020-1301-Q037,MOEX-113020-1301-Q037,醫學（一）,113,2024,113020,1301,37,moex_med1_remaining_detailed_v4_merged_001_1827.ts
MOEX-113020-1301-Q038,MOEX-113020-1301-Q038,醫學（一）,113,2024,113020,1301,38,anatomyQuestions.ts
MOEX-113020-1301-Q039,MOEX-113020-1301-Q039,醫學（一）,113,2024,113020,1301,39,moex_med1_remaining_detailed_v4_merged_001_1827.ts
MOEX-113020-1301-Q040,MOEX-113020-1301-Q040,醫學（一）,113,2024,113020,1301,40,moex_med1_remaining_detailed_v4_merged_001_1827.ts
MOEX-113020-1301-Q041,MOEX-113020-1301-Q041,醫學（一）,113,2024,113020,1301,41,anatomyQuestions.ts
MOEX-113020-1301-Q042,MOEX-113020-1301-Q042,醫學（一）,113,2024,113020,1301,42,anatomyQuestions.ts
MOEX-113020-1301-Q043,MOEX-113020-1301-Q043,醫學（一）,113,2024,113020,1301,43,moex_med1_remaining_detailed_v4_merged_001_1827.ts
MOEX-113020-1301-Q044,MOEX-113020-1301-Q044,醫學（一）,113,2024,113020,1301,44,moex_med1_remaining_detailed_v4_merged_001_1827.ts
MOEX-113020-1301-Q045,MOEX-113020-1301-Q045,醫學（一）,113,2024,113020,1301,45,moex_med1_remaining_detailed_v4_merged_001_1827.ts
MOEX-113020-1301-Q046,MOEX-113020-1301-Q046,醫學（一）,113,2024,113020,1301,46,anatomyQuestions.ts
MOEX-113020-1301-Q047,MOEX-113020-1301-Q047,醫學（一）,113,2024,113020,1301,47,moex_med1_remaining_detailed_v4_merged_001_1827.ts
MOEX-113020-1301-Q048,MOEX-113020-1301-Q048,醫學（一）,113,2024,113020,1301,48,anatomyQuestions.ts
MOEX-113020-1301-Q049,MOEX-113020-1301-Q049,醫學（一）,113,2024,113020,1301,49,anatomyQuestions.ts
MOEX-113020-1301-Q050,MOEX-113020-1301-Q050,醫學（一）,113,2024,113020,1301,50,anatomyQuestions.ts
MOEX-113020-1301-Q051,MOEX-113020-1301-Q051,醫學（一）,113,2024,113020,1301,51,anatomyQuestions.ts
MOEX-113020-1301-Q052,MOEX-113020-1301-Q052,醫學（一）,113,2024,113020,1301,52,moex_med1_remaining_detailed_v4_merged_001_1827.ts
MOEX-113020-1301-Q053,MOEX-113020-1301-Q053,醫學（一）,113,2024,113020,1301,53,moex_med1_remaining_detailed_v4_merged_001_1827.ts
MOEX-113020-1301-Q054,MOEX-113020-1301-Q054,醫學（一）,113,2024,113020,1301,54,moex_med1_remaining_detailed_v4_merged_001_1827.ts
MOEX-113020-1301-Q055,MOEX-113020-1301-Q055,醫學（一）,113,2024,113020,1301,55,moex_med1_remaining_detailed_v4_merged_001_1827.ts
MOEX-113020-1301-Q056,MOEX-113020-1301-Q056,醫學（一）,113,2024,113020,1301,56,anatomyQuestions.ts
MOEX-113020-1301-Q057,MOEX-113020-1301-Q057,醫學（一）,113,2024,113020,1301,57,moex_med1_remaining_detailed_v4_merged_001_1827.ts
MOEX-113020-1301-Q058,MOEX-113020-1301-Q058,醫學（一）,113,2024,113020,1301,58,anatomyQuestions.ts
MOEX-113020-1301-Q059,MOEX-113020-1301-Q059,醫學（一）,113,2024,113020,1301,59,anatomyQuestions.ts
MOEX-113020-1301-Q060,MOEX-113020-1301-Q060,醫學（一）,113,2024,113020,1301,60,moex_med1_remaining_detailed_v4_merged_001_1827.ts
MOEX-113020-1301-Q061,MOEX-113020-1301-Q061,醫學（一）,113,2024,113020,1301,61,anatomyQuestions.ts
MOEX-113020-1301-Q062,MOEX-113020-1301-Q062,醫學（一）,113,2024,113020,1301,62,anatomyQuestions.ts
MOEX-113020-1301-Q063,MOEX-113020-1301-Q063,醫學（一）,113,2024,113020,1301,63,anatomyQuestions.ts
MOEX-113020-1301-Q064,MOEX-113020-1301-Q064,醫學（一）,113,2024,113020,1301,64,anatomyQuestions.ts
MOEX-113020-1301-Q065,MOEX-113020-1301-Q065,醫學（一）,113,2024,113020,1301,65,anatomyQuestions.ts
MOEX-113020-1301-Q066,MOEX-113020-1301-Q066,醫學（一）,113,2024,113020,1301,66,moex_med1_remaining_detailed_v4_merged_001_1827.ts
MOEX-113020-1301-Q067,MOEX-113020-1301-Q067,醫學（一）,113,2024,113020,1301,67,moex_med1_remaining_detailed_v4_merged_001_1827.ts
MOEX-113020-1301-Q068,MOEX-113020-1301-Q068,醫學（一）,113,2024,113020,1301,68,moex_med1_remaining_detailed_v4_merged_001_1827.ts
MOEX-113020-1301-Q069,MOEX-113020-1301-Q069,醫學（一）,113,2024,113020,1301,69,moex_med1_remaining_detailed_v4_merged_001_1827.ts
MOEX-113020-1301-Q070,MOEX-113020-1301-Q070,醫學（一）,113,2024,113020,1301,70,moex_med1_remaining_detailed_v4_merged_001_1827.ts
MOEX-113020-1301-Q071,MOEX-113020-1301-Q071,醫學（一）,113,2024,113020,1301,71,moex_med1_remaining_detailed_v4_merged_001_1827.ts
MOEX-113020-1301-Q072,MOEX-113020-1301-Q072,醫學（一）,113,2024,113020,1301,72,moex_med1_remaining_detailed_v4_merged_001_1827.ts
MOEX-113020-1301-Q073,MOEX-113020-1301-Q073,醫學（一）,113,2024,113020,1301,73,moex_med1_remaining_detailed_v4_merged_001_1827.ts
MOEX-113020-1301-Q074,MOEX-113020-1301-Q074,醫學（一）,113,2024,113020,1301,74,moex_med1_remaining_detailed_v4_merged_001_1827.ts
MOEX-113020-1301-Q075,MOEX-113020-1301-Q075,醫學（一）,113,2024,113020,1301,75,moex_med1_remaining_detailed_v4_merged_001_1827.ts
MOEX-113020-1301-Q076,MOEX-113020-1301-Q076,醫學（一）,113,2024,113020,1301,76,moex_med1_remaining_detailed_v4_merged_001_1827.ts
MOEX-113020-1301-Q077,MOEX-113020-1301-Q077,醫學（一）,113,2024,113020,1301,77,moex_med1_remaining_detailed_v4_merged_001_1827.ts
MOEX-113020-1301-Q078,MOEX-113020-1301-Q078,醫學（一）,113,2024,113020,1301,78,moex_med1_remaining_detailed_v4_merged_001_1827.ts
MOEX-113020-1301-Q079,MOEX-113020-1301-Q079,醫學（一）,113,2024,113020,1301,79,moex_med1_remaining_detailed_v4_merged_001_1827.ts
MOEX-113020-1301-Q080,MOEX-113020-1301-Q080,醫學（一）,113,2024,113020,1301,80,moex_med1_remaining_detailed_v4_merged_001_1827.ts
MOEX-113020-1301-Q081,MOEX-113020-1301-Q081,醫學（一）,113,2024,113020,1301,81,moex_med1_remaining_detailed_v4_merged_001_1827.ts
MOEX-113020-1301-Q082,MOEX-113020-1301-Q082,醫學（一）,113,2024,113020,1301,82,moex_med1_remaining_detailed_v4_merged_001_1827.ts
MOEX-113020-1301-Q083,MOEX-113020-1301-Q083,醫學（一）,113,2024,113020,1301,83,moex_med1_remaining_detailed_v4_merged_001_1827.ts
MOEX-113020-1301-Q084,MOEX-113020-1301-Q084,醫學（一）,113,2024,113020,1301,84,moex_med1_remaining_detailed_v4_merged_001_1827.ts
MOEX-113020-1301-Q085,MOEX-113020-1301-Q085,醫學（一）,113,2024,113020,1301,85,moex_med1_remaining_detailed_v4_merged_001_1827.ts
MOEX-113020-1301-Q086,MOEX-113020-1301-Q086,醫學（一）,113,2024,113020,1301,86,moex_med1_remaining_detailed_v4_merged_001_1827.ts
MOEX-113020-1301-Q087,MOEX-113020-1301-Q087,醫學（一）,113,2024,113020,1301,87,moex_med1_remaining_detailed_v4_merged_001_1827.ts
MOEX-113020-1301-Q088,MOEX-113020-1301-Q088,醫學（一）,113,2024,113020,1301,88,moex_med1_remaining_detailed_v4_merged_001_1827.ts
MOEX-113020-1301-Q089,MOEX-113020-1301-Q089,醫學（一）,113,2024,113020,1301,89,moex_med1_remaining_detailed_v4_merged_001_1827.ts
MOEX-113020-1301-Q090,MOEX-113020-1301-Q090,醫學（一）,113,2024,113020,1301,90,moex_med1_remaining_detailed_v4_merged_001_1827.ts
MOEX-113020-1301-Q091,MOEX-113020-1301-Q091,醫學（一）,113,2024,113020,1301,91,moex_med1_remaining_detailed_v4_merged_001_1827.ts
MOEX-113020-1301-Q092,MOEX-113020-1301-Q092,醫學（一）,113,2024,113020,1301,92,moex_med1_remaining_detailed_v4_merged_001_1827.ts
MOEX-113020-1301-Q093,MOEX-113020-1301-Q093,醫學（一）,113,2024,113020,1301,93,moex_med1_remaining_detailed_v4_merged_001_1827.ts
MOEX-113020-1301-Q094,MOEX-113020-1301-Q094,醫學（一）,113,2024,113020,1301,94,moex_med1_remaining_detailed_v4_merged_001_1827.ts
MOEX-113020-1301-Q095,MOEX-113020-1301-Q095,醫學（一）,113,2024,113020,1301,95,moex_med1_remaining_detailed_v4_merged_001_1827.ts
MOEX-113020-1301-Q096,MOEX-113020-1301-Q096,醫學（一）,113,2024,113020,1301,96,moex_med1_remaining_detailed_v4_merged_001_1827.ts
MOEX-113020-1301-Q097,MOEX-113020-1301-Q097,醫學（一）,113,2024,113020,1301,97,moex_med1_remaining_detailed_v4_merged_001_1827.ts
MOEX-113020-1301-Q098,MOEX-113020-1301-Q098,醫學（一）,113,2024,113020,1301,98,moex_med1_remaining_detailed_v4_merged_001_1827.ts
MOEX-113020-1301-Q099,MOEX-113020-1301-Q099,醫學（一）,113,2024,113020,1301,99,moex_med1_remaining_detailed_v4_merged_001_1827.ts
MOEX-113020-1301-Q100,MOEX-113020-1301-Q100,醫學（一）,113,2024,113020,1301,100,moex_med1_remaining_detailed_v4_merged_001_1827.ts
MOEX-113090-1301-Q001,MOEX-113090-1301-Q001,醫學（一）,113,2024,113090,1301,1,anatomyQuestions.ts
MOEX-113090-1301-Q002,MOEX-113090-1301-Q002,醫學（一）,113,2024,113090,1301,2,moex_med1_remaining_detailed_v4_merged_001_1827.ts
MOEX-113090-1301-Q003,MOEX-113090-1301-Q003,醫學（一）,113,2024,113090,1301,3,anatomyQuestions.ts
MOEX-113090-1301-Q004,MOEX-113090-1301-Q004,醫學（一）,113,2024,113090,1301,4,anatomyQuestions.ts
MOEX-113090-1301-Q005,MOEX-113090-1301-Q005,醫學（一）,113,2024,113090,1301,5,anatomyQuestions.ts
MOEX-113090-1301-Q006,MOEX-113090-1301-Q006,醫學（一）,113,2024,113090,1301,6,anatomyQuestions.ts
MOEX-113090-1301-Q007,MOEX-113090-1301-Q007,醫學（一）,113,2024,113090,1301,7,anatomyQuestions.ts
MOEX-113090-1301-Q008,MOEX-113090-1301-Q008,醫學（一）,113,2024,113090,1301,8,anatomyQuestions.ts
MOEX-113090-1301-Q009,MOEX-113090-1301-Q009,醫學（一）,113,2024,113090,1301,9,anatomyQuestions.ts
MOEX-113090-1301-Q010,MOEX-113090-1301-Q010,醫學（一）,113,2024,113090,1301,10,anatomyQuestions.ts
MOEX-113090-1301-Q011,MOEX-113090-1301-Q011,醫學（一）,113,2024,113090,1301,11,moex_med1_remaining_detailed_v4_merged_001_1827.ts
MOEX-113090-1301-Q012,MOEX-113090-1301-Q012,醫學（一）,113,2024,113090,1301,12,anatomyQuestions.ts
MOEX-113090-1301-Q013,MOEX-113090-1301-Q013,醫學（一）,113,2024,113090,1301,13,anatomyQuestions.ts
MOEX-113090-1301-Q014,MOEX-113090-1301-Q014,醫學（一）,113,2024,113090,1301,14,moex_med1_remaining_detailed_v4_merged_001_1827.ts
MOEX-113090-1301-Q015,MOEX-113090-1301-Q015,醫學（一）,113,2024,113090,1301,15,anatomyQuestions.ts
MOEX-113090-1301-Q016,MOEX-113090-1301-Q016,醫學（一）,113,2024,113090,1301,16,anatomyQuestions.ts
MOEX-113090-1301-Q017,MOEX-113090-1301-Q017,醫學（一）,113,2024,113090,1301,17,anatomyQuestions.ts
MOEX-113090-1301-Q018,MOEX-113090-1301-Q018,醫學（一）,113,2024,113090,1301,18,anatomyQuestions.ts
MOEX-113090-1301-Q019,MOEX-113090-1301-Q019,醫學（一）,113,2024,113090,1301,19,anatomyQuestions.ts
MOEX-113090-1301-Q020,MOEX-113090-1301-Q020,醫學（一）,113,2024,113090,1301,20,anatomyQuestions.ts
MOEX-113090-1301-Q021,MOEX-113090-1301-Q021,醫學（一）,113,2024,113090,1301,21,anatomyQuestions.ts
MOEX-113090-1301-Q022,MOEX-113090-1301-Q022,醫學（一）,113,2024,113090,1301,22,anatomyQuestions.ts
MOEX-113090-1301-Q023,MOEX-113090-1301-Q023,醫學（一）,113,2024,113090,1301,23,anatomyQuestions.ts
MOEX-113090-1301-Q024,MOEX-113090-1301-Q024,醫學（一）,113,2024,113090,1301,24,anatomyQuestions.ts
MOEX-113090-1301-Q025,MOEX-113090-1301-Q025,醫學（一）,113,2024,113090,1301,25,anatomyQuestions.ts
MOEX-113090-1301-Q026,MOEX-113090-1301-Q026,醫學（一）,113,2024,113090,1301,26,anatomyQuestions.ts
MOEX-113090-1301-Q027,MOEX-113090-1301-Q027,醫學（一）,113,2024,113090,1301,27,anatomyQuestions.ts
MOEX-113090-1301-Q028,MOEX-113090-1301-Q028,醫學（一）,113,2024,113090,1301,28,anatomyQuestions.ts
MOEX-113090-1301-Q029,MOEX-113090-1301-Q029,醫學（一）,113,2024,113090,1301,29,moex_med1_remaining_detailed_v4_merged_001_1827.ts
MOEX-113090-1301-Q030,MOEX-113090-1301-Q030,醫學（一）,113,2024,113090,1301,30,anatomyQuestions.ts
MOEX-113090-1301-Q031,MOEX-113090-1301-Q031,醫學（一）,113,2024,113090,1301,31,anatomyQuestions.ts
MOEX-113090-1301-Q032,MOEX-113090-1301-Q032,醫學（一）,113,2024,113090,1301,32,moex_med1_remaining_detailed_v4_merged_001_1827.ts
MOEX-113090-1301-Q033,MOEX-113090-1301-Q033,醫學（一）,113,2024,113090,1301,33,moex_med1_remaining_detailed_v4_merged_001_1827.ts
MOEX-113090-1301-Q034,MOEX-113090-1301-Q034,醫學（一）,113,2024,113090,1301,34,moex_med1_remaining_detailed_v4_merged_001_1827.ts
MOEX-113090-1301-Q035,MOEX-113090-1301-Q035,醫學（一）,113,2024,113090,1301,35,anatomyQuestions.ts
MOEX-113090-1301-Q036,MOEX-113090-1301-Q036,醫學（一）,113,2024,113090,1301,36,anatomyQuestions.ts
MOEX-113090-1301-Q037,MOEX-113090-1301-Q037,醫學（一）,113,2024,113090,1301,37,moex_med1_remaining_detailed_v4_merged_001_1827.ts
MOEX-113090-1301-Q038,MOEX-113090-1301-Q038,醫學（一）,113,2024,113090,1301,38,moex_med1_remaining_detailed_v4_merged_001_1827.ts
MOEX-113090-1301-Q039,MOEX-113090-1301-Q039,醫學（一）,113,2024,113090,1301,39,moex_med1_remaining_detailed_v4_merged_001_1827.ts
MOEX-113090-1301-Q040,MOEX-113090-1301-Q040,醫學（一）,113,2024,113090,1301,40,moex_med1_remaining_detailed_v4_merged_001_1827.ts
MOEX-113090-1301-Q041,MOEX-113090-1301-Q041,醫學（一）,113,2024,113090,1301,41,moex_med1_remaining_detailed_v4_merged_001_1827.ts
MOEX-113090-1301-Q042,MOEX-113090-1301-Q042,醫學（一）,113,2024,113090,1301,42,moex_med1_remaining_detailed_v4_merged_001_1827.ts
MOEX-113090-1301-Q043,MOEX-113090-1301-Q043,醫學（一）,113,2024,113090,1301,43,anatomyQuestions.ts
MOEX-113090-1301-Q044,MOEX-113090-1301-Q044,醫學（一）,113,2024,113090,1301,44,moex_med1_remaining_detailed_v4_merged_001_1827.ts
MOEX-113090-1301-Q045,MOEX-113090-1301-Q045,醫學（一）,113,2024,113090,1301,45,anatomyQuestions.ts
MOEX-113090-1301-Q046,MOEX-113090-1301-Q046,醫學（一）,113,2024,113090,1301,46,moex_med1_remaining_detailed_v4_merged_001_1827.ts
MOEX-113090-1301-Q047,MOEX-113090-1301-Q047,醫學（一）,113,2024,113090,1301,47,moex_med1_remaining_detailed_v4_merged_001_1827.ts
MOEX-113090-1301-Q048,MOEX-113090-1301-Q048,醫學（一）,113,2024,113090,1301,48,moex_med1_remaining_detailed_v4_merged_001_1827.ts
MOEX-113090-1301-Q049,MOEX-113090-1301-Q049,醫學（一）,113,2024,113090,1301,49,moex_med1_remaining_detailed_v4_merged_001_1827.ts
MOEX-113090-1301-Q050,MOEX-113090-1301-Q050,醫學（一）,113,2024,113090,1301,50,moex_med1_remaining_detailed_v4_merged_001_1827.ts
MOEX-113090-1301-Q051,MOEX-113090-1301-Q051,醫學（一）,113,2024,113090,1301,51,moex_med1_remaining_detailed_v4_merged_001_1827.ts
MOEX-113090-1301-Q052,MOEX-113090-1301-Q052,醫學（一）,113,2024,113090,1301,52,moex_med1_remaining_detailed_v4_merged_001_1827.ts
MOEX-113090-1301-Q053,MOEX-113090-1301-Q053,醫學（一）,113,2024,113090,1301,53,anatomyQuestions.ts
MOEX-113090-1301-Q054,MOEX-113090-1301-Q054,醫學（一）,113,2024,113090,1301,54,moex_med1_remaining_detailed_v4_merged_001_1827.ts
MOEX-113090-1301-Q055,MOEX-113090-1301-Q055,醫學（一）,113,2024,113090,1301,55,moex_med1_remaining_detailed_v4_merged_001_1827.ts
MOEX-113090-1301-Q056,MOEX-113090-1301-Q056,醫學（一）,113,2024,113090,1301,56,moex_med1_remaining_detailed_v4_merged_001_1827.ts
MOEX-113090-1301-Q057,MOEX-113090-1301-Q057,醫學（一）,113,2024,113090,1301,57,anatomyQuestions.ts
MOEX-113090-1301-Q058,MOEX-113090-1301-Q058,醫學（一）,113,2024,113090,1301,58,anatomyQuestions.ts
MOEX-113090-1301-Q059,MOEX-113090-1301-Q059,醫學（一）,113,2024,113090,1301,59,anatomyQuestions.ts
MOEX-113090-1301-Q060,MOEX-113090-1301-Q060,醫學（一）,113,2024,113090,1301,60,moex_med1_remaining_detailed_v4_merged_001_1827.ts
MOEX-113090-1301-Q061,MOEX-113090-1301-Q061,醫學（一）,113,2024,113090,1301,61,anatomyQuestions.ts
MOEX-113090-1301-Q062,MOEX-113090-1301-Q062,醫學（一）,113,2024,113090,1301,62,anatomyQuestions.ts
MOEX-113090-1301-Q063,MOEX-113090-1301-Q063,醫學（一）,113,2024,113090,1301,63,anatomyQuestions.ts
MOEX-113090-1301-Q064,MOEX-113090-1301-Q064,醫學（一）,113,2024,113090,1301,64,moex_med1_remaining_detailed_v4_merged_001_1827.ts
MOEX-113090-1301-Q065,MOEX-113090-1301-Q065,醫學（一）,113,2024,113090,1301,65,anatomyQuestions.ts
MOEX-113090-1301-Q066,MOEX-113090-1301-Q066,醫學（一）,113,2024,113090,1301,66,moex_med1_remaining_detailed_v4_merged_001_1827.ts
MOEX-113090-1301-Q067,MOEX-113090-1301-Q067,醫學（一）,113,2024,113090,1301,67,anatomyQuestions.ts
MOEX-113090-1301-Q068,MOEX-113090-1301-Q068,醫學（一）,113,2024,113090,1301,68,moex_med1_remaining_detailed_v4_merged_001_1827.ts
MOEX-113090-1301-Q069,MOEX-113090-1301-Q069,醫學（一）,113,2024,113090,1301,69,moex_med1_remaining_detailed_v4_merged_001_1827.ts
MOEX-113090-1301-Q070,MOEX-113090-1301-Q070,醫學（一）,113,2024,113090,1301,70,moex_med1_remaining_detailed_v4_merged_001_1827.ts
MOEX-113090-1301-Q071,MOEX-113090-1301-Q071,醫學（一）,113,2024,113090,1301,71,moex_med1_remaining_detailed_v4_merged_001_1827.ts
MOEX-113090-1301-Q072,MOEX-113090-1301-Q072,醫學（一）,113,2024,113090,1301,72,anatomyQuestions.ts
MOEX-113090-1301-Q073,MOEX-113090-1301-Q073,醫學（一）,113,2024,113090,1301,73,anatomyQuestions.ts
MOEX-113090-1301-Q074,MOEX-113090-1301-Q074,醫學（一）,113,2024,113090,1301,74,moex_med1_remaining_detailed_v4_merged_001_1827.ts
MOEX-113090-1301-Q075,MOEX-113090-1301-Q075,醫學（一）,113,2024,113090,1301,75,moex_med1_remaining_detailed_v4_merged_001_1827.ts
MOEX-113090-1301-Q076,MOEX-113090-1301-Q076,醫學（一）,113,2024,113090,1301,76,moex_med1_remaining_detailed_v4_merged_001_1827.ts
MOEX-113090-1301-Q077,MOEX-113090-1301-Q077,醫學（一）,113,2024,113090,1301,77,moex_med1_remaining_detailed_v4_merged_001_1827.ts
MOEX-113090-1301-Q078,MOEX-113090-1301-Q078,醫學（一）,113,2024,113090,1301,78,moex_med1_remaining_detailed_v4_merged_001_1827.ts
MOEX-113090-1301-Q079,MOEX-113090-1301-Q079,醫學（一）,113,2024,113090,1301,79,moex_med1_remaining_detailed_v4_merged_001_1827.ts
MOEX-113090-1301-Q080,MOEX-113090-1301-Q080,醫學（一）,113,2024,113090,1301,80,moex_med1_remaining_detailed_v4_merged_001_1827.ts
MOEX-113090-1301-Q081,MOEX-113090-1301-Q081,醫學（一）,113,2024,113090,1301,81,moex_med1_remaining_detailed_v4_merged_001_1827.ts
MOEX-113090-1301-Q082,MOEX-113090-1301-Q082,醫學（一）,113,2024,113090,1301,82,moex_med1_remaining_detailed_v4_merged_001_1827.ts
MOEX-113090-1301-Q083,MOEX-113090-1301-Q083,醫學（一）,113,2024,113090,1301,83,moex_med1_remaining_detailed_v4_merged_001_1827.ts
MOEX-113090-1301-Q084,MOEX-113090-1301-Q084,醫學（一）,113,2024,113090,1301,84,moex_med1_remaining_detailed_v4_merged_001_1827.ts
MOEX-113090-1301-Q085,MOEX-113090-1301-Q085,醫學（一）,113,2024,113090,1301,85,moex_med1_remaining_detailed_v4_merged_001_1827.ts
MOEX-113090-1301-Q086,MOEX-113090-1301-Q086,醫學（一）,113,2024,113090,1301,86,moex_med1_remaining_detailed_v4_merged_001_1827.ts
MOEX-113090-1301-Q087,MOEX-113090-1301-Q087,醫學（一）,113,2024,113090,1301,87,moex_med1_remaining_detailed_v4_merged_001_1827.ts
MOEX-113090-1301-Q088,MOEX-113090-1301-Q088,醫學（一）,113,2024,113090,1301,88,anatomyQuestions.ts
MOEX-113090-1301-Q089,MOEX-113090-1301-Q089,醫學（一）,113,2024,113090,1301,89,moex_med1_remaining_detailed_v4_merged_001_1827.ts
MOEX-113090-1301-Q090,MOEX-113090-1301-Q090,醫學（一）,113,2024,113090,1301,90,moex_med1_remaining_detailed_v4_merged_001_1827.ts
MOEX-113090-1301-Q091,MOEX-113090-1301-Q091,醫學（一）,113,2024,113090,1301,91,moex_med1_remaining_detailed_v4_merged_001_1827.ts
MOEX-113090-1301-Q092,MOEX-113090-1301-Q092,醫學（一）,113,2024,113090,1301,92,moex_med1_remaining_detailed_v4_merged_001_1827.ts
MOEX-113090-1301-Q093,MOEX-113090-1301-Q093,醫學（一）,113,2024,113090,1301,93,moex_med1_remaining_detailed_v4_merged_001_1827.ts
MOEX-113090-1301-Q094,MOEX-113090-1301-Q094,醫學（一）,113,2024,113090,1301,94,moex_med1_remaining_detailed_v4_merged_001_1827.ts
MOEX-113090-1301-Q095,MOEX-113090-1301-Q095,醫學（一）,113,2024,113090,1301,95,moex_med1_remaining_detailed_v4_merged_001_1827.ts
MOEX-113090-1301-Q096,MOEX-113090-1301-Q096,醫學（一）,113,2024,113090,1301,96,moex_med1_remaining_detailed_v4_merged_001_1827.ts
MOEX-113090-1301-Q097,MOEX-113090-1301-Q097,醫學（一）,113,2024,113090,1301,97,moex_med1_remaining_detailed_v4_merged_001_1827.ts
MOEX-113090-1301-Q098,MOEX-113090-1301-Q098,醫學（一）,113,2024,113090,1301,98,moex_med1_remaining_detailed_v4_merged_001_1827.ts
MOEX-113090-1301-Q099,MOEX-113090-1301-Q099,醫學（一）,113,2024,113090,1301,99,moex_med1_remaining_detailed_v4_merged_001_1827.ts
MOEX-113090-1301-Q100,MOEX-113090-1301-Q100,醫學（一）,113,2024,113090,1301,100,moex_med1_remaining_detailed_v4_merged_001_1827.ts
MOEX-113020-2301-Q001,MOEX-113020-2301-Q001,醫學（二）,113,2024,113020,2301,1,moex_med_stage2_detailed_merged_001_3100_classified_v3.json
MOEX-113020-2301-Q002,MOEX-113020-2301-Q002,醫學（二）,113,2024,113020,2301,2,moex_med_stage2_detailed_merged_001_3100_classified_v3.json
MOEX-113020-2301-Q003,MOEX-113020-2301-Q003,醫學（二）,113,2024,113020,2301,3,moex_med_stage2_detailed_merged_001_3100_classified_v3.json
MOEX-113020-2301-Q004,MOEX-113020-2301-Q004,醫學（二）,113,2024,113020,2301,4,moex_med_stage2_detailed_merged_001_3100_classified_v3.json
MOEX-113020-2301-Q005,MOEX-113020-2301-Q005,醫學（二）,113,2024,113020,2301,5,moex_med_stage2_detailed_merged_001_3100_classified_v3.json
MOEX-113020-2301-Q006,MOEX-113020-2301-Q006,醫學（二）,113,2024,113020,2301,6,moex_med_stage2_detailed_merged_001_3100_classified_v3.json
MOEX-113020-2301-Q007,MOEX-113020-2301-Q007,醫學（二）,113,2024,113020,2301,7,moex_med_stage2_detailed_merged_001_3100_classified_v3.json
MOEX-113020-2301-Q008,MOEX-113020-2301-Q008,醫學（二）,113,2024,113020,2301,8,moex_med_stage2_detailed_merged_001_3100_classified_v3.json
MOEX-113020-2301-Q009,MOEX-113020-2301-Q009,醫學（二）,113,2024,113020,2301,9,moex_med_stage2_detailed_merged_001_3100_classified_v3.json
MOEX-113020-2301-Q010,MOEX-113020-2301-Q010,醫學（二）,113,2024,113020,2301,10,moex_med_stage2_detailed_merged_001_3100_classified_v3.json
MOEX-113020-2301-Q011,MOEX-113020-2301-Q011,醫學（二）,113,2024,113020,2301,11,moex_med_stage2_detailed_merged_001_3100_classified_v3.json
MOEX-113020-2301-Q012,MOEX-113020-2301-Q012,醫學（二）,113,2024,113020,2301,12,moex_med_stage2_detailed_merged_001_3100_classified_v3.json
MOEX-113020-2301-Q013,MOEX-113020-2301-Q013,醫學（二）,113,2024,113020,2301,13,moex_med_stage2_detailed_merged_001_3100_classified_v3.json
MOEX-113020-2301-Q014,MOEX-113020-2301-Q014,醫學（二）,113,2024,113020,2301,14,moex_med_stage2_detailed_merged_001_3100_classified_v3.json
MOEX-113020-2301-Q015,MOEX-113020-2301-Q015,醫學（二）,113,2024,113020,2301,15,moex_med_stage2_detailed_merged_001_3100_classified_v3.json
MOEX-113020-2301-Q016,MOEX-113020-2301-Q016,醫學（二）,113,2024,113020,2301,16,moex_med_stage2_detailed_merged_001_3100_classified_v3.json
MOEX-113020-2301-Q017,MOEX-113020-2301-Q017,醫學（二）,113,2024,113020,2301,17,moex_med_stage2_detailed_merged_001_3100_classified_v3.json
MOEX-113020-2301-Q018,MOEX-113020-2301-Q018,醫學（二）,113,2024,113020,2301,18,moex_med_stage2_detailed_merged_001_3100_classified_v3.json
MOEX-113020-2301-Q019,MOEX-113020-2301-Q019,醫學（二）,113,2024,113020,2301,19,moex_med_stage2_detailed_merged_001_3100_classified_v3.json
MOEX-113020-2301-Q020,MOEX-113020-2301-Q020,醫學（二）,113,2024,113020,2301,20,moex_med_stage2_detailed_merged_001_3100_classified_v3.json
MOEX-113020-2301-Q021,MOEX-113020-2301-Q021,醫學（二）,113,2024,113020,2301,21,moex_med_stage2_detailed_merged_001_3100_classified_v3.json
MOEX-113020-2301-Q022,MOEX-113020-2301-Q022,醫學（二）,113,2024,113020,2301,22,moex_med_stage2_detailed_merged_001_3100_classified_v3.json
MOEX-113020-2301-Q023,MOEX-113020-2301-Q023,醫學（二）,113,2024,113020,2301,23,moex_med_stage2_detailed_merged_001_3100_classified_v3.json
MOEX-113020-2301-Q024,MOEX-113020-2301-Q024,醫學（二）,113,2024,113020,2301,24,moex_med_stage2_detailed_merged_001_3100_classified_v3.json
MOEX-113020-2301-Q025,MOEX-113020-2301-Q025,醫學（二）,113,2024,113020,2301,25,moex_med_stage2_detailed_merged_001_3100_classified_v3.json
MOEX-113020-2301-Q026,MOEX-113020-2301-Q026,醫學（二）,113,2024,113020,2301,26,moex_med_stage2_detailed_merged_001_3100_classified_v3.json
MOEX-113020-2301-Q027,MOEX-113020-2301-Q027,醫學（二）,113,2024,113020,2301,27,moex_med_stage2_detailed_merged_001_3100_classified_v3.json
MOEX-113020-2301-Q028,MOEX-113020-2301-Q028,醫學（二）,113,2024,113020,2301,28,moex_med_stage2_detailed_merged_001_3100_classified_v3.json
MOEX-113020-2301-Q029,MOEX-113020-2301-Q029,醫學（二）,113,2024,113020,2301,29,moex_med_stage2_detailed_merged_001_3100_classified_v3.json
MOEX-113020-2301-Q030,MOEX-113020-2301-Q030,醫學（二）,113,2024,113020,2301,30,moex_med_stage2_detailed_merged_001_3100_classified_v3.json
MOEX-113020-2301-Q031,MOEX-113020-2301-Q031,醫學（二）,113,2024,113020,2301,31,moex_med_stage2_detailed_merged_001_3100_classified_v3.json
MOEX-113020-2301-Q032,MOEX-113020-2301-Q032,醫學（二）,113,2024,113020,2301,32,moex_med_stage2_detailed_merged_001_3100_classified_v3.json
MOEX-113020-2301-Q033,MOEX-113020-2301-Q033,醫學（二）,113,2024,113020,2301,33,moex_med_stage2_detailed_merged_001_3100_classified_v3.json
MOEX-113020-2301-Q034,MOEX-113020-2301-Q034,醫學（二）,113,2024,113020,2301,34,moex_med_stage2_detailed_merged_001_3100_classified_v3.json
MOEX-113020-2301-Q035,MOEX-113020-2301-Q035,醫學（二）,113,2024,113020,2301,35,moex_med_stage2_detailed_merged_001_3100_classified_v3.json
MOEX-113020-2301-Q036,MOEX-113020-2301-Q036,醫學（二）,113,2024,113020,2301,36,moex_med_stage2_detailed_merged_001_3100_classified_v3.json
MOEX-113020-2301-Q037,MOEX-113020-2301-Q037,醫學（二）,113,2024,113020,2301,37,moex_med_stage2_detailed_merged_001_3100_classified_v3.json
MOEX-113020-2301-Q038,MOEX-113020-2301-Q038,醫學（二）,113,2024,113020,2301,38,moex_med_stage2_detailed_merged_001_3100_classified_v3.json
MOEX-113020-2301-Q039,MOEX-113020-2301-Q039,醫學（二）,113,2024,113020,2301,39,moex_med_stage2_detailed_merged_001_3100_classified_v3.json
MOEX-113020-2301-Q040,MOEX-113020-2301-Q040,醫學（二）,113,2024,113020,2301,40,moex_med_stage2_detailed_merged_001_3100_classified_v3.json
MOEX-113020-2301-Q041,MOEX-113020-2301-Q041,醫學（二）,113,2024,113020,2301,41,moex_med_stage2_detailed_merged_001_3100_classified_v3.json
MOEX-113020-2301-Q042,MOEX-113020-2301-Q042,醫學（二）,113,2024,113020,2301,42,moex_med_stage2_detailed_merged_001_3100_classified_v3.json
MOEX-113020-2301-Q043,MOEX-113020-2301-Q043,醫學（二）,113,2024,113020,2301,43,moex_med_stage2_detailed_merged_001_3100_classified_v3.json
MOEX-113020-2301-Q044,MOEX-113020-2301-Q044,醫學（二）,113,2024,113020,2301,44,moex_med_stage2_detailed_merged_001_3100_classified_v3.json
MOEX-113020-2301-Q045,MOEX-113020-2301-Q045,醫學（二）,113,2024,113020,2301,45,moex_med_stage2_detailed_merged_001_3100_classified_v3.json
MOEX-113020-2301-Q046,MOEX-113020-2301-Q046,醫學（二）,113,2024,113020,2301,46,moex_med_stage2_detailed_merged_001_3100_classified_v3.json
MOEX-113020-2301-Q047,MOEX-113020-2301-Q047,醫學（二）,113,2024,113020,2301,47,moex_med_stage2_detailed_merged_001_3100_classified_v3.json
MOEX-113020-2301-Q048,MOEX-113020-2301-Q048,醫學（二）,113,2024,113020,2301,48,moex_med_stage2_detailed_merged_001_3100_classified_v3.json
MOEX-113020-2301-Q049,MOEX-113020-2301-Q049,醫學（二）,113,2024,113020,2301,49,moex_med_stage2_detailed_merged_001_3100_classified_v3.json
MOEX-113020-2301-Q050,MOEX-113020-2301-Q050,醫學（二）,113,2024,113020,2301,50,moex_med_stage2_detailed_merged_001_3100_classified_v3.json
MOEX-113020-2301-Q051,MOEX-113020-2301-Q051,醫學（二）,113,2024,113020,2301,51,moex_med_stage2_detailed_merged_001_3100_classified_v3.json
MOEX-113020-2301-Q052,MOEX-113020-2301-Q052,醫學（二）,113,2024,113020,2301,52,moex_med_stage2_detailed_merged_001_3100_classified_v3.json
MOEX-113020-2301-Q053,MOEX-113020-2301-Q053,醫學（二）,113,2024,113020,2301,53,moex_med_stage2_detailed_merged_001_3100_classified_v3.json
MOEX-113020-2301-Q054,MOEX-113020-2301-Q054,醫學（二）,113,2024,113020,2301,54,moex_med_stage2_detailed_merged_001_3100_classified_v3.json
MOEX-113020-2301-Q055,MOEX-113020-2301-Q055,醫學（二）,113,2024,113020,2301,55,moex_med_stage2_detailed_merged_001_3100_classified_v3.json
MOEX-113020-2301-Q056,MOEX-113020-2301-Q056,醫學（二）,113,2024,113020,2301,56,moex_med_stage2_detailed_merged_001_3100_classified_v3.json
MOEX-113020-2301-Q057,MOEX-113020-2301-Q057,醫學（二）,113,2024,113020,2301,57,moex_med_stage2_detailed_merged_001_3100_classified_v3.json
MOEX-113020-2301-Q058,MOEX-113020-2301-Q058,醫學（二）,113,2024,113020,2301,58,moex_med_stage2_detailed_merged_001_3100_classified_v3.json
MOEX-113020-2301-Q059,MOEX-113020-2301-Q059,醫學（二）,113,2024,113020,2301,59,moex_med_stage2_detailed_merged_001_3100_classified_v3.json
MOEX-113020-2301-Q060,MOEX-113020-2301-Q060,醫學（二）,113,2024,113020,2301,60,moex_med_stage2_detailed_merged_001_3100_classified_v3.json
MOEX-113020-2301-Q061,MOEX-113020-2301-Q061,醫學（二）,113,2024,113020,2301,61,moex_med_stage2_detailed_merged_001_3100_classified_v3.json
MOEX-113020-2301-Q062,MOEX-113020-2301-Q062,醫學（二）,113,2024,113020,2301,62,moex_med_stage2_detailed_merged_001_3100_classified_v3.json
MOEX-113020-2301-Q063,MOEX-113020-2301-Q063,醫學（二）,113,2024,113020,2301,63,moex_med_stage2_detailed_merged_001_3100_classified_v3.json
MOEX-113020-2301-Q064,MOEX-113020-2301-Q064,醫學（二）,113,2024,113020,2301,64,moex_med_stage2_detailed_merged_001_3100_classified_v3.json
MOEX-113020-2301-Q065,MOEX-113020-2301-Q065,醫學（二）,113,2024,113020,2301,65,moex_med_stage2_detailed_merged_001_3100_classified_v3.json
MOEX-113020-2301-Q066,MOEX-113020-2301-Q066,醫學（二）,113,2024,113020,2301,66,moex_med_stage2_detailed_merged_001_3100_classified_v3.json
MOEX-113020-2301-Q067,MOEX-113020-2301-Q067,醫學（二）,113,2024,113020,2301,67,moex_med_stage2_detailed_merged_001_3100_classified_v3.json
MOEX-113020-2301-Q068,MOEX-113020-2301-Q068,醫學（二）,113,2024,113020,2301,68,moex_med_stage2_detailed_merged_001_3100_classified_v3.json
MOEX-113020-2301-Q069,MOEX-113020-2301-Q069,醫學（二）,113,2024,113020,2301,69,moex_med_stage2_detailed_merged_001_3100_classified_v3.json
MOEX-113020-2301-Q070,MOEX-113020-2301-Q070,醫學（二）,113,2024,113020,2301,70,moex_med_stage2_detailed_merged_001_3100_classified_v3.json
MOEX-113020-2301-Q071,MOEX-113020-2301-Q071,醫學（二）,113,2024,113020,2301,71,moex_med_stage2_detailed_merged_001_3100_classified_v3.json
MOEX-113020-2301-Q072,MOEX-113020-2301-Q072,醫學（二）,113,2024,113020,2301,72,moex_med_stage2_detailed_merged_001_3100_classified_v3.json
MOEX-113020-2301-Q073,MOEX-113020-2301-Q073,醫學（二）,113,2024,113020,2301,73,moex_med_stage2_detailed_merged_001_3100_classified_v3.json
MOEX-113020-2301-Q074,MOEX-113020-2301-Q074,醫學（二）,113,2024,113020,2301,74,moex_med_stage2_detailed_merged_001_3100_classified_v3.json
MOEX-113020-2301-Q075,MOEX-113020-2301-Q075,醫學（二）,113,2024,113020,2301,75,moex_med_stage2_detailed_merged_001_3100_classified_v3.json
MOEX-113020-2301-Q076,MOEX-113020-2301-Q076,醫學（二）,113,2024,113020,2301,76,moex_med_stage2_detailed_merged_001_3100_classified_v3.json
MOEX-113020-2301-Q077,MOEX-113020-2301-Q077,醫學（二）,113,2024,113020,2301,77,moex_med_stage2_detailed_merged_001_3100_classified_v3.json
MOEX-113020-2301-Q078,MOEX-113020-2301-Q078,醫學（二）,113,2024,113020,2301,78,moex_med_stage2_detailed_merged_001_3100_classified_v3.json
MOEX-113020-2301-Q079,MOEX-113020-2301-Q079,醫學（二）,113,2024,113020,2301,79,moex_med_stage2_detailed_merged_001_3100_classified_v3.json
MOEX-113020-2301-Q080,MOEX-113020-2301-Q080,醫學（二）,113,2024,113020,2301,80,moex_med_stage2_detailed_merged_001_3100_classified_v3.json
MOEX-113020-2301-Q081,MOEX-113020-2301-Q081,醫學（二）,113,2024,113020,2301,81,moex_med_stage2_detailed_merged_001_3100_classified_v3.json
MOEX-113020-2301-Q082,MOEX-113020-2301-Q082,醫學（二）,113,2024,113020,2301,82,moex_med_stage2_detailed_merged_001_3100_classified_v3.json
MOEX-113020-2301-Q083,MOEX-113020-2301-Q083,醫學（二）,113,2024,113020,2301,83,moex_med_stage2_detailed_merged_001_3100_classified_v3.json
MOEX-113020-2301-Q084,MOEX-113020-2301-Q084,醫學（二）,113,2024,113020,2301,84,moex_med_stage2_detailed_merged_001_3100_classified_v3.json
MOEX-113020-2301-Q085,MOEX-113020-2301-Q085,醫學（二）,113,2024,113020,2301,85,moex_med_stage2_detailed_merged_001_3100_classified_v3.json
MOEX-113020-2301-Q086,MOEX-113020-2301-Q086,醫學（二）,113,2024,113020,2301,86,moex_med_stage2_detailed_merged_001_3100_classified_v3.json
MOEX-113020-2301-Q087,MOEX-113020-2301-Q087,醫學（二）,113,2024,113020,2301,87,moex_med_stage2_detailed_merged_001_3100_classified_v3.json
MOEX-113020-2301-Q088,MOEX-113020-2301-Q088,醫學（二）,113,2024,113020,2301,88,moex_med_stage2_detailed_merged_001_3100_classified_v3.json
MOEX-113020-2301-Q089,MOEX-113020-2301-Q089,醫學（二）,113,2024,113020,2301,89,moex_med_stage2_detailed_merged_001_3100_classified_v3.json
MOEX-113020-2301-Q090,MOEX-113020-2301-Q090,醫學（二）,113,2024,113020,2301,90,moex_med_stage2_detailed_merged_001_3100_classified_v3.json
MOEX-113020-2301-Q091,MOEX-113020-2301-Q091,醫學（二）,113,2024,113020,2301,91,moex_med_stage2_detailed_merged_001_3100_classified_v3.json
MOEX-113020-2301-Q092,MOEX-113020-2301-Q092,醫學（二）,113,2024,113020,2301,92,moex_med_stage2_detailed_merged_001_3100_classified_v3.json
MOEX-113020-2301-Q093,MOEX-113020-2301-Q093,醫學（二）,113,2024,113020,2301,93,moex_med_stage2_detailed_merged_001_3100_classified_v3.json
MOEX-113020-2301-Q094,MOEX-113020-2301-Q094,醫學（二）,113,2024,113020,2301,94,moex_med_stage2_detailed_merged_001_3100_classified_v3.json
MOEX-113020-2301-Q095,MOEX-113020-2301-Q095,醫學（二）,113,2024,113020,2301,95,moex_med_stage2_detailed_merged_001_3100_classified_v3.json
MOEX-113020-2301-Q096,MOEX-113020-2301-Q096,醫學（二）,113,2024,113020,2301,96,moex_med_stage2_detailed_merged_001_3100_classified_v3.json
MOEX-113020-2301-Q097,MOEX-113020-2301-Q097,醫學（二）,113,2024,113020,2301,97,moex_med_stage2_detailed_merged_001_3100_classified_v3.json
MOEX-113020-2301-Q098,MOEX-113020-2301-Q098,醫學（二）,113,2024,113020,2301,98,moex_med_stage2_detailed_merged_001_3100_classified_v3.json
MOEX-113020-2301-Q099,MOEX-113020-2301-Q099,醫學（二）,113,2024,113020,2301,99,moex_med_stage2_detailed_merged_001_3100_classified_v3.json
MOEX-113020-2301-Q100,MOEX-113020-2301-Q100,醫學（二）,113,2024,113020,2301,100,moex_med_stage2_detailed_merged_001_3100_classified_v3.json
MOEX-113090-2301-Q001,MOEX-113090-2301-Q001,醫學（二）,113,2024,113090,2301,1,moex_med_stage2_detailed_merged_001_3100_classified_v3.json
MOEX-113090-2301-Q002,MOEX-113090-2301-Q002,醫學（二）,113,2024,113090,2301,2,moex_med_stage2_detailed_merged_001_3100_classified_v3.json
MOEX-113090-2301-Q003,MOEX-113090-2301-Q003,醫學（二）,113,2024,113090,2301,3,moex_med_stage2_detailed_merged_001_3100_classified_v3.json
MOEX-113090-2301-Q004,MOEX-113090-2301-Q004,醫學（二）,113,2024,113090,2301,4,moex_med_stage2_detailed_merged_001_3100_classified_v3.json
MOEX-113090-2301-Q005,MOEX-113090-2301-Q005,醫學（二）,113,2024,113090,2301,5,moex_med_stage2_detailed_merged_001_3100_classified_v3.json
MOEX-113090-2301-Q006,MOEX-113090-2301-Q006,醫學（二）,113,2024,113090,2301,6,moex_med_stage2_detailed_merged_001_3100_classified_v3.json
MOEX-113090-2301-Q007,MOEX-113090-2301-Q007,醫學（二）,113,2024,113090,2301,7,moex_med_stage2_detailed_merged_001_3100_classified_v3.json
MOEX-113090-2301-Q008,MOEX-113090-2301-Q008,醫學（二）,113,2024,113090,2301,8,moex_med_stage2_detailed_merged_001_3100_classified_v3.json
MOEX-113090-2301-Q009,MOEX-113090-2301-Q009,醫學（二）,113,2024,113090,2301,9,moex_med_stage2_detailed_merged_001_3100_classified_v3.json
MOEX-113090-2301-Q010,MOEX-113090-2301-Q010,醫學（二）,113,2024,113090,2301,10,moex_med_stage2_detailed_merged_001_3100_classified_v3.json
MOEX-113090-2301-Q011,MOEX-113090-2301-Q011,醫學（二）,113,2024,113090,2301,11,moex_med_stage2_detailed_merged_001_3100_classified_v3.json
MOEX-113090-2301-Q012,MOEX-113090-2301-Q012,醫學（二）,113,2024,113090,2301,12,moex_med_stage2_detailed_merged_001_3100_classified_v3.json
MOEX-113090-2301-Q013,MOEX-113090-2301-Q013,醫學（二）,113,2024,113090,2301,13,moex_med_stage2_detailed_merged_001_3100_classified_v3.json
MOEX-113090-2301-Q014,MOEX-113090-2301-Q014,醫學（二）,113,2024,113090,2301,14,moex_med_stage2_detailed_merged_001_3100_classified_v3.json
MOEX-113090-2301-Q015,MOEX-113090-2301-Q015,醫學（二）,113,2024,113090,2301,15,moex_med_stage2_detailed_merged_001_3100_classified_v3.json
MOEX-113090-2301-Q016,MOEX-113090-2301-Q016,醫學（二）,113,2024,113090,2301,16,moex_med_stage2_detailed_merged_001_3100_classified_v3.json
MOEX-113090-2301-Q017,MOEX-113090-2301-Q017,醫學（二）,113,2024,113090,2301,17,moex_med_stage2_detailed_merged_001_3100_classified_v3.json
MOEX-113090-2301-Q018,MOEX-113090-2301-Q018,醫學（二）,113,2024,113090,2301,18,moex_med_stage2_detailed_merged_001_3100_classified_v3.json
MOEX-113090-2301-Q019,MOEX-113090-2301-Q019,醫學（二）,113,2024,113090,2301,19,moex_med_stage2_detailed_merged_001_3100_classified_v3.json
MOEX-113090-2301-Q020,MOEX-113090-2301-Q020,醫學（二）,113,2024,113090,2301,20,moex_med_stage2_detailed_merged_001_3100_classified_v3.json
MOEX-113090-2301-Q021,MOEX-113090-2301-Q021,醫學（二）,113,2024,113090,2301,21,moex_med_stage2_detailed_merged_001_3100_classified_v3.json
MOEX-113090-2301-Q022,MOEX-113090-2301-Q022,醫學（二）,113,2024,113090,2301,22,moex_med_stage2_detailed_merged_001_3100_classified_v3.json
MOEX-113090-2301-Q023,MOEX-113090-2301-Q023,醫學（二）,113,2024,113090,2301,23,moex_med_stage2_detailed_merged_001_3100_classified_v3.json
MOEX-113090-2301-Q024,MOEX-113090-2301-Q024,醫學（二）,113,2024,113090,2301,24,moex_med_stage2_detailed_merged_001_3100_classified_v3.json
MOEX-113090-2301-Q025,MOEX-113090-2301-Q025,醫學（二）,113,2024,113090,2301,25,moex_med_stage2_detailed_merged_001_3100_classified_v3.json
MOEX-113090-2301-Q026,MOEX-113090-2301-Q026,醫學（二）,113,2024,113090,2301,26,moex_med_stage2_detailed_merged_001_3100_classified_v3.json
MOEX-113090-2301-Q027,MOEX-113090-2301-Q027,醫學（二）,113,2024,113090,2301,27,moex_med_stage2_detailed_merged_001_3100_classified_v3.json
MOEX-113090-2301-Q028,MOEX-113090-2301-Q028,醫學（二）,113,2024,113090,2301,28,moex_med_stage2_detailed_merged_001_3100_classified_v3.json
MOEX-113090-2301-Q029,MOEX-113090-2301-Q029,醫學（二）,113,2024,113090,2301,29,moex_med_stage2_detailed_merged_001_3100_classified_v3.json
MOEX-113090-2301-Q030,MOEX-113090-2301-Q030,醫學（二）,113,2024,113090,2301,30,moex_med_stage2_detailed_merged_001_3100_classified_v3.json
MOEX-113090-2301-Q031,MOEX-113090-2301-Q031,醫學（二）,113,2024,113090,2301,31,moex_med_stage2_detailed_merged_001_3100_classified_v3.json
MOEX-113090-2301-Q032,MOEX-113090-2301-Q032,醫學（二）,113,2024,113090,2301,32,moex_med_stage2_detailed_merged_001_3100_classified_v3.json
MOEX-113090-2301-Q033,MOEX-113090-2301-Q033,醫學（二）,113,2024,113090,2301,33,moex_med_stage2_detailed_merged_001_3100_classified_v3.json
MOEX-113090-2301-Q034,MOEX-113090-2301-Q034,醫學（二）,113,2024,113090,2301,34,moex_med_stage2_detailed_merged_001_3100_classified_v3.json
MOEX-113090-2301-Q035,MOEX-113090-2301-Q035,醫學（二）,113,2024,113090,2301,35,moex_med_stage2_detailed_merged_001_3100_classified_v3.json
MOEX-113090-2301-Q036,MOEX-113090-2301-Q036,醫學（二）,113,2024,113090,2301,36,moex_med_stage2_detailed_merged_001_3100_classified_v3.json
MOEX-113090-2301-Q037,MOEX-113090-2301-Q037,醫學（二）,113,2024,113090,2301,37,moex_med_stage2_detailed_merged_001_3100_classified_v3.json
MOEX-113090-2301-Q038,MOEX-113090-2301-Q038,醫學（二）,113,2024,113090,2301,38,moex_med_stage2_detailed_merged_001_3100_classified_v3.json
MOEX-113090-2301-Q039,MOEX-113090-2301-Q039,醫學（二）,113,2024,113090,2301,39,moex_med_stage2_detailed_merged_001_3100_classified_v3.json
MOEX-113090-2301-Q040,MOEX-113090-2301-Q040,醫學（二）,113,2024,113090,2301,40,moex_med_stage2_detailed_merged_001_3100_classified_v3.json
MOEX-113090-2301-Q041,MOEX-113090-2301-Q041,醫學（二）,113,2024,113090,2301,41,moex_med_stage2_detailed_merged_001_3100_classified_v3.json
MOEX-113090-2301-Q042,MOEX-113090-2301-Q042,醫學（二）,113,2024,113090,2301,42,moex_med_stage2_detailed_merged_001_3100_classified_v3.json
MOEX-113090-2301-Q043,MOEX-113090-2301-Q043,醫學（二）,113,2024,113090,2301,43,moex_med_stage2_detailed_merged_001_3100_classified_v3.json
MOEX-113090-2301-Q044,MOEX-113090-2301-Q044,醫學（二）,113,2024,113090,2301,44,moex_med_stage2_detailed_merged_001_3100_classified_v3.json
MOEX-113090-2301-Q045,MOEX-113090-2301-Q045,醫學（二）,113,2024,113090,2301,45,moex_med_stage2_detailed_merged_001_3100_classified_v3.json
MOEX-113090-2301-Q046,MOEX-113090-2301-Q046,醫學（二）,113,2024,113090,2301,46,moex_med_stage2_detailed_merged_001_3100_classified_v3.json
MOEX-113090-2301-Q047,MOEX-113090-2301-Q047,醫學（二）,113,2024,113090,2301,47,moex_med_stage2_detailed_merged_001_3100_classified_v3.json
MOEX-113090-2301-Q048,MOEX-113090-2301-Q048,醫學（二）,113,2024,113090,2301,48,moex_med_stage2_detailed_merged_001_3100_classified_v3.json
MOEX-113090-2301-Q049,MOEX-113090-2301-Q049,醫學（二）,113,2024,113090,2301,49,moex_med_stage2_detailed_merged_001_3100_classified_v3.json
MOEX-113090-2301-Q050,MOEX-113090-2301-Q050,醫學（二）,113,2024,113090,2301,50,moex_med_stage2_detailed_merged_001_3100_classified_v3.json
MOEX-113090-2301-Q051,MOEX-113090-2301-Q051,醫學（二）,113,2024,113090,2301,51,moex_med_stage2_detailed_merged_001_3100_classified_v3.json
MOEX-113090-2301-Q052,MOEX-113090-2301-Q052,醫學（二）,113,2024,113090,2301,52,moex_med_stage2_detailed_merged_001_3100_classified_v3.json
MOEX-113090-2301-Q053,MOEX-113090-2301-Q053,醫學（二）,113,2024,113090,2301,53,moex_med_stage2_detailed_merged_001_3100_classified_v3.json
MOEX-113090-2301-Q054,MOEX-113090-2301-Q054,醫學（二）,113,2024,113090,2301,54,moex_med_stage2_detailed_merged_001_3100_classified_v3.json
MOEX-113090-2301-Q055,MOEX-113090-2301-Q055,醫學（二）,113,2024,113090,2301,55,moex_med_stage2_detailed_merged_001_3100_classified_v3.json
MOEX-113090-2301-Q056,MOEX-113090-2301-Q056,醫學（二）,113,2024,113090,2301,56,moex_med_stage2_detailed_merged_001_3100_classified_v3.json
MOEX-113090-2301-Q057,MOEX-113090-2301-Q057,醫學（二）,113,2024,113090,2301,57,moex_med_stage2_detailed_merged_001_3100_classified_v3.json
MOEX-113090-2301-Q058,MOEX-113090-2301-Q058,醫學（二）,113,2024,113090,2301,58,moex_med_stage2_detailed_merged_001_3100_classified_v3.json
MOEX-113090-2301-Q059,MOEX-113090-2301-Q059,醫學（二）,113,2024,113090,2301,59,moex_med_stage2_detailed_merged_001_3100_classified_v3.json
MOEX-113090-2301-Q060,MOEX-113090-2301-Q060,醫學（二）,113,2024,113090,2301,60,moex_med_stage2_detailed_merged_001_3100_classified_v3.json
MOEX-113090-2301-Q061,MOEX-113090-2301-Q061,醫學（二）,113,2024,113090,2301,61,moex_med_stage2_detailed_merged_001_3100_classified_v3.json
MOEX-113090-2301-Q062,MOEX-113090-2301-Q062,醫學（二）,113,2024,113090,2301,62,moex_med_stage2_detailed_merged_001_3100_classified_v3.json
MOEX-113090-2301-Q063,MOEX-113090-2301-Q063,醫學（二）,113,2024,113090,2301,63,moex_med_stage2_detailed_merged_001_3100_classified_v3.json
MOEX-113090-2301-Q064,MOEX-113090-2301-Q064,醫學（二）,113,2024,113090,2301,64,moex_med_stage2_detailed_merged_001_3100_classified_v3.json
MOEX-113090-2301-Q065,MOEX-113090-2301-Q065,醫學（二）,113,2024,113090,2301,65,moex_med_stage2_detailed_merged_001_3100_classified_v3.json
MOEX-113090-2301-Q066,MOEX-113090-2301-Q066,醫學（二）,113,2024,113090,2301,66,moex_med_stage2_detailed_merged_001_3100_classified_v3.json
MOEX-113090-2301-Q067,MOEX-113090-2301-Q067,醫學（二）,113,2024,113090,2301,67,moex_med_stage2_detailed_merged_001_3100_classified_v3.json
MOEX-113090-2301-Q068,MOEX-113090-2301-Q068,醫學（二）,113,2024,113090,2301,68,moex_med_stage2_detailed_merged_001_3100_classified_v3.json
MOEX-113090-2301-Q069,MOEX-113090-2301-Q069,醫學（二）,113,2024,113090,2301,69,moex_med_stage2_detailed_merged_001_3100_classified_v3.json
MOEX-113090-2301-Q070,MOEX-113090-2301-Q070,醫學（二）,113,2024,113090,2301,70,moex_med_stage2_detailed_merged_001_3100_classified_v3.json
MOEX-113090-2301-Q071,MOEX-113090-2301-Q071,醫學（二）,113,2024,113090,2301,71,moex_med_stage2_detailed_merged_001_3100_classified_v3.json
MOEX-113090-2301-Q072,MOEX-113090-2301-Q072,醫學（二）,113,2024,113090,2301,72,moex_med_stage2_detailed_merged_001_3100_classified_v3.json
MOEX-113090-2301-Q073,MOEX-113090-2301-Q073,醫學（二）,113,2024,113090,2301,73,moex_med_stage2_detailed_merged_001_3100_classified_v3.json
MOEX-113090-2301-Q074,MOEX-113090-2301-Q074,醫學（二）,113,2024,113090,2301,74,moex_med_stage2_detailed_merged_001_3100_classified_v3.json
MOEX-113090-2301-Q075,MOEX-113090-2301-Q075,醫學（二）,113,2024,113090,2301,75,moex_med_stage2_detailed_merged_001_3100_classified_v3.json
MOEX-113090-2301-Q076,MOEX-113090-2301-Q076,醫學（二）,113,2024,113090,2301,76,moex_med_stage2_detailed_merged_001_3100_classified_v3.json
MOEX-113090-2301-Q077,MOEX-113090-2301-Q077,醫學（二）,113,2024,113090,2301,77,moex_med_stage2_detailed_merged_001_3100_classified_v3.json
MOEX-113090-2301-Q078,MOEX-113090-2301-Q078,醫學（二）,113,2024,113090,2301,78,moex_med_stage2_detailed_merged_001_3100_classified_v3.json
MOEX-113090-2301-Q079,MOEX-113090-2301-Q079,醫學（二）,113,2024,113090,2301,79,moex_med_stage2_detailed_merged_001_3100_classified_v3.json
MOEX-113090-2301-Q080,MOEX-113090-2301-Q080,醫學（二）,113,2024,113090,2301,80,moex_med_stage2_detailed_merged_001_3100_classified_v3.json
MOEX-113090-2301-Q081,MOEX-113090-2301-Q081,醫學（二）,113,2024,113090,2301,81,moex_med_stage2_detailed_merged_001_3100_classified_v3.json
MOEX-113090-2301-Q082,MOEX-113090-2301-Q082,醫學（二）,113,2024,113090,2301,82,moex_med_stage2_detailed_merged_001_3100_classified_v3.json
MOEX-113090-2301-Q083,MOEX-113090-2301-Q083,醫學（二）,113,2024,113090,2301,83,moex_med_stage2_detailed_merged_001_3100_classified_v3.json
MOEX-113090-2301-Q084,MOEX-113090-2301-Q084,醫學（二）,113,2024,113090,2301,84,moex_med_stage2_detailed_merged_001_3100_classified_v3.json
MOEX-113090-2301-Q085,MOEX-113090-2301-Q085,醫學（二）,113,2024,113090,2301,85,moex_med_stage2_detailed_merged_001_3100_classified_v3.json
MOEX-113090-2301-Q086,MOEX-113090-2301-Q086,醫學（二）,113,2024,113090,2301,86,moex_med_stage2_detailed_merged_001_3100_classified_v3.json
MOEX-113090-2301-Q087,MOEX-113090-2301-Q087,醫學（二）,113,2024,113090,2301,87,moex_med_stage2_detailed_merged_001_3100_classified_v3.json
MOEX-113090-2301-Q088,MOEX-113090-2301-Q088,醫學（二）,113,2024,113090,2301,88,moex_med_stage2_detailed_merged_001_3100_classified_v3.json
MOEX-113090-2301-Q089,MOEX-113090-2301-Q089,醫學（二）,113,2024,113090,2301,89,moex_med_stage2_detailed_merged_001_3100_classified_v3.json
MOEX-113090-2301-Q090,MOEX-113090-2301-Q090,醫學（二）,113,2024,113090,2301,90,moex_med_stage2_detailed_merged_001_3100_classified_v3.json
MOEX-113090-2301-Q091,MOEX-113090-2301-Q091,醫學（二）,113,2024,113090,2301,91,moex_med_stage2_detailed_merged_001_3100_classified_v3.json
MOEX-113090-2301-Q092,MOEX-113090-2301-Q092,醫學（二）,113,2024,113090,2301,92,moex_med_stage2_detailed_merged_001_3100_classified_v3.json
MOEX-113090-2301-Q093,MOEX-113090-2301-Q093,醫學（二）,113,2024,113090,2301,93,moex_med_stage2_detailed_merged_001_3100_classified_v3.json
MOEX-113090-2301-Q094,MOEX-113090-2301-Q094,醫學（二）,113,2024,113090,2301,94,moex_med_stage2_detailed_merged_001_3100_classified_v3.json
MOEX-113090-2301-Q095,MOEX-113090-2301-Q095,醫學（二）,113,2024,113090,2301,95,moex_med_stage2_detailed_merged_001_3100_classified_v3.json
MOEX-113090-2301-Q096,MOEX-113090-2301-Q096,醫學（二）,113,2024,113090,2301,96,moex_med_stage2_detailed_merged_001_3100_classified_v3.json
MOEX-113090-2301-Q097,MOEX-113090-2301-Q097,醫學（二）,113,2024,113090,2301,97,moex_med_stage2_detailed_merged_001_3100_classified_v3.json
MOEX-113090-2301-Q098,MOEX-113090-2301-Q098,醫學（二）,113,2024,113090,2301,98,moex_med_stage2_detailed_merged_001_3100_classified_v3.json
MOEX-113090-2301-Q099,MOEX-113090-2301-Q099,醫學（二）,113,2024,113090,2301,99,moex_med_stage2_detailed_merged_001_3100_classified_v3.json
MOEX-113090-2301-Q100,MOEX-113090-2301-Q100,醫學（二）,113,2024,113090,2301,100,moex_med_stage2_detailed_merged_001_3100_classified_v3.json
MOEX-114020-1301-Q001,MOEX-114020-1301-Q001,醫學（一）,114,2025,114020,1301,1,moex_med1_remaining_detailed_v4_merged_001_1827.ts
MOEX-114020-1301-Q002,MOEX-114020-1301-Q002,醫學（一）,114,2025,114020,1301,2,anatomyQuestions.ts
MOEX-114020-1301-Q003,MOEX-114020-1301-Q003,醫學（一）,114,2025,114020,1301,3,anatomyQuestions.ts
MOEX-114020-1301-Q004,MOEX-114020-1301-Q004,醫學（一）,114,2025,114020,1301,4,anatomyQuestions.ts
MOEX-114020-1301-Q005,MOEX-114020-1301-Q005,醫學（一）,114,2025,114020,1301,5,anatomyQuestions.ts
MOEX-114020-1301-Q006,MOEX-114020-1301-Q006,醫學（一）,114,2025,114020,1301,6,anatomyQuestions.ts
MOEX-114020-1301-Q007,MOEX-114020-1301-Q007,醫學（一）,114,2025,114020,1301,7,anatomyQuestions.ts
MOEX-114020-1301-Q008,MOEX-114020-1301-Q008,醫學（一）,114,2025,114020,1301,8,anatomyQuestions.ts
MOEX-114020-1301-Q009,MOEX-114020-1301-Q009,醫學（一）,114,2025,114020,1301,9,anatomyQuestions.ts
MOEX-114020-1301-Q010,MOEX-114020-1301-Q010,醫學（一）,114,2025,114020,1301,10,anatomyQuestions.ts
MOEX-114020-1301-Q011,MOEX-114020-1301-Q011,醫學（一）,114,2025,114020,1301,11,anatomyQuestions.ts
MOEX-114020-1301-Q012,MOEX-114020-1301-Q012,醫學（一）,114,2025,114020,1301,12,anatomyQuestions.ts
MOEX-114020-1301-Q013,MOEX-114020-1301-Q013,醫學（一）,114,2025,114020,1301,13,anatomyQuestions.ts
MOEX-114020-1301-Q014,MOEX-114020-1301-Q014,醫學（一）,114,2025,114020,1301,14,anatomyQuestions.ts
MOEX-114020-1301-Q015,MOEX-114020-1301-Q015,醫學（一）,114,2025,114020,1301,15,anatomyQuestions.ts
MOEX-114020-1301-Q016,MOEX-114020-1301-Q016,醫學（一）,114,2025,114020,1301,16,anatomyQuestions.ts
MOEX-114020-1301-Q017,MOEX-114020-1301-Q017,醫學（一）,114,2025,114020,1301,17,anatomyQuestions.ts
MOEX-114020-1301-Q018,MOEX-114020-1301-Q018,醫學（一）,114,2025,114020,1301,18,anatomyQuestions.ts
MOEX-114020-1301-Q019,MOEX-114020-1301-Q019,醫學（一）,114,2025,114020,1301,19,anatomyQuestions.ts
MOEX-114020-1301-Q020,MOEX-114020-1301-Q020,醫學（一）,114,2025,114020,1301,20,anatomyQuestions.ts
MOEX-114020-1301-Q021,MOEX-114020-1301-Q021,醫學（一）,114,2025,114020,1301,21,anatomyQuestions.ts
MOEX-114020-1301-Q022,MOEX-114020-1301-Q022,醫學（一）,114,2025,114020,1301,22,anatomyQuestions.ts
MOEX-114020-1301-Q023,MOEX-114020-1301-Q023,醫學（一）,114,2025,114020,1301,23,anatomyQuestions.ts
MOEX-114020-1301-Q024,MOEX-114020-1301-Q024,醫學（一）,114,2025,114020,1301,24,anatomyQuestions.ts
MOEX-114020-1301-Q025,MOEX-114020-1301-Q025,醫學（一）,114,2025,114020,1301,25,anatomyQuestions.ts
MOEX-114020-1301-Q026,MOEX-114020-1301-Q026,醫學（一）,114,2025,114020,1301,26,anatomyQuestions.ts
MOEX-114020-1301-Q027,MOEX-114020-1301-Q027,醫學（一）,114,2025,114020,1301,27,anatomyQuestions.ts
MOEX-114020-1301-Q028,MOEX-114020-1301-Q028,醫學（一）,114,2025,114020,1301,28,moex_med1_remaining_detailed_v4_merged_001_1827.ts
MOEX-114020-1301-Q029,MOEX-114020-1301-Q029,醫學（一）,114,2025,114020,1301,29,anatomyQuestions.ts
MOEX-114020-1301-Q030,MOEX-114020-1301-Q030,醫學（一）,114,2025,114020,1301,30,anatomyQuestions.ts
MOEX-114020-1301-Q031,MOEX-114020-1301-Q031,醫學（一）,114,2025,114020,1301,31,moex_med1_remaining_detailed_v4_merged_001_1827.ts
MOEX-114020-1301-Q032,MOEX-114020-1301-Q032,醫學（一）,114,2025,114020,1301,32,moex_med1_remaining_detailed_v4_merged_001_1827.ts
MOEX-114020-1301-Q033,MOEX-114020-1301-Q033,醫學（一）,114,2025,114020,1301,33,anatomyQuestions.ts
MOEX-114020-1301-Q034,MOEX-114020-1301-Q034,醫學（一）,114,2025,114020,1301,34,anatomyQuestions.ts
MOEX-114020-1301-Q035,MOEX-114020-1301-Q035,醫學（一）,114,2025,114020,1301,35,anatomyQuestions.ts
MOEX-114020-1301-Q036,MOEX-114020-1301-Q036,醫學（一）,114,2025,114020,1301,36,anatomyQuestions.ts
MOEX-114020-1301-Q037,MOEX-114020-1301-Q037,醫學（一）,114,2025,114020,1301,37,moex_med1_remaining_detailed_v4_merged_001_1827.ts
MOEX-114020-1301-Q038,MOEX-114020-1301-Q038,醫學（一）,114,2025,114020,1301,38,moex_med1_remaining_detailed_v4_merged_001_1827.ts
MOEX-114020-1301-Q039,MOEX-114020-1301-Q039,醫學（一）,114,2025,114020,1301,39,moex_med1_remaining_detailed_v4_merged_001_1827.ts
MOEX-114020-1301-Q040,MOEX-114020-1301-Q040,醫學（一）,114,2025,114020,1301,40,moex_med1_remaining_detailed_v4_merged_001_1827.ts
MOEX-114020-1301-Q041,MOEX-114020-1301-Q041,醫學（一）,114,2025,114020,1301,41,anatomyQuestions.ts
MOEX-114020-1301-Q042,MOEX-114020-1301-Q042,醫學（一）,114,2025,114020,1301,42,moex_med1_remaining_detailed_v4_merged_001_1827.ts
MOEX-114020-1301-Q043,MOEX-114020-1301-Q043,醫學（一）,114,2025,114020,1301,43,anatomyQuestions.ts
MOEX-114020-1301-Q044,MOEX-114020-1301-Q044,醫學（一）,114,2025,114020,1301,44,anatomyQuestions.ts
MOEX-114020-1301-Q045,MOEX-114020-1301-Q045,醫學（一）,114,2025,114020,1301,45,moex_med1_remaining_detailed_v4_merged_001_1827.ts
MOEX-114020-1301-Q046,MOEX-114020-1301-Q046,醫學（一）,114,2025,114020,1301,46,moex_med1_remaining_detailed_v4_merged_001_1827.ts
MOEX-114020-1301-Q047,MOEX-114020-1301-Q047,醫學（一）,114,2025,114020,1301,47,anatomyQuestions.ts
MOEX-114020-1301-Q048,MOEX-114020-1301-Q048,醫學（一）,114,2025,114020,1301,48,anatomyQuestions.ts
MOEX-114020-1301-Q049,MOEX-114020-1301-Q049,醫學（一）,114,2025,114020,1301,49,anatomyQuestions.ts
MOEX-114020-1301-Q050,MOEX-114020-1301-Q050,醫學（一）,114,2025,114020,1301,50,anatomyQuestions.ts
MOEX-114020-1301-Q051,MOEX-114020-1301-Q051,醫學（一）,114,2025,114020,1301,51,anatomyQuestions.ts
MOEX-114020-1301-Q052,MOEX-114020-1301-Q052,醫學（一）,114,2025,114020,1301,52,anatomyQuestions.ts
MOEX-114020-1301-Q053,MOEX-114020-1301-Q053,醫學（一）,114,2025,114020,1301,53,moex_med1_remaining_detailed_v4_merged_001_1827.ts
MOEX-114020-1301-Q054,MOEX-114020-1301-Q054,醫學（一）,114,2025,114020,1301,54,moex_med1_remaining_detailed_v4_merged_001_1827.ts
MOEX-114020-1301-Q055,MOEX-114020-1301-Q055,醫學（一）,114,2025,114020,1301,55,moex_med1_remaining_detailed_v4_merged_001_1827.ts
MOEX-114020-1301-Q056,MOEX-114020-1301-Q056,醫學（一）,114,2025,114020,1301,56,moex_med1_remaining_detailed_v4_merged_001_1827.ts
MOEX-114020-1301-Q057,MOEX-114020-1301-Q057,醫學（一）,114,2025,114020,1301,57,moex_med1_remaining_detailed_v4_merged_001_1827.ts
MOEX-114020-1301-Q058,MOEX-114020-1301-Q058,醫學（一）,114,2025,114020,1301,58,anatomyQuestions.ts
MOEX-114020-1301-Q059,MOEX-114020-1301-Q059,醫學（一）,114,2025,114020,1301,59,moex_med1_remaining_detailed_v4_merged_001_1827.ts
MOEX-114020-1301-Q060,MOEX-114020-1301-Q060,醫學（一）,114,2025,114020,1301,60,anatomyQuestions.ts
MOEX-114020-1301-Q061,MOEX-114020-1301-Q061,醫學（一）,114,2025,114020,1301,61,moex_med1_remaining_detailed_v4_merged_001_1827.ts
MOEX-114020-1301-Q062,MOEX-114020-1301-Q062,醫學（一）,114,2025,114020,1301,62,anatomyQuestions.ts
MOEX-114020-1301-Q063,MOEX-114020-1301-Q063,醫學（一）,114,2025,114020,1301,63,moex_med1_remaining_detailed_v4_merged_001_1827.ts
MOEX-114020-1301-Q064,MOEX-114020-1301-Q064,醫學（一）,114,2025,114020,1301,64,anatomyQuestions.ts
MOEX-114020-1301-Q065,MOEX-114020-1301-Q065,醫學（一）,114,2025,114020,1301,65,moex_med1_remaining_detailed_v4_merged_001_1827.ts
MOEX-114020-1301-Q066,MOEX-114020-1301-Q066,醫學（一）,114,2025,114020,1301,66,moex_med1_remaining_detailed_v4_merged_001_1827.ts
MOEX-114020-1301-Q067,MOEX-114020-1301-Q067,醫學（一）,114,2025,114020,1301,67,anatomyQuestions.ts
MOEX-114020-1301-Q068,MOEX-114020-1301-Q068,醫學（一）,114,2025,114020,1301,68,moex_med1_remaining_detailed_v4_merged_001_1827.ts
MOEX-114020-1301-Q069,MOEX-114020-1301-Q069,醫學（一）,114,2025,114020,1301,69,moex_med1_remaining_detailed_v4_merged_001_1827.ts
MOEX-114020-1301-Q070,MOEX-114020-1301-Q070,醫學（一）,114,2025,114020,1301,70,moex_med1_remaining_detailed_v4_merged_001_1827.ts
MOEX-114020-1301-Q071,MOEX-114020-1301-Q071,醫學（一）,114,2025,114020,1301,71,moex_med1_remaining_detailed_v4_merged_001_1827.ts
MOEX-114020-1301-Q072,MOEX-114020-1301-Q072,醫學（一）,114,2025,114020,1301,72,moex_med1_remaining_detailed_v4_merged_001_1827.ts
MOEX-114020-1301-Q073,MOEX-114020-1301-Q073,醫學（一）,114,2025,114020,1301,73,moex_med1_remaining_detailed_v4_merged_001_1827.ts
MOEX-114020-1301-Q074,MOEX-114020-1301-Q074,醫學（一）,114,2025,114020,1301,74,moex_med1_remaining_detailed_v4_merged_001_1827.ts
MOEX-114020-1301-Q075,MOEX-114020-1301-Q075,醫學（一）,114,2025,114020,1301,75,moex_med1_remaining_detailed_v4_merged_001_1827.ts
MOEX-114020-1301-Q076,MOEX-114020-1301-Q076,醫學（一）,114,2025,114020,1301,76,moex_med1_remaining_detailed_v4_merged_001_1827.ts
MOEX-114020-1301-Q077,MOEX-114020-1301-Q077,醫學（一）,114,2025,114020,1301,77,moex_med1_remaining_detailed_v4_merged_001_1827.ts
MOEX-114020-1301-Q078,MOEX-114020-1301-Q078,醫學（一）,114,2025,114020,1301,78,moex_med1_remaining_detailed_v4_merged_001_1827.ts
MOEX-114020-1301-Q079,MOEX-114020-1301-Q079,醫學（一）,114,2025,114020,1301,79,moex_med1_remaining_detailed_v4_merged_001_1827.ts
MOEX-114020-1301-Q080,MOEX-114020-1301-Q080,醫學（一）,114,2025,114020,1301,80,moex_med1_remaining_detailed_v4_merged_001_1827.ts
MOEX-114020-1301-Q081,MOEX-114020-1301-Q081,醫學（一）,114,2025,114020,1301,81,moex_med1_remaining_detailed_v4_merged_001_1827.ts
MOEX-114020-1301-Q082,MOEX-114020-1301-Q082,醫學（一）,114,2025,114020,1301,82,moex_med1_remaining_detailed_v4_merged_001_1827.ts
MOEX-114020-1301-Q083,MOEX-114020-1301-Q083,醫學（一）,114,2025,114020,1301,83,moex_med1_remaining_detailed_v4_merged_001_1827.ts
MOEX-114020-1301-Q084,MOEX-114020-1301-Q084,醫學（一）,114,2025,114020,1301,84,moex_med1_remaining_detailed_v4_merged_001_1827.ts
MOEX-114020-1301-Q085,MOEX-114020-1301-Q085,醫學（一）,114,2025,114020,1301,85,moex_med1_remaining_detailed_v4_merged_001_1827.ts
MOEX-114020-1301-Q086,MOEX-114020-1301-Q086,醫學（一）,114,2025,114020,1301,86,moex_med1_remaining_detailed_v4_merged_001_1827.ts
MOEX-114020-1301-Q087,MOEX-114020-1301-Q087,醫學（一）,114,2025,114020,1301,87,moex_med1_remaining_detailed_v4_merged_001_1827.ts
MOEX-114020-1301-Q088,MOEX-114020-1301-Q088,醫學（一）,114,2025,114020,1301,88,moex_med1_remaining_detailed_v4_merged_001_1827.ts
MOEX-114020-1301-Q089,MOEX-114020-1301-Q089,醫學（一）,114,2025,114020,1301,89,moex_med1_remaining_detailed_v4_merged_001_1827.ts
MOEX-114020-1301-Q090,MOEX-114020-1301-Q090,醫學（一）,114,2025,114020,1301,90,moex_med1_remaining_detailed_v4_merged_001_1827.ts
MOEX-114020-1301-Q091,MOEX-114020-1301-Q091,醫學（一）,114,2025,114020,1301,91,moex_med1_remaining_detailed_v4_merged_001_1827.ts
MOEX-114020-1301-Q092,MOEX-114020-1301-Q092,醫學（一）,114,2025,114020,1301,92,moex_med1_remaining_detailed_v4_merged_001_1827.ts
MOEX-114020-1301-Q093,MOEX-114020-1301-Q093,醫學（一）,114,2025,114020,1301,93,moex_med1_remaining_detailed_v4_merged_001_1827.ts
MOEX-114020-1301-Q094,MOEX-114020-1301-Q094,醫學（一）,114,2025,114020,1301,94,moex_med1_remaining_detailed_v4_merged_001_1827.ts
MOEX-114020-1301-Q095,MOEX-114020-1301-Q095,醫學（一）,114,2025,114020,1301,95,moex_med1_remaining_detailed_v4_merged_001_1827.ts
MOEX-114020-1301-Q096,MOEX-114020-1301-Q096,醫學（一）,114,2025,114020,1301,96,moex_med1_remaining_detailed_v4_merged_001_1827.ts
MOEX-114020-1301-Q097,MOEX-114020-1301-Q097,醫學（一）,114,2025,114020,1301,97,moex_med1_remaining_detailed_v4_merged_001_1827.ts
MOEX-114020-1301-Q098,MOEX-114020-1301-Q098,醫學（一）,114,2025,114020,1301,98,moex_med1_remaining_detailed_v4_merged_001_1827.ts
MOEX-114020-1301-Q099,MOEX-114020-1301-Q099,醫學（一）,114,2025,114020,1301,99,moex_med1_remaining_detailed_v4_merged_001_1827.ts
MOEX-114020-1301-Q100,MOEX-114020-1301-Q100,醫學（一）,114,2025,114020,1301,100,moex_med1_remaining_detailed_v4_merged_001_1827.ts
MOEX-114090-1301-Q001,MOEX-114090-1301-Q001,醫學（一）,114,2025,114090,1301,1,anatomyQuestions.ts
MOEX-114090-1301-Q002,MOEX-114090-1301-Q002,醫學（一）,114,2025,114090,1301,2,anatomyQuestions.ts
MOEX-114090-1301-Q003,MOEX-114090-1301-Q003,醫學（一）,114,2025,114090,1301,3,anatomyQuestions.ts
MOEX-114090-1301-Q004,MOEX-114090-1301-Q004,醫學（一）,114,2025,114090,1301,4,anatomyQuestions.ts
MOEX-114090-1301-Q005,MOEX-114090-1301-Q005,醫學（一）,114,2025,114090,1301,5,anatomyQuestions.ts
MOEX-114090-1301-Q006,MOEX-114090-1301-Q006,醫學（一）,114,2025,114090,1301,6,anatomyQuestions.ts
MOEX-114090-1301-Q007,MOEX-114090-1301-Q007,醫學（一）,114,2025,114090,1301,7,anatomyQuestions.ts
MOEX-114090-1301-Q008,MOEX-114090-1301-Q008,醫學（一）,114,2025,114090,1301,8,moex_med1_remaining_detailed_v4_merged_001_1827.ts
MOEX-114090-1301-Q009,MOEX-114090-1301-Q009,醫學（一）,114,2025,114090,1301,9,anatomyQuestions.ts
MOEX-114090-1301-Q010,MOEX-114090-1301-Q010,醫學（一）,114,2025,114090,1301,10,moex_med1_remaining_detailed_v4_merged_001_1827.ts
MOEX-114090-1301-Q011,MOEX-114090-1301-Q011,醫學（一）,114,2025,114090,1301,11,anatomyQuestions.ts
MOEX-114090-1301-Q012,MOEX-114090-1301-Q012,醫學（一）,114,2025,114090,1301,12,moex_med1_remaining_detailed_v4_merged_001_1827.ts
MOEX-114090-1301-Q013,MOEX-114090-1301-Q013,醫學（一）,114,2025,114090,1301,13,anatomyQuestions.ts
MOEX-114090-1301-Q014,MOEX-114090-1301-Q014,醫學（一）,114,2025,114090,1301,14,anatomyQuestions.ts
MOEX-114090-1301-Q015,MOEX-114090-1301-Q015,醫學（一）,114,2025,114090,1301,15,anatomyQuestions.ts
MOEX-114090-1301-Q016,MOEX-114090-1301-Q016,醫學（一）,114,2025,114090,1301,16,anatomyQuestions.ts
MOEX-114090-1301-Q017,MOEX-114090-1301-Q017,醫學（一）,114,2025,114090,1301,17,anatomyQuestions.ts
MOEX-114090-1301-Q018,MOEX-114090-1301-Q018,醫學（一）,114,2025,114090,1301,18,anatomyQuestions.ts
MOEX-114090-1301-Q019,MOEX-114090-1301-Q019,醫學（一）,114,2025,114090,1301,19,anatomyQuestions.ts
MOEX-114090-1301-Q020,MOEX-114090-1301-Q020,醫學（一）,114,2025,114090,1301,20,anatomyQuestions.ts
MOEX-114090-1301-Q021,MOEX-114090-1301-Q021,醫學（一）,114,2025,114090,1301,21,anatomyQuestions.ts
MOEX-114090-1301-Q022,MOEX-114090-1301-Q022,醫學（一）,114,2025,114090,1301,22,anatomyQuestions.ts
MOEX-114090-1301-Q023,MOEX-114090-1301-Q023,醫學（一）,114,2025,114090,1301,23,moex_med1_remaining_detailed_v4_merged_001_1827.ts
MOEX-114090-1301-Q024,MOEX-114090-1301-Q024,醫學（一）,114,2025,114090,1301,24,moex_med1_remaining_detailed_v4_merged_001_1827.ts
MOEX-114090-1301-Q025,MOEX-114090-1301-Q025,醫學（一）,114,2025,114090,1301,25,anatomyQuestions.ts
MOEX-114090-1301-Q026,MOEX-114090-1301-Q026,醫學（一）,114,2025,114090,1301,26,anatomyQuestions.ts
MOEX-114090-1301-Q027,MOEX-114090-1301-Q027,醫學（一）,114,2025,114090,1301,27,anatomyQuestions.ts
MOEX-114090-1301-Q028,MOEX-114090-1301-Q028,醫學（一）,114,2025,114090,1301,28,anatomyQuestions.ts
MOEX-114090-1301-Q029,MOEX-114090-1301-Q029,醫學（一）,114,2025,114090,1301,29,anatomyQuestions.ts
MOEX-114090-1301-Q030,MOEX-114090-1301-Q030,醫學（一）,114,2025,114090,1301,30,moex_med1_remaining_detailed_v4_merged_001_1827.ts
MOEX-114090-1301-Q031,MOEX-114090-1301-Q031,醫學（一）,114,2025,114090,1301,31,anatomyQuestions.ts
MOEX-114090-1301-Q032,MOEX-114090-1301-Q032,醫學（一）,114,2025,114090,1301,32,moex_med1_remaining_detailed_v4_merged_001_1827.ts
MOEX-114090-1301-Q033,MOEX-114090-1301-Q033,醫學（一）,114,2025,114090,1301,33,anatomyQuestions.ts
MOEX-114090-1301-Q034,MOEX-114090-1301-Q034,醫學（一）,114,2025,114090,1301,34,anatomyQuestions.ts
MOEX-114090-1301-Q035,MOEX-114090-1301-Q035,醫學（一）,114,2025,114090,1301,35,moex_med1_remaining_detailed_v4_merged_001_1827.ts
MOEX-114090-1301-Q036,MOEX-114090-1301-Q036,醫學（一）,114,2025,114090,1301,36,anatomyQuestions.ts
MOEX-114090-1301-Q037,MOEX-114090-1301-Q037,醫學（一）,114,2025,114090,1301,37,moex_med1_remaining_detailed_v4_merged_001_1827.ts
MOEX-114090-1301-Q038,MOEX-114090-1301-Q038,醫學（一）,114,2025,114090,1301,38,moex_med1_remaining_detailed_v4_merged_001_1827.ts
MOEX-114090-1301-Q039,MOEX-114090-1301-Q039,醫學（一）,114,2025,114090,1301,39,moex_med1_remaining_detailed_v4_merged_001_1827.ts
MOEX-114090-1301-Q040,MOEX-114090-1301-Q040,醫學（一）,114,2025,114090,1301,40,moex_med1_remaining_detailed_v4_merged_001_1827.ts
MOEX-114090-1301-Q041,MOEX-114090-1301-Q041,醫學（一）,114,2025,114090,1301,41,moex_med1_remaining_detailed_v4_merged_001_1827.ts
MOEX-114090-1301-Q042,MOEX-114090-1301-Q042,醫學（一）,114,2025,114090,1301,42,moex_med1_remaining_detailed_v4_merged_001_1827.ts
MOEX-114090-1301-Q043,MOEX-114090-1301-Q043,醫學（一）,114,2025,114090,1301,43,anatomyQuestions.ts
MOEX-114090-1301-Q044,MOEX-114090-1301-Q044,醫學（一）,114,2025,114090,1301,44,moex_med1_remaining_detailed_v4_merged_001_1827.ts
MOEX-114090-1301-Q045,MOEX-114090-1301-Q045,醫學（一）,114,2025,114090,1301,45,moex_med1_remaining_detailed_v4_merged_001_1827.ts
MOEX-114090-1301-Q046,MOEX-114090-1301-Q046,醫學（一）,114,2025,114090,1301,46,moex_med1_remaining_detailed_v4_merged_001_1827.ts
MOEX-114090-1301-Q047,MOEX-114090-1301-Q047,醫學（一）,114,2025,114090,1301,47,moex_med1_remaining_detailed_v4_merged_001_1827.ts
MOEX-114090-1301-Q048,MOEX-114090-1301-Q048,醫學（一）,114,2025,114090,1301,48,moex_med1_remaining_detailed_v4_merged_001_1827.ts
MOEX-114090-1301-Q049,MOEX-114090-1301-Q049,醫學（一）,114,2025,114090,1301,49,moex_med1_remaining_detailed_v4_merged_001_1827.ts
MOEX-114090-1301-Q050,MOEX-114090-1301-Q050,醫學（一）,114,2025,114090,1301,50,anatomyQuestions.ts
MOEX-114090-1301-Q051,MOEX-114090-1301-Q051,醫學（一）,114,2025,114090,1301,51,anatomyQuestions.ts
MOEX-114090-1301-Q052,MOEX-114090-1301-Q052,醫學（一）,114,2025,114090,1301,52,moex_med1_remaining_detailed_v4_merged_001_1827.ts
MOEX-114090-1301-Q053,MOEX-114090-1301-Q053,醫學（一）,114,2025,114090,1301,53,moex_med1_remaining_detailed_v4_merged_001_1827.ts
MOEX-114090-1301-Q054,MOEX-114090-1301-Q054,醫學（一）,114,2025,114090,1301,54,anatomyQuestions.ts
MOEX-114090-1301-Q055,MOEX-114090-1301-Q055,醫學（一）,114,2025,114090,1301,55,moex_med1_remaining_detailed_v4_merged_001_1827.ts
MOEX-114090-1301-Q056,MOEX-114090-1301-Q056,醫學（一）,114,2025,114090,1301,56,moex_med1_remaining_detailed_v4_merged_001_1827.ts
MOEX-114090-1301-Q057,MOEX-114090-1301-Q057,醫學（一）,114,2025,114090,1301,57,moex_med1_remaining_detailed_v4_merged_001_1827.ts
MOEX-114090-1301-Q058,MOEX-114090-1301-Q058,醫學（一）,114,2025,114090,1301,58,moex_med1_remaining_detailed_v4_merged_001_1827.ts
MOEX-114090-1301-Q059,MOEX-114090-1301-Q059,醫學（一）,114,2025,114090,1301,59,anatomyQuestions.ts
MOEX-114090-1301-Q060,MOEX-114090-1301-Q060,醫學（一）,114,2025,114090,1301,60,anatomyQuestions.ts
MOEX-114090-1301-Q061,MOEX-114090-1301-Q061,醫學（一）,114,2025,114090,1301,61,anatomyQuestions.ts
MOEX-114090-1301-Q062,MOEX-114090-1301-Q062,醫學（一）,114,2025,114090,1301,62,anatomyQuestions.ts
MOEX-114090-1301-Q063,MOEX-114090-1301-Q063,醫學（一）,114,2025,114090,1301,63,moex_med1_remaining_detailed_v4_merged_001_1827.ts
MOEX-114090-1301-Q064,MOEX-114090-1301-Q064,醫學（一）,114,2025,114090,1301,64,anatomyQuestions.ts
MOEX-114090-1301-Q065,MOEX-114090-1301-Q065,醫學（一）,114,2025,114090,1301,65,anatomyQuestions.ts
MOEX-114090-1301-Q066,MOEX-114090-1301-Q066,醫學（一）,114,2025,114090,1301,66,moex_med1_remaining_detailed_v4_merged_001_1827.ts
MOEX-114090-1301-Q067,MOEX-114090-1301-Q067,醫學（一）,114,2025,114090,1301,67,moex_med1_remaining_detailed_v4_merged_001_1827.ts
MOEX-114090-1301-Q068,MOEX-114090-1301-Q068,醫學（一）,114,2025,114090,1301,68,anatomyQuestions.ts
MOEX-114090-1301-Q069,MOEX-114090-1301-Q069,醫學（一）,114,2025,114090,1301,69,moex_med1_remaining_detailed_v4_merged_001_1827.ts
MOEX-114090-1301-Q070,MOEX-114090-1301-Q070,醫學（一）,114,2025,114090,1301,70,moex_med1_remaining_detailed_v4_merged_001_1827.ts
MOEX-114090-1301-Q071,MOEX-114090-1301-Q071,醫學（一）,114,2025,114090,1301,71,moex_med1_remaining_detailed_v4_merged_001_1827.ts
MOEX-114090-1301-Q072,MOEX-114090-1301-Q072,醫學（一）,114,2025,114090,1301,72,moex_med1_remaining_detailed_v4_merged_001_1827.ts
MOEX-114090-1301-Q073,MOEX-114090-1301-Q073,醫學（一）,114,2025,114090,1301,73,anatomyQuestions.ts
MOEX-114090-1301-Q074,MOEX-114090-1301-Q074,醫學（一）,114,2025,114090,1301,74,moex_med1_remaining_detailed_v4_merged_001_1827.ts
MOEX-114090-1301-Q075,MOEX-114090-1301-Q075,醫學（一）,114,2025,114090,1301,75,moex_med1_remaining_detailed_v4_merged_001_1827.ts
MOEX-114090-1301-Q076,MOEX-114090-1301-Q076,醫學（一）,114,2025,114090,1301,76,moex_med1_remaining_detailed_v4_merged_001_1827.ts
MOEX-114090-1301-Q077,MOEX-114090-1301-Q077,醫學（一）,114,2025,114090,1301,77,anatomyQuestions.ts
MOEX-114090-1301-Q078,MOEX-114090-1301-Q078,醫學（一）,114,2025,114090,1301,78,moex_med1_remaining_detailed_v4_merged_001_1827.ts
MOEX-114090-1301-Q079,MOEX-114090-1301-Q079,醫學（一）,114,2025,114090,1301,79,moex_med1_remaining_detailed_v4_merged_001_1827.ts
MOEX-114090-1301-Q080,MOEX-114090-1301-Q080,醫學（一）,114,2025,114090,1301,80,moex_med1_remaining_detailed_v4_merged_001_1827.ts
MOEX-114090-1301-Q081,MOEX-114090-1301-Q081,醫學（一）,114,2025,114090,1301,81,moex_med1_remaining_detailed_v4_merged_001_1827.ts
MOEX-114090-1301-Q082,MOEX-114090-1301-Q082,醫學（一）,114,2025,114090,1301,82,moex_med1_remaining_detailed_v4_merged_001_1827.ts
MOEX-114090-1301-Q083,MOEX-114090-1301-Q083,醫學（一）,114,2025,114090,1301,83,moex_med1_remaining_detailed_v4_merged_001_1827.ts
MOEX-114090-1301-Q084,MOEX-114090-1301-Q084,醫學（一）,114,2025,114090,1301,84,moex_med1_remaining_detailed_v4_merged_001_1827.ts
MOEX-114090-1301-Q085,MOEX-114090-1301-Q085,醫學（一）,114,2025,114090,1301,85,moex_med1_remaining_detailed_v4_merged_001_1827.ts
MOEX-114090-1301-Q086,MOEX-114090-1301-Q086,醫學（一）,114,2025,114090,1301,86,moex_med1_remaining_detailed_v4_merged_001_1827.ts
MOEX-114090-1301-Q087,MOEX-114090-1301-Q087,醫學（一）,114,2025,114090,1301,87,moex_med1_remaining_detailed_v4_merged_001_1827.ts
MOEX-114090-1301-Q088,MOEX-114090-1301-Q088,醫學（一）,114,2025,114090,1301,88,moex_med1_remaining_detailed_v4_merged_001_1827.ts
MOEX-114090-1301-Q089,MOEX-114090-1301-Q089,醫學（一）,114,2025,114090,1301,89,anatomyQuestions.ts
MOEX-114090-1301-Q090,MOEX-114090-1301-Q090,醫學（一）,114,2025,114090,1301,90,moex_med1_remaining_detailed_v4_merged_001_1827.ts
MOEX-114090-1301-Q091,MOEX-114090-1301-Q091,醫學（一）,114,2025,114090,1301,91,moex_med1_remaining_detailed_v4_merged_001_1827.ts
MOEX-114090-1301-Q092,MOEX-114090-1301-Q092,醫學（一）,114,2025,114090,1301,92,moex_med1_remaining_detailed_v4_merged_001_1827.ts
MOEX-114090-1301-Q093,MOEX-114090-1301-Q093,醫學（一）,114,2025,114090,1301,93,moex_med1_remaining_detailed_v4_merged_001_1827.ts
MOEX-114090-1301-Q094,MOEX-114090-1301-Q094,醫學（一）,114,2025,114090,1301,94,moex_med1_remaining_detailed_v4_merged_001_1827.ts
MOEX-114090-1301-Q095,MOEX-114090-1301-Q095,醫學（一）,114,2025,114090,1301,95,anatomyQuestions.ts
MOEX-114090-1301-Q096,MOEX-114090-1301-Q096,醫學（一）,114,2025,114090,1301,96,moex_med1_remaining_detailed_v4_merged_001_1827.ts
MOEX-114090-1301-Q097,MOEX-114090-1301-Q097,醫學（一）,114,2025,114090,1301,97,moex_med1_remaining_detailed_v4_merged_001_1827.ts
MOEX-114090-1301-Q098,MOEX-114090-1301-Q098,醫學（一）,114,2025,114090,1301,98,moex_med1_remaining_detailed_v4_merged_001_1827.ts
MOEX-114090-1301-Q099,MOEX-114090-1301-Q099,醫學（一）,114,2025,114090,1301,99,moex_med1_remaining_detailed_v4_merged_001_1827.ts
MOEX-114090-1301-Q100,MOEX-114090-1301-Q100,醫學（一）,114,2025,114090,1301,100,moex_med1_remaining_detailed_v4_merged_001_1827.ts
MOEX-114020-2301-Q001,MOEX-114020-2301-Q001,醫學（二）,114,2025,114020,2301,1,moex_med_stage2_detailed_merged_001_3100_classified_v3.json
MOEX-114020-2301-Q002,MOEX-114020-2301-Q002,醫學（二）,114,2025,114020,2301,2,moex_med_stage2_detailed_merged_001_3100_classified_v3.json
MOEX-114020-2301-Q003,MOEX-114020-2301-Q003,醫學（二）,114,2025,114020,2301,3,moex_med_stage2_detailed_merged_001_3100_classified_v3.json
MOEX-114020-2301-Q004,MOEX-114020-2301-Q004,醫學（二）,114,2025,114020,2301,4,moex_med_stage2_detailed_merged_001_3100_classified_v3.json
MOEX-114020-2301-Q005,MOEX-114020-2301-Q005,醫學（二）,114,2025,114020,2301,5,moex_med_stage2_detailed_merged_001_3100_classified_v3.json
MOEX-114020-2301-Q006,MOEX-114020-2301-Q006,醫學（二）,114,2025,114020,2301,6,moex_med_stage2_detailed_merged_001_3100_classified_v3.json
MOEX-114020-2301-Q007,MOEX-114020-2301-Q007,醫學（二）,114,2025,114020,2301,7,moex_med_stage2_detailed_merged_001_3100_classified_v3.json
MOEX-114020-2301-Q008,MOEX-114020-2301-Q008,醫學（二）,114,2025,114020,2301,8,moex_med_stage2_detailed_merged_001_3100_classified_v3.json
MOEX-114020-2301-Q009,MOEX-114020-2301-Q009,醫學（二）,114,2025,114020,2301,9,moex_med_stage2_detailed_merged_001_3100_classified_v3.json
MOEX-114020-2301-Q010,MOEX-114020-2301-Q010,醫學（二）,114,2025,114020,2301,10,moex_med_stage2_detailed_merged_001_3100_classified_v3.json
MOEX-114020-2301-Q011,MOEX-114020-2301-Q011,醫學（二）,114,2025,114020,2301,11,moex_med_stage2_detailed_merged_001_3100_classified_v3.json
MOEX-114020-2301-Q012,MOEX-114020-2301-Q012,醫學（二）,114,2025,114020,2301,12,moex_med_stage2_detailed_merged_001_3100_classified_v3.json
MOEX-114020-2301-Q013,MOEX-114020-2301-Q013,醫學（二）,114,2025,114020,2301,13,moex_med_stage2_detailed_merged_001_3100_classified_v3.json
MOEX-114020-2301-Q014,MOEX-114020-2301-Q014,醫學（二）,114,2025,114020,2301,14,moex_med_stage2_detailed_merged_001_3100_classified_v3.json
MOEX-114020-2301-Q015,MOEX-114020-2301-Q015,醫學（二）,114,2025,114020,2301,15,moex_med_stage2_detailed_merged_001_3100_classified_v3.json
MOEX-114020-2301-Q016,MOEX-114020-2301-Q016,醫學（二）,114,2025,114020,2301,16,moex_med_stage2_detailed_merged_001_3100_classified_v3.json
MOEX-114020-2301-Q017,MOEX-114020-2301-Q017,醫學（二）,114,2025,114020,2301,17,moex_med_stage2_detailed_merged_001_3100_classified_v3.json
MOEX-114020-2301-Q018,MOEX-114020-2301-Q018,醫學（二）,114,2025,114020,2301,18,moex_med_stage2_detailed_merged_001_3100_classified_v3.json
MOEX-114020-2301-Q019,MOEX-114020-2301-Q019,醫學（二）,114,2025,114020,2301,19,moex_med_stage2_detailed_merged_001_3100_classified_v3.json
MOEX-114020-2301-Q020,MOEX-114020-2301-Q020,醫學（二）,114,2025,114020,2301,20,moex_med_stage2_detailed_merged_001_3100_classified_v3.json
MOEX-114020-2301-Q021,MOEX-114020-2301-Q021,醫學（二）,114,2025,114020,2301,21,moex_med_stage2_detailed_merged_001_3100_classified_v3.json
MOEX-114020-2301-Q022,MOEX-114020-2301-Q022,醫學（二）,114,2025,114020,2301,22,moex_med_stage2_detailed_merged_001_3100_classified_v3.json
MOEX-114020-2301-Q023,MOEX-114020-2301-Q023,醫學（二）,114,2025,114020,2301,23,moex_med_stage2_detailed_merged_001_3100_classified_v3.json
MOEX-114020-2301-Q024,MOEX-114020-2301-Q024,醫學（二）,114,2025,114020,2301,24,moex_med_stage2_detailed_merged_001_3100_classified_v3.json
MOEX-114020-2301-Q025,MOEX-114020-2301-Q025,醫學（二）,114,2025,114020,2301,25,moex_med_stage2_detailed_merged_001_3100_classified_v3.json
MOEX-114020-2301-Q026,MOEX-114020-2301-Q026,醫學（二）,114,2025,114020,2301,26,moex_med_stage2_detailed_merged_001_3100_classified_v3.json
MOEX-114020-2301-Q027,MOEX-114020-2301-Q027,醫學（二）,114,2025,114020,2301,27,moex_med_stage2_detailed_merged_001_3100_classified_v3.json
MOEX-114020-2301-Q028,MOEX-114020-2301-Q028,醫學（二）,114,2025,114020,2301,28,moex_med_stage2_detailed_merged_001_3100_classified_v3.json
MOEX-114020-2301-Q029,MOEX-114020-2301-Q029,醫學（二）,114,2025,114020,2301,29,moex_med_stage2_detailed_merged_001_3100_classified_v3.json
MOEX-114020-2301-Q030,MOEX-114020-2301-Q030,醫學（二）,114,2025,114020,2301,30,moex_med_stage2_detailed_merged_001_3100_classified_v3.json
MOEX-114020-2301-Q031,MOEX-114020-2301-Q031,醫學（二）,114,2025,114020,2301,31,moex_med_stage2_detailed_merged_001_3100_classified_v3.json
MOEX-114020-2301-Q032,MOEX-114020-2301-Q032,醫學（二）,114,2025,114020,2301,32,moex_med_stage2_detailed_merged_001_3100_classified_v3.json
MOEX-114020-2301-Q033,MOEX-114020-2301-Q033,醫學（二）,114,2025,114020,2301,33,moex_med_stage2_detailed_merged_001_3100_classified_v3.json
MOEX-114020-2301-Q034,MOEX-114020-2301-Q034,醫學（二）,114,2025,114020,2301,34,moex_med_stage2_detailed_merged_001_3100_classified_v3.json
MOEX-114020-2301-Q035,MOEX-114020-2301-Q035,醫學（二）,114,2025,114020,2301,35,moex_med_stage2_detailed_merged_001_3100_classified_v3.json
MOEX-114020-2301-Q036,MOEX-114020-2301-Q036,醫學（二）,114,2025,114020,2301,36,moex_med_stage2_detailed_merged_001_3100_classified_v3.json
MOEX-114020-2301-Q037,MOEX-114020-2301-Q037,醫學（二）,114,2025,114020,2301,37,moex_med_stage2_detailed_merged_001_3100_classified_v3.json
MOEX-114020-2301-Q038,MOEX-114020-2301-Q038,醫學（二）,114,2025,114020,2301,38,moex_med_stage2_detailed_merged_001_3100_classified_v3.json
MOEX-114020-2301-Q039,MOEX-114020-2301-Q039,醫學（二）,114,2025,114020,2301,39,moex_med_stage2_detailed_merged_001_3100_classified_v3.json
MOEX-114020-2301-Q040,MOEX-114020-2301-Q040,醫學（二）,114,2025,114020,2301,40,moex_med_stage2_detailed_merged_001_3100_classified_v3.json
MOEX-114020-2301-Q041,MOEX-114020-2301-Q041,醫學（二）,114,2025,114020,2301,41,moex_med_stage2_detailed_merged_001_3100_classified_v3.json
MOEX-114020-2301-Q042,MOEX-114020-2301-Q042,醫學（二）,114,2025,114020,2301,42,moex_med_stage2_detailed_merged_001_3100_classified_v3.json
MOEX-114020-2301-Q043,MOEX-114020-2301-Q043,醫學（二）,114,2025,114020,2301,43,moex_med_stage2_detailed_merged_001_3100_classified_v3.json
MOEX-114020-2301-Q044,MOEX-114020-2301-Q044,醫學（二）,114,2025,114020,2301,44,moex_med_stage2_detailed_merged_001_3100_classified_v3.json
MOEX-114020-2301-Q045,MOEX-114020-2301-Q045,醫學（二）,114,2025,114020,2301,45,moex_med_stage2_detailed_merged_001_3100_classified_v3.json
MOEX-114020-2301-Q046,MOEX-114020-2301-Q046,醫學（二）,114,2025,114020,2301,46,moex_med_stage2_detailed_merged_001_3100_classified_v3.json
MOEX-114020-2301-Q047,MOEX-114020-2301-Q047,醫學（二）,114,2025,114020,2301,47,moex_med_stage2_detailed_merged_001_3100_classified_v3.json
MOEX-114020-2301-Q048,MOEX-114020-2301-Q048,醫學（二）,114,2025,114020,2301,48,moex_med_stage2_detailed_merged_001_3100_classified_v3.json
MOEX-114020-2301-Q049,MOEX-114020-2301-Q049,醫學（二）,114,2025,114020,2301,49,moex_med_stage2_detailed_merged_001_3100_classified_v3.json
MOEX-114020-2301-Q050,MOEX-114020-2301-Q050,醫學（二）,114,2025,114020,2301,50,moex_med_stage2_detailed_merged_001_3100_classified_v3.json
MOEX-114020-2301-Q051,MOEX-114020-2301-Q051,醫學（二）,114,2025,114020,2301,51,moex_med_stage2_detailed_merged_001_3100_classified_v3.json
MOEX-114020-2301-Q052,MOEX-114020-2301-Q052,醫學（二）,114,2025,114020,2301,52,moex_med_stage2_detailed_merged_001_3100_classified_v3.json
MOEX-114020-2301-Q053,MOEX-114020-2301-Q053,醫學（二）,114,2025,114020,2301,53,moex_med_stage2_detailed_merged_001_3100_classified_v3.json
MOEX-114020-2301-Q054,MOEX-114020-2301-Q054,醫學（二）,114,2025,114020,2301,54,moex_med_stage2_detailed_merged_001_3100_classified_v3.json
MOEX-114020-2301-Q055,MOEX-114020-2301-Q055,醫學（二）,114,2025,114020,2301,55,moex_med_stage2_detailed_merged_001_3100_classified_v3.json
MOEX-114020-2301-Q056,MOEX-114020-2301-Q056,醫學（二）,114,2025,114020,2301,56,moex_med_stage2_detailed_merged_001_3100_classified_v3.json
MOEX-114020-2301-Q057,MOEX-114020-2301-Q057,醫學（二）,114,2025,114020,2301,57,moex_med_stage2_detailed_merged_001_3100_classified_v3.json
MOEX-114020-2301-Q058,MOEX-114020-2301-Q058,醫學（二）,114,2025,114020,2301,58,moex_med_stage2_detailed_merged_001_3100_classified_v3.json
MOEX-114020-2301-Q059,MOEX-114020-2301-Q059,醫學（二）,114,2025,114020,2301,59,moex_med_stage2_detailed_merged_001_3100_classified_v3.json
MOEX-114020-2301-Q060,MOEX-114020-2301-Q060,醫學（二）,114,2025,114020,2301,60,moex_med_stage2_detailed_merged_001_3100_classified_v3.json
MOEX-114020-2301-Q061,MOEX-114020-2301-Q061,醫學（二）,114,2025,114020,2301,61,moex_med_stage2_detailed_merged_001_3100_classified_v3.json
MOEX-114020-2301-Q062,MOEX-114020-2301-Q062,醫學（二）,114,2025,114020,2301,62,moex_med_stage2_detailed_merged_001_3100_classified_v3.json
MOEX-114020-2301-Q063,MOEX-114020-2301-Q063,醫學（二）,114,2025,114020,2301,63,moex_med_stage2_detailed_merged_001_3100_classified_v3.json
MOEX-114020-2301-Q064,MOEX-114020-2301-Q064,醫學（二）,114,2025,114020,2301,64,moex_med_stage2_detailed_merged_001_3100_classified_v3.json
MOEX-114020-2301-Q065,MOEX-114020-2301-Q065,醫學（二）,114,2025,114020,2301,65,moex_med_stage2_detailed_merged_001_3100_classified_v3.json
MOEX-114020-2301-Q066,MOEX-114020-2301-Q066,醫學（二）,114,2025,114020,2301,66,moex_med_stage2_detailed_merged_001_3100_classified_v3.json
MOEX-114020-2301-Q067,MOEX-114020-2301-Q067,醫學（二）,114,2025,114020,2301,67,moex_med_stage2_detailed_merged_001_3100_classified_v3.json
MOEX-114020-2301-Q068,MOEX-114020-2301-Q068,醫學（二）,114,2025,114020,2301,68,moex_med_stage2_detailed_merged_001_3100_classified_v3.json
MOEX-114020-2301-Q069,MOEX-114020-2301-Q069,醫學（二）,114,2025,114020,2301,69,moex_med_stage2_detailed_merged_001_3100_classified_v3.json
MOEX-114020-2301-Q070,MOEX-114020-2301-Q070,醫學（二）,114,2025,114020,2301,70,moex_med_stage2_detailed_merged_001_3100_classified_v3.json
MOEX-114020-2301-Q071,MOEX-114020-2301-Q071,醫學（二）,114,2025,114020,2301,71,moex_med_stage2_detailed_merged_001_3100_classified_v3.json
MOEX-114020-2301-Q072,MOEX-114020-2301-Q072,醫學（二）,114,2025,114020,2301,72,moex_med_stage2_detailed_merged_001_3100_classified_v3.json
MOEX-114020-2301-Q073,MOEX-114020-2301-Q073,醫學（二）,114,2025,114020,2301,73,moex_med_stage2_detailed_merged_001_3100_classified_v3.json
MOEX-114020-2301-Q074,MOEX-114020-2301-Q074,醫學（二）,114,2025,114020,2301,74,moex_med_stage2_detailed_merged_001_3100_classified_v3.json
MOEX-114020-2301-Q075,MOEX-114020-2301-Q075,醫學（二）,114,2025,114020,2301,75,moex_med_stage2_detailed_merged_001_3100_classified_v3.json
MOEX-114020-2301-Q076,MOEX-114020-2301-Q076,醫學（二）,114,2025,114020,2301,76,moex_med_stage2_detailed_merged_001_3100_classified_v3.json
MOEX-114020-2301-Q077,MOEX-114020-2301-Q077,醫學（二）,114,2025,114020,2301,77,moex_med_stage2_detailed_merged_001_3100_classified_v3.json
MOEX-114020-2301-Q078,MOEX-114020-2301-Q078,醫學（二）,114,2025,114020,2301,78,moex_med_stage2_detailed_merged_001_3100_classified_v3.json
MOEX-114020-2301-Q079,MOEX-114020-2301-Q079,醫學（二）,114,2025,114020,2301,79,moex_med_stage2_detailed_merged_001_3100_classified_v3.json
MOEX-114020-2301-Q080,MOEX-114020-2301-Q080,醫學（二）,114,2025,114020,2301,80,moex_med_stage2_detailed_merged_001_3100_classified_v3.json
MOEX-114020-2301-Q081,MOEX-114020-2301-Q081,醫學（二）,114,2025,114020,2301,81,moex_med_stage2_detailed_merged_001_3100_classified_v3.json
MOEX-114020-2301-Q082,MOEX-114020-2301-Q082,醫學（二）,114,2025,114020,2301,82,moex_med_stage2_detailed_merged_001_3100_classified_v3.json
MOEX-114020-2301-Q083,MOEX-114020-2301-Q083,醫學（二）,114,2025,114020,2301,83,moex_med_stage2_detailed_merged_001_3100_classified_v3.json
MOEX-114020-2301-Q084,MOEX-114020-2301-Q084,醫學（二）,114,2025,114020,2301,84,moex_med_stage2_detailed_merged_001_3100_classified_v3.json
MOEX-114020-2301-Q085,MOEX-114020-2301-Q085,醫學（二）,114,2025,114020,2301,85,moex_med_stage2_detailed_merged_001_3100_classified_v3.json
MOEX-114020-2301-Q086,MOEX-114020-2301-Q086,醫學（二）,114,2025,114020,2301,86,moex_med_stage2_detailed_merged_001_3100_classified_v3.json
MOEX-114020-2301-Q087,MOEX-114020-2301-Q087,醫學（二）,114,2025,114020,2301,87,moex_med_stage2_detailed_merged_001_3100_classified_v3.json
MOEX-114020-2301-Q088,MOEX-114020-2301-Q088,醫學（二）,114,2025,114020,2301,88,moex_med_stage2_detailed_merged_001_3100_classified_v3.json
MOEX-114020-2301-Q089,MOEX-114020-2301-Q089,醫學（二）,114,2025,114020,2301,89,moex_med_stage2_detailed_merged_001_3100_classified_v3.json
MOEX-114020-2301-Q090,MOEX-114020-2301-Q090,醫學（二）,114,2025,114020,2301,90,moex_med_stage2_detailed_merged_001_3100_classified_v3.json
MOEX-114020-2301-Q091,MOEX-114020-2301-Q091,醫學（二）,114,2025,114020,2301,91,moex_med_stage2_detailed_merged_001_3100_classified_v3.json
MOEX-114020-2301-Q092,MOEX-114020-2301-Q092,醫學（二）,114,2025,114020,2301,92,moex_med_stage2_detailed_merged_001_3100_classified_v3.json
MOEX-114020-2301-Q093,MOEX-114020-2301-Q093,醫學（二）,114,2025,114020,2301,93,moex_med_stage2_detailed_merged_001_3100_classified_v3.json
MOEX-114020-2301-Q094,MOEX-114020-2301-Q094,醫學（二）,114,2025,114020,2301,94,moex_med_stage2_detailed_merged_001_3100_classified_v3.json
MOEX-114020-2301-Q095,MOEX-114020-2301-Q095,醫學（二）,114,2025,114020,2301,95,moex_med_stage2_detailed_merged_001_3100_classified_v3.json
MOEX-114020-2301-Q096,MOEX-114020-2301-Q096,醫學（二）,114,2025,114020,2301,96,moex_med_stage2_detailed_merged_001_3100_classified_v3.json
MOEX-114020-2301-Q097,MOEX-114020-2301-Q097,醫學（二）,114,2025,114020,2301,97,moex_med_stage2_detailed_merged_001_3100_classified_v3.json
MOEX-114020-2301-Q098,MOEX-114020-2301-Q098,醫學（二）,114,2025,114020,2301,98,moex_med_stage2_detailed_merged_001_3100_classified_v3.json
MOEX-114020-2301-Q099,MOEX-114020-2301-Q099,醫學（二）,114,2025,114020,2301,99,moex_med_stage2_detailed_merged_001_3100_classified_v3.json
MOEX-114020-2301-Q100,MOEX-114020-2301-Q100,醫學（二）,114,2025,114020,2301,100,moex_med_stage2_detailed_merged_001_3100_classified_v3.json
MOEX-114090-2301-Q001,MOEX-114090-2301-Q001,醫學（二）,114,2025,114090,2301,1,moex_med_stage2_detailed_merged_001_3100_classified_v3.json
MOEX-114090-2301-Q002,MOEX-114090-2301-Q002,醫學（二）,114,2025,114090,2301,2,moex_med_stage2_detailed_merged_001_3100_classified_v3.json
MOEX-114090-2301-Q003,MOEX-114090-2301-Q003,醫學（二）,114,2025,114090,2301,3,moex_med_stage2_detailed_merged_001_3100_classified_v3.json
MOEX-114090-2301-Q004,MOEX-114090-2301-Q004,醫學（二）,114,2025,114090,2301,4,moex_med_stage2_detailed_merged_001_3100_classified_v3.json
MOEX-114090-2301-Q005,MOEX-114090-2301-Q005,醫學（二）,114,2025,114090,2301,5,moex_med_stage2_detailed_merged_001_3100_classified_v3.json
MOEX-114090-2301-Q006,MOEX-114090-2301-Q006,醫學（二）,114,2025,114090,2301,6,moex_med_stage2_detailed_merged_001_3100_classified_v3.json
MOEX-114090-2301-Q007,MOEX-114090-2301-Q007,醫學（二）,114,2025,114090,2301,7,moex_med_stage2_detailed_merged_001_3100_classified_v3.json
MOEX-114090-2301-Q008,MOEX-114090-2301-Q008,醫學（二）,114,2025,114090,2301,8,moex_med_stage2_detailed_merged_001_3100_classified_v3.json
MOEX-114090-2301-Q009,MOEX-114090-2301-Q009,醫學（二）,114,2025,114090,2301,9,moex_med_stage2_detailed_merged_001_3100_classified_v3.json
MOEX-114090-2301-Q010,MOEX-114090-2301-Q010,醫學（二）,114,2025,114090,2301,10,moex_med_stage2_detailed_merged_001_3100_classified_v3.json
MOEX-114090-2301-Q011,MOEX-114090-2301-Q011,醫學（二）,114,2025,114090,2301,11,moex_med_stage2_detailed_merged_001_3100_classified_v3.json
MOEX-114090-2301-Q012,MOEX-114090-2301-Q012,醫學（二）,114,2025,114090,2301,12,moex_med_stage2_detailed_merged_001_3100_classified_v3.json
MOEX-114090-2301-Q013,MOEX-114090-2301-Q013,醫學（二）,114,2025,114090,2301,13,moex_med_stage2_detailed_merged_001_3100_classified_v3.json
MOEX-114090-2301-Q014,MOEX-114090-2301-Q014,醫學（二）,114,2025,114090,2301,14,moex_med_stage2_detailed_merged_001_3100_classified_v3.json
MOEX-114090-2301-Q015,MOEX-114090-2301-Q015,醫學（二）,114,2025,114090,2301,15,moex_med_stage2_detailed_merged_001_3100_classified_v3.json
MOEX-114090-2301-Q016,MOEX-114090-2301-Q016,醫學（二）,114,2025,114090,2301,16,moex_med_stage2_detailed_merged_001_3100_classified_v3.json
MOEX-114090-2301-Q017,MOEX-114090-2301-Q017,醫學（二）,114,2025,114090,2301,17,moex_med_stage2_detailed_merged_001_3100_classified_v3.json
MOEX-114090-2301-Q018,MOEX-114090-2301-Q018,醫學（二）,114,2025,114090,2301,18,moex_med_stage2_detailed_merged_001_3100_classified_v3.json
MOEX-114090-2301-Q019,MOEX-114090-2301-Q019,醫學（二）,114,2025,114090,2301,19,moex_med_stage2_detailed_merged_001_3100_classified_v3.json
MOEX-114090-2301-Q020,MOEX-114090-2301-Q020,醫學（二）,114,2025,114090,2301,20,moex_med_stage2_detailed_merged_001_3100_classified_v3.json
MOEX-114090-2301-Q021,MOEX-114090-2301-Q021,醫學（二）,114,2025,114090,2301,21,moex_med_stage2_detailed_merged_001_3100_classified_v3.json
MOEX-114090-2301-Q022,MOEX-114090-2301-Q022,醫學（二）,114,2025,114090,2301,22,moex_med_stage2_detailed_merged_001_3100_classified_v3.json
MOEX-114090-2301-Q023,MOEX-114090-2301-Q023,醫學（二）,114,2025,114090,2301,23,moex_med_stage2_detailed_merged_001_3100_classified_v3.json
MOEX-114090-2301-Q024,MOEX-114090-2301-Q024,醫學（二）,114,2025,114090,2301,24,moex_med_stage2_detailed_merged_001_3100_classified_v3.json
MOEX-114090-2301-Q025,MOEX-114090-2301-Q025,醫學（二）,114,2025,114090,2301,25,moex_med_stage2_detailed_merged_001_3100_classified_v3.json
MOEX-114090-2301-Q026,MOEX-114090-2301-Q026,醫學（二）,114,2025,114090,2301,26,moex_med_stage2_detailed_merged_001_3100_classified_v3.json
MOEX-114090-2301-Q027,MOEX-114090-2301-Q027,醫學（二）,114,2025,114090,2301,27,moex_med_stage2_detailed_merged_001_3100_classified_v3.json
MOEX-114090-2301-Q028,MOEX-114090-2301-Q028,醫學（二）,114,2025,114090,2301,28,moex_med_stage2_detailed_merged_001_3100_classified_v3.json
MOEX-114090-2301-Q029,MOEX-114090-2301-Q029,醫學（二）,114,2025,114090,2301,29,moex_med_stage2_detailed_merged_001_3100_classified_v3.json
MOEX-114090-2301-Q030,MOEX-114090-2301-Q030,醫學（二）,114,2025,114090,2301,30,moex_med_stage2_detailed_merged_001_3100_classified_v3.json
MOEX-114090-2301-Q031,MOEX-114090-2301-Q031,醫學（二）,114,2025,114090,2301,31,moex_med_stage2_detailed_merged_001_3100_classified_v3.json
MOEX-114090-2301-Q032,MOEX-114090-2301-Q032,醫學（二）,114,2025,114090,2301,32,moex_med_stage2_detailed_merged_001_3100_classified_v3.json
MOEX-114090-2301-Q033,MOEX-114090-2301-Q033,醫學（二）,114,2025,114090,2301,33,moex_med_stage2_detailed_merged_001_3100_classified_v3.json
MOEX-114090-2301-Q034,MOEX-114090-2301-Q034,醫學（二）,114,2025,114090,2301,34,moex_med_stage2_detailed_merged_001_3100_classified_v3.json
MOEX-114090-2301-Q035,MOEX-114090-2301-Q035,醫學（二）,114,2025,114090,2301,35,moex_med_stage2_detailed_merged_001_3100_classified_v3.json
MOEX-114090-2301-Q036,MOEX-114090-2301-Q036,醫學（二）,114,2025,114090,2301,36,moex_med_stage2_detailed_merged_001_3100_classified_v3.json
MOEX-114090-2301-Q037,MOEX-114090-2301-Q037,醫學（二）,114,2025,114090,2301,37,moex_med_stage2_detailed_merged_001_3100_classified_v3.json
MOEX-114090-2301-Q038,MOEX-114090-2301-Q038,醫學（二）,114,2025,114090,2301,38,moex_med_stage2_detailed_merged_001_3100_classified_v3.json
MOEX-114090-2301-Q039,MOEX-114090-2301-Q039,醫學（二）,114,2025,114090,2301,39,moex_med_stage2_detailed_merged_001_3100_classified_v3.json
MOEX-114090-2301-Q040,MOEX-114090-2301-Q040,醫學（二）,114,2025,114090,2301,40,moex_med_stage2_detailed_merged_001_3100_classified_v3.json
MOEX-114090-2301-Q041,MOEX-114090-2301-Q041,醫學（二）,114,2025,114090,2301,41,moex_med_stage2_detailed_merged_001_3100_classified_v3.json
MOEX-114090-2301-Q042,MOEX-114090-2301-Q042,醫學（二）,114,2025,114090,2301,42,moex_med_stage2_detailed_merged_001_3100_classified_v3.json
MOEX-114090-2301-Q043,MOEX-114090-2301-Q043,醫學（二）,114,2025,114090,2301,43,moex_med_stage2_detailed_merged_001_3100_classified_v3.json
MOEX-114090-2301-Q044,MOEX-114090-2301-Q044,醫學（二）,114,2025,114090,2301,44,moex_med_stage2_detailed_merged_001_3100_classified_v3.json
MOEX-114090-2301-Q045,MOEX-114090-2301-Q045,醫學（二）,114,2025,114090,2301,45,moex_med_stage2_detailed_merged_001_3100_classified_v3.json
MOEX-114090-2301-Q046,MOEX-114090-2301-Q046,醫學（二）,114,2025,114090,2301,46,moex_med_stage2_detailed_merged_001_3100_classified_v3.json
MOEX-114090-2301-Q047,MOEX-114090-2301-Q047,醫學（二）,114,2025,114090,2301,47,moex_med_stage2_detailed_merged_001_3100_classified_v3.json
MOEX-114090-2301-Q048,MOEX-114090-2301-Q048,醫學（二）,114,2025,114090,2301,48,moex_med_stage2_detailed_merged_001_3100_classified_v3.json
MOEX-114090-2301-Q049,MOEX-114090-2301-Q049,醫學（二）,114,2025,114090,2301,49,moex_med_stage2_detailed_merged_001_3100_classified_v3.json
MOEX-114090-2301-Q050,MOEX-114090-2301-Q050,醫學（二）,114,2025,114090,2301,50,moex_med_stage2_detailed_merged_001_3100_classified_v3.json
MOEX-114090-2301-Q051,MOEX-114090-2301-Q051,醫學（二）,114,2025,114090,2301,51,moex_med_stage2_detailed_merged_001_3100_classified_v3.json
MOEX-114090-2301-Q052,MOEX-114090-2301-Q052,醫學（二）,114,2025,114090,2301,52,moex_med_stage2_detailed_merged_001_3100_classified_v3.json
MOEX-114090-2301-Q053,MOEX-114090-2301-Q053,醫學（二）,114,2025,114090,2301,53,moex_med_stage2_detailed_merged_001_3100_classified_v3.json
MOEX-114090-2301-Q054,MOEX-114090-2301-Q054,醫學（二）,114,2025,114090,2301,54,moex_med_stage2_detailed_merged_001_3100_classified_v3.json
MOEX-114090-2301-Q055,MOEX-114090-2301-Q055,醫學（二）,114,2025,114090,2301,55,moex_med_stage2_detailed_merged_001_3100_classified_v3.json
MOEX-114090-2301-Q056,MOEX-114090-2301-Q056,醫學（二）,114,2025,114090,2301,56,moex_med_stage2_detailed_merged_001_3100_classified_v3.json
MOEX-114090-2301-Q057,MOEX-114090-2301-Q057,醫學（二）,114,2025,114090,2301,57,moex_med_stage2_detailed_merged_001_3100_classified_v3.json
MOEX-114090-2301-Q058,MOEX-114090-2301-Q058,醫學（二）,114,2025,114090,2301,58,moex_med_stage2_detailed_merged_001_3100_classified_v3.json
MOEX-114090-2301-Q059,MOEX-114090-2301-Q059,醫學（二）,114,2025,114090,2301,59,moex_med_stage2_detailed_merged_001_3100_classified_v3.json
MOEX-114090-2301-Q060,MOEX-114090-2301-Q060,醫學（二）,114,2025,114090,2301,60,moex_med_stage2_detailed_merged_001_3100_classified_v3.json
MOEX-114090-2301-Q061,MOEX-114090-2301-Q061,醫學（二）,114,2025,114090,2301,61,moex_med_stage2_detailed_merged_001_3100_classified_v3.json
MOEX-114090-2301-Q062,MOEX-114090-2301-Q062,醫學（二）,114,2025,114090,2301,62,moex_med_stage2_detailed_merged_001_3100_classified_v3.json
MOEX-114090-2301-Q063,MOEX-114090-2301-Q063,醫學（二）,114,2025,114090,2301,63,moex_med_stage2_detailed_merged_001_3100_classified_v3.json
MOEX-114090-2301-Q064,MOEX-114090-2301-Q064,醫學（二）,114,2025,114090,2301,64,moex_med_stage2_detailed_merged_001_3100_classified_v3.json
MOEX-114090-2301-Q065,MOEX-114090-2301-Q065,醫學（二）,114,2025,114090,2301,65,moex_med_stage2_detailed_merged_001_3100_classified_v3.json
MOEX-114090-2301-Q066,MOEX-114090-2301-Q066,醫學（二）,114,2025,114090,2301,66,moex_med_stage2_detailed_merged_001_3100_classified_v3.json
MOEX-114090-2301-Q067,MOEX-114090-2301-Q067,醫學（二）,114,2025,114090,2301,67,moex_med_stage2_detailed_merged_001_3100_classified_v3.json
MOEX-114090-2301-Q068,MOEX-114090-2301-Q068,醫學（二）,114,2025,114090,2301,68,moex_med_stage2_detailed_merged_001_3100_classified_v3.json
MOEX-114090-2301-Q069,MOEX-114090-2301-Q069,醫學（二）,114,2025,114090,2301,69,moex_med_stage2_detailed_merged_001_3100_classified_v3.json
MOEX-114090-2301-Q070,MOEX-114090-2301-Q070,醫學（二）,114,2025,114090,2301,70,moex_med_stage2_detailed_merged_001_3100_classified_v3.json
MOEX-114090-2301-Q071,MOEX-114090-2301-Q071,醫學（二）,114,2025,114090,2301,71,moex_med_stage2_detailed_merged_001_3100_classified_v3.json
MOEX-114090-2301-Q072,MOEX-114090-2301-Q072,醫學（二）,114,2025,114090,2301,72,moex_med_stage2_detailed_merged_001_3100_classified_v3.json
MOEX-114090-2301-Q073,MOEX-114090-2301-Q073,醫學（二）,114,2025,114090,2301,73,moex_med_stage2_detailed_merged_001_3100_classified_v3.json
MOEX-114090-2301-Q074,MOEX-114090-2301-Q074,醫學（二）,114,2025,114090,2301,74,moex_med_stage2_detailed_merged_001_3100_classified_v3.json
MOEX-114090-2301-Q075,MOEX-114090-2301-Q075,醫學（二）,114,2025,114090,2301,75,moex_med_stage2_detailed_merged_001_3100_classified_v3.json
MOEX-114090-2301-Q076,MOEX-114090-2301-Q076,醫學（二）,114,2025,114090,2301,76,moex_med_stage2_detailed_merged_001_3100_classified_v3.json
MOEX-114090-2301-Q077,MOEX-114090-2301-Q077,醫學（二）,114,2025,114090,2301,77,moex_med_stage2_detailed_merged_001_3100_classified_v3.json
MOEX-114090-2301-Q078,MOEX-114090-2301-Q078,醫學（二）,114,2025,114090,2301,78,moex_med_stage2_detailed_merged_001_3100_classified_v3.json
MOEX-114090-2301-Q079,MOEX-114090-2301-Q079,醫學（二）,114,2025,114090,2301,79,moex_med_stage2_detailed_merged_001_3100_classified_v3.json
MOEX-114090-2301-Q080,MOEX-114090-2301-Q080,醫學（二）,114,2025,114090,2301,80,moex_med_stage2_detailed_merged_001_3100_classified_v3.json
MOEX-114090-2301-Q081,MOEX-114090-2301-Q081,醫學（二）,114,2025,114090,2301,81,moex_med_stage2_detailed_merged_001_3100_classified_v3.json
MOEX-114090-2301-Q082,MOEX-114090-2301-Q082,醫學（二）,114,2025,114090,2301,82,moex_med_stage2_detailed_merged_001_3100_classified_v3.json
MOEX-114090-2301-Q083,MOEX-114090-2301-Q083,醫學（二）,114,2025,114090,2301,83,moex_med_stage2_detailed_merged_001_3100_classified_v3.json
MOEX-114090-2301-Q084,MOEX-114090-2301-Q084,醫學（二）,114,2025,114090,2301,84,moex_med_stage2_detailed_merged_001_3100_classified_v3.json
MOEX-114090-2301-Q085,MOEX-114090-2301-Q085,醫學（二）,114,2025,114090,2301,85,moex_med_stage2_detailed_merged_001_3100_classified_v3.json
MOEX-114090-2301-Q086,MOEX-114090-2301-Q086,醫學（二）,114,2025,114090,2301,86,moex_med_stage2_detailed_merged_001_3100_classified_v3.json
MOEX-114090-2301-Q087,MOEX-114090-2301-Q087,醫學（二）,114,2025,114090,2301,87,moex_med_stage2_detailed_merged_001_3100_classified_v3.json
MOEX-114090-2301-Q088,MOEX-114090-2301-Q088,醫學（二）,114,2025,114090,2301,88,moex_med_stage2_detailed_merged_001_3100_classified_v3.json
MOEX-114090-2301-Q089,MOEX-114090-2301-Q089,醫學（二）,114,2025,114090,2301,89,moex_med_stage2_detailed_merged_001_3100_classified_v3.json
MOEX-114090-2301-Q090,MOEX-114090-2301-Q090,醫學（二）,114,2025,114090,2301,90,moex_med_stage2_detailed_merged_001_3100_classified_v3.json
MOEX-114090-2301-Q091,MOEX-114090-2301-Q091,醫學（二）,114,2025,114090,2301,91,moex_med_stage2_detailed_merged_001_3100_classified_v3.json
MOEX-114090-2301-Q092,MOEX-114090-2301-Q092,醫學（二）,114,2025,114090,2301,92,moex_med_stage2_detailed_merged_001_3100_classified_v3.json
MOEX-114090-2301-Q093,MOEX-114090-2301-Q093,醫學（二）,114,2025,114090,2301,93,moex_med_stage2_detailed_merged_001_3100_classified_v3.json
MOEX-114090-2301-Q094,MOEX-114090-2301-Q094,醫學（二）,114,2025,114090,2301,94,moex_med_stage2_detailed_merged_001_3100_classified_v3.json
MOEX-114090-2301-Q095,MOEX-114090-2301-Q095,醫學（二）,114,2025,114090,2301,95,moex_med_stage2_detailed_merged_001_3100_classified_v3.json
MOEX-114090-2301-Q096,MOEX-114090-2301-Q096,醫學（二）,114,2025,114090,2301,96,moex_med_stage2_detailed_merged_001_3100_classified_v3.json
MOEX-114090-2301-Q097,MOEX-114090-2301-Q097,醫學（二）,114,2025,114090,2301,97,moex_med_stage2_detailed_merged_001_3100_classified_v3.json
MOEX-114090-2301-Q098,MOEX-114090-2301-Q098,醫學（二）,114,2025,114090,2301,98,moex_med_stage2_detailed_merged_001_3100_classified_v3.json
MOEX-114090-2301-Q099,MOEX-114090-2301-Q099,醫學（二）,114,2025,114090,2301,99,moex_med_stage2_detailed_merged_001_3100_classified_v3.json
MOEX-114090-2301-Q100,MOEX-114090-2301-Q100,醫學（二）,114,2025,114090,2301,100,moex_med_stage2_detailed_merged_001_3100_classified_v3.json
MOEX-115020-1301-Q001,MOEX-115020-1301-Q001,醫學（一）,115,2026,115020,1301,1,anatomyQuestions.ts
MOEX-115020-1301-Q002,MOEX-115020-1301-Q002,醫學（一）,115,2026,115020,1301,2,anatomyQuestions.ts
MOEX-115020-1301-Q003,MOEX-115020-1301-Q003,醫學（一）,115,2026,115020,1301,3,anatomyQuestions.ts
MOEX-115020-1301-Q004,MOEX-115020-1301-Q004,醫學（一）,115,2026,115020,1301,4,anatomyQuestions.ts
MOEX-115020-1301-Q005,MOEX-115020-1301-Q005,醫學（一）,115,2026,115020,1301,5,anatomyQuestions.ts
MOEX-115020-1301-Q006,MOEX-115020-1301-Q006,醫學（一）,115,2026,115020,1301,6,anatomyQuestions.ts
MOEX-115020-1301-Q007,MOEX-115020-1301-Q007,醫學（一）,115,2026,115020,1301,7,moex_med1_remaining_detailed_v4_merged_001_1827.ts
MOEX-115020-1301-Q008,MOEX-115020-1301-Q008,醫學（一）,115,2026,115020,1301,8,anatomyQuestions.ts
MOEX-115020-1301-Q009,MOEX-115020-1301-Q009,醫學（一）,115,2026,115020,1301,9,anatomyQuestions.ts
MOEX-115020-1301-Q010,MOEX-115020-1301-Q010,醫學（一）,115,2026,115020,1301,10,anatomyQuestions.ts
MOEX-115020-1301-Q011,MOEX-115020-1301-Q011,醫學（一）,115,2026,115020,1301,11,anatomyQuestions.ts
MOEX-115020-1301-Q012,MOEX-115020-1301-Q012,醫學（一）,115,2026,115020,1301,12,anatomyQuestions.ts
MOEX-115020-1301-Q013,MOEX-115020-1301-Q013,醫學（一）,115,2026,115020,1301,13,moex_med1_remaining_detailed_v4_merged_001_1827.ts
MOEX-115020-1301-Q014,MOEX-115020-1301-Q014,醫學（一）,115,2026,115020,1301,14,anatomyQuestions.ts
MOEX-115020-1301-Q015,MOEX-115020-1301-Q015,醫學（一）,115,2026,115020,1301,15,anatomyQuestions.ts
MOEX-115020-1301-Q016,MOEX-115020-1301-Q016,醫學（一）,115,2026,115020,1301,16,anatomyQuestions.ts
MOEX-115020-1301-Q017,MOEX-115020-1301-Q017,醫學（一）,115,2026,115020,1301,17,anatomyQuestions.ts
MOEX-115020-1301-Q018,MOEX-115020-1301-Q018,醫學（一）,115,2026,115020,1301,18,anatomyQuestions.ts
MOEX-115020-1301-Q019,MOEX-115020-1301-Q019,醫學（一）,115,2026,115020,1301,19,anatomyQuestions.ts
MOEX-115020-1301-Q020,MOEX-115020-1301-Q020,醫學（一）,115,2026,115020,1301,20,anatomyQuestions.ts
MOEX-115020-1301-Q021,MOEX-115020-1301-Q021,醫學（一）,115,2026,115020,1301,21,moex_med1_remaining_detailed_v4_merged_001_1827.ts
MOEX-115020-1301-Q022,MOEX-115020-1301-Q022,醫學（一）,115,2026,115020,1301,22,anatomyQuestions.ts
MOEX-115020-1301-Q023,MOEX-115020-1301-Q023,醫學（一）,115,2026,115020,1301,23,anatomyQuestions.ts
MOEX-115020-1301-Q024,MOEX-115020-1301-Q024,醫學（一）,115,2026,115020,1301,24,anatomyQuestions.ts
MOEX-115020-1301-Q025,MOEX-115020-1301-Q025,醫學（一）,115,2026,115020,1301,25,anatomyQuestions.ts
MOEX-115020-1301-Q026,MOEX-115020-1301-Q026,醫學（一）,115,2026,115020,1301,26,anatomyQuestions.ts
MOEX-115020-1301-Q027,MOEX-115020-1301-Q027,醫學（一）,115,2026,115020,1301,27,anatomyQuestions.ts
MOEX-115020-1301-Q028,MOEX-115020-1301-Q028,醫學（一）,115,2026,115020,1301,28,moex_med1_remaining_detailed_v4_merged_001_1827.ts
MOEX-115020-1301-Q029,MOEX-115020-1301-Q029,醫學（一）,115,2026,115020,1301,29,anatomyQuestions.ts
MOEX-115020-1301-Q030,MOEX-115020-1301-Q030,醫學（一）,115,2026,115020,1301,30,anatomyQuestions.ts
MOEX-115020-1301-Q031,MOEX-115020-1301-Q031,醫學（一）,115,2026,115020,1301,31,anatomyQuestions.ts
MOEX-115020-1301-Q032,MOEX-115020-1301-Q032,醫學（一）,115,2026,115020,1301,32,moex_med1_remaining_detailed_v4_merged_001_1827.ts
MOEX-115020-1301-Q033,MOEX-115020-1301-Q033,醫學（一）,115,2026,115020,1301,33,moex_med1_remaining_detailed_v4_merged_001_1827.ts
MOEX-115020-1301-Q034,MOEX-115020-1301-Q034,醫學（一）,115,2026,115020,1301,34,moex_med1_remaining_detailed_v4_merged_001_1827.ts
MOEX-115020-1301-Q035,MOEX-115020-1301-Q035,醫學（一）,115,2026,115020,1301,35,moex_med1_remaining_detailed_v4_merged_001_1827.ts
MOEX-115020-1301-Q036,MOEX-115020-1301-Q036,醫學（一）,115,2026,115020,1301,36,anatomyQuestions.ts
MOEX-115020-1301-Q037,MOEX-115020-1301-Q037,醫學（一）,115,2026,115020,1301,37,moex_med1_remaining_detailed_v4_merged_001_1827.ts
MOEX-115020-1301-Q038,MOEX-115020-1301-Q038,醫學（一）,115,2026,115020,1301,38,anatomyQuestions.ts
MOEX-115020-1301-Q039,MOEX-115020-1301-Q039,醫學（一）,115,2026,115020,1301,39,moex_med1_remaining_detailed_v4_merged_001_1827.ts
MOEX-115020-1301-Q040,MOEX-115020-1301-Q040,醫學（一）,115,2026,115020,1301,40,moex_med1_remaining_detailed_v4_merged_001_1827.ts
MOEX-115020-1301-Q041,MOEX-115020-1301-Q041,醫學（一）,115,2026,115020,1301,41,moex_med1_remaining_detailed_v4_merged_001_1827.ts
MOEX-115020-1301-Q042,MOEX-115020-1301-Q042,醫學（一）,115,2026,115020,1301,42,moex_med1_remaining_detailed_v4_merged_001_1827.ts
MOEX-115020-1301-Q043,MOEX-115020-1301-Q043,醫學（一）,115,2026,115020,1301,43,anatomyQuestions.ts
MOEX-115020-1301-Q044,MOEX-115020-1301-Q044,醫學（一）,115,2026,115020,1301,44,anatomyQuestions.ts
MOEX-115020-1301-Q045,MOEX-115020-1301-Q045,醫學（一）,115,2026,115020,1301,45,anatomyQuestions.ts
MOEX-115020-1301-Q046,MOEX-115020-1301-Q046,醫學（一）,115,2026,115020,1301,46,moex_med1_remaining_detailed_v4_merged_001_1827.ts
MOEX-115020-1301-Q047,MOEX-115020-1301-Q047,醫學（一）,115,2026,115020,1301,47,moex_med1_remaining_detailed_v4_merged_001_1827.ts
MOEX-115020-1301-Q048,MOEX-115020-1301-Q048,醫學（一）,115,2026,115020,1301,48,anatomyQuestions.ts
MOEX-115020-1301-Q049,MOEX-115020-1301-Q049,醫學（一）,115,2026,115020,1301,49,moex_med1_remaining_detailed_v4_merged_001_1827.ts
MOEX-115020-1301-Q050,MOEX-115020-1301-Q050,醫學（一）,115,2026,115020,1301,50,anatomyQuestions.ts
MOEX-115020-1301-Q051,MOEX-115020-1301-Q051,醫學（一）,115,2026,115020,1301,51,moex_med1_remaining_detailed_v4_merged_001_1827.ts
MOEX-115020-1301-Q052,MOEX-115020-1301-Q052,醫學（一）,115,2026,115020,1301,52,anatomyQuestions.ts
MOEX-115020-1301-Q053,MOEX-115020-1301-Q053,醫學（一）,115,2026,115020,1301,53,moex_med1_remaining_detailed_v4_merged_001_1827.ts
MOEX-115020-1301-Q054,MOEX-115020-1301-Q054,醫學（一）,115,2026,115020,1301,54,anatomyQuestions.ts
MOEX-115020-1301-Q055,MOEX-115020-1301-Q055,醫學（一）,115,2026,115020,1301,55,moex_med1_remaining_detailed_v4_merged_001_1827.ts
MOEX-115020-1301-Q056,MOEX-115020-1301-Q056,醫學（一）,115,2026,115020,1301,56,moex_med1_remaining_detailed_v4_merged_001_1827.ts
MOEX-115020-1301-Q057,MOEX-115020-1301-Q057,醫學（一）,115,2026,115020,1301,57,anatomyQuestions.ts
MOEX-115020-1301-Q058,MOEX-115020-1301-Q058,醫學（一）,115,2026,115020,1301,58,anatomyQuestions.ts
MOEX-115020-1301-Q059,MOEX-115020-1301-Q059,醫學（一）,115,2026,115020,1301,59,moex_med1_remaining_detailed_v4_merged_001_1827.ts
MOEX-115020-1301-Q060,MOEX-115020-1301-Q060,醫學（一）,115,2026,115020,1301,60,moex_med1_remaining_detailed_v4_merged_001_1827.ts
MOEX-115020-1301-Q061,MOEX-115020-1301-Q061,醫學（一）,115,2026,115020,1301,61,anatomyQuestions.ts
MOEX-115020-1301-Q062,MOEX-115020-1301-Q062,醫學（一）,115,2026,115020,1301,62,anatomyQuestions.ts
MOEX-115020-1301-Q063,MOEX-115020-1301-Q063,醫學（一）,115,2026,115020,1301,63,moex_med1_remaining_detailed_v4_merged_001_1827.ts
MOEX-115020-1301-Q064,MOEX-115020-1301-Q064,醫學（一）,115,2026,115020,1301,64,anatomyQuestions.ts
MOEX-115020-1301-Q065,MOEX-115020-1301-Q065,醫學（一）,115,2026,115020,1301,65,moex_med1_remaining_detailed_v4_merged_001_1827.ts
MOEX-115020-1301-Q066,MOEX-115020-1301-Q066,醫學（一）,115,2026,115020,1301,66,manual_question_override
MOEX-115020-1301-Q067,MOEX-115020-1301-Q067,醫學（一）,115,2026,115020,1301,67,moex_med1_remaining_detailed_v4_merged_001_1827.ts
MOEX-115020-1301-Q068,MOEX-115020-1301-Q068,醫學（一）,115,2026,115020,1301,68,moex_med1_remaining_detailed_v4_merged_001_1827.ts
MOEX-115020-1301-Q069,MOEX-115020-1301-Q069,醫學（一）,115,2026,115020,1301,69,moex_med1_remaining_detailed_v4_merged_001_1827.ts
MOEX-115020-1301-Q070,MOEX-115020-1301-Q070,醫學（一）,115,2026,115020,1301,70,moex_med1_remaining_detailed_v4_merged_001_1827.ts
MOEX-115020-1301-Q071,MOEX-115020-1301-Q071,醫學（一）,115,2026,115020,1301,71,moex_med1_remaining_detailed_v4_merged_001_1827.ts
MOEX-115020-1301-Q072,MOEX-115020-1301-Q072,醫學（一）,115,2026,115020,1301,72,moex_med1_remaining_detailed_v4_merged_001_1827.ts
MOEX-115020-1301-Q073,MOEX-115020-1301-Q073,醫學（一）,115,2026,115020,1301,73,moex_med1_remaining_detailed_v4_merged_001_1827.ts
MOEX-115020-1301-Q074,MOEX-115020-1301-Q074,醫學（一）,115,2026,115020,1301,74,moex_med1_remaining_detailed_v4_merged_001_1827.ts
MOEX-115020-1301-Q075,MOEX-115020-1301-Q075,醫學（一）,115,2026,115020,1301,75,moex_med1_remaining_detailed_v4_merged_001_1827.ts
MOEX-115020-1301-Q076,MOEX-115020-1301-Q076,醫學（一）,115,2026,115020,1301,76,moex_med1_remaining_detailed_v4_merged_001_1827.ts
MOEX-115020-1301-Q077,MOEX-115020-1301-Q077,醫學（一）,115,2026,115020,1301,77,anatomyQuestions.ts
MOEX-115020-1301-Q078,MOEX-115020-1301-Q078,醫學（一）,115,2026,115020,1301,78,moex_med1_remaining_detailed_v4_merged_001_1827.ts
MOEX-115020-1301-Q079,MOEX-115020-1301-Q079,醫學（一）,115,2026,115020,1301,79,moex_med1_remaining_detailed_v4_merged_001_1827.ts
MOEX-115020-1301-Q080,MOEX-115020-1301-Q080,醫學（一）,115,2026,115020,1301,80,moex_med1_remaining_detailed_v4_merged_001_1827.ts
MOEX-115020-1301-Q081,MOEX-115020-1301-Q081,醫學（一）,115,2026,115020,1301,81,moex_med1_remaining_detailed_v4_merged_001_1827.ts
MOEX-115020-1301-Q082,MOEX-115020-1301-Q082,醫學（一）,115,2026,115020,1301,82,moex_med1_remaining_detailed_v4_merged_001_1827.ts
MOEX-115020-1301-Q083,MOEX-115020-1301-Q083,醫學（一）,115,2026,115020,1301,83,moex_med1_remaining_detailed_v4_merged_001_1827.ts
MOEX-115020-1301-Q084,MOEX-115020-1301-Q084,醫學（一）,115,2026,115020,1301,84,moex_med1_remaining_detailed_v4_merged_001_1827.ts
MOEX-115020-1301-Q085,MOEX-115020-1301-Q085,醫學（一）,115,2026,115020,1301,85,moex_med1_remaining_detailed_v4_merged_001_1827.ts
MOEX-115020-1301-Q086,MOEX-115020-1301-Q086,醫學（一）,115,2026,115020,1301,86,moex_med1_remaining_detailed_v4_merged_001_1827.ts
MOEX-115020-1301-Q087,MOEX-115020-1301-Q087,醫學（一）,115,2026,115020,1301,87,moex_med1_remaining_detailed_v4_merged_001_1827.ts
MOEX-115020-1301-Q088,MOEX-115020-1301-Q088,醫學（一）,115,2026,115020,1301,88,moex_med1_remaining_detailed_v4_merged_001_1827.ts
MOEX-115020-1301-Q089,MOEX-115020-1301-Q089,醫學（一）,115,2026,115020,1301,89,moex_med1_remaining_detailed_v4_merged_001_1827.ts
MOEX-115020-1301-Q090,MOEX-115020-1301-Q090,醫學（一）,115,2026,115020,1301,90,moex_med1_remaining_detailed_v4_merged_001_1827.ts
MOEX-115020-1301-Q091,MOEX-115020-1301-Q091,醫學（一）,115,2026,115020,1301,91,moex_med1_remaining_detailed_v4_merged_001_1827.ts
MOEX-115020-1301-Q092,MOEX-115020-1301-Q092,醫學（一）,115,2026,115020,1301,92,moex_med1_remaining_detailed_v4_merged_001_1827.ts
MOEX-115020-1301-Q093,MOEX-115020-1301-Q093,醫學（一）,115,2026,115020,1301,93,moex_med1_remaining_detailed_v4_merged_001_1827.ts
MOEX-115020-1301-Q094,MOEX-115020-1301-Q094,醫學（一）,115,2026,115020,1301,94,moex_med1_remaining_detailed_v4_merged_001_1827.ts
MOEX-115020-1301-Q095,moex-med1-supplement-v5-115020-1301-095,醫學（一）,115,2026,115020,1301,95,moex_med1_requested_71_questions_detailed_patch_v5.ts
MOEX-115020-1301-Q096,MOEX-115020-1301-Q096,醫學（一）,115,2026,115020,1301,96,moex_med1_remaining_detailed_v4_merged_001_1827.ts
MOEX-115020-1301-Q097,MOEX-115020-1301-Q097,醫學（一）,115,2026,115020,1301,97,moex_med1_remaining_detailed_v4_merged_001_1827.ts
MOEX-115020-1301-Q098,MOEX-115020-1301-Q098,醫學（一）,115,2026,115020,1301,98,moex_med1_remaining_detailed_v4_merged_001_1827.ts
MOEX-115020-1301-Q099,MOEX-115020-1301-Q099,醫學（一）,115,2026,115020,1301,99,moex_med1_remaining_detailed_v4_merged_001_1827.ts
MOEX-115020-1301-Q100,MOEX-115020-1301-Q100,醫學（一）,115,2026,115020,1301,100,moex_med1_remaining_detailed_v4_merged_001_1827.ts
MOEX-115020-2301-Q001,MOEX-115020-2301-Q001,醫學（二）,115,2026,115020,2301,1,moex_med_stage2_detailed_merged_001_3100_classified_v3.json
MOEX-115020-2301-Q002,MOEX-115020-2301-Q002,醫學（二）,115,2026,115020,2301,2,moex_med_stage2_detailed_merged_001_3100_classified_v3.json
MOEX-115020-2301-Q003,MOEX-115020-2301-Q003,醫學（二）,115,2026,115020,2301,3,moex_med_stage2_detailed_merged_001_3100_classified_v3.json
MOEX-115020-2301-Q004,MOEX-115020-2301-Q004,醫學（二）,115,2026,115020,2301,4,moex_med_stage2_detailed_merged_001_3100_classified_v3.json
MOEX-115020-2301-Q005,MOEX-115020-2301-Q005,醫學（二）,115,2026,115020,2301,5,moex_med_stage2_detailed_merged_001_3100_classified_v3.json
MOEX-115020-2301-Q006,MOEX-115020-2301-Q006,醫學（二）,115,2026,115020,2301,6,moex_med_stage2_detailed_merged_001_3100_classified_v3.json
MOEX-115020-2301-Q007,MOEX-115020-2301-Q007,醫學（二）,115,2026,115020,2301,7,moex_med_stage2_detailed_merged_001_3100_classified_v3.json
MOEX-115020-2301-Q008,MOEX-115020-2301-Q008,醫學（二）,115,2026,115020,2301,8,moex_med_stage2_detailed_merged_001_3100_classified_v3.json
MOEX-115020-2301-Q009,MOEX-115020-2301-Q009,醫學（二）,115,2026,115020,2301,9,moex_med_stage2_detailed_merged_001_3100_classified_v3.json
MOEX-115020-2301-Q010,MOEX-115020-2301-Q010,醫學（二）,115,2026,115020,2301,10,moex_med_stage2_detailed_merged_001_3100_classified_v3.json
MOEX-115020-2301-Q011,MOEX-115020-2301-Q011,醫學（二）,115,2026,115020,2301,11,moex_med_stage2_detailed_merged_001_3100_classified_v3.json
MOEX-115020-2301-Q012,MOEX-115020-2301-Q012,醫學（二）,115,2026,115020,2301,12,moex_med_stage2_detailed_merged_001_3100_classified_v3.json
MOEX-115020-2301-Q013,MOEX-115020-2301-Q013,醫學（二）,115,2026,115020,2301,13,moex_med_stage2_detailed_merged_001_3100_classified_v3.json
MOEX-115020-2301-Q014,MOEX-115020-2301-Q014,醫學（二）,115,2026,115020,2301,14,moex_med_stage2_detailed_merged_001_3100_classified_v3.json
MOEX-115020-2301-Q015,MOEX-115020-2301-Q015,醫學（二）,115,2026,115020,2301,15,moex_med_stage2_detailed_merged_001_3100_classified_v3.json
MOEX-115020-2301-Q016,MOEX-115020-2301-Q016,醫學（二）,115,2026,115020,2301,16,moex_med_stage2_detailed_merged_001_3100_classified_v3.json
MOEX-115020-2301-Q017,MOEX-115020-2301-Q017,醫學（二）,115,2026,115020,2301,17,moex_med_stage2_detailed_merged_001_3100_classified_v3.json
MOEX-115020-2301-Q018,MOEX-115020-2301-Q018,醫學（二）,115,2026,115020,2301,18,moex_med_stage2_detailed_merged_001_3100_classified_v3.json
MOEX-115020-2301-Q019,MOEX-115020-2301-Q019,醫學（二）,115,2026,115020,2301,19,moex_med_stage2_detailed_merged_001_3100_classified_v3.json
MOEX-115020-2301-Q020,MOEX-115020-2301-Q020,醫學（二）,115,2026,115020,2301,20,moex_med_stage2_detailed_merged_001_3100_classified_v3.json
MOEX-115020-2301-Q021,MOEX-115020-2301-Q021,醫學（二）,115,2026,115020,2301,21,moex_med_stage2_detailed_merged_001_3100_classified_v3.json
MOEX-115020-2301-Q022,MOEX-115020-2301-Q022,醫學（二）,115,2026,115020,2301,22,moex_med_stage2_detailed_merged_001_3100_classified_v3.json
MOEX-115020-2301-Q023,MOEX-115020-2301-Q023,醫學（二）,115,2026,115020,2301,23,moex_med_stage2_detailed_merged_001_3100_classified_v3.json
MOEX-115020-2301-Q024,MOEX-115020-2301-Q024,醫學（二）,115,2026,115020,2301,24,moex_med_stage2_detailed_merged_001_3100_classified_v3.json
MOEX-115020-2301-Q025,MOEX-115020-2301-Q025,醫學（二）,115,2026,115020,2301,25,moex_med_stage2_detailed_merged_001_3100_classified_v3.json
MOEX-115020-2301-Q026,MOEX-115020-2301-Q026,醫學（二）,115,2026,115020,2301,26,moex_med_stage2_detailed_merged_001_3100_classified_v3.json
MOEX-115020-2301-Q027,MOEX-115020-2301-Q027,醫學（二）,115,2026,115020,2301,27,moex_med_stage2_detailed_merged_001_3100_classified_v3.json
MOEX-115020-2301-Q028,MOEX-115020-2301-Q028,醫學（二）,115,2026,115020,2301,28,moex_med_stage2_detailed_merged_001_3100_classified_v3.json
MOEX-115020-2301-Q029,MOEX-115020-2301-Q029,醫學（二）,115,2026,115020,2301,29,moex_med_stage2_detailed_merged_001_3100_classified_v3.json
MOEX-115020-2301-Q030,MOEX-115020-2301-Q030,醫學（二）,115,2026,115020,2301,30,moex_med_stage2_detailed_merged_001_3100_classified_v3.json
MOEX-115020-2301-Q031,MOEX-115020-2301-Q031,醫學（二）,115,2026,115020,2301,31,moex_med_stage2_detailed_merged_001_3100_classified_v3.json
MOEX-115020-2301-Q032,MOEX-115020-2301-Q032,醫學（二）,115,2026,115020,2301,32,moex_med_stage2_detailed_merged_001_3100_classified_v3.json
MOEX-115020-2301-Q033,MOEX-115020-2301-Q033,醫學（二）,115,2026,115020,2301,33,moex_med_stage2_detailed_merged_001_3100_classified_v3.json
MOEX-115020-2301-Q034,MOEX-115020-2301-Q034,醫學（二）,115,2026,115020,2301,34,moex_med_stage2_detailed_merged_001_3100_classified_v3.json
MOEX-115020-2301-Q035,MOEX-115020-2301-Q035,醫學（二）,115,2026,115020,2301,35,moex_med_stage2_detailed_merged_001_3100_classified_v3.json
MOEX-115020-2301-Q036,MOEX-115020-2301-Q036,醫學（二）,115,2026,115020,2301,36,moex_med_stage2_detailed_merged_001_3100_classified_v3.json
MOEX-115020-2301-Q037,MOEX-115020-2301-Q037,醫學（二）,115,2026,115020,2301,37,moex_med_stage2_detailed_merged_001_3100_classified_v3.json
MOEX-115020-2301-Q038,MOEX-115020-2301-Q038,醫學（二）,115,2026,115020,2301,38,moex_med_stage2_detailed_merged_001_3100_classified_v3.json
MOEX-115020-2301-Q039,MOEX-115020-2301-Q039,醫學（二）,115,2026,115020,2301,39,moex_med_stage2_detailed_merged_001_3100_classified_v3.json
MOEX-115020-2301-Q040,MOEX-115020-2301-Q040,醫學（二）,115,2026,115020,2301,40,moex_med_stage2_detailed_merged_001_3100_classified_v3.json
MOEX-115020-2301-Q041,MOEX-115020-2301-Q041,醫學（二）,115,2026,115020,2301,41,moex_med_stage2_detailed_merged_001_3100_classified_v3.json
MOEX-115020-2301-Q042,MOEX-115020-2301-Q042,醫學（二）,115,2026,115020,2301,42,moex_med_stage2_detailed_merged_001_3100_classified_v3.json
MOEX-115020-2301-Q043,MOEX-115020-2301-Q043,醫學（二）,115,2026,115020,2301,43,moex_med_stage2_detailed_merged_001_3100_classified_v3.json
MOEX-115020-2301-Q044,MOEX-115020-2301-Q044,醫學（二）,115,2026,115020,2301,44,moex_med_stage2_detailed_merged_001_3100_classified_v3.json
MOEX-115020-2301-Q045,MOEX-115020-2301-Q045,醫學（二）,115,2026,115020,2301,45,moex_med_stage2_detailed_merged_001_3100_classified_v3.json
MOEX-115020-2301-Q046,MOEX-115020-2301-Q046,醫學（二）,115,2026,115020,2301,46,moex_med_stage2_detailed_merged_001_3100_classified_v3.json
MOEX-115020-2301-Q047,MOEX-115020-2301-Q047,醫學（二）,115,2026,115020,2301,47,moex_med_stage2_detailed_merged_001_3100_classified_v3.json
MOEX-115020-2301-Q048,MOEX-115020-2301-Q048,醫學（二）,115,2026,115020,2301,48,moex_med_stage2_detailed_merged_001_3100_classified_v3.json
MOEX-115020-2301-Q049,MOEX-115020-2301-Q049,醫學（二）,115,2026,115020,2301,49,moex_med_stage2_detailed_merged_001_3100_classified_v3.json
MOEX-115020-2301-Q050,MOEX-115020-2301-Q050,醫學（二）,115,2026,115020,2301,50,moex_med_stage2_detailed_merged_001_3100_classified_v3.json
MOEX-115020-2301-Q051,MOEX-115020-2301-Q051,醫學（二）,115,2026,115020,2301,51,moex_med_stage2_detailed_merged_001_3100_classified_v3.json
MOEX-115020-2301-Q052,MOEX-115020-2301-Q052,醫學（二）,115,2026,115020,2301,52,moex_med_stage2_detailed_merged_001_3100_classified_v3.json
MOEX-115020-2301-Q053,MOEX-115020-2301-Q053,醫學（二）,115,2026,115020,2301,53,moex_med_stage2_detailed_merged_001_3100_classified_v3.json
MOEX-115020-2301-Q054,MOEX-115020-2301-Q054,醫學（二）,115,2026,115020,2301,54,moex_med_stage2_detailed_merged_001_3100_classified_v3.json
MOEX-115020-2301-Q055,MOEX-115020-2301-Q055,醫學（二）,115,2026,115020,2301,55,moex_med_stage2_detailed_merged_001_3100_classified_v3.json
MOEX-115020-2301-Q056,MOEX-115020-2301-Q056,醫學（二）,115,2026,115020,2301,56,moex_med_stage2_detailed_merged_001_3100_classified_v3.json
MOEX-115020-2301-Q057,MOEX-115020-2301-Q057,醫學（二）,115,2026,115020,2301,57,moex_med_stage2_detailed_merged_001_3100_classified_v3.json
MOEX-115020-2301-Q058,MOEX-115020-2301-Q058,醫學（二）,115,2026,115020,2301,58,moex_med_stage2_detailed_merged_001_3100_classified_v3.json
MOEX-115020-2301-Q059,MOEX-115020-2301-Q059,醫學（二）,115,2026,115020,2301,59,moex_med_stage2_detailed_merged_001_3100_classified_v3.json
MOEX-115020-2301-Q060,MOEX-115020-2301-Q060,醫學（二）,115,2026,115020,2301,60,moex_med_stage2_detailed_merged_001_3100_classified_v3.json
MOEX-115020-2301-Q061,MOEX-115020-2301-Q061,醫學（二）,115,2026,115020,2301,61,moex_med_stage2_detailed_merged_001_3100_classified_v3.json
MOEX-115020-2301-Q062,MOEX-115020-2301-Q062,醫學（二）,115,2026,115020,2301,62,moex_med_stage2_detailed_merged_001_3100_classified_v3.json
MOEX-115020-2301-Q063,MOEX-115020-2301-Q063,醫學（二）,115,2026,115020,2301,63,moex_med_stage2_detailed_merged_001_3100_classified_v3.json
MOEX-115020-2301-Q064,MOEX-115020-2301-Q064,醫學（二）,115,2026,115020,2301,64,moex_med_stage2_detailed_merged_001_3100_classified_v3.json
MOEX-115020-2301-Q065,MOEX-115020-2301-Q065,醫學（二）,115,2026,115020,2301,65,moex_med_stage2_detailed_merged_001_3100_classified_v3.json
MOEX-115020-2301-Q066,MOEX-115020-2301-Q066,醫學（二）,115,2026,115020,2301,66,moex_med_stage2_detailed_merged_001_3100_classified_v3.json
MOEX-115020-2301-Q067,MOEX-115020-2301-Q067,醫學（二）,115,2026,115020,2301,67,moex_med_stage2_detailed_merged_001_3100_classified_v3.json
MOEX-115020-2301-Q068,MOEX-115020-2301-Q068,醫學（二）,115,2026,115020,2301,68,moex_med_stage2_detailed_merged_001_3100_classified_v3.json
MOEX-115020-2301-Q069,MOEX-115020-2301-Q069,醫學（二）,115,2026,115020,2301,69,moex_med_stage2_detailed_merged_001_3100_classified_v3.json
MOEX-115020-2301-Q070,MOEX-115020-2301-Q070,醫學（二）,115,2026,115020,2301,70,moex_med_stage2_detailed_merged_001_3100_classified_v3.json
MOEX-115020-2301-Q071,MOEX-115020-2301-Q071,醫學（二）,115,2026,115020,2301,71,moex_med_stage2_detailed_merged_001_3100_classified_v3.json
MOEX-115020-2301-Q072,MOEX-115020-2301-Q072,醫學（二）,115,2026,115020,2301,72,moex_med_stage2_detailed_merged_001_3100_classified_v3.json
MOEX-115020-2301-Q073,MOEX-115020-2301-Q073,醫學（二）,115,2026,115020,2301,73,moex_med_stage2_detailed_merged_001_3100_classified_v3.json
MOEX-115020-2301-Q074,MOEX-115020-2301-Q074,醫學（二）,115,2026,115020,2301,74,moex_med_stage2_detailed_merged_001_3100_classified_v3.json
MOEX-115020-2301-Q075,MOEX-115020-2301-Q075,醫學（二）,115,2026,115020,2301,75,moex_med_stage2_detailed_merged_001_3100_classified_v3.json
MOEX-115020-2301-Q076,MOEX-115020-2301-Q076,醫學（二）,115,2026,115020,2301,76,moex_med_stage2_detailed_merged_001_3100_classified_v3.json
MOEX-115020-2301-Q077,MOEX-115020-2301-Q077,醫學（二）,115,2026,115020,2301,77,moex_med_stage2_detailed_merged_001_3100_classified_v3.json
MOEX-115020-2301-Q078,MOEX-115020-2301-Q078,醫學（二）,115,2026,115020,2301,78,moex_med_stage2_detailed_merged_001_3100_classified_v3.json
MOEX-115020-2301-Q079,MOEX-115020-2301-Q079,醫學（二）,115,2026,115020,2301,79,moex_med_stage2_detailed_merged_001_3100_classified_v3.json
MOEX-115020-2301-Q080,MOEX-115020-2301-Q080,醫學（二）,115,2026,115020,2301,80,moex_med_stage2_detailed_merged_001_3100_classified_v3.json
MOEX-115020-2301-Q081,MOEX-115020-2301-Q081,醫學（二）,115,2026,115020,2301,81,moex_med_stage2_detailed_merged_001_3100_classified_v3.json
MOEX-115020-2301-Q082,MOEX-115020-2301-Q082,醫學（二）,115,2026,115020,2301,82,moex_med_stage2_detailed_merged_001_3100_classified_v3.json
MOEX-115020-2301-Q083,MOEX-115020-2301-Q083,醫學（二）,115,2026,115020,2301,83,moex_med_stage2_detailed_merged_001_3100_classified_v3.json
MOEX-115020-2301-Q084,MOEX-115020-2301-Q084,醫學（二）,115,2026,115020,2301,84,moex_med_stage2_detailed_merged_001_3100_classified_v3.json
MOEX-115020-2301-Q085,MOEX-115020-2301-Q085,醫學（二）,115,2026,115020,2301,85,moex_med_stage2_detailed_merged_001_3100_classified_v3.json
MOEX-115020-2301-Q086,MOEX-115020-2301-Q086,醫學（二）,115,2026,115020,2301,86,moex_med_stage2_detailed_merged_001_3100_classified_v3.json
MOEX-115020-2301-Q087,MOEX-115020-2301-Q087,醫學（二）,115,2026,115020,2301,87,moex_med_stage2_detailed_merged_001_3100_classified_v3.json
MOEX-115020-2301-Q088,MOEX-115020-2301-Q088,醫學（二）,115,2026,115020,2301,88,moex_med_stage2_detailed_merged_001_3100_classified_v3.json
MOEX-115020-2301-Q089,MOEX-115020-2301-Q089,醫學（二）,115,2026,115020,2301,89,moex_med_stage2_detailed_merged_001_3100_classified_v3.json
MOEX-115020-2301-Q090,MOEX-115020-2301-Q090,醫學（二）,115,2026,115020,2301,90,moex_med_stage2_detailed_merged_001_3100_classified_v3.json
MOEX-115020-2301-Q091,MOEX-115020-2301-Q091,醫學（二）,115,2026,115020,2301,91,moex_med_stage2_detailed_merged_001_3100_classified_v3.json
MOEX-115020-2301-Q092,MOEX-115020-2301-Q092,醫學（二）,115,2026,115020,2301,92,moex_med_stage2_detailed_merged_001_3100_classified_v3.json
MOEX-115020-2301-Q093,MOEX-115020-2301-Q093,醫學（二）,115,2026,115020,2301,93,moex_med_stage2_detailed_merged_001_3100_classified_v3.json
MOEX-115020-2301-Q094,MOEX-115020-2301-Q094,醫學（二）,115,2026,115020,2301,94,moex_med_stage2_detailed_merged_001_3100_classified_v3.json
MOEX-115020-2301-Q095,MOEX-115020-2301-Q095,醫學（二）,115,2026,115020,2301,95,moex_med_stage2_detailed_merged_001_3100_classified_v3.json
MOEX-115020-2301-Q096,MOEX-115020-2301-Q096,醫學（二）,115,2026,115020,2301,96,moex_med_stage2_detailed_merged_001_3100_classified_v3.json
MOEX-115020-2301-Q097,MOEX-115020-2301-Q097,醫學（二）,115,2026,115020,2301,97,moex_med_stage2_detailed_merged_001_3100_classified_v3.json
MOEX-115020-2301-Q098,MOEX-115020-2301-Q098,醫學（二）,115,2026,115020,2301,98,moex_med_stage2_detailed_merged_001_3100_classified_v3.json
MOEX-115020-2301-Q099,MOEX-115020-2301-Q099,醫學（二）,115,2026,115020,2301,99,moex_med_stage2_detailed_merged_001_3100_classified_v3.json
MOEX-115020-2301-Q100,MOEX-115020-2301-Q100,醫學（二）,115,2026,115020,2301,100,moex_med_stage2_detailed_merged_001_3100_classified_v3.json
